observation_id,keyword_id,alias_group_id,source,lens,location,language,network,window_start,window_end,precision_mode,raw_text,value_low,value_high,three_month_change,yoy_change,competition,competition_index,bid_low,bid_high,currency,state,pulled_on,run_id,source_file,source_row
ob_000001,kw_000001,,volumes,country,United Kingdom,English,Google Search,2025-07-01,2026-06-30,encoded_band,,,,,,,,,,GBP,absent,2026-08-09,2026-08-09-01-legacy,raw/gkp-volumes-01-family-and-kids.csv,3
ob_000002,kw_000002,,volumes,country,United Kingdom,English,Google Search,2025-07-01,2026-06-30,encoded_band,,,,,,,,,,GBP,absent,2026-08-09,2026-08-09-01-legacy,raw/gkp-volumes-01-family-and-kids.csv,4
ob_000003,kw_000003,,volumes,country,United Kingdom,English,Google Search,2025-07-01,2026-06-30,encoded_band,,,,,,,,,,GBP,absent,2026-08-09,2026-08-09-01-legacy,raw/gkp-volumes-01-family-and-kids.csv,5
ob_000004,kw_000004,,volumes,country,United Kingdom,English,Google Search,2025-07-01,2026-06-30,encoded_band,,,,,,,,,,GBP,absent,2026-08-09,2026-08-09-01-legacy,raw/gkp-volumes-01-family-and-kids.csv,6
ob_000005,kw_000005,,volumes,country,United Kingdom,English,Google Search,2025-07-01,2026-06-30,encoded_band,,,,,,,,,,GBP,absent,2026-08-09,2026-08-09-01-legacy,raw/gkp-volumes-01-family-and-kids.csv,7
ob_000006,kw_000006,,volumes,country,United Kingdom,English,Google Search,2025-07-01,2026-06-30,encoded_band,,,,,,,,,,GBP,absent,2026-08-09,2026-08-09-01-legacy,raw/gkp-volumes-01-family-and-kids.csv,8
ob_000007,kw_000007,,volumes,country,United Kingdom,English,Google Search,2025-07-01,2026-06-30,encoded_band,,,,,,,,,,GBP,absent,2026-08-09,2026-08-09-01-legacy,raw/gkp-volumes-01-family-and-kids.csv,9
ob_000008,kw_000008,,volumes,country,United Kingdom,English,Google Search,2025-07-01,2026-06-30,encoded_band,,,,,,,,,,GBP,absent,2026-08-09,2026-08-09-01-legacy,raw/gkp-volumes-01-family-and-kids.csv,10
ob_000009,kw_000009,,volumes,country,United Kingdom,English,Google Search,2025-07-01,2026-06-30,encoded_band,,,,,,,,,,GBP,absent,2026-08-09,2026-08-09-01-legacy,raw/gkp-volumes-01-family-and-kids.csv,11
ob_000010,kw_000010,,volumes,country,United Kingdom,English,Google Search,2025-07-01,2026-06-30,encoded_band,,,,,,,,,,GBP,absent,2026-08-09,2026-08-09-01-legacy,raw/gkp-volumes-01-family-and-kids.csv,12
ob_000011,kw_000011,,volumes,country,United Kingdom,English,Google Search,2025-07-01,2026-06-30,encoded_band,,,,,,,,,,GBP,absent,2026-08-09,2026-08-09-01-legacy,raw/gkp-volumes-02-marketing-services.csv,3
ob_000012,kw_000012,,volumes,country,United Kingdom,English,Google Search,2025-07-01,2026-06-30,encoded_band,,,,,,,,,,GBP,absent,2026-08-09,2026-08-09-01-legacy,raw/gkp-volumes-02-marketing-services.csv,4
ob_000013,kw_000013,,volumes,country,United Kingdom,English,Google Search,2025-07-01,2026-06-30,encoded_band,50.0,10,100,0,0,Medium,57,,,GBP,returned,2026-08-09,2026-08-09-01-legacy,raw/gkp-volumes-02-marketing-services.csv,5
ob_000014,kw_000014,,volumes,country,United Kingdom,English,Google Search,2025-07-01,2026-06-30,encoded_band,50.0,10,100,-1,0,,,,,GBP,returned,2026-08-09,2026-08-09-01-legacy,raw/gkp-volumes-02-marketing-services.csv,6
ob_000015,kw_000015,,volumes,country,United Kingdom,English,Google Search,2025-07-01,2026-06-30,encoded_band,,,,,,,,,,GBP,absent,2026-08-09,2026-08-09-01-legacy,raw/gkp-volumes-02-marketing-services.csv,7
ob_000016,kw_000016,,volumes,country,United Kingdom,English,Google Search,2025-07-01,2026-06-30,encoded_band,50.0,10,100,0,0,Medium,45,2.12,9.78,GBP,returned,2026-08-09,2026-08-09-01-legacy,raw/gkp-volumes-02-marketing-services.csv,8
ob_000017,kw_000017,,volumes,country,United Kingdom,English,Google Search,2025-07-01,2026-06-30,encoded_band,,,,,,,,,,GBP,absent,2026-08-09,2026-08-09-01-legacy,raw/gkp-volumes-02-marketing-services.csv,9
ob_000018,kw_000018,,volumes,country,United Kingdom,English,Google Search,2025-07-01,2026-06-30,encoded_band,,,,,,,,,,GBP,absent,2026-08-09,2026-08-09-01-legacy,raw/gkp-volumes-02-marketing-services.csv,10
ob_000019,kw_000019,,volumes,country,United Kingdom,English,Google Search,2025-07-01,2026-06-30,encoded_band,,,,,,,,,,GBP,absent,2026-08-09,2026-08-09-01-legacy,raw/gkp-volumes-03-events-entertainment.csv,3
ob_000020,kw_000020,,volumes,country,United Kingdom,English,Google Search,2025-07-01,2026-06-30,encoded_band,,,,,,,,,,GBP,absent,2026-08-09,2026-08-09-01-legacy,raw/gkp-volumes-03-events-entertainment.csv,4
ob_000021,kw_000021,,volumes,country,United Kingdom,English,Google Search,2025-07-01,2026-06-30,encoded_band,,,,,,,,,,GBP,absent,2026-08-09,2026-08-09-01-legacy,raw/gkp-volumes-03-events-entertainment.csv,5
ob_000022,kw_000022,,volumes,country,United Kingdom,English,Google Search,2025-07-01,2026-06-30,encoded_band,50.0,10,100,0,0,Low,12,,,GBP,returned,2026-08-09,2026-08-09-01-legacy,raw/gkp-volumes-03-events-entertainment.csv,6
ob_000023,kw_000023,,volumes,country,United Kingdom,English,Google Search,2025-07-01,2026-06-30,encoded_band,50.0,10,100,0,0,Low,3,,,GBP,returned,2026-08-09,2026-08-09-01-legacy,raw/gkp-volumes-03-events-entertainment.csv,7
ob_000024,kw_000024,,volumes,country,United Kingdom,English,Google Search,2025-07-01,2026-06-30,encoded_band,,,,,,,,,,GBP,absent,2026-08-09,2026-08-09-01-legacy,raw/gkp-volumes-03-events-entertainment.csv,8
ob_000025,kw_000025,,volumes,country,United Kingdom,English,Google Search,2025-07-01,2026-06-30,encoded_band,50.0,10,100,0,0,Low,0,,,GBP,returned,2026-08-09,2026-08-09-01-legacy,raw/gkp-volumes-03-events-entertainment.csv,9
ob_000026,kw_000026,,volumes,country,United Kingdom,English,Google Search,2025-07-01,2026-06-30,encoded_band,,,,,,,,,,GBP,absent,2026-08-09,2026-08-09-01-legacy,raw/gkp-volumes-03-events-entertainment.csv,10
ob_000027,kw_000027,,volumes,country,United Kingdom,English,Google Search,2025-07-01,2026-06-30,encoded_band,50.0,10,100,0,0,Low,29,,,GBP,returned,2026-08-09,2026-08-09-01-legacy,raw/gkp-volumes-04-quiz-mechanics.csv,3
ob_000028,kw_000028,,volumes,country,United Kingdom,English,Google Search,2025-07-01,2026-06-30,encoded_band,500.0,100,1000,0,0,Low,8,,,GBP,returned,2026-08-09,2026-08-09-01-legacy,raw/gkp-volumes-04-quiz-mechanics.csv,4
ob_000029,kw_000029,,volumes,country,United Kingdom,English,Google Search,2025-07-01,2026-06-30,encoded_band,500.0,100,1000,-0.9,-0.9,Low,19,,,GBP,returned,2026-08-09,2026-08-09-01-legacy,raw/gkp-volumes-04-quiz-mechanics.csv,5
ob_000030,kw_000030,,volumes,country,United Kingdom,English,Google Search,2025-07-01,2026-06-30,encoded_band,50.0,10,100,0,0,Low,0,,,GBP,returned,2026-08-09,2026-08-09-01-legacy,raw/gkp-volumes-04-quiz-mechanics.csv,6
ob_000031,kw_000031,,volumes,country,United Kingdom,English,Google Search,2025-07-01,2026-06-30,encoded_band,50.0,10,100,0,0,High,100,0.1,0.39,GBP,returned,2026-08-09,2026-08-09-01-legacy,raw/gkp-volumes-04-quiz-mechanics.csv,7
ob_000032,kw_000032,,volumes,country,United Kingdom,English,Google Search,2025-07-01,2026-06-30,encoded_band,50.0,10,100,0,0,Low,0,,,GBP,returned,2026-08-09,2026-08-09-01-legacy,raw/gkp-volumes-04-quiz-mechanics.csv,8
ob_000033,kw_000033,,volumes,country,United Kingdom,English,Google Search,2025-07-01,2026-06-30,encoded_band,500.0,100,1000,0,0,Low,0,,,GBP,returned,2026-08-09,2026-08-09-01-legacy,raw/gkp-volumes-04-quiz-mechanics.csv,9
ob_000034,kw_000034,,volumes,country,United Kingdom,English,Google Search,2025-07-01,2026-06-30,encoded_band,,,,,,,,,,GBP,absent,2026-08-09,2026-08-09-01-legacy,raw/gkp-volumes-04-quiz-mechanics.csv,10
ob_000035,kw_000035,,volumes,country,United Kingdom,English,Google Search,2025-07-01,2026-06-30,encoded_band,50.0,10,100,0,0,Low,0,,,GBP,returned,2026-08-09,2026-08-09-01-legacy,raw/gkp-volumes-04-quiz-mechanics.csv,11
ob_000036,kw_000036,,volumes,country,United Kingdom,English,Google Search,2025-07-01,2026-06-30,encoded_band,,,,,,,,,,GBP,absent,2026-08-09,2026-08-09-01-legacy,raw/gkp-volumes-05-bingo.csv,3
ob_000037,kw_000037,,volumes,country,United Kingdom,English,Google Search,2025-07-01,2026-06-30,encoded_band,,,,,,,,,,GBP,absent,2026-08-09,2026-08-09-01-legacy,raw/gkp-volumes-05-bingo.csv,4
ob_000038,kw_000038,,volumes,country,United Kingdom,English,Google Search,2025-07-01,2026-06-30,encoded_band,,,,,,,,,,GBP,absent,2026-08-09,2026-08-09-01-legacy,raw/gkp-volumes-05-bingo.csv,5
ob_000039,kw_000039,,volumes,country,United Kingdom,English,Google Search,2025-07-01,2026-06-30,encoded_band,,,,,,,,,,GBP,absent,2026-08-09,2026-08-09-01-legacy,raw/gkp-volumes-05-bingo.csv,6
ob_000040,kw_000040,,volumes,country,United Kingdom,English,Google Search,2025-07-01,2026-06-30,encoded_band,500.0,100,1000,0,0,Medium,38,3.47,13.64,GBP,returned,2026-08-09,2026-08-09-01-legacy,raw/gkp-volumes-05-bingo.csv,7
ob_000041,kw_000041,,volumes,country,United Kingdom,English,Google Search,2025-07-01,2026-06-30,encoded_band,,,,,,,,,,GBP,absent,2026-08-09,2026-08-09-01-legacy,raw/gkp-volumes-06-refurbishment.csv,3
ob_000042,kw_000042,,volumes,country,United Kingdom,English,Google Search,2025-07-01,2026-06-30,encoded_band,,,,,,,,,,GBP,absent,2026-08-09,2026-08-09-01-legacy,raw/gkp-volumes-06-refurbishment.csv,4
ob_000043,kw_000043,,volumes,country,United Kingdom,English,Google Search,2025-07-01,2026-06-30,encoded_band,50.0,10,100,0,-0.9,Medium,53,1,2.67,GBP,returned,2026-08-09,2026-08-09-01-legacy,raw/gkp-volumes-06-refurbishment.csv,5
ob_000044,kw_000044,,volumes,country,United Kingdom,English,Google Search,2025-07-01,2026-06-30,encoded_band,,,,,,,,,,GBP,absent,2026-08-09,2026-08-09-01-legacy,raw/gkp-volumes-06-refurbishment.csv,6
ob_000045,kw_000045,,volumes,country,United Kingdom,English,Google Search,2025-07-01,2026-06-30,encoded_band,,,,,,,,,,GBP,absent,2026-08-09,2026-08-09-01-legacy,raw/gkp-volumes-06-refurbishment.csv,7
ob_000046,kw_000046,,volumes,country,United Kingdom,English,Google Search,2025-07-01,2026-06-30,encoded_band,,,,,,,,,,GBP,absent,2026-08-09,2026-08-09-01-legacy,raw/gkp-volumes-06-refurbishment.csv,8
ob_000047,kw_000047,,volumes,country,United Kingdom,English,Google Search,2025-07-01,2026-06-30,encoded_band,,,,,,,,,,GBP,absent,2026-08-09,2026-08-09-01-legacy,raw/gkp-volumes-07-loyalty-branding.csv,3
ob_000048,kw_000048,,volumes,country,United Kingdom,English,Google Search,2025-07-01,2026-06-30,encoded_band,,,,,,,,,,GBP,absent,2026-08-09,2026-08-09-01-legacy,raw/gkp-volumes-07-loyalty-branding.csv,4
ob_000049,kw_000049,,volumes,country,United Kingdom,English,Google Search,2025-07-01,2026-06-30,encoded_band,,,,,,,,,,GBP,absent,2026-08-09,2026-08-09-01-legacy,raw/gkp-volumes-07-loyalty-branding.csv,5
ob_000050,kw_000050,,volumes,country,United Kingdom,English,Google Search,2025-07-01,2026-06-30,encoded_band,50.0,10,100,0,0,Medium,51,3.69,62.64,GBP,returned,2026-08-09,2026-08-09-01-legacy,raw/gkp-volumes-07-loyalty-branding.csv,6
ob_000051,kw_000051,,volumes,country,United Kingdom,English,Google Search,2025-07-01,2026-06-30,encoded_band,50.0,10,100,0,0,High,93,0.95,16.78,GBP,returned,2026-08-09,2026-08-09-01-legacy,raw/gkp-volumes-07-loyalty-branding.csv,7
ob_000052,kw_000052,,volumes,country,United Kingdom,English,Google Search,2025-07-01,2026-06-30,encoded_band,,,,,,,,,,GBP,absent,2026-08-09,2026-08-09-01-legacy,raw/gkp-volumes-07-loyalty-branding.csv,8
ob_000053,kw_000053,,volumes,country,United Kingdom,English,Google Search,2025-07-01,2026-06-30,encoded_band,50.0,10,100,0,-0.9,Low,2,,,GBP,returned,2026-08-09,2026-08-09-01-legacy,raw/gkp-volumes-08-staffing.csv,3
ob_000054,kw_000054,,volumes,country,United Kingdom,English,Google Search,2025-07-01,2026-06-30,encoded_band,50.0,10,100,0,0,Medium,46,1.11,8.1,GBP,returned,2026-08-09,2026-08-09-01-legacy,raw/gkp-volumes-08-staffing.csv,4
ob_000055,kw_000055,,volumes,country,United Kingdom,English,Google Search,2025-07-01,2026-06-30,encoded_band,50.0,10,100,0,0,Low,0,,,GBP,returned,2026-08-09,2026-08-09-01-legacy,raw/gkp-volumes-08-staffing.csv,5
ob_000056,kw_000056,,volumes,country,United Kingdom,English,Google Search,2025-07-01,2026-06-30,encoded_band,,,,,,,,,,GBP,absent,2026-08-09,2026-08-09-01-legacy,raw/gkp-volumes-08-staffing.csv,6
ob_000057,kw_000057,,volumes,country,United Kingdom,English,Google Search,2025-07-01,2026-06-30,encoded_band,50.0,10,100,0,-1,,,,,GBP,returned,2026-08-09,2026-08-09-01-legacy,raw/gkp-volumes-08-staffing.csv,7
ob_000058,kw_000058,,volumes,country,United Kingdom,English,Google Search,2025-07-01,2026-06-30,encoded_band,,,,,,,,,,GBP,absent,2026-08-09,2026-08-09-01-legacy,raw/gkp-volumes-08-staffing.csv,8
ob_000059,kw_000059,,volumes,country,United Kingdom,English,Google Search,2025-07-01,2026-06-30,encoded_band,,,,,,,,,,GBP,absent,2026-08-09,2026-08-09-01-legacy,raw/gkp-volumes-08-staffing.csv,9
ob_000060,kw_000060,,volumes,country,United Kingdom,English,Google Search,2025-07-01,2026-06-30,encoded_band,,,,,,,,,,GBP,absent,2026-08-09,2026-08-09-01-legacy,raw/gkp-volumes-08-staffing.csv,10
ob_000061,kw_000061,,volumes,country,United Kingdom,English,Google Search,2025-07-01,2026-06-30,encoded_band,,,,,,,,,,GBP,absent,2026-08-09,2026-08-09-01-legacy,raw/gkp-volumes-08-staffing.csv,11
ob_000062,kw_000062,,volumes,country,United Kingdom,English,Google Search,2025-07-01,2026-06-30,encoded_band,,,,,,,,,,GBP,absent,2026-08-09,2026-08-09-01-legacy,raw/gkp-volumes-09-turnaround.csv,3
ob_000063,kw_000063,,volumes,country,United Kingdom,English,Google Search,2025-07-01,2026-06-30,encoded_band,50.0,10,100,0,0,Low,0,,,GBP,returned,2026-08-09,2026-08-09-01-legacy,raw/gkp-volumes-09-turnaround.csv,4
ob_000064,kw_000064,,volumes,country,United Kingdom,English,Google Search,2025-07-01,2026-06-30,encoded_band,,,,,,,,,,GBP,absent,2026-08-09,2026-08-09-01-legacy,raw/gkp-volumes-09-turnaround.csv,6
ob_000065,kw_000065,,volumes,country,United Kingdom,English,Google Search,2025-07-01,2026-06-30,encoded_band,,,,,,,,,,GBP,absent,2026-08-09,2026-08-09-01-legacy,raw/gkp-volumes-09-turnaround.csv,7
ob_000066,kw_000066,,volumes,country,United Kingdom,English,Google Search,2025-07-01,2026-06-30,encoded_band,,,,,,,,,,GBP,absent,2026-08-09,2026-08-09-01-legacy,raw/gkp-volumes-09-turnaround.csv,8
ob_000067,kw_000067,,volumes,country,United Kingdom,English,Google Search,2025-07-01,2026-06-30,encoded_band,,,,,,,,,,GBP,absent,2026-08-09,2026-08-09-01-legacy,raw/gkp-volumes-09-turnaround.csv,5
ob_000068,kw_000068,,discover,country,United Kingdom,English,Google Search,2025-08-01,2026-07-31,encoded_band,500,100,1000,0,0,Medium,38,3.05,11.34,GBP,returned,2026-09-08,2026-09-08-01-setup,raw/gkp-discover-01-website-build.csv,1
ob_000069,kw_000069,,discover,country,United Kingdom,English,Google Search,2025-08-01,2026-07-31,encoded_band,50,10,100,0,-1,Unknown,,,,GBP,returned,2026-09-08,2026-09-08-01-setup,raw/gkp-discover-01-website-build.csv,2
ob_000070,kw_000070,,discover,country,United Kingdom,English,Google Search,2025-08-01,2026-07-31,encoded_band,500,100,1000,-0.9,0,Low,23,2.11,13.35,GBP,returned,2026-09-08,2026-09-08-01-setup,raw/gkp-discover-01-website-build.csv,3
ob_000071,kw_000071,,discover,country,United Kingdom,English,Google Search,2025-08-01,2026-07-31,encoded_band,500,100,1000,0,9,Medium,33,13.99,39.37,GBP,returned,2026-09-08,2026-09-08-01-setup,raw/gkp-discover-01-website-build.csv,4
ob_000072,kw_000072,,discover,country,United Kingdom,English,Google Search,2025-08-01,2026-07-31,encoded_band,500,100,1000,0,0,Low,16,5.67,26.03,GBP,returned,2026-09-08,2026-09-08-01-setup,raw/gkp-discover-01-website-build.csv,5
ob_000073,kw_000073,,discover,country,United Kingdom,English,Google Search,2025-08-01,2026-07-31,encoded_band,50,10,100,0,0,Low,23,2.47,6.7,GBP,returned,2026-09-08,2026-09-08-01-setup,raw/gkp-discover-01-website-build.csv,6
ob_000074,kw_000074,,discover,country,United Kingdom,English,Google Search,2025-08-01,2026-07-31,encoded_band,500,100,1000,0,0,Medium,66,4.88,17.05,GBP,returned,2026-09-08,2026-09-08-01-setup,raw/gkp-discover-01-website-build.csv,7
ob_000075,kw_000075,,discover,country,United Kingdom,English,Google Search,2025-08-01,2026-07-31,encoded_band,500,100,1000,0,0,Medium,44,4.42,15.52,GBP,returned,2026-09-08,2026-09-08-01-setup,raw/gkp-discover-01-website-build.csv,8
ob_000076,kw_000076,,discover,country,United Kingdom,English,Google Search,2025-08-01,2026-07-31,encoded_band,50,10,100,0,-0.9,Low,8,1.93,3.84,GBP,returned,2026-09-08,2026-09-08-01-setup,raw/gkp-discover-01-website-build.csv,9
ob_000077,kw_000077,,discover,country,United Kingdom,English,Google Search,2025-08-01,2026-07-31,encoded_band,500,100,1000,0,-0.9,Low,32,3.55,17.58,GBP,returned,2026-09-08,2026-09-08-01-setup,raw/gkp-discover-01-website-build.csv,10
ob_000078,kw_000078,,discover,country,United Kingdom,English,Google Search,2025-08-01,2026-07-31,encoded_band,500,100,1000,0,0,High,79,4.03,19.22,GBP,returned,2026-09-08,2026-09-08-01-setup,raw/gkp-discover-01-website-build.csv,11
ob_000079,kw_000079,,discover,country,United Kingdom,English,Google Search,2025-08-01,2026-07-31,encoded_band,50,10,100,0,0,Medium,64,6.74,23.86,GBP,returned,2026-09-08,2026-09-08-01-setup,raw/gkp-discover-01-website-build.csv,12
ob_000080,kw_000080,,discover,country,United Kingdom,English,Google Search,2025-08-01,2026-07-31,encoded_band,500,100,1000,-0.9,0,Low,20,3.92,28.59,GBP,returned,2026-09-08,2026-09-08-01-setup,raw/gkp-discover-01-website-build.csv,13
ob_000081,kw_000081,,discover,country,United Kingdom,English,Google Search,2025-08-01,2026-07-31,encoded_band,500,100,1000,-0.9,-0.9,Low,28,3.33,6.7,GBP,returned,2026-09-08,2026-09-08-01-setup,raw/gkp-discover-01-website-build.csv,14
ob_000082,kw_000082,,discover,country,United Kingdom,English,Google Search,2025-08-01,2026-07-31,encoded_band,50,10,100,0,-0.9,High,94,5.99,15.58,GBP,returned,2026-09-08,2026-09-08-01-setup,raw/gkp-discover-01-website-build.csv,15
ob_000083,kw_000083,,discover,country,United Kingdom,English,Google Search,2025-08-01,2026-07-31,encoded_band,500,100,1000,0,0,Medium,38,3.05,11.34,GBP,returned,2026-09-08,2026-09-08-01-setup,raw/gkp-discover-01-website-build.csv,16
ob_000084,kw_000084,,discover,country,United Kingdom,English,Google Search,2025-08-01,2026-07-31,encoded_band,50,10,100,0,0,High,82,4.05,26.63,GBP,returned,2026-09-08,2026-09-08-01-setup,raw/gkp-discover-01-website-build.csv,17
ob_000085,kw_000085,,discover,country,United Kingdom,English,Google Search,2025-08-01,2026-07-31,encoded_band,500,100,1000,-0.9,-0.9,Medium,46,8.08,31.63,GBP,returned,2026-09-08,2026-09-08-01-setup,raw/gkp-discover-01-website-build.csv,18
ob_000086,kw_000086,,discover,country,United Kingdom,English,Google Search,2025-08-01,2026-07-31,encoded_band,500,100,1000,-0.9,-0.9,Low,27,3.45,10.89,GBP,returned,2026-09-08,2026-09-08-01-setup,raw/gkp-discover-01-website-build.csv,19
ob_000087,kw_000087,,discover,country,United Kingdom,English,Google Search,2025-08-01,2026-07-31,encoded_band,500,100,1000,-0.9,-0.9,Low,27,3.45,10.89,GBP,returned,2026-09-08,2026-09-08-01-setup,raw/gkp-discover-01-website-build.csv,20
ob_000088,kw_000088,,discover,country,United Kingdom,English,Google Search,2025-08-01,2026-07-31,encoded_band,500,100,1000,-0.9,0,Medium,36,4.42,12.53,GBP,returned,2026-09-08,2026-09-08-01-setup,raw/gkp-discover-01-website-build.csv,21
ob_000089,kw_000089,,discover,country,United Kingdom,English,Google Search,2025-08-01,2026-07-31,encoded_band,50,10,100,0,0,Medium,43,,,GBP,returned,2026-09-08,2026-09-08-01-setup,raw/gkp-discover-01-website-build.csv,22
ob_000090,kw_000090,,discover,country,United Kingdom,English,Google Search,2025-08-01,2026-07-31,encoded_band,50,10,100,-0.9,-0.9,Medium,40,1.99,5.82,GBP,returned,2026-09-08,2026-09-08-01-setup,raw/gkp-discover-01-website-build.csv,23
ob_000091,kw_000091,,discover,country,United Kingdom,English,Google Search,2025-08-01,2026-07-31,encoded_band,5000,1000,10000,-0.9,-0.9,Medium,35,3.2,14.86,GBP,returned,2026-09-08,2026-09-08-01-setup,raw/gkp-discover-01-website-build.csv,24
ob_000092,kw_000092,,discover,country,United Kingdom,English,Google Search,2025-08-01,2026-07-31,encoded_band,500,100,1000,0,0,Low,16,5.67,26.03,GBP,returned,2026-09-08,2026-09-08-01-setup,raw/gkp-discover-01-website-build.csv,25
ob_000093,kw_000093,,discover,country,United Kingdom,English,Google Search,2025-08-01,2026-07-31,encoded_band,50,10,100,0,0,High,86,,,GBP,returned,2026-09-08,2026-09-08-01-setup,raw/gkp-discover-01-website-build.csv,26
ob_000094,kw_000094,,discover,country,United Kingdom,English,Google Search,2025-08-01,2026-07-31,encoded_band,50,10,100,0,0,High,74,4.06,28.14,GBP,returned,2026-09-08,2026-09-08-01-setup,raw/gkp-discover-01-website-build.csv,27
ob_000095,kw_000095,,discover,country,United Kingdom,English,Google Search,2025-08-01,2026-07-31,encoded_band,50,10,100,0,0,Low,21,4.12,12.04,GBP,returned,2026-09-08,2026-09-08-01-setup,raw/gkp-discover-01-website-build.csv,28
ob_000096,kw_000096,,discover,country,United Kingdom,English,Google Search,2025-08-01,2026-07-31,encoded_band,500,100,1000,0,0,Medium,66,4.88,17.05,GBP,returned,2026-09-08,2026-09-08-01-setup,raw/gkp-discover-01-website-build.csv,29
ob_000097,kw_000097,,discover,country,United Kingdom,English,Google Search,2025-08-01,2026-07-31,encoded_band,50,10,100,0,0,High,71,,,GBP,returned,2026-09-08,2026-09-08-01-setup,raw/gkp-discover-01-website-build.csv,30
ob_000098,kw_000098,,discover,country,United Kingdom,English,Google Search,2025-08-01,2026-07-31,encoded_band,500,100,1000,-0.9,-0.9,Low,27,5.45,21.87,GBP,returned,2026-09-08,2026-09-08-01-setup,raw/gkp-discover-01-website-build.csv,31
ob_000099,kw_000099,,discover,country,United Kingdom,English,Google Search,2025-08-01,2026-07-31,encoded_band,50,10,100,0,0,Low,32,9.89,20.7,GBP,returned,2026-09-08,2026-09-08-01-setup,raw/gkp-discover-01-website-build.csv,32
ob_000100,kw_000100,,discover,country,United Kingdom,English,Google Search,2025-08-01,2026-07-31,encoded_band,50,10,100,0,0,High,82,4.74,27.66,GBP,returned,2026-09-08,2026-09-08-01-setup,raw/gkp-discover-01-website-build.csv,33
ob_000101,kw_000101,,discover,country,United Kingdom,English,Google Search,2025-08-01,2026-07-31,encoded_band,500,100,1000,0,0,Medium,44,4.42,15.52,GBP,returned,2026-09-08,2026-09-08-01-setup,raw/gkp-discover-01-website-build.csv,34
ob_000102,kw_000102,,discover,country,United Kingdom,English,Google Search,2025-08-01,2026-07-31,encoded_band,500,100,1000,0,-0.9,Low,25,7.61,15.86,GBP,returned,2026-09-08,2026-09-08-01-setup,raw/gkp-discover-01-website-build.csv,35
ob_000103,kw_000103,,discover,country,United Kingdom,English,Google Search,2025-08-01,2026-07-31,encoded_band,50,10,100,,,High,71,,,GBP,returned,2026-09-08,2026-09-08-01-setup,raw/gkp-discover-01-website-build.csv,36
ob_000104,kw_000104,,discover,country,United Kingdom,English,Google Search,2025-08-01,2026-07-31,encoded_band,500,100,1000,-0.9,-0.9,Low,28,3.33,6.7,GBP,returned,2026-09-08,2026-09-08-01-setup,raw/gkp-discover-01-website-build.csv,37
ob_000105,kw_000105,,discover,country,United Kingdom,English,Google Search,2025-08-01,2026-07-31,encoded_band,50,10,100,,0,Medium,45,6.12,15.08,GBP,returned,2026-09-08,2026-09-08-01-setup,raw/gkp-discover-01-website-build.csv,38
ob_000106,kw_000106,,discover,country,United Kingdom,English,Google Search,2025-08-01,2026-07-31,encoded_band,5000,1000,10000,0,0,Low,17,3.09,15.81,GBP,returned,2026-09-08,2026-09-08-01-setup,raw/gkp-discover-01-website-build.csv,39
ob_000107,kw_000107,,discover,country,United Kingdom,English,Google Search,2025-08-01,2026-07-31,encoded_band,50,10,100,0,0,Low,19,11.91,21.57,GBP,returned,2026-09-08,2026-09-08-01-setup,raw/gkp-discover-01-website-build.csv,40
ob_000108,kw_000108,,discover,country,United Kingdom,English,Google Search,2025-08-01,2026-07-31,encoded_band,500,100,1000,0,0,Low,9,4.45,14.31,GBP,returned,2026-09-08,2026-09-08-01-setup,raw/gkp-discover-01-website-build.csv,41
ob_000109,kw_000109,,discover,country,United Kingdom,English,Google Search,2025-08-01,2026-07-31,encoded_band,500,100,1000,0,-0.9,Low,32,3.55,17.58,GBP,returned,2026-09-08,2026-09-08-01-setup,raw/gkp-discover-01-website-build.csv,42
ob_000110,kw_000110,,discover,country,United Kingdom,English,Google Search,2025-08-01,2026-07-31,encoded_band,50,10,100,0,0,Low,21,4.12,12.04,GBP,returned,2026-09-08,2026-09-08-01-setup,raw/gkp-discover-01-website-build.csv,43
ob_000111,kw_000111,,discover,country,United Kingdom,English,Google Search,2025-08-01,2026-07-31,encoded_band,50,10,100,-1,-1,Unknown,,,,GBP,returned,2026-09-08,2026-09-08-01-setup,raw/gkp-discover-01-website-build.csv,44
ob_000112,kw_000112,,discover,country,United Kingdom,English,Google Search,2025-08-01,2026-07-31,encoded_band,500,100,1000,0,0,Medium,36,17.7,39.27,GBP,returned,2026-09-08,2026-09-08-01-setup,raw/gkp-discover-01-website-build.csv,45
ob_000113,kw_000113,,discover,country,United Kingdom,English,Google Search,2025-08-01,2026-07-31,encoded_band,5000,1000,10000,0,0,Low,17,3.09,15.81,GBP,returned,2026-09-08,2026-09-08-01-setup,raw/gkp-discover-01-website-build.csv,46
ob_000114,kw_000114,,discover,country,United Kingdom,English,Google Search,2025-08-01,2026-07-31,encoded_band,500,100,1000,-0.9,-0.9,Low,26,2.95,15.69,GBP,returned,2026-09-08,2026-09-08-01-setup,raw/gkp-discover-01-website-build.csv,47
ob_000115,kw_000115,,discover,country,United Kingdom,English,Google Search,2025-08-01,2026-07-31,encoded_band,50,10,100,0,0,Low,27,,,GBP,returned,2026-09-08,2026-09-08-01-setup,raw/gkp-discover-01-website-build.csv,48
ob_000116,kw_000116,,discover,country,United Kingdom,English,Google Search,2025-08-01,2026-07-31,encoded_band,50,10,100,-0.9,0,Low,22,13.19,31.64,GBP,returned,2026-09-08,2026-09-08-01-setup,raw/gkp-discover-01-website-build.csv,49
ob_000117,kw_000117,,discover,country,United Kingdom,English,Google Search,2025-08-01,2026-07-31,encoded_band,500,100,1000,0,0,Low,21,3.06,13.87,GBP,returned,2026-09-08,2026-09-08-01-setup,raw/gkp-discover-01-website-build.csv,50
ob_000118,kw_000118,,discover,country,United Kingdom,English,Google Search,2025-08-01,2026-07-31,encoded_band,50,10,100,-1,-1,Unknown,,,,GBP,returned,2026-09-08,2026-09-08-01-setup,raw/gkp-discover-01-website-build.csv,51
ob_000119,kw_000119,,discover,country,United Kingdom,English,Google Search,2025-08-01,2026-07-31,encoded_band,500,100,1000,-0.9,0,Low,20,3.92,28.59,GBP,returned,2026-09-08,2026-09-08-01-setup,raw/gkp-discover-01-website-build.csv,52
ob_000120,kw_000120,,discover,country,United Kingdom,English,Google Search,2025-08-01,2026-07-31,encoded_band,50,10,100,0,0,High,79,,,GBP,returned,2026-09-08,2026-09-08-01-setup,raw/gkp-discover-01-website-build.csv,53
ob_000121,kw_000121,,discover,country,United Kingdom,English,Google Search,2025-08-01,2026-07-31,encoded_band,50,10,100,0,0,High,82,4.05,26.63,GBP,returned,2026-09-08,2026-09-08-01-setup,raw/gkp-discover-01-website-build.csv,54
ob_000122,kw_000122,,discover,country,United Kingdom,English,Google Search,2025-08-01,2026-07-31,encoded_band,50,10,100,0,0,Low,25,4.71,15.45,GBP,returned,2026-09-08,2026-09-08-01-setup,raw/gkp-discover-01-website-build.csv,55
ob_000123,kw_000123,,discover,country,United Kingdom,English,Google Search,2025-08-01,2026-07-31,encoded_band,50,10,100,0,0,Medium,43,,,GBP,returned,2026-09-08,2026-09-08-01-setup,raw/gkp-discover-01-website-build.csv,56
ob_000124,kw_000124,,discover,country,United Kingdom,English,Google Search,2025-08-01,2026-07-31,encoded_band,50,10,100,0,0,Low,14,5.78,28.63,GBP,returned,2026-09-08,2026-09-08-01-setup,raw/gkp-discover-01-website-build.csv,57
ob_000125,kw_000125,,discover,country,United Kingdom,English,Google Search,2025-08-01,2026-07-31,encoded_band,500,100,1000,0,0,Low,16,2.28,9.18,GBP,returned,2026-09-08,2026-09-08-01-setup,raw/gkp-discover-01-website-build.csv,58
ob_000126,kw_000126,,discover,country,United Kingdom,English,Google Search,2025-08-01,2026-07-31,encoded_band,50,10,100,-1,-1,Unknown,,,,GBP,returned,2026-09-08,2026-09-08-01-setup,raw/gkp-discover-01-website-build.csv,59
ob_000127,kw_000127,,discover,country,United Kingdom,English,Google Search,2025-08-01,2026-07-31,encoded_band,5000,1000,10000,-0.9,-0.9,Medium,35,3.2,14.86,GBP,returned,2026-09-08,2026-09-08-01-setup,raw/gkp-discover-01-website-build.csv,60
ob_000128,kw_000128,,discover,country,United Kingdom,English,Google Search,2025-08-01,2026-07-31,encoded_band,50,10,100,0,0,Low,19,,,GBP,returned,2026-09-08,2026-09-08-01-setup,raw/gkp-discover-01-website-build.csv,61
ob_000129,kw_000129,,discover,country,United Kingdom,English,Google Search,2025-08-01,2026-07-31,encoded_band,50,10,100,0,0,Medium,61,,,GBP,returned,2026-09-08,2026-09-08-01-setup,raw/gkp-discover-01-website-build.csv,62
ob_000130,kw_000130,,discover,country,United Kingdom,English,Google Search,2025-08-01,2026-07-31,encoded_band,50,10,100,0,0,Low,21,4.12,12.04,GBP,returned,2026-09-08,2026-09-08-01-setup,raw/gkp-discover-01-website-build.csv,63
ob_000131,kw_000131,,discover,country,United Kingdom,English,Google Search,2025-08-01,2026-07-31,encoded_band,50,10,100,0,0,Low,1,,,GBP,returned,2026-09-08,2026-09-08-01-setup,raw/gkp-discover-01-website-build.csv,64
ob_000132,kw_000132,,discover,country,United Kingdom,English,Google Search,2025-08-01,2026-07-31,encoded_band,50,10,100,-1,-1,Unknown,,,,GBP,returned,2026-09-08,2026-09-08-01-setup,raw/gkp-discover-01-website-build.csv,65
ob_000133,kw_000133,,discover,country,United Kingdom,English,Google Search,2025-08-01,2026-07-31,encoded_band,50,10,100,,0,High,71,,,GBP,returned,2026-09-08,2026-09-08-01-setup,raw/gkp-discover-01-website-build.csv,66
ob_000134,kw_000134,,discover,country,United Kingdom,English,Google Search,2025-08-01,2026-07-31,encoded_band,500,100,1000,-0.9,-0.9,Low,24,12.13,71.68,GBP,returned,2026-09-08,2026-09-08-01-setup,raw/gkp-discover-01-website-build.csv,67
ob_000135,kw_000135,,discover,country,United Kingdom,English,Google Search,2025-08-01,2026-07-31,encoded_band,50,10,100,0,0,High,86,,,GBP,returned,2026-09-08,2026-09-08-01-setup,raw/gkp-discover-01-website-build.csv,68
ob_000136,kw_000136,,discover,country,United Kingdom,English,Google Search,2025-08-01,2026-07-31,encoded_band,50,10,100,0,0,Low,29,,,GBP,returned,2026-09-08,2026-09-08-01-setup,raw/gkp-discover-01-website-build.csv,69
ob_000137,kw_000137,,discover,country,United Kingdom,English,Google Search,2025-08-01,2026-07-31,encoded_band,500,100,1000,0,0,Medium,36,17.7,39.27,GBP,returned,2026-09-08,2026-09-08-01-setup,raw/gkp-discover-01-website-build.csv,70
ob_000138,kw_000138,,discover,country,United Kingdom,English,Google Search,2025-08-01,2026-07-31,encoded_band,5000,1000,10000,-0.9,-0.9,Medium,35,3.2,14.86,GBP,returned,2026-09-08,2026-09-08-01-setup,raw/gkp-discover-01-website-build.csv,71
ob_000139,kw_000139,,discover,country,United Kingdom,English,Google Search,2025-08-01,2026-07-31,encoded_band,500,100,1000,0,9,Medium,33,13.99,39.37,GBP,returned,2026-09-08,2026-09-08-01-setup,raw/gkp-discover-01-website-build.csv,72
ob_000140,kw_000140,,discover,country,United Kingdom,English,Google Search,2025-08-01,2026-07-31,encoded_band,5000,1000,10000,-0.9,-0.9,Medium,35,3.2,14.86,GBP,returned,2026-09-08,2026-09-08-01-setup,raw/gkp-discover-01-website-build.csv,73
ob_000141,kw_000141,,discover,country,United Kingdom,English,Google Search,2025-08-01,2026-07-31,encoded_band,50,10,100,0,0,Low,0,,,GBP,returned,2026-09-08,2026-09-08-01-setup,raw/gkp-discover-01-website-build.csv,74
ob_000142,kw_000142,,discover,country,United Kingdom,English,Google Search,2025-08-01,2026-07-31,encoded_band,50,10,100,0,0,High,67,,,GBP,returned,2026-09-08,2026-09-08-01-setup,raw/gkp-discover-01-website-build.csv,75
ob_000143,kw_000143,,discover,country,United Kingdom,English,Google Search,2025-08-01,2026-07-31,encoded_band,50,10,100,-0.9,0,Low,22,13.19,31.64,GBP,returned,2026-09-08,2026-09-08-01-setup,raw/gkp-discover-01-website-build.csv,76
ob_000144,kw_000144,,discover,country,United Kingdom,English,Google Search,2025-08-01,2026-07-31,encoded_band,50,10,100,0,0,Medium,42,7.07,20.29,GBP,returned,2026-09-08,2026-09-08-01-setup,raw/gkp-discover-01-website-build.csv,77
ob_000145,kw_000145,,discover,country,United Kingdom,English,Google Search,2025-08-01,2026-07-31,encoded_band,50,10,100,-1,-1,Unknown,,,,GBP,returned,2026-09-08,2026-09-08-01-setup,raw/gkp-discover-01-website-build.csv,78
ob_000146,kw_000146,,discover,country,United Kingdom,English,Google Search,2025-08-01,2026-07-31,encoded_band,50,10,100,0,0,Low,21,,,GBP,returned,2026-09-08,2026-09-08-01-setup,raw/gkp-discover-01-website-build.csv,79
ob_000147,kw_000147,,discover,country,United Kingdom,English,Google Search,2025-08-01,2026-07-31,encoded_band,50,10,100,-1,0,Unknown,,,,GBP,returned,2026-09-08,2026-09-08-01-setup,raw/gkp-discover-01-website-build.csv,80
ob_000148,kw_000148,,discover,country,United Kingdom,English,Google Search,2025-08-01,2026-07-31,encoded_band,500,100,1000,-0.9,-0.9,Low,0,,,GBP,returned,2026-09-08,2026-09-08-01-setup,raw/gkp-discover-01-website-build.csv,81
ob_000149,kw_000149,,discover,country,United Kingdom,English,Google Search,2025-08-01,2026-07-31,encoded_band,50,10,100,0,0,Low,23,2.47,6.7,GBP,returned,2026-09-08,2026-09-08-01-setup,raw/gkp-discover-01-website-build.csv,82
ob_000150,kw_000150,,discover,country,United Kingdom,English,Google Search,2025-08-01,2026-07-31,encoded_band,50,10,100,0,0,High,86,,,GBP,returned,2026-09-08,2026-09-08-01-setup,raw/gkp-discover-01-website-build.csv,83
ob_000151,kw_000151,,discover,country,United Kingdom,English,Google Search,2025-08-01,2026-07-31,encoded_band,50,10,100,,0,Medium,39,,,GBP,returned,2026-09-08,2026-09-08-01-setup,raw/gkp-discover-01-website-build.csv,84
ob_000152,kw_000152,,discover,country,United Kingdom,English,Google Search,2025-08-01,2026-07-31,encoded_band,50,10,100,-1,-1,Unknown,,,,GBP,returned,2026-09-08,2026-09-08-01-setup,raw/gkp-discover-01-website-build.csv,85
ob_000153,kw_000153,,discover,country,United Kingdom,English,Google Search,2025-08-01,2026-07-31,encoded_band,500,100,1000,0,0,Medium,36,17.7,39.27,GBP,returned,2026-09-08,2026-09-08-01-setup,raw/gkp-discover-01-website-build.csv,86
ob_000154,kw_000154,,discover,country,United Kingdom,English,Google Search,2025-08-01,2026-07-31,encoded_band,500,100,1000,-0.9,0,Low,21,10.76,25.11,GBP,returned,2026-09-08,2026-09-08-01-setup,raw/gkp-discover-01-website-build.csv,87
ob_000155,kw_000155,,discover,country,United Kingdom,English,Google Search,2025-08-01,2026-07-31,encoded_band,500,100,1000,-0.9,0,Low,23,2.11,13.35,GBP,returned,2026-09-08,2026-09-08-01-setup,raw/gkp-discover-01-website-build.csv,88
ob_000156,kw_000156,,discover,country,United Kingdom,English,Google Search,2025-08-01,2026-07-31,encoded_band,50,10,100,0,0,Low,32,,,GBP,returned,2026-09-08,2026-09-08-01-setup,raw/gkp-discover-01-website-build.csv,89
ob_000157,kw_000157,,discover,country,United Kingdom,English,Google Search,2025-08-01,2026-07-31,encoded_band,500,100,1000,-0.9,0,Low,0,,,GBP,returned,2026-09-08,2026-09-08-01-setup,raw/gkp-discover-01-website-build.csv,90
ob_000158,kw_000158,,discover,country,United Kingdom,English,Google Search,2025-08-01,2026-07-31,encoded_band,50,10,100,0,0,Low,0,,,GBP,returned,2026-09-08,2026-09-08-01-setup,raw/gkp-discover-01-website-build.csv,91
ob_000159,kw_000159,,discover,country,United Kingdom,English,Google Search,2025-08-01,2026-07-31,encoded_band,500,100,1000,-0.9,-0.9,Low,23,1.91,7.91,GBP,returned,2026-09-08,2026-09-08-01-setup,raw/gkp-discover-01-website-build.csv,92
ob_000160,kw_000160,,discover,country,United Kingdom,English,Google Search,2025-08-01,2026-07-31,encoded_band,500,100,1000,-0.9,-0.9,Low,30,8.99,29.24,GBP,returned,2026-09-08,2026-09-08-01-setup,raw/gkp-discover-01-website-build.csv,93
ob_000161,kw_000161,,discover,country,United Kingdom,English,Google Search,2025-08-01,2026-07-31,encoded_band,50,10,100,0,0,Low,19,15.07,30.76,GBP,returned,2026-09-08,2026-09-08-01-setup,raw/gkp-discover-01-website-build.csv,94
ob_000162,kw_000162,,discover,country,United Kingdom,English,Google Search,2025-08-01,2026-07-31,encoded_band,5000,1000,10000,0,0,Low,17,3.09,15.81,GBP,returned,2026-09-08,2026-09-08-01-setup,raw/gkp-discover-01-website-build.csv,95
ob_000163,kw_000163,,discover,country,United Kingdom,English,Google Search,2025-08-01,2026-07-31,encoded_band,50,10,100,0,0,Low,0,,,GBP,returned,2026-09-08,2026-09-08-01-setup,raw/gkp-discover-01-website-build.csv,96
ob_000164,kw_000164,,discover,country,United Kingdom,English,Google Search,2025-08-01,2026-07-31,encoded_band,50,10,100,-0.9,0,Low,0,,,GBP,returned,2026-09-08,2026-09-08-01-setup,raw/gkp-discover-01-website-build.csv,97
ob_000165,kw_000165,,discover,country,United Kingdom,English,Google Search,2025-08-01,2026-07-31,encoded_band,500,100,1000,-0.9,-0.9,Low,30,8.99,29.24,GBP,returned,2026-09-08,2026-09-08-01-setup,raw/gkp-discover-01-website-build.csv,98
ob_000166,kw_000166,,discover,country,United Kingdom,English,Google Search,2025-08-01,2026-07-31,encoded_band,500,100,1000,-0.9,-0.9,Low,0,,,GBP,returned,2026-09-08,2026-09-08-01-setup,raw/gkp-discover-01-website-build.csv,99
ob_000167,kw_000167,,discover,country,United Kingdom,English,Google Search,2025-08-01,2026-07-31,encoded_band,500,100,1000,0,0,Medium,46,3.27,18.19,GBP,returned,2026-09-08,2026-09-08-01-setup,raw/gkp-discover-01-website-build.csv,100
ob_000168,kw_000168,,discover,country,United Kingdom,English,Google Search,2025-08-01,2026-07-31,encoded_band,500,100,1000,-0.9,-0.9,Low,26,2.95,15.69,GBP,returned,2026-09-08,2026-09-08-01-setup,raw/gkp-discover-01-website-build.csv,101
ob_000169,kw_000169,,discover,country,United Kingdom,English,Google Search,2025-08-01,2026-07-31,encoded_band,50,10,100,0,0,Low,0,,,GBP,returned,2026-09-08,2026-09-08-01-setup,raw/gkp-discover-01-website-build.csv,102
ob_000170,kw_000170,,discover,country,United Kingdom,English,Google Search,2025-08-01,2026-07-31,encoded_band,500,100,1000,-0.9,-0.9,Low,27,5.45,21.87,GBP,returned,2026-09-08,2026-09-08-01-setup,raw/gkp-discover-01-website-build.csv,103
ob_000171,kw_000171,,discover,country,United Kingdom,English,Google Search,2025-08-01,2026-07-31,encoded_band,500,100,1000,0,0,Low,7,4.33,27.38,GBP,returned,2026-09-08,2026-09-08-01-setup,raw/gkp-discover-01-website-build.csv,104
ob_000172,kw_000172,,discover,country,United Kingdom,English,Google Search,2025-08-01,2026-07-31,encoded_band,50,10,100,0,0,Low,20,3.96,89.61,GBP,returned,2026-09-08,2026-09-08-01-setup,raw/gkp-discover-01-website-build.csv,105
ob_000173,kw_000173,,discover,country,United Kingdom,English,Google Search,2025-08-01,2026-07-31,encoded_band,500,100,1000,-0.9,-0.9,Low,24,12.13,71.68,GBP,returned,2026-09-08,2026-09-08-01-setup,raw/gkp-discover-01-website-build.csv,106
ob_000174,kw_000174,,discover,country,United Kingdom,English,Google Search,2025-08-01,2026-07-31,encoded_band,500,100,1000,0,0,Low,8,15.96,27,GBP,returned,2026-09-08,2026-09-08-01-setup,raw/gkp-discover-01-website-build.csv,107
ob_000175,kw_000175,,discover,country,United Kingdom,English,Google Search,2025-08-01,2026-07-31,encoded_band,50,10,100,0,0,Unknown,,,,GBP,returned,2026-09-08,2026-09-08-01-setup,raw/gkp-discover-01-website-build.csv,108
ob_000176,kw_000176,,discover,country,United Kingdom,English,Google Search,2025-08-01,2026-07-31,encoded_band,500,100,1000,0,0,Low,5,,,GBP,returned,2026-09-08,2026-09-08-01-setup,raw/gkp-discover-01-website-build.csv,109
ob_000177,kw_000177,,discover,country,United Kingdom,English,Google Search,2025-08-01,2026-07-31,encoded_band,50,10,100,-1,-1,Unknown,,,,GBP,returned,2026-09-08,2026-09-08-01-setup,raw/gkp-discover-01-website-build.csv,110
ob_000178,kw_000178,,discover,country,United Kingdom,English,Google Search,2025-08-01,2026-07-31,encoded_band,500,100,1000,-0.9,0,Low,4,,,GBP,returned,2026-09-08,2026-09-08-01-setup,raw/gkp-discover-01-website-build.csv,111
ob_000179,kw_000179,,discover,country,United Kingdom,English,Google Search,2025-08-01,2026-07-31,encoded_band,500,100,1000,0,0,Low,8,15.96,27,GBP,returned,2026-09-08,2026-09-08-01-setup,raw/gkp-discover-01-website-build.csv,112
ob_000180,kw_000180,,discover,country,United Kingdom,English,Google Search,2025-08-01,2026-07-31,encoded_band,500,100,1000,0,0,Low,7,4.33,27.38,GBP,returned,2026-09-08,2026-09-08-01-setup,raw/gkp-discover-01-website-build.csv,113
ob_000181,kw_000181,,discover,country,United Kingdom,English,Google Search,2025-08-01,2026-07-31,encoded_band,500,100,1000,-0.9,0,Low,15,6.89,27.17,GBP,returned,2026-09-08,2026-09-08-01-setup,raw/gkp-discover-01-website-build.csv,114
ob_000182,kw_000182,,discover,country,United Kingdom,English,Google Search,2025-08-01,2026-07-31,encoded_band,50,10,100,0,0,Low,2,,,GBP,returned,2026-09-08,2026-09-08-01-setup,raw/gkp-discover-01-website-build.csv,115
ob_000183,kw_000183,,discover,country,United Kingdom,English,Google Search,2025-08-01,2026-07-31,encoded_band,50,10,100,0,0,Medium,34,2.07,7.1,GBP,returned,2026-09-08,2026-09-08-01-setup,raw/gkp-discover-01-website-build.csv,116
ob_000184,kw_000184,,discover,country,United Kingdom,English,Google Search,2025-08-01,2026-07-31,encoded_band,50,10,100,0,0,High,86,,,GBP,returned,2026-09-08,2026-09-08-01-setup,raw/gkp-discover-01-website-build.csv,117
ob_000185,kw_000185,,discover,country,United Kingdom,English,Google Search,2025-08-01,2026-07-31,encoded_band,50,10,100,0,0,Medium,38,,,GBP,returned,2026-09-08,2026-09-08-01-setup,raw/gkp-discover-01-website-build.csv,118
ob_000186,kw_000186,,discover,country,United Kingdom,English,Google Search,2025-08-01,2026-07-31,encoded_band,500,100,1000,0,9,Low,13,5.62,17.27,GBP,returned,2026-09-08,2026-09-08-01-setup,raw/gkp-discover-01-website-build.csv,119
ob_000187,kw_000187,,discover,country,United Kingdom,English,Google Search,2025-08-01,2026-07-31,encoded_band,50,10,100,0,0,Low,19,13.98,33.8,GBP,returned,2026-09-08,2026-09-08-01-setup,raw/gkp-discover-01-website-build.csv,120
ob_000188,kw_000188,,discover,country,United Kingdom,English,Google Search,2025-08-01,2026-07-31,encoded_band,50,10,100,0,0,Medium,43,,,GBP,returned,2026-09-08,2026-09-08-01-setup,raw/gkp-discover-01-website-build.csv,121
ob_000189,kw_000189,,discover,country,United Kingdom,English,Google Search,2025-08-01,2026-07-31,encoded_band,50,10,100,0,0,Low,25,2.03,5.6,GBP,returned,2026-09-08,2026-09-08-01-setup,raw/gkp-discover-01-website-build.csv,122
ob_000190,kw_000190,,discover,country,United Kingdom,English,Google Search,2025-08-01,2026-07-31,encoded_band,500,100,1000,-0.9,-0.9,Medium,46,2.47,20.23,GBP,returned,2026-09-08,2026-09-08-01-setup,raw/gkp-discover-01-website-build.csv,123
ob_000191,kw_000191,,discover,country,United Kingdom,English,Google Search,2025-08-01,2026-07-31,encoded_band,50,10,100,0,0,High,86,,,GBP,returned,2026-09-08,2026-09-08-01-setup,raw/gkp-discover-01-website-build.csv,124
ob_000192,kw_000192,,discover,country,United Kingdom,English,Google Search,2025-08-01,2026-07-31,encoded_band,50,10,100,0,0,Low,16,2.12,5.65,GBP,returned,2026-09-08,2026-09-08-01-setup,raw/gkp-discover-01-website-build.csv,125
ob_000193,kw_000193,,discover,country,United Kingdom,English,Google Search,2025-08-01,2026-07-31,encoded_band,500,100,1000,0,0,Low,24,2.7,6.56,GBP,returned,2026-09-08,2026-09-08-01-setup,raw/gkp-discover-01-website-build.csv,126
ob_000194,kw_000194,,discover,country,United Kingdom,English,Google Search,2025-08-01,2026-07-31,encoded_band,50,10,100,-0.9,0,Low,13,13.61,22.34,GBP,returned,2026-09-08,2026-09-08-01-setup,raw/gkp-discover-01-website-build.csv,127
ob_000195,kw_000195,,discover,country,United Kingdom,English,Google Search,2025-08-01,2026-07-31,encoded_band,500,100,1000,0,-0.9,Low,18,5.68,29.5,GBP,returned,2026-09-08,2026-09-08-01-setup,raw/gkp-discover-01-website-build.csv,128
ob_000196,kw_000196,,discover,country,United Kingdom,English,Google Search,2025-08-01,2026-07-31,encoded_band,50,10,100,0,0,Medium,65,2.48,11.07,GBP,returned,2026-09-08,2026-09-08-01-setup,raw/gkp-discover-01-website-build.csv,129
ob_000197,kw_000197,,discover,country,United Kingdom,English,Google Search,2025-08-01,2026-07-31,encoded_band,50,10,100,0,0,Low,0,,,GBP,returned,2026-09-08,2026-09-08-01-setup,raw/gkp-discover-01-website-build.csv,130
ob_000198,kw_000198,,discover,country,United Kingdom,English,Google Search,2025-08-01,2026-07-31,encoded_band,500,100,1000,-0.9,-0.9,Low,3,,,GBP,returned,2026-09-08,2026-09-08-01-setup,raw/gkp-discover-01-website-build.csv,131
ob_000199,kw_000199,,discover,country,United Kingdom,English,Google Search,2025-08-01,2026-07-31,encoded_band,50,10,100,0,-1,Unknown,,,,GBP,returned,2026-09-08,2026-09-08-01-setup,raw/gkp-discover-01-website-build.csv,132
ob_000200,kw_000200,,discover,country,United Kingdom,English,Google Search,2025-08-01,2026-07-31,encoded_band,50,10,100,0,0,Low,17,,,GBP,returned,2026-09-08,2026-09-08-01-setup,raw/gkp-discover-01-website-build.csv,133
ob_000201,kw_000201,,discover,country,United Kingdom,English,Google Search,2025-08-01,2026-07-31,encoded_band,500,100,1000,0,0,Medium,38,3.05,11.34,GBP,returned,2026-09-08,2026-09-08-01-setup,raw/gkp-discover-01-website-build.csv,134
ob_000202,kw_000202,,discover,country,United Kingdom,English,Google Search,2025-08-01,2026-07-31,encoded_band,50,10,100,0,0,Low,0,,,GBP,returned,2026-09-08,2026-09-08-01-setup,raw/gkp-discover-01-website-build.csv,135
ob_000203,kw_000203,,discover,country,United Kingdom,English,Google Search,2025-08-01,2026-07-31,encoded_band,5000,1000,10000,0,0,Low,33,1.98,8.82,GBP,returned,2026-09-08,2026-09-08-01-setup,raw/gkp-discover-01-website-build.csv,136
ob_000204,kw_000204,,discover,country,United Kingdom,English,Google Search,2025-08-01,2026-07-31,encoded_band,50,10,100,0,0,Low,0,,,GBP,returned,2026-09-08,2026-09-08-01-setup,raw/gkp-discover-01-website-build.csv,137
ob_000205,kw_000205,,discover,country,United Kingdom,English,Google Search,2025-08-01,2026-07-31,encoded_band,50,10,100,-0.9,0,Low,20,,,GBP,returned,2026-09-08,2026-09-08-01-setup,raw/gkp-discover-01-website-build.csv,138
ob_000206,kw_000206,,discover,country,United Kingdom,English,Google Search,2025-08-01,2026-07-31,encoded_band,50,10,100,0,0,Low,0,,,GBP,returned,2026-09-08,2026-09-08-01-setup,raw/gkp-discover-01-website-build.csv,139
ob_000207,kw_000207,,discover,country,United Kingdom,English,Google Search,2025-08-01,2026-07-31,encoded_band,50,10,100,0,0,Low,10,,,GBP,returned,2026-09-08,2026-09-08-01-setup,raw/gkp-discover-01-website-build.csv,140
ob_000208,kw_000208,,discover,country,United Kingdom,English,Google Search,2025-08-01,2026-07-31,encoded_band,50,10,100,0,-1,Unknown,,,,GBP,returned,2026-09-08,2026-09-08-01-setup,raw/gkp-discover-01-website-build.csv,141
ob_000209,kw_000209,,discover,country,United Kingdom,English,Google Search,2025-08-01,2026-07-31,encoded_band,500,100,1000,-0.9,0,Medium,36,4.42,12.53,GBP,returned,2026-09-08,2026-09-08-01-setup,raw/gkp-discover-01-website-build.csv,142
ob_000210,kw_000210,,discover,country,United Kingdom,English,Google Search,2025-08-01,2026-07-31,encoded_band,50,10,100,0,,Low,12,,,GBP,returned,2026-09-08,2026-09-08-01-setup,raw/gkp-discover-01-website-build.csv,143
ob_000211,kw_000211,,discover,country,United Kingdom,English,Google Search,2025-08-01,2026-07-31,encoded_band,50,10,100,0,0,Low,17,,,GBP,returned,2026-09-08,2026-09-08-01-setup,raw/gkp-discover-01-website-build.csv,144
ob_000212,kw_000212,,discover,country,United Kingdom,English,Google Search,2025-08-01,2026-07-31,encoded_band,50,10,100,,0,Low,18,,,GBP,returned,2026-09-08,2026-09-08-01-setup,raw/gkp-discover-01-website-build.csv,145
ob_000213,kw_000213,,discover,country,United Kingdom,English,Google Search,2025-08-01,2026-07-31,encoded_band,50,10,100,0,0,Medium,43,,,GBP,returned,2026-09-08,2026-09-08-01-setup,raw/gkp-discover-01-website-build.csv,146
ob_000214,kw_000214,,discover,country,United Kingdom,English,Google Search,2025-08-01,2026-07-31,encoded_band,50,10,100,0,0,Unknown,,,,GBP,returned,2026-09-08,2026-09-08-01-setup,raw/gkp-discover-01-website-build.csv,147
ob_000215,kw_000215,,discover,country,United Kingdom,English,Google Search,2025-08-01,2026-07-31,encoded_band,50,10,100,0,0,Medium,62,,,GBP,returned,2026-09-08,2026-09-08-01-setup,raw/gkp-discover-01-website-build.csv,148
ob_000216,kw_000216,,discover,country,United Kingdom,English,Google Search,2025-08-01,2026-07-31,encoded_band,50,10,100,0,0,Low,0,,,GBP,returned,2026-09-08,2026-09-08-01-setup,raw/gkp-discover-01-website-build.csv,149
ob_000217,kw_000217,,discover,country,United Kingdom,English,Google Search,2025-08-01,2026-07-31,encoded_band,500,100,1000,-0.9,-0.9,Low,26,2.95,15.69,GBP,returned,2026-09-08,2026-09-08-01-setup,raw/gkp-discover-01-website-build.csv,150
ob_000218,kw_000218,,discover,country,United Kingdom,English,Google Search,2025-08-01,2026-07-31,encoded_band,50,10,100,-0.9,0,Low,13,13.61,22.34,GBP,returned,2026-09-08,2026-09-08-01-setup,raw/gkp-discover-01-website-build.csv,151
ob_000219,kw_000219,,discover,country,United Kingdom,English,Google Search,2025-08-01,2026-07-31,encoded_band,50,10,100,-0.9,0,Low,0,,,GBP,returned,2026-09-08,2026-09-08-01-setup,raw/gkp-discover-01-website-build.csv,152
ob_000220,kw_000220,,discover,country,United Kingdom,English,Google Search,2025-08-01,2026-07-31,encoded_band,500,100,1000,-0.9,-0.9,Low,26,2.95,15.69,GBP,returned,2026-09-08,2026-09-08-01-setup,raw/gkp-discover-01-website-build.csv,153
ob_000221,kw_000221,,discover,country,United Kingdom,English,Google Search,2025-08-01,2026-07-31,encoded_band,500,100,1000,-0.9,-0.9,Medium,36,1.21,6.14,GBP,returned,2026-09-08,2026-09-08-01-setup,raw/gkp-discover-01-website-build.csv,154
ob_000222,kw_000222,,discover,country,United Kingdom,English,Google Search,2025-08-01,2026-07-31,encoded_band,50,10,100,0,0,Unknown,,,,GBP,returned,2026-09-08,2026-09-08-01-setup,raw/gkp-discover-01-website-build.csv,155
ob_000223,kw_000223,,discover,country,United Kingdom,English,Google Search,2025-08-01,2026-07-31,encoded_band,50,10,100,0,0,Low,16,,,GBP,returned,2026-09-08,2026-09-08-01-setup,raw/gkp-discover-01-website-build.csv,156
ob_000224,kw_000224,,discover,country,United Kingdom,English,Google Search,2025-08-01,2026-07-31,encoded_band,50,10,100,-1,-1,Unknown,,,,GBP,returned,2026-09-08,2026-09-08-01-setup,raw/gkp-discover-01-website-build.csv,157
ob_000225,kw_000225,,discover,country,United Kingdom,English,Google Search,2025-08-01,2026-07-31,encoded_band,500,100,1000,-0.9,0,Low,21,10.76,25.11,GBP,returned,2026-09-08,2026-09-08-01-setup,raw/gkp-discover-01-website-build.csv,158
ob_000226,kw_000226,,discover,country,United Kingdom,English,Google Search,2025-08-01,2026-07-31,encoded_band,50,10,100,0,0,Low,0,,,GBP,returned,2026-09-08,2026-09-08-01-setup,raw/gkp-discover-01-website-build.csv,159
ob_000227,kw_000227,,discover,country,United Kingdom,English,Google Search,2025-08-01,2026-07-31,encoded_band,500,100,1000,-0.9,-0.9,Low,26,2.95,15.69,GBP,returned,2026-09-08,2026-09-08-01-setup,raw/gkp-discover-01-website-build.csv,160
ob_000228,kw_000228,,discover,country,United Kingdom,English,Google Search,2025-08-01,2026-07-31,encoded_band,500,100,1000,-0.9,-0.9,Low,10,3.42,8.9,GBP,returned,2026-09-08,2026-09-08-01-setup,raw/gkp-discover-01-website-build.csv,161
ob_000229,kw_000229,,discover,country,United Kingdom,English,Google Search,2025-08-01,2026-07-31,encoded_band,50,10,100,,0,High,86,,,GBP,returned,2026-09-08,2026-09-08-01-setup,raw/gkp-discover-01-website-build.csv,162
ob_000230,kw_000230,,discover,country,United Kingdom,English,Google Search,2025-08-01,2026-07-31,encoded_band,500,100,1000,-0.9,-0.9,Low,6,2.47,8.27,GBP,returned,2026-09-08,2026-09-08-01-setup,raw/gkp-discover-01-website-build.csv,163
ob_000231,kw_000231,,discover,country,United Kingdom,English,Google Search,2025-08-01,2026-07-31,encoded_band,50,10,100,-1,-1,Unknown,,,,GBP,returned,2026-09-08,2026-09-08-01-setup,raw/gkp-discover-01-website-build.csv,164
ob_000232,kw_000232,,discover,country,United Kingdom,English,Google Search,2025-08-01,2026-07-31,encoded_band,50,10,100,0,0,Unknown,,,,GBP,returned,2026-09-08,2026-09-08-01-setup,raw/gkp-discover-01-website-build.csv,165
ob_000233,kw_000233,,discover,country,United Kingdom,English,Google Search,2025-08-01,2026-07-31,encoded_band,0,0,0,0,0,Unknown,,,,GBP,zero,2026-09-08,2026-09-08-01-setup,raw/gkp-discover-01-website-build.csv,166
ob_000234,kw_000234,,discover,country,United Kingdom,English,Google Search,2025-08-01,2026-07-31,encoded_band,500,100,1000,-0.9,-0.9,Low,9,6.27,20.7,GBP,returned,2026-09-08,2026-09-08-01-setup,raw/gkp-discover-01-website-build.csv,167
ob_000235,kw_000235,,discover,country,United Kingdom,English,Google Search,2025-08-01,2026-07-31,encoded_band,50,10,100,0,0,High,86,,,GBP,returned,2026-09-08,2026-09-08-01-setup,raw/gkp-discover-01-website-build.csv,168
ob_000236,kw_000236,,discover,country,United Kingdom,English,Google Search,2025-08-01,2026-07-31,encoded_band,50,10,100,,0,Low,0,,,GBP,returned,2026-09-08,2026-09-08-01-setup,raw/gkp-discover-01-website-build.csv,169
ob_000237,kw_000237,,discover,country,United Kingdom,English,Google Search,2025-08-01,2026-07-31,encoded_band,50,10,100,0,0,Medium,48,4.57,14.93,GBP,returned,2026-09-08,2026-09-08-01-setup,raw/gkp-discover-01-website-build.csv,170
ob_000238,kw_000238,,discover,country,United Kingdom,English,Google Search,2025-08-01,2026-07-31,encoded_band,50,10,100,0,0,Low,19,,,GBP,returned,2026-09-08,2026-09-08-01-setup,raw/gkp-discover-01-website-build.csv,171
ob_000239,kw_000239,,discover,country,United Kingdom,English,Google Search,2025-08-01,2026-07-31,encoded_band,50,10,100,,0,High,86,,,GBP,returned,2026-09-08,2026-09-08-01-setup,raw/gkp-discover-01-website-build.csv,172
ob_000240,kw_000240,,discover,country,United Kingdom,English,Google Search,2025-08-01,2026-07-31,encoded_band,50,10,100,0,0,Low,0,,,GBP,returned,2026-09-08,2026-09-08-01-setup,raw/gkp-discover-01-website-build.csv,173
ob_000241,kw_000241,,discover,country,United Kingdom,English,Google Search,2025-08-01,2026-07-31,encoded_band,50,10,100,0,0,Low,19,,,GBP,returned,2026-09-08,2026-09-08-01-setup,raw/gkp-discover-01-website-build.csv,174
ob_000242,kw_000242,,discover,country,United Kingdom,English,Google Search,2025-08-01,2026-07-31,encoded_band,50,10,100,,,High,71,,,GBP,returned,2026-09-08,2026-09-08-01-setup,raw/gkp-discover-01-website-build.csv,175
ob_000243,kw_000243,,discover,country,United Kingdom,English,Google Search,2025-08-01,2026-07-31,encoded_band,500,100,1000,0,0,Low,17,2.04,5.82,GBP,returned,2026-09-08,2026-09-08-01-setup,raw/gkp-discover-01-website-build.csv,176
ob_000244,kw_000244,,discover,country,United Kingdom,English,Google Search,2025-08-01,2026-07-31,encoded_band,500,100,1000,-0.9,0,Low,15,6.89,27.17,GBP,returned,2026-09-08,2026-09-08-01-setup,raw/gkp-discover-01-website-build.csv,177
ob_000245,kw_000245,,discover,country,United Kingdom,English,Google Search,2025-08-01,2026-07-31,encoded_band,5000,1000,10000,0,0,Low,32,7.35,28.64,GBP,returned,2026-09-08,2026-09-08-01-setup,raw/gkp-discover-01-website-build.csv,178
ob_000246,kw_000246,,discover,country,United Kingdom,English,Google Search,2025-08-01,2026-07-31,encoded_band,50,10,100,,,Medium,50,,,GBP,returned,2026-09-08,2026-09-08-01-setup,raw/gkp-discover-01-website-build.csv,179
ob_000247,kw_000247,,discover,country,United Kingdom,English,Google Search,2025-08-01,2026-07-31,encoded_band,50,10,100,0,-1,Unknown,,,,GBP,returned,2026-09-08,2026-09-08-01-setup,raw/gkp-discover-01-website-build.csv,180
ob_000248,kw_000248,,discover,country,United Kingdom,English,Google Search,2025-08-01,2026-07-31,encoded_band,50,10,100,-1,-1,Unknown,,,,GBP,returned,2026-09-08,2026-09-08-01-setup,raw/gkp-discover-01-website-build.csv,181
ob_000249,kw_000249,,discover,country,United Kingdom,English,Google Search,2025-08-01,2026-07-31,encoded_band,50,10,100,-1,-1,Unknown,,,,GBP,returned,2026-09-08,2026-09-08-01-setup,raw/gkp-discover-01-website-build.csv,182
ob_000250,kw_000250,,discover,country,United Kingdom,English,Google Search,2025-08-01,2026-07-31,encoded_band,500,100,1000,0,0,Low,19,3.23,22.79,GBP,returned,2026-09-08,2026-09-08-01-setup,raw/gkp-discover-01-website-build.csv,183
ob_000251,kw_000251,,discover,country,United Kingdom,English,Google Search,2025-08-01,2026-07-31,encoded_band,50,10,100,0,0,Medium,43,,,GBP,returned,2026-09-08,2026-09-08-01-setup,raw/gkp-discover-01-website-build.csv,184
ob_000252,kw_000252,,discover,country,United Kingdom,English,Google Search,2025-08-01,2026-07-31,encoded_band,500,100,1000,0,0,Low,24,2.7,6.56,GBP,returned,2026-09-08,2026-09-08-01-setup,raw/gkp-discover-01-website-build.csv,185
ob_000253,kw_000253,,discover,country,United Kingdom,English,Google Search,2025-08-01,2026-07-31,encoded_band,50,10,100,0,0,High,95,9.24,12.9,GBP,returned,2026-09-08,2026-09-08-01-setup,raw/gkp-discover-01-website-build.csv,186
ob_000254,kw_000254,,discover,country,United Kingdom,English,Google Search,2025-08-01,2026-07-31,encoded_band,500,100,1000,0,0,Low,24,2.7,6.56,GBP,returned,2026-09-08,2026-09-08-01-setup,raw/gkp-discover-01-website-build.csv,187
ob_000255,kw_000255,,discover,country,United Kingdom,English,Google Search,2025-08-01,2026-07-31,encoded_band,50,10,100,,0,Low,19,1.95,5.44,GBP,returned,2026-09-08,2026-09-08-01-setup,raw/gkp-discover-01-website-build.csv,188
ob_000256,kw_000256,,discover,country,United Kingdom,English,Google Search,2025-08-01,2026-07-31,encoded_band,500,100,1000,0,0,Low,32,3.66,9.45,GBP,returned,2026-09-08,2026-09-08-01-setup,raw/gkp-discover-01-website-build.csv,189
ob_000257,kw_000257,,discover,country,United Kingdom,English,Google Search,2025-08-01,2026-07-31,encoded_band,50,10,100,-1,0,Unknown,,,,GBP,returned,2026-09-08,2026-09-08-01-setup,raw/gkp-discover-01-website-build.csv,190
ob_000258,kw_000258,,discover,country,United Kingdom,English,Google Search,2025-08-01,2026-07-31,encoded_band,50,10,100,0,,Medium,43,,,GBP,returned,2026-09-08,2026-09-08-01-setup,raw/gkp-discover-01-website-build.csv,191
ob_000259,kw_000259,,discover,country,United Kingdom,English,Google Search,2025-08-01,2026-07-31,encoded_band,50,10,100,-0.9,0,Low,21,,,GBP,returned,2026-09-08,2026-09-08-01-setup,raw/gkp-discover-01-website-build.csv,192
ob_000260,kw_000260,,discover,country,United Kingdom,English,Google Search,2025-08-01,2026-07-31,encoded_band,50,10,100,0,0,Unknown,,,,GBP,returned,2026-09-08,2026-09-08-01-setup,raw/gkp-discover-01-website-build.csv,193
ob_000261,kw_000261,,discover,country,United Kingdom,English,Google Search,2025-08-01,2026-07-31,encoded_band,50,10,100,,0,Low,0,,,GBP,returned,2026-09-08,2026-09-08-01-setup,raw/gkp-discover-01-website-build.csv,194
ob_000262,kw_000262,,discover,country,United Kingdom,English,Google Search,2025-08-01,2026-07-31,encoded_band,50,10,100,0,-1,Unknown,,,,GBP,returned,2026-09-08,2026-09-08-01-setup,raw/gkp-discover-01-website-build.csv,195
ob_000263,kw_000263,,discover,country,United Kingdom,English,Google Search,2025-08-01,2026-07-31,encoded_band,50,10,100,0,0,Low,29,,,GBP,returned,2026-09-08,2026-09-08-01-setup,raw/gkp-discover-01-website-build.csv,196
ob_000264,kw_000264,,discover,country,United Kingdom,English,Google Search,2025-08-01,2026-07-31,encoded_band,50,10,100,0,0,Medium,35,10.79,37.01,GBP,returned,2026-09-08,2026-09-08-01-setup,raw/gkp-discover-01-website-build.csv,197
ob_000265,kw_000265,,discover,country,United Kingdom,English,Google Search,2025-08-01,2026-07-31,encoded_band,50,10,100,-0.9,-0.9,Medium,40,1.99,5.82,GBP,returned,2026-09-08,2026-09-08-01-setup,raw/gkp-discover-01-website-build.csv,198
ob_000266,kw_000266,,discover,country,United Kingdom,English,Google Search,2025-08-01,2026-07-31,encoded_band,50,10,100,0,0,High,100,,,GBP,returned,2026-09-08,2026-09-08-01-setup,raw/gkp-discover-01-website-build.csv,199
ob_000267,kw_000267,,discover,country,United Kingdom,English,Google Search,2025-08-01,2026-07-31,encoded_band,50,10,100,0,0,Low,17,,,GBP,returned,2026-09-08,2026-09-08-01-setup,raw/gkp-discover-01-website-build.csv,200
ob_000268,kw_000268,,discover,country,United Kingdom,English,Google Search,2025-08-01,2026-07-31,encoded_band,50,10,100,0,,Medium,57,,,GBP,returned,2026-09-08,2026-09-08-01-setup,raw/gkp-discover-01-website-build.csv,201
ob_000269,kw_000269,,discover,country,United Kingdom,English,Google Search,2025-08-01,2026-07-31,encoded_band,50,10,100,-1,-1,Unknown,,,,GBP,returned,2026-09-08,2026-09-08-01-setup,raw/gkp-discover-01-website-build.csv,202
ob_000270,kw_000270,,discover,country,United Kingdom,English,Google Search,2025-08-01,2026-07-31,encoded_band,500,100,1000,-0.9,0,Low,9,2.61,9.93,GBP,returned,2026-09-08,2026-09-08-01-setup,raw/gkp-discover-01-website-build.csv,203
ob_000271,kw_000271,,discover,country,United Kingdom,English,Google Search,2025-08-01,2026-07-31,encoded_band,0,0,0,0,-1,Unknown,,,,GBP,zero,2026-09-08,2026-09-08-01-setup,raw/gkp-discover-01-website-build.csv,204
ob_000272,kw_000272,,discover,country,United Kingdom,English,Google Search,2025-08-01,2026-07-31,encoded_band,500,100,1000,-0.9,-0.9,Low,24,2.45,7.88,GBP,returned,2026-09-08,2026-09-08-01-setup,raw/gkp-discover-01-website-build.csv,205
ob_000273,kw_000273,,discover,country,United Kingdom,English,Google Search,2025-08-01,2026-07-31,encoded_band,50,10,100,0,0,Medium,46,3.25,12.47,GBP,returned,2026-09-08,2026-09-08-01-setup,raw/gkp-discover-01-website-build.csv,206
ob_000274,kw_000274,,discover,country,United Kingdom,English,Google Search,2025-08-01,2026-07-31,encoded_band,50,10,100,0,0,Medium,34,2.07,7.1,GBP,returned,2026-09-08,2026-09-08-01-setup,raw/gkp-discover-01-website-build.csv,207
ob_000275,kw_000275,,discover,country,United Kingdom,English,Google Search,2025-08-01,2026-07-31,encoded_band,0,0,0,0,0,Unknown,,,,GBP,zero,2026-09-08,2026-09-08-01-setup,raw/gkp-discover-01-website-build.csv,208
ob_000276,kw_000276,,discover,country,United Kingdom,English,Google Search,2025-08-01,2026-07-31,encoded_band,50,10,100,0,-1,Unknown,,,,GBP,returned,2026-09-08,2026-09-08-01-setup,raw/gkp-discover-01-website-build.csv,209
ob_000277,kw_000277,,discover,country,United Kingdom,English,Google Search,2025-08-01,2026-07-31,encoded_band,500,100,1000,-0.9,0,Low,20,1.48,15.81,GBP,returned,2026-09-08,2026-09-08-01-setup,raw/gkp-discover-01-website-build.csv,210
ob_000278,kw_000278,,discover,country,United Kingdom,English,Google Search,2025-08-01,2026-07-31,encoded_band,50,10,100,-0.9,0,Low,10,4.81,7.87,GBP,returned,2026-09-08,2026-09-08-01-setup,raw/gkp-discover-01-website-build.csv,211
ob_000279,kw_000279,,discover,country,United Kingdom,English,Google Search,2025-08-01,2026-07-31,encoded_band,50,10,100,0,0,Low,4,,,GBP,returned,2026-09-08,2026-09-08-01-setup,raw/gkp-discover-01-website-build.csv,212
ob_000280,kw_000280,,discover,country,United Kingdom,English,Google Search,2025-08-01,2026-07-31,encoded_band,500,100,1000,0,0,Medium,38,3.05,11.34,GBP,returned,2026-09-08,2026-09-08-01-setup,raw/gkp-discover-01-website-build.csv,213
ob_000281,kw_000281,,discover,country,United Kingdom,English,Google Search,2025-08-01,2026-07-31,encoded_band,50,10,100,-1,-1,Unknown,,,,GBP,returned,2026-09-08,2026-09-08-01-setup,raw/gkp-discover-01-website-build.csv,214
ob_000282,kw_000282,,discover,country,United Kingdom,English,Google Search,2025-08-01,2026-07-31,encoded_band,50,10,100,-1,0,Unknown,,,,GBP,returned,2026-09-08,2026-09-08-01-setup,raw/gkp-discover-01-website-build.csv,215
ob_000283,kw_000283,,discover,country,United Kingdom,English,Google Search,2025-08-01,2026-07-31,encoded_band,500,100,1000,0,0,Low,17,3.24,15.38,GBP,returned,2026-09-08,2026-09-08-01-setup,raw/gkp-discover-01-website-build.csv,216
ob_000284,kw_000284,,discover,country,United Kingdom,English,Google Search,2025-08-01,2026-07-31,encoded_band,50,10,100,0,0,Unknown,,,,GBP,returned,2026-09-08,2026-09-08-01-setup,raw/gkp-discover-01-website-build.csv,217
ob_000285,kw_000285,,discover,country,United Kingdom,English,Google Search,2025-08-01,2026-07-31,encoded_band,50,10,100,-1,-1,Unknown,,,,GBP,returned,2026-09-08,2026-09-08-01-setup,raw/gkp-discover-01-website-build.csv,218
ob_000286,kw_000286,,discover,country,United Kingdom,English,Google Search,2025-08-01,2026-07-31,encoded_band,50,10,100,-1,-1,Unknown,,,,GBP,returned,2026-09-08,2026-09-08-01-setup,raw/gkp-discover-01-website-build.csv,219
ob_000287,kw_000287,,discover,country,United Kingdom,English,Google Search,2025-08-01,2026-07-31,encoded_band,500,100,1000,0,0,Low,21,3.06,13.87,GBP,returned,2026-09-08,2026-09-08-01-setup,raw/gkp-discover-01-website-build.csv,220
ob_000288,kw_000288,,discover,country,United Kingdom,English,Google Search,2025-08-01,2026-07-31,encoded_band,50,10,100,-1,0,Unknown,,,,GBP,returned,2026-09-08,2026-09-08-01-setup,raw/gkp-discover-01-website-build.csv,221
ob_000289,kw_000289,,discover,country,United Kingdom,English,Google Search,2025-08-01,2026-07-31,encoded_band,50,10,100,-1,-1,Unknown,,,,GBP,returned,2026-09-08,2026-09-08-01-setup,raw/gkp-discover-01-website-build.csv,222
ob_000290,kw_000290,,discover,country,United Kingdom,English,Google Search,2025-08-01,2026-07-31,encoded_band,50,10,100,-1,-1,Unknown,,,,GBP,returned,2026-09-08,2026-09-08-01-setup,raw/gkp-discover-01-website-build.csv,223
ob_000291,kw_000291,,discover,country,United Kingdom,English,Google Search,2025-08-01,2026-07-31,encoded_band,500,100,1000,-0.9,-0.9,Low,30,8.99,29.24,GBP,returned,2026-09-08,2026-09-08-01-setup,raw/gkp-discover-01-website-build.csv,224
ob_000292,kw_000292,,discover,country,United Kingdom,English,Google Search,2025-08-01,2026-07-31,encoded_band,50,10,100,,0,Low,5,,,GBP,returned,2026-09-08,2026-09-08-01-setup,raw/gkp-discover-01-website-build.csv,225
ob_000293,kw_000293,,discover,country,United Kingdom,English,Google Search,2025-08-01,2026-07-31,encoded_band,50,10,100,0,0,Medium,43,,,GBP,returned,2026-09-08,2026-09-08-01-setup,raw/gkp-discover-01-website-build.csv,226
ob_000294,kw_000294,,discover,country,United Kingdom,English,Google Search,2025-08-01,2026-07-31,encoded_band,50,10,100,,0,Low,0,,,GBP,returned,2026-09-08,2026-09-08-01-setup,raw/gkp-discover-01-website-build.csv,227
ob_000295,kw_000295,,discover,country,United Kingdom,English,Google Search,2025-08-01,2026-07-31,encoded_band,50,10,100,0,,High,93,,,GBP,returned,2026-09-08,2026-09-08-01-setup,raw/gkp-discover-01-website-build.csv,228
ob_000296,kw_000296,,discover,country,United Kingdom,English,Google Search,2025-08-01,2026-07-31,encoded_band,500,100,1000,-0.9,-0.9,Low,27,3.45,10.89,GBP,returned,2026-09-08,2026-09-08-01-setup,raw/gkp-discover-01-website-build.csv,229
ob_000297,kw_000297,,discover,country,United Kingdom,English,Google Search,2025-08-01,2026-07-31,encoded_band,50,10,100,-1,0,Unknown,,,,GBP,returned,2026-09-08,2026-09-08-01-setup,raw/gkp-discover-01-website-build.csv,230
ob_000298,kw_000298,,discover,country,United Kingdom,English,Google Search,2025-08-01,2026-07-31,encoded_band,50,10,100,-1,-1,Unknown,,,,GBP,returned,2026-09-08,2026-09-08-01-setup,raw/gkp-discover-01-website-build.csv,231
ob_000299,kw_000299,,discover,country,United Kingdom,English,Google Search,2025-08-01,2026-07-31,encoded_band,50,10,100,0,0,High,71,,,GBP,returned,2026-09-08,2026-09-08-01-setup,raw/gkp-discover-01-website-build.csv,232
ob_000300,kw_000300,,discover,country,United Kingdom,English,Google Search,2025-08-01,2026-07-31,encoded_band,50,10,100,,,High,86,,,GBP,returned,2026-09-08,2026-09-08-01-setup,raw/gkp-discover-01-website-build.csv,233
ob_000301,kw_000301,,discover,country,United Kingdom,English,Google Search,2025-08-01,2026-07-31,encoded_band,500,100,1000,0,9,Low,17,4.37,18.86,GBP,returned,2026-09-08,2026-09-08-01-setup,raw/gkp-discover-01-website-build.csv,234
ob_000302,kw_000302,,discover,country,United Kingdom,English,Google Search,2025-08-01,2026-07-31,encoded_band,50,10,100,0,,Medium,43,,,GBP,returned,2026-09-08,2026-09-08-01-setup,raw/gkp-discover-01-website-build.csv,235
ob_000303,kw_000303,,discover,country,United Kingdom,English,Google Search,2025-08-01,2026-07-31,encoded_band,500,100,1000,0,0,Medium,38,3.05,11.34,GBP,returned,2026-09-08,2026-09-08-01-setup,raw/gkp-discover-01-website-build.csv,236
ob_000304,kw_000304,,discover,country,United Kingdom,English,Google Search,2025-08-01,2026-07-31,encoded_band,500,100,1000,0,0,Low,7,4.33,27.38,GBP,returned,2026-09-08,2026-09-08-01-setup,raw/gkp-discover-01-website-build.csv,237
ob_000305,kw_000305,,discover,country,United Kingdom,English,Google Search,2025-08-01,2026-07-31,encoded_band,50,10,100,0,0,Low,0,,,GBP,returned,2026-09-08,2026-09-08-01-setup,raw/gkp-discover-01-website-build.csv,238
ob_000306,kw_000306,,discover,country,United Kingdom,English,Google Search,2025-08-01,2026-07-31,encoded_band,0,0,0,0,0,Unknown,,,,GBP,zero,2026-09-08,2026-09-08-01-setup,raw/gkp-discover-01-website-build.csv,239
ob_000307,kw_000307,,discover,country,United Kingdom,English,Google Search,2025-08-01,2026-07-31,encoded_band,500,100,1000,-0.9,-0.9,Low,10,3.42,8.9,GBP,returned,2026-09-08,2026-09-08-01-setup,raw/gkp-discover-01-website-build.csv,240
ob_000308,kw_000308,,discover,country,United Kingdom,English,Google Search,2025-08-01,2026-07-31,encoded_band,50,10,100,0,0,Medium,61,,,GBP,returned,2026-09-08,2026-09-08-01-setup,raw/gkp-discover-01-website-build.csv,241
ob_000309,kw_000309,,discover,country,United Kingdom,English,Google Search,2025-08-01,2026-07-31,encoded_band,50,10,100,0,0,Low,0,,,GBP,returned,2026-09-08,2026-09-08-01-setup,raw/gkp-discover-01-website-build.csv,242
ob_000310,kw_000310,,discover,country,United Kingdom,English,Google Search,2025-08-01,2026-07-31,encoded_band,50,10,100,-1,-1,Unknown,,,,GBP,returned,2026-09-08,2026-09-08-01-setup,raw/gkp-discover-01-website-build.csv,243
ob_000311,kw_000311,,discover,country,United Kingdom,English,Google Search,2025-08-01,2026-07-31,encoded_band,50,10,100,,,Low,13,,,GBP,returned,2026-09-08,2026-09-08-01-setup,raw/gkp-discover-01-website-build.csv,244
ob_000312,kw_000312,,discover,country,United Kingdom,English,Google Search,2025-08-01,2026-07-31,encoded_band,50,10,100,0,-0.9,Low,6,,,GBP,returned,2026-09-08,2026-09-08-01-setup,raw/gkp-discover-01-website-build.csv,245
ob_000313,kw_000313,,discover,country,United Kingdom,English,Google Search,2025-08-01,2026-07-31,encoded_band,50,10,100,0,0,Low,14,,,GBP,returned,2026-09-08,2026-09-08-01-setup,raw/gkp-discover-01-website-build.csv,246
ob_000314,kw_000314,,discover,country,United Kingdom,English,Google Search,2025-08-01,2026-07-31,encoded_band,50,10,100,0,0,Unknown,,,,GBP,returned,2026-09-08,2026-09-08-01-setup,raw/gkp-discover-01-website-build.csv,247
ob_000315,kw_000315,,discover,country,United Kingdom,English,Google Search,2025-08-01,2026-07-31,encoded_band,500,100,1000,-0.9,-0.9,Low,22,3.02,21.07,GBP,returned,2026-09-08,2026-09-08-01-setup,raw/gkp-discover-01-website-build.csv,248
ob_000316,kw_000316,,discover,country,United Kingdom,English,Google Search,2025-08-01,2026-07-31,encoded_band,50,10,100,0,0,Low,0,,,GBP,returned,2026-09-08,2026-09-08-01-setup,raw/gkp-discover-01-website-build.csv,249
ob_000317,kw_000317,,discover,country,United Kingdom,English,Google Search,2025-08-01,2026-07-31,encoded_band,50,10,100,0,0,Low,21,,,GBP,returned,2026-09-08,2026-09-08-01-setup,raw/gkp-discover-01-website-build.csv,250
ob_000318,kw_000318,,discover,country,United Kingdom,English,Google Search,2025-08-01,2026-07-31,encoded_band,50,10,100,0,0,Medium,43,,,GBP,returned,2026-09-08,2026-09-08-01-setup,raw/gkp-discover-01-website-build.csv,251
ob_000319,kw_000319,,discover,country,United Kingdom,English,Google Search,2025-08-01,2026-07-31,encoded_band,50,10,100,-1,0,Unknown,,,,GBP,returned,2026-09-08,2026-09-08-01-setup,raw/gkp-discover-01-website-build.csv,252
ob_000320,kw_000320,,discover,country,United Kingdom,English,Google Search,2025-08-01,2026-07-31,encoded_band,500,100,1000,0,0,Low,9,4.45,14.31,GBP,returned,2026-09-08,2026-09-08-01-setup,raw/gkp-discover-01-website-build.csv,253
ob_000321,kw_000321,,discover,country,United Kingdom,English,Google Search,2025-08-01,2026-07-31,encoded_band,50,10,100,0,0,Low,0,,,GBP,returned,2026-09-08,2026-09-08-01-setup,raw/gkp-discover-01-website-build.csv,254
ob_000322,kw_000322,,discover,country,United Kingdom,English,Google Search,2025-08-01,2026-07-31,encoded_band,50,10,100,0,0,High,86,,,GBP,returned,2026-09-08,2026-09-08-01-setup,raw/gkp-discover-01-website-build.csv,255
ob_000323,kw_000323,,discover,country,United Kingdom,English,Google Search,2025-08-01,2026-07-31,encoded_band,50,10,100,0,0,Unknown,,,,GBP,returned,2026-09-08,2026-09-08-01-setup,raw/gkp-discover-01-website-build.csv,256
ob_000324,kw_000324,,discover,country,United Kingdom,English,Google Search,2025-08-01,2026-07-31,encoded_band,50,10,100,0,0,Unknown,,,,GBP,returned,2026-09-08,2026-09-08-01-setup,raw/gkp-discover-01-website-build.csv,257
ob_000325,kw_000325,,discover,country,United Kingdom,English,Google Search,2025-08-01,2026-07-31,encoded_band,50,10,100,-1,-1,Unknown,,,,GBP,returned,2026-09-08,2026-09-08-01-setup,raw/gkp-discover-01-website-build.csv,258
ob_000326,kw_000326,,discover,country,United Kingdom,English,Google Search,2025-08-01,2026-07-31,encoded_band,0,0,0,0,-1,Unknown,,,,GBP,zero,2026-09-08,2026-09-08-01-setup,raw/gkp-discover-01-website-build.csv,259
ob_000327,kw_000327,,discover,country,United Kingdom,English,Google Search,2025-08-01,2026-07-31,encoded_band,50,10,100,-1,-1,Unknown,,,,GBP,returned,2026-09-08,2026-09-08-01-setup,raw/gkp-discover-01-website-build.csv,260
ob_000328,kw_000328,,discover,country,United Kingdom,English,Google Search,2025-08-01,2026-07-31,encoded_band,50,10,100,0,,Low,0,,,GBP,returned,2026-09-08,2026-09-08-01-setup,raw/gkp-discover-01-website-build.csv,261
ob_000329,kw_000329,,discover,country,United Kingdom,English,Google Search,2025-08-01,2026-07-31,encoded_band,0,0,0,0,0,Unknown,,,,GBP,zero,2026-09-08,2026-09-08-01-setup,raw/gkp-discover-01-website-build.csv,262
ob_000330,kw_000330,,discover,country,United Kingdom,English,Google Search,2025-08-01,2026-07-31,encoded_band,50,10,100,0,-1,Unknown,,,,GBP,returned,2026-09-08,2026-09-08-01-setup,raw/gkp-discover-01-website-build.csv,263
ob_000331,kw_000331,,discover,country,United Kingdom,English,Google Search,2025-08-01,2026-07-31,encoded_band,50,10,100,0,0,Low,21,,,GBP,returned,2026-09-08,2026-09-08-01-setup,raw/gkp-discover-01-website-build.csv,264
ob_000332,kw_000332,,discover,country,United Kingdom,English,Google Search,2025-08-01,2026-07-31,encoded_band,50,10,100,0,0,Low,21,,,GBP,returned,2026-09-08,2026-09-08-01-setup,raw/gkp-discover-01-website-build.csv,265
ob_000333,kw_000333,,discover,country,United Kingdom,English,Google Search,2025-08-01,2026-07-31,encoded_band,50,10,100,-1,-1,Unknown,,,,GBP,returned,2026-09-08,2026-09-08-01-setup,raw/gkp-discover-01-website-build.csv,266
ob_000334,kw_000334,,discover,country,United Kingdom,English,Google Search,2025-08-01,2026-07-31,encoded_band,50,10,100,-0.9,0,Low,22,2.47,8.85,GBP,returned,2026-09-08,2026-09-08-01-setup,raw/gkp-discover-01-website-build.csv,267
ob_000335,kw_000335,,discover,country,United Kingdom,English,Google Search,2025-08-01,2026-07-31,encoded_band,50,10,100,0,0,Low,0,,,GBP,returned,2026-09-08,2026-09-08-01-setup,raw/gkp-discover-01-website-build.csv,268
ob_000336,kw_000336,,discover,country,United Kingdom,English,Google Search,2025-08-01,2026-07-31,encoded_band,50,10,100,0,0,Low,0,,,GBP,returned,2026-09-08,2026-09-08-01-setup,raw/gkp-discover-01-website-build.csv,269
ob_000337,kw_000337,,discover,country,United Kingdom,English,Google Search,2025-08-01,2026-07-31,encoded_band,50,10,100,0,-1,Unknown,,,,GBP,returned,2026-09-08,2026-09-08-01-setup,raw/gkp-discover-01-website-build.csv,270
ob_000338,kw_000338,,discover,country,United Kingdom,English,Google Search,2025-08-01,2026-07-31,encoded_band,50,10,100,0,0,Low,0,,,GBP,returned,2026-09-08,2026-09-08-01-setup,raw/gkp-discover-01-website-build.csv,271
ob_000339,kw_000339,,discover,country,United Kingdom,English,Google Search,2025-08-01,2026-07-31,encoded_band,50,10,100,-1,-1,Unknown,,,,GBP,returned,2026-09-08,2026-09-08-01-setup,raw/gkp-discover-01-website-build.csv,272
ob_000340,kw_000340,,discover,country,United Kingdom,English,Google Search,2025-08-01,2026-07-31,encoded_band,50,10,100,0,0,Unknown,,,,GBP,returned,2026-09-08,2026-09-08-01-setup,raw/gkp-discover-01-website-build.csv,273
ob_000341,kw_000341,,discover,country,United Kingdom,English,Google Search,2025-08-01,2026-07-31,encoded_band,50,10,100,,0,Low,0,,,GBP,returned,2026-09-08,2026-09-08-01-setup,raw/gkp-discover-01-website-build.csv,274
ob_000342,kw_000342,,discover,country,United Kingdom,English,Google Search,2025-08-01,2026-07-31,encoded_band,0,0,0,0,0,Unknown,,,,GBP,zero,2026-09-08,2026-09-08-01-setup,raw/gkp-discover-01-website-build.csv,275
ob_000343,kw_000343,,discover,country,United Kingdom,English,Google Search,2025-08-01,2026-07-31,encoded_band,50,10,100,-1,-1,Unknown,,,,GBP,returned,2026-09-08,2026-09-08-01-setup,raw/gkp-discover-01-website-build.csv,276
ob_000344,kw_000344,,discover,country,United Kingdom,English,Google Search,2025-08-01,2026-07-31,encoded_band,50,10,100,0,0,Low,7,,,GBP,returned,2026-09-08,2026-09-08-01-setup,raw/gkp-discover-01-website-build.csv,277
ob_000345,kw_000345,,discover,country,United Kingdom,English,Google Search,2025-08-01,2026-07-31,encoded_band,50,10,100,0,0,Low,11,,,GBP,returned,2026-09-08,2026-09-08-01-setup,raw/gkp-discover-01-website-build.csv,278
ob_000346,kw_000346,,discover,country,United Kingdom,English,Google Search,2025-08-01,2026-07-31,encoded_band,50,10,100,-0.9,0,Low,20,,,GBP,returned,2026-09-08,2026-09-08-01-setup,raw/gkp-discover-01-website-build.csv,279
ob_000347,kw_000347,,discover,country,United Kingdom,English,Google Search,2025-08-01,2026-07-31,encoded_band,50,10,100,0,0,Unknown,,,,GBP,returned,2026-09-08,2026-09-08-01-setup,raw/gkp-discover-01-website-build.csv,280
ob_000348,kw_000348,,discover,country,United Kingdom,English,Google Search,2025-08-01,2026-07-31,encoded_band,0,0,0,0,0,Unknown,,,,GBP,zero,2026-09-08,2026-09-08-01-setup,raw/gkp-discover-01-website-build.csv,281
ob_000349,kw_000349,,discover,country,United Kingdom,English,Google Search,2025-08-01,2026-07-31,encoded_band,50,10,100,-1,-1,Unknown,,,,GBP,returned,2026-09-08,2026-09-08-01-setup,raw/gkp-discover-01-website-build.csv,282
ob_000350,kw_000350,,discover,country,United Kingdom,English,Google Search,2025-08-01,2026-07-31,encoded_band,50,10,100,0,0,Low,0,,,GBP,returned,2026-09-08,2026-09-08-01-setup,raw/gkp-discover-01-website-build.csv,283
ob_000351,kw_000351,,discover,country,United Kingdom,English,Google Search,2025-08-01,2026-07-31,encoded_band,500,100,1000,-0.9,-0.9,Low,27,3.45,10.89,GBP,returned,2026-09-08,2026-09-08-01-setup,raw/gkp-discover-01-website-build.csv,284
ob_000352,kw_000352,,discover,country,United Kingdom,English,Google Search,2025-08-01,2026-07-31,encoded_band,50,10,100,0,,Low,0,,,GBP,returned,2026-09-08,2026-09-08-01-setup,raw/gkp-discover-01-website-build.csv,285
ob_000353,kw_000353,,discover,country,United Kingdom,English,Google Search,2025-08-01,2026-07-31,encoded_band,50,10,100,0,0,Low,4,,,GBP,returned,2026-09-08,2026-09-08-01-setup,raw/gkp-discover-01-website-build.csv,286
ob_000354,kw_000354,,discover,country,United Kingdom,English,Google Search,2025-08-01,2026-07-31,encoded_band,0,0,0,0,0,Unknown,,,,GBP,zero,2026-09-08,2026-09-08-01-setup,raw/gkp-discover-01-website-build.csv,287
ob_000355,kw_000355,,discover,country,United Kingdom,English,Google Search,2025-08-01,2026-07-31,encoded_band,50,10,100,0,0,Unknown,,,,GBP,returned,2026-09-08,2026-09-08-01-setup,raw/gkp-discover-01-website-build.csv,288
ob_000356,kw_000356,,discover,country,United Kingdom,English,Google Search,2025-08-01,2026-07-31,encoded_band,50,10,100,-1,-1,Unknown,,,,GBP,returned,2026-09-08,2026-09-08-01-setup,raw/gkp-discover-01-website-build.csv,289
ob_000357,kw_000357,,discover,country,United Kingdom,English,Google Search,2025-08-01,2026-07-31,encoded_band,50,10,100,-1,-1,Unknown,,,,GBP,returned,2026-09-08,2026-09-08-01-setup,raw/gkp-discover-01-website-build.csv,290
ob_000358,kw_000358,,discover,country,United Kingdom,English,Google Search,2025-08-01,2026-07-31,encoded_band,50,10,100,0,-1,Unknown,,,,GBP,returned,2026-09-08,2026-09-08-01-setup,raw/gkp-discover-01-website-build.csv,291
ob_000359,kw_000359,,discover,country,United Kingdom,English,Google Search,2025-08-01,2026-07-31,encoded_band,50,10,100,-0.9,0,Low,13,13.61,22.34,GBP,returned,2026-09-08,2026-09-08-01-setup,raw/gkp-discover-01-website-build.csv,292
ob_000360,kw_000360,,discover,country,United Kingdom,English,Google Search,2025-08-01,2026-07-31,encoded_band,50,10,100,0,,Low,0,,,GBP,returned,2026-09-08,2026-09-08-01-setup,raw/gkp-discover-01-website-build.csv,293
ob_000361,kw_000361,,discover,country,United Kingdom,English,Google Search,2025-08-01,2026-07-31,encoded_band,50,10,100,0,0,Low,0,,,GBP,returned,2026-09-08,2026-09-08-01-setup,raw/gkp-discover-01-website-build.csv,294
ob_000362,kw_000362,,discover,country,United Kingdom,English,Google Search,2025-08-01,2026-07-31,encoded_band,50,10,100,-1,-1,Unknown,,,,GBP,returned,2026-09-08,2026-09-08-01-setup,raw/gkp-discover-01-website-build.csv,295
ob_000363,kw_000363,,discover,country,United Kingdom,English,Google Search,2025-08-01,2026-07-31,encoded_band,50,10,100,0,0,Low,0,,,GBP,returned,2026-09-08,2026-09-08-01-setup,raw/gkp-discover-01-website-build.csv,296
ob_000364,kw_000364,,discover,country,United Kingdom,English,Google Search,2025-08-01,2026-07-31,encoded_band,0,0,0,0,0,Unknown,,,,GBP,zero,2026-09-08,2026-09-08-01-setup,raw/gkp-discover-01-website-build.csv,297
ob_000365,kw_000365,,discover,country,United Kingdom,English,Google Search,2025-08-01,2026-07-31,encoded_band,50,10,100,0,0,Low,2,,,GBP,returned,2026-09-08,2026-09-08-01-setup,raw/gkp-discover-01-website-build.csv,298
ob_000366,kw_000366,,discover,country,United Kingdom,English,Google Search,2025-08-01,2026-07-31,encoded_band,50,10,100,-1,-1,Unknown,,,,GBP,returned,2026-09-08,2026-09-08-01-setup,raw/gkp-discover-01-website-build.csv,299
ob_000367,kw_000367,,discover,country,United Kingdom,English,Google Search,2025-08-01,2026-07-31,encoded_band,50,10,100,-1,-1,Unknown,,,,GBP,returned,2026-09-08,2026-09-08-01-setup,raw/gkp-discover-01-website-build.csv,300
ob_000368,kw_000368,,discover,country,United Kingdom,English,Google Search,2025-08-01,2026-07-31,encoded_band,50,10,100,-1,-1,Unknown,,,,GBP,returned,2026-09-08,2026-09-08-01-setup,raw/gkp-discover-01-website-build.csv,301
ob_000369,kw_000369,,discover,country,United Kingdom,English,Google Search,2025-08-01,2026-07-31,encoded_band,50,10,100,-1,-1,Unknown,,,,GBP,returned,2026-09-08,2026-09-08-01-setup,raw/gkp-discover-01-website-build.csv,302
ob_000370,kw_000370,,discover,country,United Kingdom,English,Google Search,2025-08-01,2026-07-31,encoded_band,50,10,100,-1,-1,Unknown,,,,GBP,returned,2026-09-08,2026-09-08-01-setup,raw/gkp-discover-01-website-build.csv,303
ob_000371,kw_000371,,discover,country,United Kingdom,English,Google Search,2025-08-01,2026-07-31,encoded_band,50,10,100,0,,Low,12,,,GBP,returned,2026-09-08,2026-09-08-01-setup,raw/gkp-discover-01-website-build.csv,304
ob_000372,kw_000372,,discover,country,United Kingdom,English,Google Search,2025-08-01,2026-07-31,encoded_band,50,10,100,0,0,Low,14,,,GBP,returned,2026-09-08,2026-09-08-01-setup,raw/gkp-discover-01-website-build.csv,305
ob_000373,kw_000373,,discover,country,United Kingdom,English,Google Search,2025-08-01,2026-07-31,encoded_band,50,10,100,-1,-1,Unknown,,,,GBP,returned,2026-09-08,2026-09-08-01-setup,raw/gkp-discover-01-website-build.csv,306
ob_000374,kw_000374,,discover,country,United Kingdom,English,Google Search,2025-08-01,2026-07-31,encoded_band,50,10,100,-1,-1,Unknown,,,,GBP,returned,2026-09-08,2026-09-08-01-setup,raw/gkp-discover-01-website-build.csv,307
ob_000375,kw_000375,,discover,country,United Kingdom,English,Google Search,2025-08-01,2026-07-31,encoded_band,50,10,100,,,Low,0,,,GBP,returned,2026-09-08,2026-09-08-01-setup,raw/gkp-discover-01-website-build.csv,308
ob_000376,kw_000376,,discover,country,United Kingdom,English,Google Search,2025-08-01,2026-07-31,encoded_band,50,10,100,-1,-1,Unknown,,,,GBP,returned,2026-09-08,2026-09-08-01-setup,raw/gkp-discover-01-website-build.csv,309
ob_000377,kw_000377,,discover,country,United Kingdom,English,Google Search,2025-08-01,2026-07-31,encoded_band,50,10,100,-1,-1,Unknown,,,,GBP,returned,2026-09-08,2026-09-08-01-setup,raw/gkp-discover-01-website-build.csv,310
ob_000378,kw_000378,,discover,country,United Kingdom,English,Google Search,2025-08-01,2026-07-31,encoded_band,50,10,100,-1,-1,Unknown,,,,GBP,returned,2026-09-08,2026-09-08-01-setup,raw/gkp-discover-01-website-build.csv,311
ob_000379,kw_000379,,discover,country,United Kingdom,English,Google Search,2025-08-01,2026-07-31,encoded_band,50,10,100,0,0,Low,19,13.98,33.8,GBP,returned,2026-09-08,2026-09-08-01-setup,raw/gkp-discover-01-website-build.csv,312
ob_000380,kw_000380,,discover,country,United Kingdom,English,Google Search,2025-08-01,2026-07-31,encoded_band,50,10,100,0,0,Low,0,,,GBP,returned,2026-09-08,2026-09-08-01-setup,raw/gkp-discover-01-website-build.csv,313
ob_000381,kw_000381,,discover,country,United Kingdom,English,Google Search,2025-08-01,2026-07-31,encoded_band,50,10,100,-1,-1,Unknown,,,,GBP,returned,2026-09-08,2026-09-08-01-setup,raw/gkp-discover-01-website-build.csv,314
ob_000382,kw_000382,,discover,country,United Kingdom,English,Google Search,2025-08-01,2026-07-31,encoded_band,50,10,100,0,0,Unknown,,,,GBP,returned,2026-09-08,2026-09-08-01-setup,raw/gkp-discover-01-website-build.csv,315
ob_000383,kw_000383,,discover,country,United Kingdom,English,Google Search,2025-08-01,2026-07-31,encoded_band,50,10,100,0,0,Low,19,15.07,30.76,GBP,returned,2026-09-08,2026-09-08-01-setup,raw/gkp-discover-01-website-build.csv,316
ob_000384,kw_000384,,discover,country,United Kingdom,English,Google Search,2025-08-01,2026-07-31,encoded_band,50,10,100,0,0,Medium,43,,,GBP,returned,2026-09-08,2026-09-08-01-setup,raw/gkp-discover-01-website-build.csv,317
ob_000385,kw_000385,,discover,country,United Kingdom,English,Google Search,2025-08-01,2026-07-31,encoded_band,50,10,100,-1,-1,Unknown,,,,GBP,returned,2026-09-08,2026-09-08-01-setup,raw/gkp-discover-01-website-build.csv,318
ob_000386,kw_000386,,discover,country,United Kingdom,English,Google Search,2025-08-01,2026-07-31,encoded_band,0,0,0,0,-1,Unknown,,,,GBP,zero,2026-09-08,2026-09-08-01-setup,raw/gkp-discover-01-website-build.csv,319
ob_000387,kw_000387,,discover,country,United Kingdom,English,Google Search,2025-08-01,2026-07-31,encoded_band,50,10,100,0,0,Unknown,,,,GBP,returned,2026-09-08,2026-09-08-01-setup,raw/gkp-discover-01-website-build.csv,320
ob_000388,kw_000388,,discover,country,United Kingdom,English,Google Search,2025-08-01,2026-07-31,encoded_band,50,10,100,0,0,Medium,43,,,GBP,returned,2026-09-08,2026-09-08-01-setup,raw/gkp-discover-01-website-build.csv,321
ob_000389,kw_000389,,discover,country,United Kingdom,English,Google Search,2025-08-01,2026-07-31,encoded_band,500,100,1000,-0.9,-0.9,Low,3,,,GBP,returned,2026-09-08,2026-09-08-01-setup,raw/gkp-discover-01-website-build.csv,322
ob_000390,kw_000390,,discover,country,United Kingdom,English,Google Search,2025-08-01,2026-07-31,encoded_band,50,10,100,0,0,Unknown,,,,GBP,returned,2026-09-08,2026-09-08-01-setup,raw/gkp-discover-01-website-build.csv,323
ob_000391,kw_000391,,discover,country,United Kingdom,English,Google Search,2025-08-01,2026-07-31,encoded_band,50,10,100,0,-1,Unknown,,,,GBP,returned,2026-09-08,2026-09-08-01-setup,raw/gkp-discover-01-website-build.csv,324
ob_000392,kw_000392,,discover,country,United Kingdom,English,Google Search,2025-08-01,2026-07-31,encoded_band,50,10,100,0,-1,Unknown,,,,GBP,returned,2026-09-08,2026-09-08-01-setup,raw/gkp-discover-01-website-build.csv,325
ob_000393,kw_000393,,discover,country,United Kingdom,English,Google Search,2025-08-01,2026-07-31,encoded_band,50,10,100,0,0,Low,6,,,GBP,returned,2026-09-08,2026-09-08-01-setup,raw/gkp-discover-01-website-build.csv,326
ob_000394,kw_000394,,discover,country,United Kingdom,English,Google Search,2025-08-01,2026-07-31,encoded_band,0,0,0,0,-1,Unknown,,,,GBP,zero,2026-09-08,2026-09-08-01-setup,raw/gkp-discover-01-website-build.csv,327
ob_000395,kw_000395,,discover,country,United Kingdom,English,Google Search,2025-08-01,2026-07-31,encoded_band,50,10,100,-1,-1,Unknown,,,,GBP,returned,2026-09-08,2026-09-08-01-setup,raw/gkp-discover-01-website-build.csv,328
ob_000396,kw_000396,,discover,country,United Kingdom,English,Google Search,2025-08-01,2026-07-31,encoded_band,50,10,100,0,-1,Unknown,,,,GBP,returned,2026-09-08,2026-09-08-01-setup,raw/gkp-discover-01-website-build.csv,329
ob_000397,kw_000397,,discover,country,United Kingdom,English,Google Search,2025-08-01,2026-07-31,encoded_band,50,10,100,0,-1,Unknown,,,,GBP,returned,2026-09-08,2026-09-08-01-setup,raw/gkp-discover-01-website-build.csv,330
ob_000398,kw_000398,,discover,country,United Kingdom,English,Google Search,2025-08-01,2026-07-31,encoded_band,50,10,100,-1,-1,Unknown,,,,GBP,returned,2026-09-08,2026-09-08-01-setup,raw/gkp-discover-01-website-build.csv,331
ob_000399,kw_000399,,discover,country,United Kingdom,English,Google Search,2025-08-01,2026-07-31,encoded_band,50,10,100,-1,0,Unknown,,,,GBP,returned,2026-09-08,2026-09-08-01-setup,raw/gkp-discover-01-website-build.csv,332
ob_000400,kw_000400,,discover,country,United Kingdom,English,Google Search,2025-08-01,2026-07-31,encoded_band,50,10,100,-1,-1,Unknown,,,,GBP,returned,2026-09-08,2026-09-08-01-setup,raw/gkp-discover-01-website-build.csv,333
ob_000401,kw_000401,,discover,country,United Kingdom,English,Google Search,2025-08-01,2026-07-31,encoded_band,50,10,100,0,,Medium,62,,,GBP,returned,2026-09-08,2026-09-08-01-setup,raw/gkp-discover-01-website-build.csv,334
ob_000402,kw_000402,,discover,country,United Kingdom,English,Google Search,2025-08-01,2026-07-31,encoded_band,50,10,100,-0.9,0,Low,0,,,GBP,returned,2026-09-08,2026-09-08-01-setup,raw/gkp-discover-01-website-build.csv,335
ob_000403,kw_000403,,discover,country,United Kingdom,English,Google Search,2025-08-01,2026-07-31,encoded_band,50,10,100,0,0,Unknown,,,,GBP,returned,2026-09-08,2026-09-08-01-setup,raw/gkp-discover-01-website-build.csv,336
ob_000404,kw_000404,,discover,country,United Kingdom,English,Google Search,2025-08-01,2026-07-31,encoded_band,0,0,0,0,-1,Unknown,,,,GBP,zero,2026-09-08,2026-09-08-01-setup,raw/gkp-discover-01-website-build.csv,337
ob_000405,kw_000405,,discover,country,United Kingdom,English,Google Search,2025-08-01,2026-07-31,encoded_band,50,10,100,0,0,Low,0,,,GBP,returned,2026-09-08,2026-09-08-01-setup,raw/gkp-discover-01-website-build.csv,338
ob_000406,kw_000406,,discover,country,United Kingdom,English,Google Search,2025-08-01,2026-07-31,encoded_band,50,10,100,-1,0,Unknown,,,,GBP,returned,2026-09-08,2026-09-08-01-setup,raw/gkp-discover-01-website-build.csv,339
ob_000407,kw_000407,,discover,country,United Kingdom,English,Google Search,2025-08-01,2026-07-31,encoded_band,0,0,0,0,0,Unknown,,,,GBP,zero,2026-09-08,2026-09-08-01-setup,raw/gkp-discover-01-website-build.csv,340
ob_000408,kw_000408,,discover,country,United Kingdom,English,Google Search,2025-08-01,2026-07-31,encoded_band,50,10,100,0,-1,Unknown,,,,GBP,returned,2026-09-08,2026-09-08-01-setup,raw/gkp-discover-01-website-build.csv,341
ob_000409,kw_000409,,discover,country,United Kingdom,English,Google Search,2025-08-01,2026-07-31,encoded_band,50,10,100,-1,0,Unknown,,,,GBP,returned,2026-09-08,2026-09-08-01-setup,raw/gkp-discover-01-website-build.csv,342
ob_000410,kw_000410,,discover,country,United Kingdom,English,Google Search,2025-08-01,2026-07-31,encoded_band,50,10,100,0,0,Unknown,,,,GBP,returned,2026-09-08,2026-09-08-01-setup,raw/gkp-discover-01-website-build.csv,343
ob_000411,kw_000411,,discover,country,United Kingdom,English,Google Search,2025-08-01,2026-07-31,encoded_band,50,10,100,0,0,Low,0,,,GBP,returned,2026-09-08,2026-09-08-01-setup,raw/gkp-discover-01-website-build.csv,344
ob_000412,kw_000412,,discover,country,United Kingdom,English,Google Search,2025-08-01,2026-07-31,encoded_band,50,10,100,0,0,Unknown,,,,GBP,returned,2026-09-08,2026-09-08-01-setup,raw/gkp-discover-01-website-build.csv,345
ob_000413,kw_000413,,discover,country,United Kingdom,English,Google Search,2025-08-01,2026-07-31,encoded_band,50,10,100,0,,Low,0,,,GBP,returned,2026-09-08,2026-09-08-01-setup,raw/gkp-discover-01-website-build.csv,346
ob_000414,kw_000414,,discover,country,United Kingdom,English,Google Search,2025-08-01,2026-07-31,encoded_band,50,10,100,0,0,Medium,42,7.07,20.29,GBP,returned,2026-09-08,2026-09-08-01-setup,raw/gkp-discover-01-website-build.csv,347
ob_000415,kw_000415,,discover,country,United Kingdom,English,Google Search,2025-08-01,2026-07-31,encoded_band,50,10,100,0,0,Low,0,,,GBP,returned,2026-09-08,2026-09-08-01-setup,raw/gkp-discover-01-website-build.csv,348
ob_000416,kw_000416,,discover,country,United Kingdom,English,Google Search,2025-08-01,2026-07-31,encoded_band,50,10,100,0,0,Low,9,,,GBP,returned,2026-09-08,2026-09-08-01-setup,raw/gkp-discover-01-website-build.csv,349
ob_000417,kw_000417,,discover,country,United Kingdom,English,Google Search,2025-08-01,2026-07-31,encoded_band,50,10,100,,0,Low,25,,,GBP,returned,2026-09-08,2026-09-08-01-setup,raw/gkp-discover-01-website-build.csv,350
ob_000418,kw_000418,,discover,country,United Kingdom,English,Google Search,2025-08-01,2026-07-31,encoded_band,50,10,100,0,0,Low,4,,,GBP,returned,2026-09-08,2026-09-08-01-setup,raw/gkp-discover-01-website-build.csv,351
ob_000419,kw_000419,,discover,country,United Kingdom,English,Google Search,2025-08-01,2026-07-31,encoded_band,50,10,100,0,0,Medium,43,,,GBP,returned,2026-09-08,2026-09-08-01-setup,raw/gkp-discover-01-website-build.csv,352
ob_000420,kw_000420,,discover,country,United Kingdom,English,Google Search,2025-08-01,2026-07-31,encoded_band,50,10,100,0,0,Unknown,,,,GBP,returned,2026-09-08,2026-09-08-01-setup,raw/gkp-discover-01-website-build.csv,353
ob_000421,kw_000421,,discover,country,United Kingdom,English,Google Search,2025-08-01,2026-07-31,encoded_band,50,10,100,0,0,Low,32,,,GBP,returned,2026-09-08,2026-09-08-01-setup,raw/gkp-discover-01-website-build.csv,354
ob_000422,kw_000422,,discover,country,United Kingdom,English,Google Search,2025-08-01,2026-07-31,encoded_band,50,10,100,-1,-1,Unknown,,,,GBP,returned,2026-09-08,2026-09-08-01-setup,raw/gkp-discover-01-website-build.csv,355
ob_000423,kw_000423,,discover,country,United Kingdom,English,Google Search,2025-08-01,2026-07-31,encoded_band,500,100,1000,-0.9,-0.9,Low,9,6.27,20.7,GBP,returned,2026-09-08,2026-09-08-01-setup,raw/gkp-discover-01-website-build.csv,356
ob_000424,kw_000424,,discover,country,United Kingdom,English,Google Search,2025-08-01,2026-07-31,encoded_band,50,10,100,0,0,Low,0,,,GBP,returned,2026-09-08,2026-09-08-01-setup,raw/gkp-discover-01-website-build.csv,357
ob_000425,kw_000425,,discover,country,United Kingdom,English,Google Search,2025-08-01,2026-07-31,encoded_band,500,100,1000,-0.9,0,Low,6,,,GBP,returned,2026-09-08,2026-09-08-01-setup,raw/gkp-discover-01-website-build.csv,358
ob_000426,kw_000426,,discover,country,United Kingdom,English,Google Search,2025-08-01,2026-07-31,encoded_band,50,10,100,,0,High,100,,,GBP,returned,2026-09-08,2026-09-08-01-setup,raw/gkp-discover-01-website-build.csv,359
ob_000427,kw_000427,,discover,country,United Kingdom,English,Google Search,2025-08-01,2026-07-31,encoded_band,50,10,100,0,0,Low,32,,,GBP,returned,2026-09-08,2026-09-08-01-setup,raw/gkp-discover-01-website-build.csv,360
ob_000428,kw_000428,,discover,country,United Kingdom,English,Google Search,2025-08-01,2026-07-31,encoded_band,500,100,1000,-0.9,-0.9,Low,9,6.27,20.7,GBP,returned,2026-09-08,2026-09-08-01-setup,raw/gkp-discover-01-website-build.csv,361
ob_000429,kw_000429,,discover,country,United Kingdom,English,Google Search,2025-08-01,2026-07-31,encoded_band,50,10,100,-1,-1,Unknown,,,,GBP,returned,2026-09-08,2026-09-08-01-setup,raw/gkp-discover-01-website-build.csv,362
ob_000430,kw_000430,,discover,country,United Kingdom,English,Google Search,2025-08-01,2026-07-31,encoded_band,50,10,100,0,0,Low,0,,,GBP,returned,2026-09-08,2026-09-08-01-setup,raw/gkp-discover-01-website-build.csv,363
ob_000431,kw_000431,,discover,country,United Kingdom,English,Google Search,2025-08-01,2026-07-31,encoded_band,50,10,100,0,0,Low,0,,,GBP,returned,2026-09-08,2026-09-08-01-setup,raw/gkp-discover-01-website-build.csv,364
ob_000432,kw_000432,,discover,country,United Kingdom,English,Google Search,2025-08-01,2026-07-31,encoded_band,500,100,1000,-0.9,-0.9,Low,9,6.27,20.7,GBP,returned,2026-09-08,2026-09-08-01-setup,raw/gkp-discover-01-website-build.csv,365
ob_000433,kw_000433,,discover,country,United Kingdom,English,Google Search,2025-08-01,2026-07-31,encoded_band,50,10,100,0,,Low,29,,,GBP,returned,2026-09-08,2026-09-08-01-setup,raw/gkp-discover-01-website-build.csv,366
ob_000434,kw_000434,,discover,country,United Kingdom,English,Google Search,2025-08-01,2026-07-31,encoded_band,50,10,100,-1,0,Unknown,,,,GBP,returned,2026-09-08,2026-09-08-01-setup,raw/gkp-discover-01-website-build.csv,367
ob_000435,kw_000435,,discover,country,United Kingdom,English,Google Search,2025-08-01,2026-07-31,encoded_band,50,10,100,-1,0,Unknown,,,,GBP,returned,2026-09-08,2026-09-08-01-setup,raw/gkp-discover-01-website-build.csv,368
ob_000436,kw_000436,,discover,country,United Kingdom,English,Google Search,2025-08-01,2026-07-31,encoded_band,50,10,100,-1,0,Unknown,,,,GBP,returned,2026-09-08,2026-09-08-01-setup,raw/gkp-discover-01-website-build.csv,369
ob_000437,kw_000437,,discover,country,United Kingdom,English,Google Search,2025-08-01,2026-07-31,encoded_band,50,10,100,-1,0,Unknown,,,,GBP,returned,2026-09-08,2026-09-08-01-setup,raw/gkp-discover-01-website-build.csv,370
ob_000438,kw_000438,,discover,country,United Kingdom,English,Google Search,2025-08-01,2026-07-31,encoded_band,50,10,100,0,0,Low,4,,,GBP,returned,2026-09-08,2026-09-08-01-setup,raw/gkp-discover-01-website-build.csv,371
ob_000439,kw_000439,,discover,country,United Kingdom,English,Google Search,2025-08-01,2026-07-31,encoded_band,50,10,100,-1,-1,Unknown,,,,GBP,returned,2026-09-08,2026-09-08-01-setup,raw/gkp-discover-01-website-build.csv,372
ob_000440,kw_000440,,discover,country,United Kingdom,English,Google Search,2025-08-01,2026-07-31,encoded_band,500,100,1000,0,0,Low,24,2.7,6.56,GBP,returned,2026-09-08,2026-09-08-01-setup,raw/gkp-discover-01-website-build.csv,373
ob_000441,kw_000441,,discover,country,United Kingdom,English,Google Search,2025-08-01,2026-07-31,encoded_band,50,10,100,0,0,Unknown,,,,GBP,returned,2026-09-08,2026-09-08-01-setup,raw/gkp-discover-01-website-build.csv,374
ob_000442,kw_000442,,discover,country,United Kingdom,English,Google Search,2025-08-01,2026-07-31,encoded_band,50,10,100,0,0,Low,0,,,GBP,returned,2026-09-08,2026-09-08-01-setup,raw/gkp-discover-01-website-build.csv,375
ob_000443,kw_000443,,discover,country,United Kingdom,English,Google Search,2025-08-01,2026-07-31,encoded_band,50,10,100,0,0,Low,1,,,GBP,returned,2026-09-08,2026-09-08-01-setup,raw/gkp-discover-01-website-build.csv,376
ob_000444,kw_000444,,discover,country,United Kingdom,English,Google Search,2025-08-01,2026-07-31,encoded_band,50,10,100,-1,-1,Unknown,,,,GBP,returned,2026-09-08,2026-09-08-01-setup,raw/gkp-discover-01-website-build.csv,377
ob_000445,kw_000445,,discover,country,United Kingdom,English,Google Search,2025-08-01,2026-07-31,encoded_band,50,10,100,-1,-1,Unknown,,,,GBP,returned,2026-09-08,2026-09-08-01-setup,raw/gkp-discover-01-website-build.csv,378
ob_000446,kw_000446,,discover,country,United Kingdom,English,Google Search,2025-08-01,2026-07-31,encoded_band,50,10,100,0,0,Low,0,,,GBP,returned,2026-09-08,2026-09-08-01-setup,raw/gkp-discover-01-website-build.csv,379
ob_000447,kw_000447,,discover,country,United Kingdom,English,Google Search,2025-08-01,2026-07-31,encoded_band,50,10,100,0,0,Low,0,,,GBP,returned,2026-09-08,2026-09-08-01-setup,raw/gkp-discover-01-website-build.csv,380
ob_000448,kw_000448,,discover,country,United Kingdom,English,Google Search,2025-08-01,2026-07-31,encoded_band,50,10,100,0,0,High,86,,,GBP,returned,2026-09-08,2026-09-08-01-setup,raw/gkp-discover-01-website-build.csv,381
ob_000449,kw_000449,,discover,country,United Kingdom,English,Google Search,2025-08-01,2026-07-31,encoded_band,50,10,100,-1,-1,Unknown,,,,GBP,returned,2026-09-08,2026-09-08-01-setup,raw/gkp-discover-01-website-build.csv,382
ob_000450,kw_000450,,discover,country,United Kingdom,English,Google Search,2025-08-01,2026-07-31,encoded_band,50,10,100,0,0,Unknown,,,,GBP,returned,2026-09-08,2026-09-08-01-setup,raw/gkp-discover-01-website-build.csv,383
ob_000451,kw_000451,,discover,country,United Kingdom,English,Google Search,2025-08-01,2026-07-31,encoded_band,50,10,100,-1,0,Unknown,,,,GBP,returned,2026-09-08,2026-09-08-01-setup,raw/gkp-discover-01-website-build.csv,384
ob_000452,kw_000452,,discover,country,United Kingdom,English,Google Search,2025-08-01,2026-07-31,encoded_band,50,10,100,0,0,Unknown,,,,GBP,returned,2026-09-08,2026-09-08-01-setup,raw/gkp-discover-01-website-build.csv,385
ob_000453,kw_000453,,discover,country,United Kingdom,English,Google Search,2025-08-01,2026-07-31,encoded_band,50,10,100,-1,-1,Unknown,,,,GBP,returned,2026-09-08,2026-09-08-01-setup,raw/gkp-discover-01-website-build.csv,386
ob_000454,kw_000454,,discover,country,United Kingdom,English,Google Search,2025-08-01,2026-07-31,encoded_band,50,10,100,-1,-1,Unknown,,,,GBP,returned,2026-09-08,2026-09-08-01-setup,raw/gkp-discover-01-website-build.csv,387
ob_000455,kw_000455,,discover,country,United Kingdom,English,Google Search,2025-08-01,2026-07-31,encoded_band,50,10,100,0,0,Medium,50,,,GBP,returned,2026-09-08,2026-09-08-01-setup,raw/gkp-discover-01-website-build.csv,388
ob_000456,kw_000456,,discover,country,United Kingdom,English,Google Search,2025-08-01,2026-07-31,encoded_band,50,10,100,0,0,Low,7,,,GBP,returned,2026-09-08,2026-09-08-01-setup,raw/gkp-discover-01-website-build.csv,389
ob_000457,kw_000457,,discover,country,United Kingdom,English,Google Search,2025-08-01,2026-07-31,encoded_band,50,10,100,0,,Low,0,,,GBP,returned,2026-09-08,2026-09-08-01-setup,raw/gkp-discover-01-website-build.csv,390
ob_000458,kw_000458,,discover,country,United Kingdom,English,Google Search,2025-08-01,2026-07-31,encoded_band,50,10,100,0,0,Low,29,,,GBP,returned,2026-09-08,2026-09-08-01-setup,raw/gkp-discover-01-website-build.csv,391
ob_000459,kw_000459,,discover,country,United Kingdom,English,Google Search,2025-08-01,2026-07-31,encoded_band,50,10,100,0,0,Low,26,,,GBP,returned,2026-09-08,2026-09-08-01-setup,raw/gkp-discover-01-website-build.csv,392
ob_000460,kw_000460,,discover,country,United Kingdom,English,Google Search,2025-08-01,2026-07-31,encoded_band,50,10,100,0,0,Unknown,,,,GBP,returned,2026-09-08,2026-09-08-01-setup,raw/gkp-discover-01-website-build.csv,393
ob_000461,kw_000461,,discover,country,United Kingdom,English,Google Search,2025-08-01,2026-07-31,encoded_band,50,10,100,0,0,Unknown,,,,GBP,returned,2026-09-08,2026-09-08-01-setup,raw/gkp-discover-01-website-build.csv,394
ob_000462,kw_000462,,discover,country,United Kingdom,English,Google Search,2025-08-01,2026-07-31,encoded_band,50,10,100,0,0,Unknown,,,,GBP,returned,2026-09-08,2026-09-08-01-setup,raw/gkp-discover-01-website-build.csv,395
ob_000463,kw_000463,,discover,country,United Kingdom,English,Google Search,2025-08-01,2026-07-31,encoded_band,50,10,100,0,-1,Unknown,,,,GBP,returned,2026-09-08,2026-09-08-01-setup,raw/gkp-discover-01-website-build.csv,396
ob_000464,kw_000464,,discover,country,United Kingdom,English,Google Search,2025-08-01,2026-07-31,encoded_band,50,10,100,0,-1,Unknown,,,,GBP,returned,2026-09-08,2026-09-08-01-setup,raw/gkp-discover-01-website-build.csv,397
ob_000465,kw_000465,,discover,country,United Kingdom,English,Google Search,2025-08-01,2026-07-31,encoded_band,50,10,100,0,0,Unknown,,,,GBP,returned,2026-09-08,2026-09-08-01-setup,raw/gkp-discover-01-website-build.csv,398
ob_000466,kw_000466,,discover,country,United Kingdom,English,Google Search,2025-08-01,2026-07-31,encoded_band,50,10,100,-1,-1,Unknown,,,,GBP,returned,2026-09-08,2026-09-08-01-setup,raw/gkp-discover-01-website-build.csv,399
ob_000467,kw_000467,,discover,country,United Kingdom,English,Google Search,2025-08-01,2026-07-31,encoded_band,0,0,0,0,0,Unknown,,,,GBP,zero,2026-09-08,2026-09-08-01-setup,raw/gkp-discover-01-website-build.csv,400
ob_000468,kw_000468,,discover,country,United Kingdom,English,Google Search,2025-08-01,2026-07-31,encoded_band,50,10,100,0,0,Unknown,,,,GBP,returned,2026-09-08,2026-09-08-01-setup,raw/gkp-discover-01-website-build.csv,401
ob_000469,kw_000469,,discover,country,United Kingdom,English,Google Search,2025-08-01,2026-07-31,encoded_band,50,10,100,0,0,Unknown,,,,GBP,returned,2026-09-08,2026-09-08-01-setup,raw/gkp-discover-01-website-build.csv,402
ob_000470,kw_000470,,discover,country,United Kingdom,English,Google Search,2025-08-01,2026-07-31,encoded_band,50,10,100,0,0,Medium,54,6.16,13.82,GBP,returned,2026-09-08,2026-09-08-01-setup,raw/gkp-discover-01-website-build.csv,403
ob_000471,kw_000471,,discover,country,United Kingdom,English,Google Search,2025-08-01,2026-07-31,encoded_band,50,10,100,0,0,Low,25,2.03,5.6,GBP,returned,2026-09-08,2026-09-08-01-setup,raw/gkp-discover-01-website-build.csv,404
ob_000472,kw_000472,,discover,country,United Kingdom,English,Google Search,2025-08-01,2026-07-31,encoded_band,50,10,100,0,-1,Unknown,,,,GBP,returned,2026-09-08,2026-09-08-01-setup,raw/gkp-discover-01-website-build.csv,405
ob_000473,kw_000473,,discover,country,United Kingdom,English,Google Search,2025-08-01,2026-07-31,encoded_band,50,10,100,,,Low,0,,,GBP,returned,2026-09-08,2026-09-08-01-setup,raw/gkp-discover-01-website-build.csv,406
ob_000474,kw_000474,,discover,country,United Kingdom,English,Google Search,2025-08-01,2026-07-31,encoded_band,50,10,100,0,0,Unknown,,,,GBP,returned,2026-09-08,2026-09-08-01-setup,raw/gkp-discover-01-website-build.csv,407
ob_000475,kw_000475,,discover,country,United Kingdom,English,Google Search,2025-08-01,2026-07-31,encoded_band,50,10,100,0,-1,Unknown,,,,GBP,returned,2026-09-08,2026-09-08-01-setup,raw/gkp-discover-01-website-build.csv,408
ob_000476,kw_000476,,discover,country,United Kingdom,English,Google Search,2025-08-01,2026-07-31,encoded_band,0,0,0,0,0,Unknown,,,,GBP,zero,2026-09-08,2026-09-08-01-setup,raw/gkp-discover-01-website-build.csv,409
ob_000477,kw_000477,,discover,country,United Kingdom,English,Google Search,2025-08-01,2026-07-31,encoded_band,50,10,100,0,0,Unknown,,,,GBP,returned,2026-09-08,2026-09-08-01-setup,raw/gkp-discover-01-website-build.csv,410
ob_000478,kw_000478,,discover,country,United Kingdom,English,Google Search,2025-08-01,2026-07-31,encoded_band,50,10,100,0,0,Low,25,4.71,15.45,GBP,returned,2026-09-08,2026-09-08-01-setup,raw/gkp-discover-01-website-build.csv,411
ob_000479,kw_000479,,discover,country,United Kingdom,English,Google Search,2025-08-01,2026-07-31,encoded_band,50,10,100,,0,Low,18,,,GBP,returned,2026-09-08,2026-09-08-01-setup,raw/gkp-discover-01-website-build.csv,412
ob_000480,kw_000480,,discover,country,United Kingdom,English,Google Search,2025-08-01,2026-07-31,encoded_band,50,10,100,0,0,Unknown,,,,GBP,returned,2026-09-08,2026-09-08-01-setup,raw/gkp-discover-01-website-build.csv,413
ob_000481,kw_000481,,discover,country,United Kingdom,English,Google Search,2025-08-01,2026-07-31,encoded_band,50,10,100,0,-1,Unknown,,,,GBP,returned,2026-09-08,2026-09-08-01-setup,raw/gkp-discover-01-website-build.csv,414
ob_000482,kw_000482,,discover,country,United Kingdom,English,Google Search,2025-08-01,2026-07-31,encoded_band,50,10,100,0,0,High,86,,,GBP,returned,2026-09-08,2026-09-08-01-setup,raw/gkp-discover-01-website-build.csv,415
ob_000483,kw_000483,,discover,country,United Kingdom,English,Google Search,2025-08-01,2026-07-31,encoded_band,50,10,100,0,0,Medium,43,,,GBP,returned,2026-09-08,2026-09-08-01-setup,raw/gkp-discover-01-website-build.csv,416
ob_000484,kw_000484,,discover,country,United Kingdom,English,Google Search,2025-08-01,2026-07-31,encoded_band,50,10,100,0,0,Unknown,,,,GBP,returned,2026-09-08,2026-09-08-01-setup,raw/gkp-discover-01-website-build.csv,417
ob_000485,kw_000485,,discover,country,United Kingdom,English,Google Search,2025-08-01,2026-07-31,encoded_band,50,10,100,0,-1,Unknown,,,,GBP,returned,2026-09-08,2026-09-08-01-setup,raw/gkp-discover-01-website-build.csv,418
ob_000486,kw_000486,,discover,country,United Kingdom,English,Google Search,2025-08-01,2026-07-31,encoded_band,50,10,100,0,-1,Unknown,,,,GBP,returned,2026-09-08,2026-09-08-01-setup,raw/gkp-discover-01-website-build.csv,419
ob_000487,kw_000487,,discover,country,United Kingdom,English,Google Search,2025-08-01,2026-07-31,encoded_band,50,10,100,0,0,Unknown,,,,GBP,returned,2026-09-08,2026-09-08-01-setup,raw/gkp-discover-01-website-build.csv,420
ob_000488,kw_000488,,discover,country,United Kingdom,English,Google Search,2025-08-01,2026-07-31,encoded_band,500,100,1000,-0.9,-0.9,Low,23,1.91,7.91,GBP,returned,2026-09-08,2026-09-08-01-setup,raw/gkp-discover-01-website-build.csv,421
ob_000489,kw_000489,,discover,country,United Kingdom,English,Google Search,2025-08-01,2026-07-31,encoded_band,50,10,100,-1,0,Unknown,,,,GBP,returned,2026-09-08,2026-09-08-01-setup,raw/gkp-discover-01-website-build.csv,422
ob_000490,kw_000490,,discover,country,United Kingdom,English,Google Search,2025-08-01,2026-07-31,encoded_band,50,10,100,0,-1,Unknown,,,,GBP,returned,2026-09-08,2026-09-08-01-setup,raw/gkp-discover-01-website-build.csv,423
ob_000491,kw_000491,,discover,country,United Kingdom,English,Google Search,2025-08-01,2026-07-31,encoded_band,50,10,100,0,0,Low,0,,,GBP,returned,2026-09-08,2026-09-08-01-setup,raw/gkp-discover-01-website-build.csv,424
ob_000492,kw_000492,,discover,country,United Kingdom,English,Google Search,2025-08-01,2026-07-31,encoded_band,50,10,100,0,-1,Unknown,,,,GBP,returned,2026-09-08,2026-09-08-01-setup,raw/gkp-discover-01-website-build.csv,425
ob_000493,kw_000493,,discover,country,United Kingdom,English,Google Search,2025-08-01,2026-07-31,encoded_band,50,10,100,0,,Low,0,,,GBP,returned,2026-09-08,2026-09-08-01-setup,raw/gkp-discover-01-website-build.csv,426
ob_000494,kw_000494,,discover,country,United Kingdom,English,Google Search,2025-08-01,2026-07-31,encoded_band,50,10,100,0,0,Low,0,,,GBP,returned,2026-09-08,2026-09-08-01-setup,raw/gkp-discover-01-website-build.csv,427
ob_000495,kw_000495,,discover,country,United Kingdom,English,Google Search,2025-08-01,2026-07-31,encoded_band,50,10,100,-0.9,0,Medium,60,1.95,10.08,GBP,returned,2026-09-08,2026-09-08-01-setup,raw/gkp-discover-01-website-build.csv,428
ob_000496,kw_000496,,discover,country,United Kingdom,English,Google Search,2025-08-01,2026-07-31,encoded_band,50,10,100,-0.9,0,Low,0,,,GBP,returned,2026-09-08,2026-09-08-01-setup,raw/gkp-discover-01-website-build.csv,429
ob_000497,kw_000497,,discover,country,United Kingdom,English,Google Search,2025-08-01,2026-07-31,encoded_band,50,10,100,0,0,Low,10,2.39,8.67,GBP,returned,2026-09-08,2026-09-08-01-setup,raw/gkp-discover-01-website-build.csv,430
ob_000498,kw_000498,,discover,country,United Kingdom,English,Google Search,2025-08-01,2026-07-31,encoded_band,50,10,100,-1,0,Unknown,,,,GBP,returned,2026-09-08,2026-09-08-01-setup,raw/gkp-discover-01-website-build.csv,431
ob_000499,kw_000499,,discover,country,United Kingdom,English,Google Search,2025-08-01,2026-07-31,encoded_band,50,10,100,0,0,Low,0,,,GBP,returned,2026-09-08,2026-09-08-01-setup,raw/gkp-discover-01-website-build.csv,432
ob_000500,kw_000500,,discover,country,United Kingdom,English,Google Search,2025-08-01,2026-07-31,encoded_band,500,100,1000,0,0,Low,17,3.24,15.38,GBP,returned,2026-09-08,2026-09-08-01-setup,raw/gkp-discover-01-website-build.csv,433
ob_000501,kw_000501,,discover,country,United Kingdom,English,Google Search,2025-08-01,2026-07-31,encoded_band,50,10,100,,0,Low,0,,,GBP,returned,2026-09-08,2026-09-08-01-setup,raw/gkp-discover-01-website-build.csv,434
ob_000502,kw_000502,,discover,country,United Kingdom,English,Google Search,2025-08-01,2026-07-31,encoded_band,0,0,0,0,0,Unknown,,,,GBP,zero,2026-09-08,2026-09-08-01-setup,raw/gkp-discover-01-website-build.csv,435
ob_000503,kw_000503,,discover,country,United Kingdom,English,Google Search,2025-08-01,2026-07-31,encoded_band,0,0,0,0,0,Unknown,,,,GBP,zero,2026-09-08,2026-09-08-01-setup,raw/gkp-discover-01-website-build.csv,436
ob_000504,kw_000504,,discover,country,United Kingdom,English,Google Search,2025-08-01,2026-07-31,encoded_band,5000,1000,10000,0,0,Low,33,1.98,8.82,GBP,returned,2026-09-08,2026-09-08-01-setup,raw/gkp-discover-01-website-build.csv,437
ob_000505,kw_000505,,discover,country,United Kingdom,English,Google Search,2025-08-01,2026-07-31,encoded_band,50,10,100,0,0,Medium,34,2.89,10.63,GBP,returned,2026-09-08,2026-09-08-01-setup,raw/gkp-discover-01-website-build.csv,438
ob_000506,kw_000506,,discover,country,United Kingdom,English,Google Search,2025-08-01,2026-07-31,encoded_band,50,10,100,0,0,Low,0,,,GBP,returned,2026-09-08,2026-09-08-01-setup,raw/gkp-discover-01-website-build.csv,439
ob_000507,kw_000507,,discover,country,United Kingdom,English,Google Search,2025-08-01,2026-07-31,encoded_band,50,10,100,-1,0,Unknown,,,,GBP,returned,2026-09-08,2026-09-08-01-setup,raw/gkp-discover-01-website-build.csv,440
ob_000508,kw_000508,,discover,country,United Kingdom,English,Google Search,2025-08-01,2026-07-31,encoded_band,50,10,100,0,0,Low,5,,,GBP,returned,2026-09-08,2026-09-08-01-setup,raw/gkp-discover-01-website-build.csv,441
ob_000509,kw_000509,,discover,country,United Kingdom,English,Google Search,2025-08-01,2026-07-31,encoded_band,50,10,100,0,0,Low,20,,,GBP,returned,2026-09-08,2026-09-08-01-setup,raw/gkp-discover-01-website-build.csv,442
ob_000510,kw_000510,,discover,country,United Kingdom,English,Google Search,2025-08-01,2026-07-31,encoded_band,50,10,100,0,0,Low,0,,,GBP,returned,2026-09-08,2026-09-08-01-setup,raw/gkp-discover-01-website-build.csv,443
ob_000511,kw_000511,,discover,country,United Kingdom,English,Google Search,2025-08-01,2026-07-31,encoded_band,0,0,0,0,0,Unknown,,,,GBP,zero,2026-09-08,2026-09-08-01-setup,raw/gkp-discover-01-website-build.csv,444
ob_000512,kw_000512,,discover,country,United Kingdom,English,Google Search,2025-08-01,2026-07-31,encoded_band,50,10,100,0,0,Medium,34,3.3,6.69,GBP,returned,2026-09-08,2026-09-08-01-setup,raw/gkp-discover-01-website-build.csv,445
ob_000513,kw_000513,,discover,country,United Kingdom,English,Google Search,2025-08-01,2026-07-31,encoded_band,50,10,100,0,,Low,2,,,GBP,returned,2026-09-08,2026-09-08-01-setup,raw/gkp-discover-01-website-build.csv,446
ob_000514,kw_000514,,discover,country,United Kingdom,English,Google Search,2025-08-01,2026-07-31,encoded_band,50,10,100,0,0,Unknown,,,,GBP,returned,2026-09-08,2026-09-08-01-setup,raw/gkp-discover-01-website-build.csv,447
ob_000515,kw_000515,,discover,country,United Kingdom,English,Google Search,2025-08-01,2026-07-31,encoded_band,5000,1000,10000,-0.9,-0.9,Medium,35,3.2,14.86,GBP,returned,2026-09-08,2026-09-08-01-setup,raw/gkp-discover-01-website-build.csv,448
ob_000516,kw_000516,,discover,country,United Kingdom,English,Google Search,2025-08-01,2026-07-31,encoded_band,500,100,1000,0,0,Low,25,2.24,8.91,GBP,returned,2026-09-08,2026-09-08-01-setup,raw/gkp-discover-01-website-build.csv,449
ob_000517,kw_000517,,discover,country,United Kingdom,English,Google Search,2025-08-01,2026-07-31,encoded_band,500,100,1000,0,0,Low,14,2.72,7.66,GBP,returned,2026-09-08,2026-09-08-01-setup,raw/gkp-discover-01-website-build.csv,450
ob_000518,kw_000518,,discover,country,United Kingdom,English,Google Search,2025-08-01,2026-07-31,encoded_band,50,10,100,9,9,Low,19,1.84,5.18,GBP,returned,2026-09-08,2026-09-08-01-setup,raw/gkp-discover-01-website-build.csv,451
ob_000519,kw_000519,,discover,country,United Kingdom,English,Google Search,2025-08-01,2026-07-31,encoded_band,5000,1000,10000,-0.9,-0.9,Medium,35,3.2,14.86,GBP,returned,2026-09-08,2026-09-08-01-setup,raw/gkp-discover-01-website-build.csv,452
ob_000520,kw_000520,,discover,country,United Kingdom,English,Google Search,2025-08-01,2026-07-31,encoded_band,500,100,1000,0,9,Low,18,2.66,9.93,GBP,returned,2026-09-08,2026-09-08-01-setup,raw/gkp-discover-01-website-build.csv,453
ob_000521,kw_000521,,discover,country,United Kingdom,English,Google Search,2025-08-01,2026-07-31,encoded_band,500,100,1000,0,0,Low,24,2.7,6.56,GBP,returned,2026-09-08,2026-09-08-01-setup,raw/gkp-discover-01-website-build.csv,454
ob_000522,kw_000522,,discover,country,United Kingdom,English,Google Search,2025-08-01,2026-07-31,encoded_band,500,100,1000,-0.9,-0.9,Low,28,3.33,6.7,GBP,returned,2026-09-08,2026-09-08-01-setup,raw/gkp-discover-01-website-build.csv,455
ob_000523,kw_000523,,discover,country,United Kingdom,English,Google Search,2025-08-01,2026-07-31,encoded_band,50,10,100,0,0,Low,0,,,GBP,returned,2026-09-08,2026-09-08-01-setup,raw/gkp-discover-01-website-build.csv,456
ob_000524,kw_000524,,discover,country,United Kingdom,English,Google Search,2025-08-01,2026-07-31,encoded_band,50,10,100,0,0,Medium,44,4.6,10.91,GBP,returned,2026-09-08,2026-09-08-01-setup,raw/gkp-discover-01-website-build.csv,457
ob_000525,kw_000525,,discover,country,United Kingdom,English,Google Search,2025-08-01,2026-07-31,encoded_band,500,100,1000,0,9,Medium,35,3.29,9.74,GBP,returned,2026-09-08,2026-09-08-01-setup,raw/gkp-discover-01-website-build.csv,458
ob_000526,kw_000526,,discover,country,United Kingdom,English,Google Search,2025-08-01,2026-07-31,encoded_band,50,10,100,0,0,Medium,43,8.83,17.87,GBP,returned,2026-09-08,2026-09-08-01-setup,raw/gkp-discover-01-website-build.csv,459
ob_000527,kw_000527,,discover,country,United Kingdom,English,Google Search,2025-08-01,2026-07-31,encoded_band,50,10,100,,0,High,100,,,GBP,returned,2026-09-08,2026-09-08-01-setup,raw/gkp-discover-01-website-build.csv,460
ob_000528,kw_000528,,discover,country,United Kingdom,English,Google Search,2025-08-01,2026-07-31,encoded_band,500,100,1000,-0.9,0,Low,0,,,GBP,returned,2026-09-08,2026-09-08-01-setup,raw/gkp-discover-01-website-build.csv,461
ob_000529,kw_000529,,discover,country,United Kingdom,English,Google Search,2025-08-01,2026-07-31,encoded_band,500,100,1000,0,0,Medium,35,3.88,19.42,GBP,returned,2026-09-08,2026-09-08-01-setup,raw/gkp-discover-01-website-build.csv,462
ob_000530,kw_000530,,discover,country,United Kingdom,English,Google Search,2025-08-01,2026-07-31,encoded_band,0,0,0,0,0,Unknown,,,,GBP,zero,2026-09-08,2026-09-08-01-setup,raw/gkp-discover-01-website-build.csv,463
ob_000531,kw_000531,,discover,country,United Kingdom,English,Google Search,2025-08-01,2026-07-31,encoded_band,50,10,100,0,0,Low,2,,,GBP,returned,2026-09-08,2026-09-08-01-setup,raw/gkp-discover-01-website-build.csv,464
ob_000532,kw_000532,,discover,country,United Kingdom,English,Google Search,2025-08-01,2026-07-31,encoded_band,500,100,1000,0,0,Low,7,4.33,27.38,GBP,returned,2026-09-08,2026-09-08-01-setup,raw/gkp-discover-01-website-build.csv,465
ob_000533,kw_000533,,discover,country,United Kingdom,English,Google Search,2025-08-01,2026-07-31,encoded_band,50,10,100,,,Medium,46,,,GBP,returned,2026-09-08,2026-09-08-01-setup,raw/gkp-discover-01-website-build.csv,466
ob_000534,kw_000534,,discover,country,United Kingdom,English,Google Search,2025-08-01,2026-07-31,encoded_band,50,10,100,0,,Low,5,,,GBP,returned,2026-09-08,2026-09-08-01-setup,raw/gkp-discover-01-website-build.csv,467
ob_000535,kw_000535,,discover,country,United Kingdom,English,Google Search,2025-08-01,2026-07-31,encoded_band,50,10,100,-1,0,Unknown,,,,GBP,returned,2026-09-08,2026-09-08-01-setup,raw/gkp-discover-01-website-build.csv,468
ob_000536,kw_000536,,discover,country,United Kingdom,English,Google Search,2025-08-01,2026-07-31,encoded_band,50,10,100,,0,High,71,,,GBP,returned,2026-09-08,2026-09-08-01-setup,raw/gkp-discover-01-website-build.csv,469
ob_000537,kw_000537,,discover,country,United Kingdom,English,Google Search,2025-08-01,2026-07-31,encoded_band,50,10,100,0,,Low,0,,,GBP,returned,2026-09-08,2026-09-08-01-setup,raw/gkp-discover-01-website-build.csv,470
ob_000538,kw_000538,,discover,country,United Kingdom,English,Google Search,2025-08-01,2026-07-31,encoded_band,5000,1000,10000,0,0,Low,32,7.35,28.64,GBP,returned,2026-09-08,2026-09-08-01-setup,raw/gkp-discover-01-website-build.csv,471
ob_000539,kw_000539,,discover,country,United Kingdom,English,Google Search,2025-08-01,2026-07-31,encoded_band,50,10,100,-1,0,Unknown,,,,GBP,returned,2026-09-08,2026-09-08-01-setup,raw/gkp-discover-01-website-build.csv,472
ob_000540,kw_000540,,discover,country,United Kingdom,English,Google Search,2025-08-01,2026-07-31,encoded_band,500,100,1000,0,9,Medium,33,13.99,39.37,GBP,returned,2026-09-08,2026-09-08-01-setup,raw/gkp-discover-01-website-build.csv,473
ob_000541,kw_000541,,discover,country,United Kingdom,English,Google Search,2025-08-01,2026-07-31,encoded_band,50,10,100,0,0,Low,0,,,GBP,returned,2026-09-08,2026-09-08-01-setup,raw/gkp-discover-01-website-build.csv,474
ob_000542,kw_000542,,discover,country,United Kingdom,English,Google Search,2025-08-01,2026-07-31,encoded_band,500,100,1000,0,0,Low,31,2.4,5.26,GBP,returned,2026-09-08,2026-09-08-01-setup,raw/gkp-discover-01-website-build.csv,475
ob_000543,kw_000543,,discover,country,United Kingdom,English,Google Search,2025-08-01,2026-07-31,encoded_band,50,10,100,-0.9,0,Low,21,,,GBP,returned,2026-09-08,2026-09-08-01-setup,raw/gkp-discover-01-website-build.csv,476
ob_000544,kw_000544,,discover,country,United Kingdom,English,Google Search,2025-08-01,2026-07-31,encoded_band,50,10,100,0,0,Low,0,,,GBP,returned,2026-09-08,2026-09-08-01-setup,raw/gkp-discover-01-website-build.csv,477
ob_000545,kw_000545,,discover,country,United Kingdom,English,Google Search,2025-08-01,2026-07-31,encoded_band,50,10,100,0,0,Low,0,,,GBP,returned,2026-09-08,2026-09-08-01-setup,raw/gkp-discover-01-website-build.csv,478
ob_000546,kw_000546,,discover,country,United Kingdom,English,Google Search,2025-08-01,2026-07-31,encoded_band,50,10,100,0,-1,Unknown,,,,GBP,returned,2026-09-08,2026-09-08-01-setup,raw/gkp-discover-01-website-build.csv,479
ob_000547,kw_000547,,discover,country,United Kingdom,English,Google Search,2025-08-01,2026-07-31,encoded_band,50,10,100,0,0,Low,3,,,GBP,returned,2026-09-08,2026-09-08-01-setup,raw/gkp-discover-01-website-build.csv,480
ob_000548,kw_000548,,discover,country,United Kingdom,English,Google Search,2025-08-01,2026-07-31,encoded_band,500,100,1000,-0.9,-0.9,Low,26,3.53,13.76,GBP,returned,2026-09-08,2026-09-08-01-setup,raw/gkp-discover-01-website-build.csv,481
ob_000549,kw_000549,,discover,country,United Kingdom,English,Google Search,2025-08-01,2026-07-31,encoded_band,5000,1000,10000,0,0,Low,32,2.02,8.89,GBP,returned,2026-09-08,2026-09-08-01-setup,raw/gkp-discover-01-website-build.csv,482
ob_000550,kw_000550,,discover,country,United Kingdom,English,Google Search,2025-08-01,2026-07-31,encoded_band,50,10,100,-1,-1,Unknown,,,,GBP,returned,2026-09-08,2026-09-08-01-setup,raw/gkp-discover-01-website-build.csv,483
ob_000551,kw_000551,,discover,country,United Kingdom,English,Google Search,2025-08-01,2026-07-31,encoded_band,50,10,100,0,,Medium,43,,,GBP,returned,2026-09-08,2026-09-08-01-setup,raw/gkp-discover-01-website-build.csv,484
ob_000552,kw_000552,,discover,country,United Kingdom,English,Google Search,2025-08-01,2026-07-31,encoded_band,50,10,100,0,0,Low,0,,,GBP,returned,2026-09-08,2026-09-08-01-setup,raw/gkp-discover-01-website-build.csv,485
ob_000553,kw_000553,,discover,country,United Kingdom,English,Google Search,2025-08-01,2026-07-31,encoded_band,5000,1000,10000,0,0,Low,32,2.02,8.89,GBP,returned,2026-09-08,2026-09-08-01-setup,raw/gkp-discover-01-website-build.csv,486
ob_000554,kw_000554,,discover,country,United Kingdom,English,Google Search,2025-08-01,2026-07-31,encoded_band,0,0,0,0,0,Unknown,,,,GBP,zero,2026-09-08,2026-09-08-01-setup,raw/gkp-discover-01-website-build.csv,487
ob_000555,kw_000555,,discover,country,United Kingdom,English,Google Search,2025-08-01,2026-07-31,encoded_band,50,10,100,0,0,Unknown,,,,GBP,returned,2026-09-08,2026-09-08-01-setup,raw/gkp-discover-01-website-build.csv,488
ob_000556,kw_000556,,discover,country,United Kingdom,English,Google Search,2025-08-01,2026-07-31,encoded_band,500,100,1000,0,0,Medium,35,3.88,19.42,GBP,returned,2026-09-08,2026-09-08-01-setup,raw/gkp-discover-01-website-build.csv,489
ob_000557,kw_000557,,discover,country,United Kingdom,English,Google Search,2025-08-01,2026-07-31,encoded_band,5000,1000,10000,0,0,Low,32,2.02,8.89,GBP,returned,2026-09-08,2026-09-08-01-setup,raw/gkp-discover-01-website-build.csv,490
ob_000558,kw_000558,,discover,country,United Kingdom,English,Google Search,2025-08-01,2026-07-31,encoded_band,50,10,100,0,-1,Unknown,,,,GBP,returned,2026-09-08,2026-09-08-01-setup,raw/gkp-discover-01-website-build.csv,491
ob_000559,kw_000559,,discover,country,United Kingdom,English,Google Search,2025-08-01,2026-07-31,encoded_band,0,0,0,0,-1,Unknown,,,,GBP,zero,2026-09-08,2026-09-08-01-setup,raw/gkp-discover-01-website-build.csv,492
ob_000560,kw_000560,,discover,country,United Kingdom,English,Google Search,2025-08-01,2026-07-31,encoded_band,500,100,1000,0,0,Low,26,,,GBP,returned,2026-09-08,2026-09-08-01-setup,raw/gkp-discover-01-website-build.csv,493
ob_000561,kw_000561,,discover,country,United Kingdom,English,Google Search,2025-08-01,2026-07-31,encoded_band,50,10,100,0,0,Unknown,,,,GBP,returned,2026-09-08,2026-09-08-01-setup,raw/gkp-discover-01-website-build.csv,494
ob_000562,kw_000562,,discover,country,United Kingdom,English,Google Search,2025-08-01,2026-07-31,encoded_band,0,0,0,0,0,Unknown,,,,GBP,zero,2026-09-08,2026-09-08-01-setup,raw/gkp-discover-01-website-build.csv,495
ob_000563,kw_000563,,discover,country,United Kingdom,English,Google Search,2025-08-01,2026-07-31,encoded_band,50,10,100,0,0,Low,0,,,GBP,returned,2026-09-08,2026-09-08-01-setup,raw/gkp-discover-01-website-build.csv,496
ob_000564,kw_000564,,discover,country,United Kingdom,English,Google Search,2025-08-01,2026-07-31,encoded_band,50,10,100,0,0,Unknown,,,,GBP,returned,2026-09-08,2026-09-08-01-setup,raw/gkp-discover-01-website-build.csv,497
ob_000565,kw_000565,,discover,country,United Kingdom,English,Google Search,2025-08-01,2026-07-31,encoded_band,50,10,100,0,-1,Unknown,,,,GBP,returned,2026-09-08,2026-09-08-01-setup,raw/gkp-discover-01-website-build.csv,498
ob_000566,kw_000566,,discover,country,United Kingdom,English,Google Search,2025-08-01,2026-07-31,encoded_band,50,10,100,-1,0,Unknown,,,,GBP,returned,2026-09-08,2026-09-08-01-setup,raw/gkp-discover-01-website-build.csv,499
ob_000567,kw_000567,,discover,country,United Kingdom,English,Google Search,2025-08-01,2026-07-31,encoded_band,50,10,100,-1,0,Unknown,,,,GBP,returned,2026-09-08,2026-09-08-01-setup,raw/gkp-discover-01-website-build.csv,500
ob_000568,kw_000568,,discover,country,United Kingdom,English,Google Search,2025-08-01,2026-07-31,encoded_band,50,10,100,0,,High,86,,,GBP,returned,2026-09-08,2026-09-08-01-setup,raw/gkp-discover-01-website-build.csv,501
ob_000569,kw_000569,,discover,country,United Kingdom,English,Google Search,2025-08-01,2026-07-31,encoded_band,50,10,100,0,0,Low,0,,,GBP,returned,2026-09-08,2026-09-08-01-setup,raw/gkp-discover-01-website-build.csv,502
ob_000570,kw_000570,,discover,country,United Kingdom,English,Google Search,2025-08-01,2026-07-31,encoded_band,50,10,100,0,0,Low,0,,,GBP,returned,2026-09-08,2026-09-08-01-setup,raw/gkp-discover-01-website-build.csv,503
ob_000571,kw_000571,,discover,country,United Kingdom,English,Google Search,2025-08-01,2026-07-31,encoded_band,50,10,100,-1,-1,Unknown,,,,GBP,returned,2026-09-08,2026-09-08-01-setup,raw/gkp-discover-01-website-build.csv,504
ob_000572,kw_000572,,discover,country,United Kingdom,English,Google Search,2025-08-01,2026-07-31,encoded_band,50,10,100,0,-1,Unknown,,,,GBP,returned,2026-09-08,2026-09-08-01-setup,raw/gkp-discover-01-website-build.csv,505
ob_000573,kw_000573,,discover,country,United Kingdom,English,Google Search,2025-08-01,2026-07-31,encoded_band,50,10,100,,,Medium,50,,,GBP,returned,2026-09-08,2026-09-08-01-setup,raw/gkp-discover-01-website-build.csv,506
ob_000574,kw_000574,,discover,country,United Kingdom,English,Google Search,2025-08-01,2026-07-31,encoded_band,50,10,100,0,0,Low,0,,,GBP,returned,2026-09-08,2026-09-08-01-setup,raw/gkp-discover-01-website-build.csv,507
ob_000575,kw_000575,,discover,country,United Kingdom,English,Google Search,2025-08-01,2026-07-31,encoded_band,50,10,100,0,0,Low,0,,,GBP,returned,2026-09-08,2026-09-08-01-setup,raw/gkp-discover-01-website-build.csv,508
ob_000576,kw_000576,,discover,country,United Kingdom,English,Google Search,2025-08-01,2026-07-31,encoded_band,500,100,1000,-0.9,-0.9,Low,10,4.2,17.66,GBP,returned,2026-09-08,2026-09-08-01-setup,raw/gkp-discover-01-website-build.csv,509
ob_000577,kw_000577,,discover,country,United Kingdom,English,Google Search,2025-08-01,2026-07-31,encoded_band,500,100,1000,-0.9,-0.9,Low,6,2.47,8.27,GBP,returned,2026-09-08,2026-09-08-01-setup,raw/gkp-discover-01-website-build.csv,510
ob_000578,kw_000578,,discover,country,United Kingdom,English,Google Search,2025-08-01,2026-07-31,encoded_band,50,10,100,0,-1,Unknown,,,,GBP,returned,2026-09-08,2026-09-08-01-setup,raw/gkp-discover-01-website-build.csv,511
ob_000579,kw_000579,,discover,country,United Kingdom,English,Google Search,2025-08-01,2026-07-31,encoded_band,50,10,100,0,0,Low,0,,,GBP,returned,2026-09-08,2026-09-08-01-setup,raw/gkp-discover-01-website-build.csv,512
ob_000580,kw_000580,,discover,country,United Kingdom,English,Google Search,2025-08-01,2026-07-31,encoded_band,,,,,,Unknown,,,,GBP,absent,2026-09-08,2026-09-08-01-setup,raw/gkp-discover-01-website-build.csv,513
ob_000581,kw_000581,,discover,country,United Kingdom,English,Google Search,2025-08-01,2026-07-31,encoded_band,,,,,,Unknown,,,,GBP,absent,2026-09-08,2026-09-08-01-setup,raw/gkp-discover-01-website-build.csv,514
ob_000582,kw_000582,,discover,country,United Kingdom,English,Google Search,2025-08-01,2026-07-31,encoded_band,500,100,1000,-0.9,0,Low,13,4.96,136.16,GBP,returned,2026-09-08,2026-09-08-01-setup,raw/gkp-discover-02-web-applications.csv,1
ob_000583,kw_000583,,discover,country,United Kingdom,English,Google Search,2025-08-01,2026-07-31,encoded_band,500,100,1000,-0.9,-0.9,Low,23,10.48,36.68,GBP,returned,2026-09-08,2026-09-08-01-setup,raw/gkp-discover-02-web-applications.csv,2
ob_000584,kw_000584,,discover,country,United Kingdom,English,Google Search,2025-08-01,2026-07-31,encoded_band,50,10,100,0,0,Medium,37,6.93,28.58,GBP,returned,2026-09-08,2026-09-08-01-setup,raw/gkp-discover-02-web-applications.csv,3
ob_000585,kw_000585,,discover,country,United Kingdom,English,Google Search,2025-08-01,2026-07-31,encoded_band,50,10,100,0,,Medium,62,,,GBP,returned,2026-09-08,2026-09-08-01-setup,raw/gkp-discover-02-web-applications.csv,4
ob_000586,kw_000586,,discover,country,United Kingdom,English,Google Search,2025-08-01,2026-07-31,encoded_band,50,10,100,0,0,High,71,,,GBP,returned,2026-09-08,2026-09-08-01-setup,raw/gkp-discover-02-web-applications.csv,5
ob_000587,kw_000587,,discover,country,United Kingdom,English,Google Search,2025-08-01,2026-07-31,encoded_band,50,10,100,0,0,Unknown,,,,GBP,returned,2026-09-08,2026-09-08-01-setup,raw/gkp-discover-02-web-applications.csv,6
ob_000588,kw_000588,,discover,country,United Kingdom,English,Google Search,2025-08-01,2026-07-31,encoded_band,50,10,100,-1,0,Unknown,,,,GBP,returned,2026-09-08,2026-09-08-01-setup,raw/gkp-discover-02-web-applications.csv,7
ob_000589,kw_000589,,discover,country,United Kingdom,English,Google Search,2025-08-01,2026-07-31,encoded_band,500,100,1000,0,-0.9,Medium,49,5.76,30.46,GBP,returned,2026-09-08,2026-09-08-01-setup,raw/gkp-discover-02-web-applications.csv,8
ob_000590,kw_000590,,discover,country,United Kingdom,English,Google Search,2025-08-01,2026-07-31,encoded_band,500,100,1000,0,0,Medium,52,7.21,40.82,GBP,returned,2026-09-08,2026-09-08-01-setup,raw/gkp-discover-02-web-applications.csv,9
ob_000591,kw_000591,,discover,country,United Kingdom,English,Google Search,2025-08-01,2026-07-31,encoded_band,500,100,1000,0,0,Medium,52,7.21,40.82,GBP,returned,2026-09-08,2026-09-08-01-setup,raw/gkp-discover-02-web-applications.csv,10
ob_000592,kw_000592,,discover,country,United Kingdom,English,Google Search,2025-08-01,2026-07-31,encoded_band,50,10,100,0,0,Medium,66,11.84,26.39,GBP,returned,2026-09-08,2026-09-08-01-setup,raw/gkp-discover-02-web-applications.csv,11
ob_000593,kw_000593,,discover,country,United Kingdom,English,Google Search,2025-08-01,2026-07-31,encoded_band,500,100,1000,-0.9,-0.9,Low,26,22.01,110.71,GBP,returned,2026-09-08,2026-09-08-01-setup,raw/gkp-discover-02-web-applications.csv,12
ob_000594,kw_000594,,discover,country,United Kingdom,English,Google Search,2025-08-01,2026-07-31,encoded_band,500,100,1000,0,0,Medium,37,13.98,122.04,GBP,returned,2026-09-08,2026-09-08-01-setup,raw/gkp-discover-02-web-applications.csv,13
ob_000595,kw_000595,,discover,country,United Kingdom,English,Google Search,2025-08-01,2026-07-31,encoded_band,500,100,1000,0,0,Low,29,5.87,22.14,GBP,returned,2026-09-08,2026-09-08-01-setup,raw/gkp-discover-02-web-applications.csv,14
ob_000596,kw_000596,,discover,country,United Kingdom,English,Google Search,2025-08-01,2026-07-31,encoded_band,50,10,100,0,0,Medium,35,3.98,17.82,GBP,returned,2026-09-08,2026-09-08-01-setup,raw/gkp-discover-02-web-applications.csv,15
ob_000597,kw_000597,,discover,country,United Kingdom,English,Google Search,2025-08-01,2026-07-31,encoded_band,50,10,100,-1,-1,Unknown,,,,GBP,returned,2026-09-08,2026-09-08-01-setup,raw/gkp-discover-02-web-applications.csv,16
ob_000598,kw_000598,,discover,country,United Kingdom,English,Google Search,2025-08-01,2026-07-31,encoded_band,50,10,100,0,0,High,86,,,GBP,returned,2026-09-08,2026-09-08-01-setup,raw/gkp-discover-02-web-applications.csv,17
ob_000599,kw_000599,,discover,country,United Kingdom,English,Google Search,2025-08-01,2026-07-31,encoded_band,50,10,100,0,0,Medium,64,6.99,30.64,GBP,returned,2026-09-08,2026-09-08-01-setup,raw/gkp-discover-02-web-applications.csv,18
ob_000600,kw_000600,,discover,country,United Kingdom,English,Google Search,2025-08-01,2026-07-31,encoded_band,50,10,100,0,-1,Unknown,,,,GBP,returned,2026-09-08,2026-09-08-01-setup,raw/gkp-discover-02-web-applications.csv,19
ob_000601,kw_000601,,discover,country,United Kingdom,English,Google Search,2025-08-01,2026-07-31,encoded_band,500,100,1000,0,-0.9,Medium,49,5.76,30.46,GBP,returned,2026-09-08,2026-09-08-01-setup,raw/gkp-discover-02-web-applications.csv,20
ob_000602,kw_000602,,discover,country,United Kingdom,English,Google Search,2025-08-01,2026-07-31,encoded_band,50,10,100,0,0,Low,6,,,GBP,returned,2026-09-08,2026-09-08-01-setup,raw/gkp-discover-02-web-applications.csv,21
ob_000603,kw_000603,,discover,country,United Kingdom,English,Google Search,2025-08-01,2026-07-31,encoded_band,50,10,100,0,0,High,70,15.84,43.58,GBP,returned,2026-09-08,2026-09-08-01-setup,raw/gkp-discover-02-web-applications.csv,22
ob_000604,kw_000604,,discover,country,United Kingdom,English,Google Search,2025-08-01,2026-07-31,encoded_band,50,10,100,0,0,Low,0,,,GBP,returned,2026-09-08,2026-09-08-01-setup,raw/gkp-discover-02-web-applications.csv,23
ob_000605,kw_000605,,discover,country,United Kingdom,English,Google Search,2025-08-01,2026-07-31,encoded_band,50,10,100,-0.9,0,Low,17,15.38,31.36,GBP,returned,2026-09-08,2026-09-08-01-setup,raw/gkp-discover-02-web-applications.csv,24
ob_000606,kw_000606,,discover,country,United Kingdom,English,Google Search,2025-08-01,2026-07-31,encoded_band,50,10,100,0,0,Medium,55,14.39,52.67,GBP,returned,2026-09-08,2026-09-08-01-setup,raw/gkp-discover-02-web-applications.csv,25
ob_000607,kw_000607,,discover,country,United Kingdom,English,Google Search,2025-08-01,2026-07-31,encoded_band,50,10,100,0,0,High,86,,,GBP,returned,2026-09-08,2026-09-08-01-setup,raw/gkp-discover-02-web-applications.csv,26
ob_000608,kw_000608,,discover,country,United Kingdom,English,Google Search,2025-08-01,2026-07-31,encoded_band,50,10,100,0,0,Low,23,4.48,20.38,GBP,returned,2026-09-08,2026-09-08-01-setup,raw/gkp-discover-02-web-applications.csv,27
ob_000609,kw_000609,,discover,country,United Kingdom,English,Google Search,2025-08-01,2026-07-31,encoded_band,50,10,100,,0,Medium,57,4.24,6.41,GBP,returned,2026-09-08,2026-09-08-01-setup,raw/gkp-discover-02-web-applications.csv,28
ob_000610,kw_000610,,discover,country,United Kingdom,English,Google Search,2025-08-01,2026-07-31,encoded_band,50,10,100,0,0,Medium,43,,,GBP,returned,2026-09-08,2026-09-08-01-setup,raw/gkp-discover-02-web-applications.csv,29
ob_000611,kw_000611,,discover,country,United Kingdom,English,Google Search,2025-08-01,2026-07-31,encoded_band,50,10,100,0,0,Low,25,,,GBP,returned,2026-09-08,2026-09-08-01-setup,raw/gkp-discover-02-web-applications.csv,30
ob_000612,kw_000612,,discover,country,United Kingdom,English,Google Search,2025-08-01,2026-07-31,encoded_band,50,10,100,0,0,Unknown,,,,GBP,returned,2026-09-08,2026-09-08-01-setup,raw/gkp-discover-02-web-applications.csv,31
ob_000613,kw_000613,,discover,country,United Kingdom,English,Google Search,2025-08-01,2026-07-31,encoded_band,50,10,100,0,0,Low,18,13.68,48.15,GBP,returned,2026-09-08,2026-09-08-01-setup,raw/gkp-discover-02-web-applications.csv,32
ob_000614,kw_000614,,discover,country,United Kingdom,English,Google Search,2025-08-01,2026-07-31,encoded_band,50,10,100,0,0,High,86,,,GBP,returned,2026-09-08,2026-09-08-01-setup,raw/gkp-discover-02-web-applications.csv,33
ob_000615,kw_000615,,discover,country,United Kingdom,English,Google Search,2025-08-01,2026-07-31,encoded_band,50,10,100,0,0,High,86,,,GBP,returned,2026-09-08,2026-09-08-01-setup,raw/gkp-discover-02-web-applications.csv,34
ob_000616,kw_000616,,discover,country,United Kingdom,English,Google Search,2025-08-01,2026-07-31,encoded_band,50,10,100,0,,High,71,,,GBP,returned,2026-09-08,2026-09-08-01-setup,raw/gkp-discover-02-web-applications.csv,35
ob_000617,kw_000617,,discover,country,United Kingdom,English,Google Search,2025-08-01,2026-07-31,encoded_band,50,10,100,0,-1,Unknown,,,,GBP,returned,2026-09-08,2026-09-08-01-setup,raw/gkp-discover-02-web-applications.csv,36
ob_000618,kw_000618,,discover,country,United Kingdom,English,Google Search,2025-08-01,2026-07-31,encoded_band,50,10,100,,0,High,71,,,GBP,returned,2026-09-08,2026-09-08-01-setup,raw/gkp-discover-02-web-applications.csv,37
ob_000619,kw_000115,,discover,country,United Kingdom,English,Google Search,2025-08-01,2026-07-31,encoded_band,50,10,100,0,0,Low,27,,,GBP,returned,2026-09-08,2026-09-08-01-setup,raw/gkp-discover-02-web-applications.csv,38
ob_000620,kw_000619,,discover,country,United Kingdom,English,Google Search,2025-08-01,2026-07-31,encoded_band,500,100,1000,-0.9,0,Low,21,23.31,95.48,GBP,returned,2026-09-08,2026-09-08-01-setup,raw/gkp-discover-02-web-applications.csv,39
ob_000621,kw_000620,,discover,country,United Kingdom,English,Google Search,2025-08-01,2026-07-31,encoded_band,50,10,100,0,0,Low,9,,,GBP,returned,2026-09-08,2026-09-08-01-setup,raw/gkp-discover-02-web-applications.csv,40
ob_000622,kw_000621,,discover,country,United Kingdom,English,Google Search,2025-08-01,2026-07-31,encoded_band,500,100,1000,-0.9,0,Low,21,23.31,95.48,GBP,returned,2026-09-08,2026-09-08-01-setup,raw/gkp-discover-02-web-applications.csv,41
ob_000623,kw_000622,,discover,country,United Kingdom,English,Google Search,2025-08-01,2026-07-31,encoded_band,50,10,100,0,-1,Unknown,,,,GBP,returned,2026-09-08,2026-09-08-01-setup,raw/gkp-discover-02-web-applications.csv,42
ob_000624,kw_000623,,discover,country,United Kingdom,English,Google Search,2025-08-01,2026-07-31,encoded_band,500,100,1000,0,0,High,67,7.47,43.14,GBP,returned,2026-09-08,2026-09-08-01-setup,raw/gkp-discover-02-web-applications.csv,43
ob_000625,kw_000624,,discover,country,United Kingdom,English,Google Search,2025-08-01,2026-07-31,encoded_band,50,10,100,-1,-1,Unknown,,,,GBP,returned,2026-09-08,2026-09-08-01-setup,raw/gkp-discover-02-web-applications.csv,44
ob_000626,kw_000625,,discover,country,United Kingdom,English,Google Search,2025-08-01,2026-07-31,encoded_band,50,10,100,0,0,High,82,5.46,59.05,GBP,returned,2026-09-08,2026-09-08-01-setup,raw/gkp-discover-02-web-applications.csv,45
ob_000627,kw_000626,,discover,country,United Kingdom,English,Google Search,2025-08-01,2026-07-31,encoded_band,50,10,100,0,0,High,79,,,GBP,returned,2026-09-08,2026-09-08-01-setup,raw/gkp-discover-02-web-applications.csv,46
ob_000628,kw_000627,,discover,country,United Kingdom,English,Google Search,2025-08-01,2026-07-31,encoded_band,50,10,100,0,0,Low,0,,,GBP,returned,2026-09-08,2026-09-08-01-setup,raw/gkp-discover-02-web-applications.csv,47
ob_000629,kw_000628,,discover,country,United Kingdom,English,Google Search,2025-08-01,2026-07-31,encoded_band,50,10,100,0,0,Low,28,21.63,44.48,GBP,returned,2026-09-08,2026-09-08-01-setup,raw/gkp-discover-02-web-applications.csv,48
ob_000630,kw_000629,,discover,country,United Kingdom,English,Google Search,2025-08-01,2026-07-31,encoded_band,50,10,100,,0,High,86,,,GBP,returned,2026-09-08,2026-09-08-01-setup,raw/gkp-discover-02-web-applications.csv,49
ob_000631,kw_000630,,discover,country,United Kingdom,English,Google Search,2025-08-01,2026-07-31,encoded_band,50,10,100,0,0,Low,27,8.74,26.62,GBP,returned,2026-09-08,2026-09-08-01-setup,raw/gkp-discover-02-web-applications.csv,50
ob_000632,kw_000128,,discover,country,United Kingdom,English,Google Search,2025-08-01,2026-07-31,encoded_band,50,10,100,0,0,Low,19,,,GBP,returned,2026-09-08,2026-09-08-01-setup,raw/gkp-discover-02-web-applications.csv,51
ob_000633,kw_000631,,discover,country,United Kingdom,English,Google Search,2025-08-01,2026-07-31,encoded_band,50,10,100,0,-1,Unknown,,,,GBP,returned,2026-09-08,2026-09-08-01-setup,raw/gkp-discover-02-web-applications.csv,52
ob_000634,kw_000632,,discover,country,United Kingdom,English,Google Search,2025-08-01,2026-07-31,encoded_band,50,10,100,0,0,Low,7,,,GBP,returned,2026-09-08,2026-09-08-01-setup,raw/gkp-discover-02-web-applications.csv,53
ob_000635,kw_000633,,discover,country,United Kingdom,English,Google Search,2025-08-01,2026-07-31,encoded_band,50,10,100,-1,-1,Unknown,,,,GBP,returned,2026-09-08,2026-09-08-01-setup,raw/gkp-discover-02-web-applications.csv,54
ob_000636,kw_000634,,discover,country,United Kingdom,English,Google Search,2025-08-01,2026-07-31,encoded_band,500,100,1000,-0.9,-0.9,Low,23,10.48,36.68,GBP,returned,2026-09-08,2026-09-08-01-setup,raw/gkp-discover-02-web-applications.csv,55
ob_000637,kw_000635,,discover,country,United Kingdom,English,Google Search,2025-08-01,2026-07-31,encoded_band,50,10,100,0,0,High,86,4.36,9.46,GBP,returned,2026-09-08,2026-09-08-01-setup,raw/gkp-discover-02-web-applications.csv,56
ob_000638,kw_000636,,discover,country,United Kingdom,English,Google Search,2025-08-01,2026-07-31,encoded_band,50,10,100,0,0,High,71,12.47,50.33,GBP,returned,2026-09-08,2026-09-08-01-setup,raw/gkp-discover-02-web-applications.csv,57
ob_000639,kw_000637,,discover,country,United Kingdom,English,Google Search,2025-08-01,2026-07-31,encoded_band,50,10,100,0,,High,90,,,GBP,returned,2026-09-08,2026-09-08-01-setup,raw/gkp-discover-02-web-applications.csv,58
ob_000640,kw_000638,,discover,country,United Kingdom,English,Google Search,2025-08-01,2026-07-31,encoded_band,50,10,100,0,0,Medium,51,5.33,31.33,GBP,returned,2026-09-08,2026-09-08-01-setup,raw/gkp-discover-02-web-applications.csv,59
ob_000641,kw_000639,,discover,country,United Kingdom,English,Google Search,2025-08-01,2026-07-31,encoded_band,500,100,1000,-0.9,-0.9,Low,23,10.48,36.68,GBP,returned,2026-09-08,2026-09-08-01-setup,raw/gkp-discover-02-web-applications.csv,60
ob_000642,kw_000640,,discover,country,United Kingdom,English,Google Search,2025-08-01,2026-07-31,encoded_band,500,100,1000,9,0,Low,25,2.66,14.87,GBP,returned,2026-09-08,2026-09-08-01-setup,raw/gkp-discover-02-web-applications.csv,61
ob_000643,kw_000641,,discover,country,United Kingdom,English,Google Search,2025-08-01,2026-07-31,encoded_band,50,10,100,0,0,Medium,50,,,GBP,returned,2026-09-08,2026-09-08-01-setup,raw/gkp-discover-02-web-applications.csv,62
ob_000644,kw_000642,,discover,country,United Kingdom,English,Google Search,2025-08-01,2026-07-31,encoded_band,500,100,1000,0,0,Low,10,,,GBP,returned,2026-09-08,2026-09-08-01-setup,raw/gkp-discover-02-web-applications.csv,63
ob_000645,kw_000643,,discover,country,United Kingdom,English,Google Search,2025-08-01,2026-07-31,encoded_band,50,10,100,0,0,Low,6,,,GBP,returned,2026-09-08,2026-09-08-01-setup,raw/gkp-discover-02-web-applications.csv,64
ob_000646,kw_000644,,discover,country,United Kingdom,English,Google Search,2025-08-01,2026-07-31,encoded_band,50,10,100,0,0,High,71,,,GBP,returned,2026-09-08,2026-09-08-01-setup,raw/gkp-discover-02-web-applications.csv,65
ob_000647,kw_000645,,discover,country,United Kingdom,English,Google Search,2025-08-01,2026-07-31,encoded_band,50,10,100,0,0,High,86,,,GBP,returned,2026-09-08,2026-09-08-01-setup,raw/gkp-discover-02-web-applications.csv,66
ob_000648,kw_000646,,discover,country,United Kingdom,English,Google Search,2025-08-01,2026-07-31,encoded_band,50,10,100,0,0,Low,14,24.37,95.15,GBP,returned,2026-09-08,2026-09-08-01-setup,raw/gkp-discover-02-web-applications.csv,67
ob_000649,kw_000647,,discover,country,United Kingdom,English,Google Search,2025-08-01,2026-07-31,encoded_band,500,100,1000,0,0,Low,10,,,GBP,returned,2026-09-08,2026-09-08-01-setup,raw/gkp-discover-02-web-applications.csv,68
ob_000650,kw_000156,,discover,country,United Kingdom,English,Google Search,2025-08-01,2026-07-31,encoded_band,50,10,100,0,0,Low,32,,,GBP,returned,2026-09-08,2026-09-08-01-setup,raw/gkp-discover-02-web-applications.csv,69
ob_000651,kw_000648,,discover,country,United Kingdom,English,Google Search,2025-08-01,2026-07-31,encoded_band,50,10,100,0,0,Low,21,,,GBP,returned,2026-09-08,2026-09-08-01-setup,raw/gkp-discover-02-web-applications.csv,70
ob_000652,kw_000649,,discover,country,United Kingdom,English,Google Search,2025-08-01,2026-07-31,encoded_band,50,10,100,0,0,Low,1,,,GBP,returned,2026-09-08,2026-09-08-01-setup,raw/gkp-discover-02-web-applications.csv,71
ob_000653,kw_000650,,discover,country,United Kingdom,English,Google Search,2025-08-01,2026-07-31,encoded_band,50,10,100,0,0,Low,27,,,GBP,returned,2026-09-08,2026-09-08-01-setup,raw/gkp-discover-02-web-applications.csv,72
ob_000654,kw_000161,,discover,country,United Kingdom,English,Google Search,2025-08-01,2026-07-31,encoded_band,50,10,100,0,0,Low,19,15.07,30.76,GBP,returned,2026-09-08,2026-09-08-01-setup,raw/gkp-discover-02-web-applications.csv,73
ob_000655,kw_000651,,discover,country,United Kingdom,English,Google Search,2025-08-01,2026-07-31,encoded_band,50,10,100,0,0,Low,21,21.82,95.15,GBP,returned,2026-09-08,2026-09-08-01-setup,raw/gkp-discover-02-web-applications.csv,74
ob_000656,kw_000652,,discover,country,United Kingdom,English,Google Search,2025-08-01,2026-07-31,encoded_band,0,0,0,0,0,Unknown,,,,GBP,zero,2026-09-08,2026-09-08-01-setup,raw/gkp-discover-02-web-applications.csv,75
ob_000657,kw_000653,,discover,country,United Kingdom,English,Google Search,2025-08-01,2026-07-31,encoded_band,50,10,100,0,0,Low,0,,,GBP,returned,2026-09-08,2026-09-08-01-setup,raw/gkp-discover-02-web-applications.csv,76
ob_000658,kw_000654,,discover,country,United Kingdom,English,Google Search,2025-08-01,2026-07-31,encoded_band,50,10,100,0,-1,Unknown,,,,GBP,returned,2026-09-08,2026-09-08-01-setup,raw/gkp-discover-02-web-applications.csv,77
ob_000659,kw_000655,,discover,country,United Kingdom,English,Google Search,2025-08-01,2026-07-31,encoded_band,500,100,1000,0,0,Medium,49,5.38,29.14,GBP,returned,2026-09-08,2026-09-08-01-setup,raw/gkp-discover-02-web-applications.csv,78
ob_000660,kw_000656,,discover,country,United Kingdom,English,Google Search,2025-08-01,2026-07-31,encoded_band,50,10,100,0,0,Low,0,,,GBP,returned,2026-09-08,2026-09-08-01-setup,raw/gkp-discover-02-web-applications.csv,79
ob_000661,kw_000657,,discover,country,United Kingdom,English,Google Search,2025-08-01,2026-07-31,encoded_band,500,100,1000,0,0,Medium,52,7.21,40.82,GBP,returned,2026-09-08,2026-09-08-01-setup,raw/gkp-discover-02-web-applications.csv,80
ob_000662,kw_000658,,discover,country,United Kingdom,English,Google Search,2025-08-01,2026-07-31,encoded_band,500,100,1000,-0.9,0,Low,10,7.21,73.43,GBP,returned,2026-09-08,2026-09-08-01-setup,raw/gkp-discover-02-web-applications.csv,81
ob_000663,kw_000659,,discover,country,United Kingdom,English,Google Search,2025-08-01,2026-07-31,encoded_band,50,10,100,0,0,Low,2,,,GBP,returned,2026-09-08,2026-09-08-01-setup,raw/gkp-discover-02-web-applications.csv,82
ob_000664,kw_000660,,discover,country,United Kingdom,English,Google Search,2025-08-01,2026-07-31,encoded_band,50,10,100,0,-1,Unknown,,,,GBP,returned,2026-09-08,2026-09-08-01-setup,raw/gkp-discover-02-web-applications.csv,83
ob_000665,kw_000175,,discover,country,United Kingdom,English,Google Search,2025-08-01,2026-07-31,encoded_band,50,10,100,0,0,Unknown,,,,GBP,returned,2026-09-08,2026-09-08-01-setup,raw/gkp-discover-02-web-applications.csv,84
ob_000666,kw_000661,,discover,country,United Kingdom,English,Google Search,2025-08-01,2026-07-31,encoded_band,50,10,100,0,0,Unknown,,,,GBP,returned,2026-09-08,2026-09-08-01-setup,raw/gkp-discover-02-web-applications.csv,85
ob_000667,kw_000662,,discover,country,United Kingdom,English,Google Search,2025-08-01,2026-07-31,encoded_band,50,10,100,0,0,Unknown,,,,GBP,returned,2026-09-08,2026-09-08-01-setup,raw/gkp-discover-02-web-applications.csv,86
ob_000668,kw_000663,,discover,country,United Kingdom,English,Google Search,2025-08-01,2026-07-31,encoded_band,50,10,100,0,0,Low,8,,,GBP,returned,2026-09-08,2026-09-08-01-setup,raw/gkp-discover-02-web-applications.csv,87
ob_000669,kw_000664,,discover,country,United Kingdom,English,Google Search,2025-08-01,2026-07-31,encoded_band,50,10,100,0,0,Low,9,6.59,23,GBP,returned,2026-09-08,2026-09-08-01-setup,raw/gkp-discover-02-web-applications.csv,88
ob_000670,kw_000665,,discover,country,United Kingdom,English,Google Search,2025-08-01,2026-07-31,encoded_band,50,10,100,-1,-1,Unknown,,,,GBP,returned,2026-09-08,2026-09-08-01-setup,raw/gkp-discover-02-web-applications.csv,89
ob_000671,kw_000666,,discover,country,United Kingdom,English,Google Search,2025-08-01,2026-07-31,encoded_band,50,10,100,0,,High,71,,,GBP,returned,2026-09-08,2026-09-08-01-setup,raw/gkp-discover-02-web-applications.csv,90
ob_000672,kw_000667,,discover,country,United Kingdom,English,Google Search,2025-08-01,2026-07-31,encoded_band,50,10,100,0,0,Low,28,21.63,44.48,GBP,returned,2026-09-08,2026-09-08-01-setup,raw/gkp-discover-02-web-applications.csv,91
ob_000673,kw_000668,,discover,country,United Kingdom,English,Google Search,2025-08-01,2026-07-31,encoded_band,50,10,100,0,0,Unknown,,,,GBP,returned,2026-09-08,2026-09-08-01-setup,raw/gkp-discover-02-web-applications.csv,92
ob_000674,kw_000669,,discover,country,United Kingdom,English,Google Search,2025-08-01,2026-07-31,encoded_band,50,10,100,-1,-1,Unknown,,,,GBP,returned,2026-09-08,2026-09-08-01-setup,raw/gkp-discover-02-web-applications.csv,93
ob_000675,kw_000187,,discover,country,United Kingdom,English,Google Search,2025-08-01,2026-07-31,encoded_band,50,10,100,0,0,Low,19,13.98,33.8,GBP,returned,2026-09-08,2026-09-08-01-setup,raw/gkp-discover-02-web-applications.csv,94
ob_000676,kw_000670,,discover,country,United Kingdom,English,Google Search,2025-08-01,2026-07-31,encoded_band,50,10,100,0,0,Low,11,,,GBP,returned,2026-09-08,2026-09-08-01-setup,raw/gkp-discover-02-web-applications.csv,95
ob_000677,kw_000671,,discover,country,United Kingdom,English,Google Search,2025-08-01,2026-07-31,encoded_band,50,10,100,0,0,Low,0,,,GBP,returned,2026-09-08,2026-09-08-01-setup,raw/gkp-discover-02-web-applications.csv,96
ob_000678,kw_000672,,discover,country,United Kingdom,English,Google Search,2025-08-01,2026-07-31,encoded_band,500,100,1000,0,0,Low,21,7.89,27.35,GBP,returned,2026-09-08,2026-09-08-01-setup,raw/gkp-discover-02-web-applications.csv,97
ob_000679,kw_000197,,discover,country,United Kingdom,English,Google Search,2025-08-01,2026-07-31,encoded_band,50,10,100,0,0,Low,0,,,GBP,returned,2026-09-08,2026-09-08-01-setup,raw/gkp-discover-02-web-applications.csv,98
ob_000680,kw_000673,,discover,country,United Kingdom,English,Google Search,2025-08-01,2026-07-31,encoded_band,50,10,100,0,0,Low,0,,,GBP,returned,2026-09-08,2026-09-08-01-setup,raw/gkp-discover-02-web-applications.csv,99
ob_000681,kw_000200,,discover,country,United Kingdom,English,Google Search,2025-08-01,2026-07-31,encoded_band,50,10,100,0,0,Low,17,,,GBP,returned,2026-09-08,2026-09-08-01-setup,raw/gkp-discover-02-web-applications.csv,100
ob_000682,kw_000674,,discover,country,United Kingdom,English,Google Search,2025-08-01,2026-07-31,encoded_band,50,10,100,0,0,Low,0,,,GBP,returned,2026-09-08,2026-09-08-01-setup,raw/gkp-discover-02-web-applications.csv,101
ob_000683,kw_000675,,discover,country,United Kingdom,English,Google Search,2025-08-01,2026-07-31,encoded_band,50,10,100,0,0,Low,29,,,GBP,returned,2026-09-08,2026-09-08-01-setup,raw/gkp-discover-02-web-applications.csv,102
ob_000684,kw_000676,,discover,country,United Kingdom,English,Google Search,2025-08-01,2026-07-31,encoded_band,50,10,100,0,0,High,71,,,GBP,returned,2026-09-08,2026-09-08-01-setup,raw/gkp-discover-02-web-applications.csv,103
ob_000685,kw_000677,,discover,country,United Kingdom,English,Google Search,2025-08-01,2026-07-31,encoded_band,50,10,100,0,0,Low,19,,,GBP,returned,2026-09-08,2026-09-08-01-setup,raw/gkp-discover-02-web-applications.csv,104
ob_000686,kw_000678,,discover,country,United Kingdom,English,Google Search,2025-08-01,2026-07-31,encoded_band,500,100,1000,0,0,Medium,37,15.24,55.51,GBP,returned,2026-09-08,2026-09-08-01-setup,raw/gkp-discover-02-web-applications.csv,105
ob_000687,kw_000679,,discover,country,United Kingdom,English,Google Search,2025-08-01,2026-07-31,encoded_band,50,10,100,0,0,Low,24,14.97,39.78,GBP,returned,2026-09-08,2026-09-08-01-setup,raw/gkp-discover-02-web-applications.csv,106
ob_000688,kw_000680,,discover,country,United Kingdom,English,Google Search,2025-08-01,2026-07-31,encoded_band,50,10,100,0,0,High,74,9.12,23.11,GBP,returned,2026-09-08,2026-09-08-01-setup,raw/gkp-discover-02-web-applications.csv,107
ob_000689,kw_000681,,discover,country,United Kingdom,English,Google Search,2025-08-01,2026-07-31,encoded_band,50,10,100,0,0,Low,0,,,GBP,returned,2026-09-08,2026-09-08-01-setup,raw/gkp-discover-02-web-applications.csv,108
ob_000690,kw_000682,,discover,country,United Kingdom,English,Google Search,2025-08-01,2026-07-31,encoded_band,50,10,100,-1,-1,Unknown,,,,GBP,returned,2026-09-08,2026-09-08-01-setup,raw/gkp-discover-02-web-applications.csv,109
ob_000691,kw_000683,,discover,country,United Kingdom,English,Google Search,2025-08-01,2026-07-31,encoded_band,50,10,100,0,0,Low,24,3.72,26.7,GBP,returned,2026-09-08,2026-09-08-01-setup,raw/gkp-discover-02-web-applications.csv,110
ob_000692,kw_000684,,discover,country,United Kingdom,English,Google Search,2025-08-01,2026-07-31,encoded_band,50,10,100,0,0,Unknown,,,,GBP,returned,2026-09-08,2026-09-08-01-setup,raw/gkp-discover-02-web-applications.csv,111
ob_000693,kw_000685,,discover,country,United Kingdom,English,Google Search,2025-08-01,2026-07-31,encoded_band,50,10,100,-1,-1,Unknown,,,,GBP,returned,2026-09-08,2026-09-08-01-setup,raw/gkp-discover-02-web-applications.csv,112
ob_000694,kw_000686,,discover,country,United Kingdom,English,Google Search,2025-08-01,2026-07-31,encoded_band,500,100,1000,0,0,Low,13,6.41,8.94,GBP,returned,2026-09-08,2026-09-08-01-setup,raw/gkp-discover-02-web-applications.csv,113
ob_000695,kw_000687,,discover,country,United Kingdom,English,Google Search,2025-08-01,2026-07-31,encoded_band,50,10,100,0,0,Low,6,,,GBP,returned,2026-09-08,2026-09-08-01-setup,raw/gkp-discover-02-web-applications.csv,114
ob_000696,kw_000688,,discover,country,United Kingdom,English,Google Search,2025-08-01,2026-07-31,encoded_band,50,10,100,,,High,71,,,GBP,returned,2026-09-08,2026-09-08-01-setup,raw/gkp-discover-02-web-applications.csv,115
ob_000697,kw_000689,,discover,country,United Kingdom,English,Google Search,2025-08-01,2026-07-31,encoded_band,500,100,1000,-0.9,-0.9,Low,23,10.48,36.68,GBP,returned,2026-09-08,2026-09-08-01-setup,raw/gkp-discover-02-web-applications.csv,116
ob_000698,kw_000690,,discover,country,United Kingdom,English,Google Search,2025-08-01,2026-07-31,encoded_band,500,100,1000,-0.9,-0.9,Low,0,,,GBP,returned,2026-09-08,2026-09-08-01-setup,raw/gkp-discover-02-web-applications.csv,117
ob_000699,kw_000691,,discover,country,United Kingdom,English,Google Search,2025-08-01,2026-07-31,encoded_band,50,10,100,-1,-1,Unknown,,,,GBP,returned,2026-09-08,2026-09-08-01-setup,raw/gkp-discover-02-web-applications.csv,118
ob_000700,kw_000692,,discover,country,United Kingdom,English,Google Search,2025-08-01,2026-07-31,encoded_band,50,10,100,0,0,Unknown,,,,GBP,returned,2026-09-08,2026-09-08-01-setup,raw/gkp-discover-02-web-applications.csv,119
ob_000701,kw_000693,,discover,country,United Kingdom,English,Google Search,2025-08-01,2026-07-31,encoded_band,50,10,100,0,0,Low,21,35.66,113.26,GBP,returned,2026-09-08,2026-09-08-01-setup,raw/gkp-discover-02-web-applications.csv,120
ob_000702,kw_000694,,discover,country,United Kingdom,English,Google Search,2025-08-01,2026-07-31,encoded_band,50,10,100,0,0,Medium,38,,,GBP,returned,2026-09-08,2026-09-08-01-setup,raw/gkp-discover-02-web-applications.csv,121
ob_000703,kw_000695,,discover,country,United Kingdom,English,Google Search,2025-08-01,2026-07-31,encoded_band,500,100,1000,-0.9,-0.9,Low,23,10.48,36.68,GBP,returned,2026-09-08,2026-09-08-01-setup,raw/gkp-discover-02-web-applications.csv,122
ob_000704,kw_000696,,discover,country,United Kingdom,English,Google Search,2025-08-01,2026-07-31,encoded_band,50,10,100,0,0,Low,8,,,GBP,returned,2026-09-08,2026-09-08-01-setup,raw/gkp-discover-02-web-applications.csv,123
ob_000705,kw_000697,,discover,country,United Kingdom,English,Google Search,2025-08-01,2026-07-31,encoded_band,500,100,1000,-0.9,-0.9,Low,23,10.48,36.68,GBP,returned,2026-09-08,2026-09-08-01-setup,raw/gkp-discover-02-web-applications.csv,124
ob_000706,kw_000698,,discover,country,United Kingdom,English,Google Search,2025-08-01,2026-07-31,encoded_band,50,10,100,-1,0,Unknown,,,,GBP,returned,2026-09-08,2026-09-08-01-setup,raw/gkp-discover-02-web-applications.csv,125
ob_000707,kw_000699,,discover,country,United Kingdom,English,Google Search,2025-08-01,2026-07-31,encoded_band,0,0,0,0,-1,Unknown,,,,GBP,zero,2026-09-08,2026-09-08-01-setup,raw/gkp-discover-02-web-applications.csv,126
ob_000708,kw_000240,,discover,country,United Kingdom,English,Google Search,2025-08-01,2026-07-31,encoded_band,50,10,100,0,0,Low,0,,,GBP,returned,2026-09-08,2026-09-08-01-setup,raw/gkp-discover-02-web-applications.csv,127
ob_000709,kw_000700,,discover,country,United Kingdom,English,Google Search,2025-08-01,2026-07-31,encoded_band,50,10,100,0,0,Low,0,,,GBP,returned,2026-09-08,2026-09-08-01-setup,raw/gkp-discover-02-web-applications.csv,128
ob_000710,kw_000241,,discover,country,United Kingdom,English,Google Search,2025-08-01,2026-07-31,encoded_band,50,10,100,0,0,Low,19,,,GBP,returned,2026-09-08,2026-09-08-01-setup,raw/gkp-discover-02-web-applications.csv,129
ob_000711,kw_000701,,discover,country,United Kingdom,English,Google Search,2025-08-01,2026-07-31,encoded_band,50,10,100,0,0,Low,11,16.93,36.38,GBP,returned,2026-09-08,2026-09-08-01-setup,raw/gkp-discover-02-web-applications.csv,130
ob_000712,kw_000702,,discover,country,United Kingdom,English,Google Search,2025-08-01,2026-07-31,encoded_band,50,10,100,0,0,Low,0,,,GBP,returned,2026-09-08,2026-09-08-01-setup,raw/gkp-discover-02-web-applications.csv,131
ob_000713,kw_000703,,discover,country,United Kingdom,English,Google Search,2025-08-01,2026-07-31,encoded_band,50,10,100,0,0,Low,30,8.74,25.54,GBP,returned,2026-09-08,2026-09-08-01-setup,raw/gkp-discover-02-web-applications.csv,132
ob_000714,kw_000704,,discover,country,United Kingdom,English,Google Search,2025-08-01,2026-07-31,encoded_band,50,10,100,-1,-1,Unknown,,,,GBP,returned,2026-09-08,2026-09-08-01-setup,raw/gkp-discover-02-web-applications.csv,133
ob_000715,kw_000705,,discover,country,United Kingdom,English,Google Search,2025-08-01,2026-07-31,encoded_band,50,10,100,0,0,Low,29,,,GBP,returned,2026-09-08,2026-09-08-01-setup,raw/gkp-discover-02-web-applications.csv,134
ob_000716,kw_000706,,discover,country,United Kingdom,English,Google Search,2025-08-01,2026-07-31,encoded_band,50,10,100,0,0,Low,11,,,GBP,returned,2026-09-08,2026-09-08-01-setup,raw/gkp-discover-02-web-applications.csv,135
ob_000717,kw_000707,,discover,country,United Kingdom,English,Google Search,2025-08-01,2026-07-31,encoded_band,50,10,100,0,0,Unknown,,,,GBP,returned,2026-09-08,2026-09-08-01-setup,raw/gkp-discover-02-web-applications.csv,136
ob_000718,kw_000708,,discover,country,United Kingdom,English,Google Search,2025-08-01,2026-07-31,encoded_band,50,10,100,-1,-1,Unknown,,,,GBP,returned,2026-09-08,2026-09-08-01-setup,raw/gkp-discover-02-web-applications.csv,137
ob_000719,kw_000709,,discover,country,United Kingdom,English,Google Search,2025-08-01,2026-07-31,encoded_band,50,10,100,0,0,Low,6,,,GBP,returned,2026-09-08,2026-09-08-01-setup,raw/gkp-discover-02-web-applications.csv,138
ob_000720,kw_000710,,discover,country,United Kingdom,English,Google Search,2025-08-01,2026-07-31,encoded_band,50,10,100,,,Medium,64,,,GBP,returned,2026-09-08,2026-09-08-01-setup,raw/gkp-discover-02-web-applications.csv,139
ob_000721,kw_000711,,discover,country,United Kingdom,English,Google Search,2025-08-01,2026-07-31,encoded_band,50,10,100,0,,Low,0,,,GBP,returned,2026-09-08,2026-09-08-01-setup,raw/gkp-discover-02-web-applications.csv,140
ob_000722,kw_000712,,discover,country,United Kingdom,English,Google Search,2025-08-01,2026-07-31,encoded_band,50,10,100,0,0,Low,19,,,GBP,returned,2026-09-08,2026-09-08-01-setup,raw/gkp-discover-02-web-applications.csv,141
ob_000723,kw_000713,,discover,country,United Kingdom,English,Google Search,2025-08-01,2026-07-31,encoded_band,50,10,100,0,0,Low,0,,,GBP,returned,2026-09-08,2026-09-08-01-setup,raw/gkp-discover-02-web-applications.csv,142
ob_000724,kw_000714,,discover,country,United Kingdom,English,Google Search,2025-08-01,2026-07-31,encoded_band,50,10,100,0,0,High,71,,,GBP,returned,2026-09-08,2026-09-08-01-setup,raw/gkp-discover-02-web-applications.csv,143
ob_000725,kw_000715,,discover,country,United Kingdom,English,Google Search,2025-08-01,2026-07-31,encoded_band,50,10,100,,,High,71,,,GBP,returned,2026-09-08,2026-09-08-01-setup,raw/gkp-discover-02-web-applications.csv,144
ob_000726,kw_000716,,discover,country,United Kingdom,English,Google Search,2025-08-01,2026-07-31,encoded_band,50,10,100,0,0,Unknown,,,,GBP,returned,2026-09-08,2026-09-08-01-setup,raw/gkp-discover-02-web-applications.csv,145
ob_000727,kw_000717,,discover,country,United Kingdom,English,Google Search,2025-08-01,2026-07-31,encoded_band,50,10,100,0,0,Low,24,3.72,26.7,GBP,returned,2026-09-08,2026-09-08-01-setup,raw/gkp-discover-02-web-applications.csv,146
ob_000728,kw_000718,,discover,country,United Kingdom,English,Google Search,2025-08-01,2026-07-31,encoded_band,50,10,100,0,0,Medium,47,1.33,9.06,GBP,returned,2026-09-08,2026-09-08-01-setup,raw/gkp-discover-02-web-applications.csv,147
ob_000729,kw_000719,,discover,country,United Kingdom,English,Google Search,2025-08-01,2026-07-31,encoded_band,50,10,100,0,0,Unknown,,,,GBP,returned,2026-09-08,2026-09-08-01-setup,raw/gkp-discover-02-web-applications.csv,148
ob_000730,kw_000720,,discover,country,United Kingdom,English,Google Search,2025-08-01,2026-07-31,encoded_band,50,10,100,0,0,Medium,49,,,GBP,returned,2026-09-08,2026-09-08-01-setup,raw/gkp-discover-02-web-applications.csv,149
ob_000731,kw_000721,,discover,country,United Kingdom,English,Google Search,2025-08-01,2026-07-31,encoded_band,50,10,100,0,0,Low,0,,,GBP,returned,2026-09-08,2026-09-08-01-setup,raw/gkp-discover-02-web-applications.csv,150
ob_000732,kw_000722,,discover,country,United Kingdom,English,Google Search,2025-08-01,2026-07-31,encoded_band,50,10,100,0,0,Low,25,,,GBP,returned,2026-09-08,2026-09-08-01-setup,raw/gkp-discover-02-web-applications.csv,151
ob_000733,kw_000723,,discover,country,United Kingdom,English,Google Search,2025-08-01,2026-07-31,encoded_band,50,10,100,0,-1,Unknown,,,,GBP,returned,2026-09-08,2026-09-08-01-setup,raw/gkp-discover-02-web-applications.csv,152
ob_000734,kw_000724,,discover,country,United Kingdom,English,Google Search,2025-08-01,2026-07-31,encoded_band,50,10,100,-1,0,Unknown,,,,GBP,returned,2026-09-08,2026-09-08-01-setup,raw/gkp-discover-02-web-applications.csv,153
ob_000735,kw_000725,,discover,country,United Kingdom,English,Google Search,2025-08-01,2026-07-31,encoded_band,50,10,100,,0,Medium,43,,,GBP,returned,2026-09-08,2026-09-08-01-setup,raw/gkp-discover-02-web-applications.csv,154
ob_000736,kw_000726,,discover,country,United Kingdom,English,Google Search,2025-08-01,2026-07-31,encoded_band,50,10,100,0,0,Low,11,,,GBP,returned,2026-09-08,2026-09-08-01-setup,raw/gkp-discover-02-web-applications.csv,155
ob_000737,kw_000727,,discover,country,United Kingdom,English,Google Search,2025-08-01,2026-07-31,encoded_band,50,10,100,0,-1,Unknown,,,,GBP,returned,2026-09-08,2026-09-08-01-setup,raw/gkp-discover-02-web-applications.csv,156
ob_000738,kw_000728,,discover,country,United Kingdom,English,Google Search,2025-08-01,2026-07-31,encoded_band,50,10,100,0,0,Unknown,,,,GBP,returned,2026-09-08,2026-09-08-01-setup,raw/gkp-discover-02-web-applications.csv,157
ob_000739,kw_000729,,discover,country,United Kingdom,English,Google Search,2025-08-01,2026-07-31,encoded_band,50,10,100,-1,-1,Unknown,,,,GBP,returned,2026-09-08,2026-09-08-01-setup,raw/gkp-discover-02-web-applications.csv,158
ob_000740,kw_000730,,discover,country,United Kingdom,English,Google Search,2025-08-01,2026-07-31,encoded_band,0,0,0,0,0,Unknown,,,,GBP,zero,2026-09-08,2026-09-08-01-setup,raw/gkp-discover-02-web-applications.csv,159
ob_000741,kw_000731,,discover,country,United Kingdom,English,Google Search,2025-08-01,2026-07-31,encoded_band,50,10,100,-1,0,Unknown,,,,GBP,returned,2026-09-08,2026-09-08-01-setup,raw/gkp-discover-02-web-applications.csv,160
ob_000742,kw_000732,,discover,country,United Kingdom,English,Google Search,2025-08-01,2026-07-31,encoded_band,50,10,100,0,0,Low,0,,,GBP,returned,2026-09-08,2026-09-08-01-setup,raw/gkp-discover-02-web-applications.csv,161
ob_000743,kw_000733,,discover,country,United Kingdom,English,Google Search,2025-08-01,2026-07-31,encoded_band,0,0,0,0,-1,Unknown,,,,GBP,zero,2026-09-08,2026-09-08-01-setup,raw/gkp-discover-02-web-applications.csv,162
ob_000744,kw_000734,,discover,country,United Kingdom,English,Google Search,2025-08-01,2026-07-31,encoded_band,50,10,100,0,0,Low,0,,,GBP,returned,2026-09-08,2026-09-08-01-setup,raw/gkp-discover-02-web-applications.csv,163
ob_000745,kw_000735,,discover,country,United Kingdom,English,Google Search,2025-08-01,2026-07-31,encoded_band,50,10,100,0,0,Low,27,8.74,26.62,GBP,returned,2026-09-08,2026-09-08-01-setup,raw/gkp-discover-02-web-applications.csv,164
ob_000746,kw_000736,,discover,country,United Kingdom,English,Google Search,2025-08-01,2026-07-31,encoded_band,50,10,100,0,-1,Unknown,,,,GBP,returned,2026-09-08,2026-09-08-01-setup,raw/gkp-discover-02-web-applications.csv,165
ob_000747,kw_000737,,discover,country,United Kingdom,English,Google Search,2025-08-01,2026-07-31,encoded_band,50,10,100,0,0,Medium,38,,,GBP,returned,2026-09-08,2026-09-08-01-setup,raw/gkp-discover-02-web-applications.csv,166
ob_000748,kw_000738,,discover,country,United Kingdom,English,Google Search,2025-08-01,2026-07-31,encoded_band,50,10,100,-1,-1,Unknown,,,,GBP,returned,2026-09-08,2026-09-08-01-setup,raw/gkp-discover-02-web-applications.csv,167
ob_000749,kw_000739,,discover,country,United Kingdom,English,Google Search,2025-08-01,2026-07-31,encoded_band,50,10,100,0,0,Low,8,,,GBP,returned,2026-09-08,2026-09-08-01-setup,raw/gkp-discover-02-web-applications.csv,168
ob_000750,kw_000740,,discover,country,United Kingdom,English,Google Search,2025-08-01,2026-07-31,encoded_band,50,10,100,0,0,High,71,,,GBP,returned,2026-09-08,2026-09-08-01-setup,raw/gkp-discover-02-web-applications.csv,169
ob_000751,kw_000311,,discover,country,United Kingdom,English,Google Search,2025-08-01,2026-07-31,encoded_band,50,10,100,,,Low,13,,,GBP,returned,2026-09-08,2026-09-08-01-setup,raw/gkp-discover-02-web-applications.csv,170
ob_000752,kw_000741,,discover,country,United Kingdom,English,Google Search,2025-08-01,2026-07-31,encoded_band,50,10,100,,,Low,0,,,GBP,returned,2026-09-08,2026-09-08-01-setup,raw/gkp-discover-02-web-applications.csv,171
ob_000753,kw_000742,,discover,country,United Kingdom,English,Google Search,2025-08-01,2026-07-31,encoded_band,0,0,0,0,0,Unknown,,,,GBP,zero,2026-09-08,2026-09-08-01-setup,raw/gkp-discover-02-web-applications.csv,172
ob_000754,kw_000743,,discover,country,United Kingdom,English,Google Search,2025-08-01,2026-07-31,encoded_band,50,10,100,0,0,Medium,38,,,GBP,returned,2026-09-08,2026-09-08-01-setup,raw/gkp-discover-02-web-applications.csv,173
ob_000755,kw_000744,,discover,country,United Kingdom,English,Google Search,2025-08-01,2026-07-31,encoded_band,50,10,100,,0,Low,0,,,GBP,returned,2026-09-08,2026-09-08-01-setup,raw/gkp-discover-02-web-applications.csv,174
ob_000756,kw_000745,,discover,country,United Kingdom,English,Google Search,2025-08-01,2026-07-31,encoded_band,50,10,100,-1,-1,Unknown,,,,GBP,returned,2026-09-08,2026-09-08-01-setup,raw/gkp-discover-02-web-applications.csv,175
ob_000757,kw_000746,,discover,country,United Kingdom,English,Google Search,2025-08-01,2026-07-31,encoded_band,50,10,100,0,0,Low,0,,,GBP,returned,2026-09-08,2026-09-08-01-setup,raw/gkp-discover-02-web-applications.csv,176
ob_000758,kw_000747,,discover,country,United Kingdom,English,Google Search,2025-08-01,2026-07-31,encoded_band,50,10,100,0,0,Low,0,,,GBP,returned,2026-09-08,2026-09-08-01-setup,raw/gkp-discover-02-web-applications.csv,177
ob_000759,kw_000748,,discover,country,United Kingdom,English,Google Search,2025-08-01,2026-07-31,encoded_band,50,10,100,0,0,Unknown,,,,GBP,returned,2026-09-08,2026-09-08-01-setup,raw/gkp-discover-02-web-applications.csv,178
ob_000760,kw_000749,,discover,country,United Kingdom,English,Google Search,2025-08-01,2026-07-31,encoded_band,0,0,0,0,0,Unknown,,,,GBP,zero,2026-09-08,2026-09-08-01-setup,raw/gkp-discover-02-web-applications.csv,179
ob_000761,kw_000750,,discover,country,United Kingdom,English,Google Search,2025-08-01,2026-07-31,encoded_band,0,0,0,0,0,Unknown,,,,GBP,zero,2026-09-08,2026-09-08-01-setup,raw/gkp-discover-02-web-applications.csv,180
ob_000762,kw_000751,,discover,country,United Kingdom,English,Google Search,2025-08-01,2026-07-31,encoded_band,50,10,100,0,0,Unknown,,,,GBP,returned,2026-09-08,2026-09-08-01-setup,raw/gkp-discover-02-web-applications.csv,181
ob_000763,kw_000752,,discover,country,United Kingdom,English,Google Search,2025-08-01,2026-07-31,encoded_band,50,10,100,-1,-1,Unknown,,,,GBP,returned,2026-09-08,2026-09-08-01-setup,raw/gkp-discover-02-web-applications.csv,182
ob_000764,kw_000753,,discover,country,United Kingdom,English,Google Search,2025-08-01,2026-07-31,encoded_band,50,10,100,0,0,Low,11,16.93,36.38,GBP,returned,2026-09-08,2026-09-08-01-setup,raw/gkp-discover-02-web-applications.csv,183
ob_000765,kw_000754,,discover,country,United Kingdom,English,Google Search,2025-08-01,2026-07-31,encoded_band,50,10,100,0,0,Low,0,,,GBP,returned,2026-09-08,2026-09-08-01-setup,raw/gkp-discover-02-web-applications.csv,184
ob_000766,kw_000755,,discover,country,United Kingdom,English,Google Search,2025-08-01,2026-07-31,encoded_band,50,10,100,0,0,Low,29,,,GBP,returned,2026-09-08,2026-09-08-01-setup,raw/gkp-discover-02-web-applications.csv,185
ob_000767,kw_000756,,discover,country,United Kingdom,English,Google Search,2025-08-01,2026-07-31,encoded_band,50,10,100,0,0,Unknown,,,,GBP,returned,2026-09-08,2026-09-08-01-setup,raw/gkp-discover-02-web-applications.csv,186
ob_000768,kw_000757,,discover,country,United Kingdom,English,Google Search,2025-08-01,2026-07-31,encoded_band,50,10,100,-1,-1,Unknown,,,,GBP,returned,2026-09-08,2026-09-08-01-setup,raw/gkp-discover-02-web-applications.csv,187
ob_000769,kw_000758,,discover,country,United Kingdom,English,Google Search,2025-08-01,2026-07-31,encoded_band,50,10,100,0,-1,Unknown,,,,GBP,returned,2026-09-08,2026-09-08-01-setup,raw/gkp-discover-02-web-applications.csv,188
ob_000770,kw_000759,,discover,country,United Kingdom,English,Google Search,2025-08-01,2026-07-31,encoded_band,50,10,100,0,-1,Unknown,,,,GBP,returned,2026-09-08,2026-09-08-01-setup,raw/gkp-discover-02-web-applications.csv,189
ob_000771,kw_000330,,discover,country,United Kingdom,English,Google Search,2025-08-01,2026-07-31,encoded_band,50,10,100,0,-1,Unknown,,,,GBP,returned,2026-09-08,2026-09-08-01-setup,raw/gkp-discover-02-web-applications.csv,190
ob_000772,kw_000760,,discover,country,United Kingdom,English,Google Search,2025-08-01,2026-07-31,encoded_band,50,10,100,0,0,Low,0,,,GBP,returned,2026-09-08,2026-09-08-01-setup,raw/gkp-discover-02-web-applications.csv,191
ob_000773,kw_000761,,discover,country,United Kingdom,English,Google Search,2025-08-01,2026-07-31,encoded_band,50,10,100,0,0,Unknown,,,,GBP,returned,2026-09-08,2026-09-08-01-setup,raw/gkp-discover-02-web-applications.csv,192
ob_000774,kw_000762,,discover,country,United Kingdom,English,Google Search,2025-08-01,2026-07-31,encoded_band,50,10,100,0,0,Low,0,,,GBP,returned,2026-09-08,2026-09-08-01-setup,raw/gkp-discover-02-web-applications.csv,193
ob_000775,kw_000763,,discover,country,United Kingdom,English,Google Search,2025-08-01,2026-07-31,encoded_band,0,0,0,0,0,Unknown,,,,GBP,zero,2026-09-08,2026-09-08-01-setup,raw/gkp-discover-02-web-applications.csv,194
ob_000776,kw_000764,,discover,country,United Kingdom,English,Google Search,2025-08-01,2026-07-31,encoded_band,50,10,100,0,0,Unknown,,,,GBP,returned,2026-09-08,2026-09-08-01-setup,raw/gkp-discover-02-web-applications.csv,195
ob_000777,kw_000765,,discover,country,United Kingdom,English,Google Search,2025-08-01,2026-07-31,encoded_band,50,10,100,-1,-1,Unknown,,,,GBP,returned,2026-09-08,2026-09-08-01-setup,raw/gkp-discover-02-web-applications.csv,196
ob_000778,kw_000766,,discover,country,United Kingdom,English,Google Search,2025-08-01,2026-07-31,encoded_band,50,10,100,0,,Low,0,,,GBP,returned,2026-09-08,2026-09-08-01-setup,raw/gkp-discover-02-web-applications.csv,197
ob_000779,kw_000767,,discover,country,United Kingdom,English,Google Search,2025-08-01,2026-07-31,encoded_band,50,10,100,0,0,Low,33,,,GBP,returned,2026-09-08,2026-09-08-01-setup,raw/gkp-discover-02-web-applications.csv,198
ob_000780,kw_000768,,discover,country,United Kingdom,English,Google Search,2025-08-01,2026-07-31,encoded_band,50,10,100,,0,Medium,57,,,GBP,returned,2026-09-08,2026-09-08-01-setup,raw/gkp-discover-02-web-applications.csv,199
ob_000781,kw_000769,,discover,country,United Kingdom,English,Google Search,2025-08-01,2026-07-31,encoded_band,50,10,100,,,High,93,,,GBP,returned,2026-09-08,2026-09-08-01-setup,raw/gkp-discover-02-web-applications.csv,200
ob_000782,kw_000770,,discover,country,United Kingdom,English,Google Search,2025-08-01,2026-07-31,encoded_band,50,10,100,,0,Low,0,,,GBP,returned,2026-09-08,2026-09-08-01-setup,raw/gkp-discover-02-web-applications.csv,201
ob_000783,kw_000771,,discover,country,United Kingdom,English,Google Search,2025-08-01,2026-07-31,encoded_band,50,10,100,-1,0,Unknown,,,,GBP,returned,2026-09-08,2026-09-08-01-setup,raw/gkp-discover-02-web-applications.csv,202
ob_000784,kw_000772,,discover,country,United Kingdom,English,Google Search,2025-08-01,2026-07-31,encoded_band,50,10,100,-1,0,Unknown,,,,GBP,returned,2026-09-08,2026-09-08-01-setup,raw/gkp-discover-02-web-applications.csv,203
ob_000785,kw_000773,,discover,country,United Kingdom,English,Google Search,2025-08-01,2026-07-31,encoded_band,0,0,0,0,0,Unknown,,,,GBP,zero,2026-09-08,2026-09-08-01-setup,raw/gkp-discover-02-web-applications.csv,204
ob_000786,kw_000774,,discover,country,United Kingdom,English,Google Search,2025-08-01,2026-07-31,encoded_band,50,10,100,0,0,Medium,43,,,GBP,returned,2026-09-08,2026-09-08-01-setup,raw/gkp-discover-02-web-applications.csv,205
ob_000787,kw_000775,,discover,country,United Kingdom,English,Google Search,2025-08-01,2026-07-31,encoded_band,50,10,100,0,0,Low,29,,,GBP,returned,2026-09-08,2026-09-08-01-setup,raw/gkp-discover-02-web-applications.csv,206
ob_000788,kw_000776,,discover,country,United Kingdom,English,Google Search,2025-08-01,2026-07-31,encoded_band,50,10,100,0,0,Medium,37,6.93,28.58,GBP,returned,2026-09-08,2026-09-08-01-setup,raw/gkp-discover-02-web-applications.csv,207
ob_000789,kw_000331,,discover,country,United Kingdom,English,Google Search,2025-08-01,2026-07-31,encoded_band,50,10,100,0,0,Low,21,,,GBP,returned,2026-09-08,2026-09-08-01-setup,raw/gkp-discover-02-web-applications.csv,208
ob_000790,kw_000332,,discover,country,United Kingdom,English,Google Search,2025-08-01,2026-07-31,encoded_band,50,10,100,0,0,Low,21,,,GBP,returned,2026-09-08,2026-09-08-01-setup,raw/gkp-discover-02-web-applications.csv,209
ob_000791,kw_000333,,discover,country,United Kingdom,English,Google Search,2025-08-01,2026-07-31,encoded_band,50,10,100,-1,-1,Unknown,,,,GBP,returned,2026-09-08,2026-09-08-01-setup,raw/gkp-discover-02-web-applications.csv,210
ob_000792,kw_000777,,discover,country,United Kingdom,English,Google Search,2025-08-01,2026-07-31,encoded_band,50,10,100,-1,-1,Unknown,,,,GBP,returned,2026-09-08,2026-09-08-01-setup,raw/gkp-discover-02-web-applications.csv,211
ob_000793,kw_000778,,discover,country,United Kingdom,English,Google Search,2025-08-01,2026-07-31,encoded_band,50,10,100,,,High,71,,,GBP,returned,2026-09-08,2026-09-08-01-setup,raw/gkp-discover-02-web-applications.csv,212
ob_000794,kw_000779,,discover,country,United Kingdom,English,Google Search,2025-08-01,2026-07-31,encoded_band,50,10,100,,0,Low,8,,,GBP,returned,2026-09-08,2026-09-08-01-setup,raw/gkp-discover-02-web-applications.csv,213
ob_000795,kw_000780,,discover,country,United Kingdom,English,Google Search,2025-08-01,2026-07-31,encoded_band,50,10,100,-1,0,Unknown,,,,GBP,returned,2026-09-08,2026-09-08-01-setup,raw/gkp-discover-02-web-applications.csv,214
ob_000796,kw_000781,,discover,country,United Kingdom,English,Google Search,2025-08-01,2026-07-31,encoded_band,50,10,100,0,0,Low,23,4.48,20.38,GBP,returned,2026-09-08,2026-09-08-01-setup,raw/gkp-discover-02-web-applications.csv,215
ob_000797,kw_000782,,discover,country,United Kingdom,English,Google Search,2025-08-01,2026-07-31,encoded_band,50,10,100,0,0,Unknown,,,,GBP,returned,2026-09-08,2026-09-08-01-setup,raw/gkp-discover-02-web-applications.csv,216
ob_000798,kw_000783,,discover,country,United Kingdom,English,Google Search,2025-08-01,2026-07-31,encoded_band,50,10,100,0,0,Medium,59,10.03,30.71,GBP,returned,2026-09-08,2026-09-08-01-setup,raw/gkp-discover-02-web-applications.csv,217
ob_000799,kw_000784,,discover,country,United Kingdom,English,Google Search,2025-08-01,2026-07-31,encoded_band,50,10,100,0,-1,Unknown,,,,GBP,returned,2026-09-08,2026-09-08-01-setup,raw/gkp-discover-02-web-applications.csv,218
ob_000800,kw_000785,,discover,country,United Kingdom,English,Google Search,2025-08-01,2026-07-31,encoded_band,50,10,100,0,0,Unknown,,,,GBP,returned,2026-09-08,2026-09-08-01-setup,raw/gkp-discover-02-web-applications.csv,219
ob_000801,kw_000786,,discover,country,United Kingdom,English,Google Search,2025-08-01,2026-07-31,encoded_band,50,10,100,0,-1,Unknown,,,,GBP,returned,2026-09-08,2026-09-08-01-setup,raw/gkp-discover-02-web-applications.csv,220
ob_000802,kw_000787,,discover,country,United Kingdom,English,Google Search,2025-08-01,2026-07-31,encoded_band,50,10,100,0,0,Unknown,,,,GBP,returned,2026-09-08,2026-09-08-01-setup,raw/gkp-discover-02-web-applications.csv,221
ob_000803,kw_000788,,discover,country,United Kingdom,English,Google Search,2025-08-01,2026-07-31,encoded_band,50,10,100,0,0,Low,2,,,GBP,returned,2026-09-08,2026-09-08-01-setup,raw/gkp-discover-02-web-applications.csv,222
ob_000804,kw_000789,,discover,country,United Kingdom,English,Google Search,2025-08-01,2026-07-31,encoded_band,50,10,100,0,0,Low,11,,,GBP,returned,2026-09-08,2026-09-08-01-setup,raw/gkp-discover-02-web-applications.csv,223
ob_000805,kw_000790,,discover,country,United Kingdom,English,Google Search,2025-08-01,2026-07-31,encoded_band,50,10,100,0,0,Unknown,,,,GBP,returned,2026-09-08,2026-09-08-01-setup,raw/gkp-discover-02-web-applications.csv,224
ob_000806,kw_000791,,discover,country,United Kingdom,English,Google Search,2025-08-01,2026-07-31,encoded_band,50,10,100,0,0,Unknown,,,,GBP,returned,2026-09-08,2026-09-08-01-setup,raw/gkp-discover-02-web-applications.csv,225
ob_000807,kw_000792,,discover,country,United Kingdom,English,Google Search,2025-08-01,2026-07-31,encoded_band,50,10,100,-1,-1,Unknown,,,,GBP,returned,2026-09-08,2026-09-08-01-setup,raw/gkp-discover-02-web-applications.csv,226
ob_000808,kw_000793,,discover,country,United Kingdom,English,Google Search,2025-08-01,2026-07-31,encoded_band,500,100,1000,-0.9,-0.9,Low,23,10.48,36.68,GBP,returned,2026-09-08,2026-09-08-01-setup,raw/gkp-discover-02-web-applications.csv,227
ob_000809,kw_000794,,discover,country,United Kingdom,English,Google Search,2025-08-01,2026-07-31,encoded_band,50,10,100,0,0,Low,8,,,GBP,returned,2026-09-08,2026-09-08-01-setup,raw/gkp-discover-02-web-applications.csv,228
ob_000810,kw_000795,,discover,country,United Kingdom,English,Google Search,2025-08-01,2026-07-31,encoded_band,0,0,0,0,0,Unknown,,,,GBP,zero,2026-09-08,2026-09-08-01-setup,raw/gkp-discover-02-web-applications.csv,229
ob_000811,kw_000796,,discover,country,United Kingdom,English,Google Search,2025-08-01,2026-07-31,encoded_band,50,10,100,-1,-1,Unknown,,,,GBP,returned,2026-09-08,2026-09-08-01-setup,raw/gkp-discover-02-web-applications.csv,230
ob_000812,kw_000797,,discover,country,United Kingdom,English,Google Search,2025-08-01,2026-07-31,encoded_band,50,10,100,0,0,Unknown,,,,GBP,returned,2026-09-08,2026-09-08-01-setup,raw/gkp-discover-02-web-applications.csv,231
ob_000813,kw_000798,,discover,country,United Kingdom,English,Google Search,2025-08-01,2026-07-31,encoded_band,50,10,100,0,-1,Unknown,,,,GBP,returned,2026-09-08,2026-09-08-01-setup,raw/gkp-discover-02-web-applications.csv,232
ob_000814,kw_000799,,discover,country,United Kingdom,English,Google Search,2025-08-01,2026-07-31,encoded_band,0,0,0,0,-1,Unknown,,,,GBP,zero,2026-09-08,2026-09-08-01-setup,raw/gkp-discover-02-web-applications.csv,233
ob_000815,kw_000800,,discover,country,United Kingdom,English,Google Search,2025-08-01,2026-07-31,encoded_band,50,10,100,-1,0,Unknown,,,,GBP,returned,2026-09-08,2026-09-08-01-setup,raw/gkp-discover-02-web-applications.csv,234
ob_000816,kw_000801,,discover,country,United Kingdom,English,Google Search,2025-08-01,2026-07-31,encoded_band,0,0,0,0,0,Unknown,,,,GBP,zero,2026-09-08,2026-09-08-01-setup,raw/gkp-discover-02-web-applications.csv,235
ob_000817,kw_000802,,discover,country,United Kingdom,English,Google Search,2025-08-01,2026-07-31,encoded_band,50,10,100,-1,-1,Unknown,,,,GBP,returned,2026-09-08,2026-09-08-01-setup,raw/gkp-discover-02-web-applications.csv,236
ob_000818,kw_000803,,discover,country,United Kingdom,English,Google Search,2025-08-01,2026-07-31,encoded_band,50,10,100,0,0,Unknown,,,,GBP,returned,2026-09-08,2026-09-08-01-setup,raw/gkp-discover-02-web-applications.csv,237
ob_000819,kw_000804,,discover,country,United Kingdom,English,Google Search,2025-08-01,2026-07-31,encoded_band,0,0,0,0,0,Unknown,,,,GBP,zero,2026-09-08,2026-09-08-01-setup,raw/gkp-discover-02-web-applications.csv,238
ob_000820,kw_000805,,discover,country,United Kingdom,English,Google Search,2025-08-01,2026-07-31,encoded_band,50,10,100,-1,0,Unknown,,,,GBP,returned,2026-09-08,2026-09-08-01-setup,raw/gkp-discover-02-web-applications.csv,239
ob_000821,kw_000806,,discover,country,United Kingdom,English,Google Search,2025-08-01,2026-07-31,encoded_band,50,10,100,0,-1,Unknown,,,,GBP,returned,2026-09-08,2026-09-08-01-setup,raw/gkp-discover-02-web-applications.csv,240
ob_000822,kw_000807,,discover,country,United Kingdom,English,Google Search,2025-08-01,2026-07-31,encoded_band,50,10,100,-1,-1,Unknown,,,,GBP,returned,2026-09-08,2026-09-08-01-setup,raw/gkp-discover-02-web-applications.csv,241
ob_000823,kw_000808,,discover,country,United Kingdom,English,Google Search,2025-08-01,2026-07-31,encoded_band,50,10,100,-1,-1,Unknown,,,,GBP,returned,2026-09-08,2026-09-08-01-setup,raw/gkp-discover-02-web-applications.csv,242
ob_000824,kw_000809,,discover,country,United Kingdom,English,Google Search,2025-08-01,2026-07-31,encoded_band,50,10,100,0,0,Low,0,,,GBP,returned,2026-09-08,2026-09-08-01-setup,raw/gkp-discover-02-web-applications.csv,243
ob_000825,kw_000810,,discover,country,United Kingdom,English,Google Search,2025-08-01,2026-07-31,encoded_band,50,10,100,0,0,Unknown,,,,GBP,returned,2026-09-08,2026-09-08-01-setup,raw/gkp-discover-02-web-applications.csv,244
ob_000826,kw_000811,,discover,country,United Kingdom,English,Google Search,2025-08-01,2026-07-31,encoded_band,50,10,100,0,,High,86,,,GBP,returned,2026-09-08,2026-09-08-01-setup,raw/gkp-discover-02-web-applications.csv,245
ob_000827,kw_000812,,discover,country,United Kingdom,English,Google Search,2025-08-01,2026-07-31,encoded_band,50,10,100,-1,-1,Unknown,,,,GBP,returned,2026-09-08,2026-09-08-01-setup,raw/gkp-discover-02-web-applications.csv,246
ob_000828,kw_000813,,discover,country,United Kingdom,English,Google Search,2025-08-01,2026-07-31,encoded_band,50,10,100,-1,-1,Unknown,,,,GBP,returned,2026-09-08,2026-09-08-01-setup,raw/gkp-discover-02-web-applications.csv,247
ob_000829,kw_000814,,discover,country,United Kingdom,English,Google Search,2025-08-01,2026-07-31,encoded_band,50,10,100,0,,Low,0,,,GBP,returned,2026-09-08,2026-09-08-01-setup,raw/gkp-discover-02-web-applications.csv,248
ob_000830,kw_000815,,discover,country,United Kingdom,English,Google Search,2025-08-01,2026-07-31,encoded_band,50,10,100,0,0,Medium,50,,,GBP,returned,2026-09-08,2026-09-08-01-setup,raw/gkp-discover-02-web-applications.csv,249
ob_000831,kw_000816,,discover,country,United Kingdom,English,Google Search,2025-08-01,2026-07-31,encoded_band,50,10,100,-1,0,Unknown,,,,GBP,returned,2026-09-08,2026-09-08-01-setup,raw/gkp-discover-02-web-applications.csv,250
ob_000832,kw_000817,,discover,country,United Kingdom,English,Google Search,2025-08-01,2026-07-31,encoded_band,0,0,0,0,0,Unknown,,,,GBP,zero,2026-09-08,2026-09-08-01-setup,raw/gkp-discover-02-web-applications.csv,251
ob_000833,kw_000818,,discover,country,United Kingdom,English,Google Search,2025-08-01,2026-07-31,encoded_band,50,10,100,0,0,Unknown,,,,GBP,returned,2026-09-08,2026-09-08-01-setup,raw/gkp-discover-02-web-applications.csv,252
ob_000834,kw_000819,,discover,country,United Kingdom,English,Google Search,2025-08-01,2026-07-31,encoded_band,50,10,100,0,0,Unknown,,,,GBP,returned,2026-09-08,2026-09-08-01-setup,raw/gkp-discover-02-web-applications.csv,253
ob_000835,kw_000820,,discover,country,United Kingdom,English,Google Search,2025-08-01,2026-07-31,encoded_band,50,10,100,-1,-1,Unknown,,,,GBP,returned,2026-09-08,2026-09-08-01-setup,raw/gkp-discover-02-web-applications.csv,254
ob_000836,kw_000821,,discover,country,United Kingdom,English,Google Search,2025-08-01,2026-07-31,encoded_band,50,10,100,0,0,Low,0,,,GBP,returned,2026-09-08,2026-09-08-01-setup,raw/gkp-discover-02-web-applications.csv,255
ob_000837,kw_000822,,discover,country,United Kingdom,English,Google Search,2025-08-01,2026-07-31,encoded_band,50,10,100,0,0,Low,8,,,GBP,returned,2026-09-08,2026-09-08-01-setup,raw/gkp-discover-02-web-applications.csv,256
ob_000838,kw_000823,,discover,country,United Kingdom,English,Google Search,2025-08-01,2026-07-31,encoded_band,50,10,100,-1,-1,Unknown,,,,GBP,returned,2026-09-08,2026-09-08-01-setup,raw/gkp-discover-02-web-applications.csv,257
ob_000839,kw_000824,,discover,country,United Kingdom,English,Google Search,2025-08-01,2026-07-31,encoded_band,50,10,100,0,0,Low,0,,,GBP,returned,2026-09-08,2026-09-08-01-setup,raw/gkp-discover-02-web-applications.csv,258
ob_000840,kw_000825,,discover,country,United Kingdom,English,Google Search,2025-08-01,2026-07-31,encoded_band,50,10,100,0,0,Low,3,,,GBP,returned,2026-09-08,2026-09-08-01-setup,raw/gkp-discover-02-web-applications.csv,259
ob_000841,kw_000826,,discover,country,United Kingdom,English,Google Search,2025-08-01,2026-07-31,encoded_band,50,10,100,-1,-1,Unknown,,,,GBP,returned,2026-09-08,2026-09-08-01-setup,raw/gkp-discover-02-web-applications.csv,260
ob_000842,kw_000827,,discover,country,United Kingdom,English,Google Search,2025-08-01,2026-07-31,encoded_band,50,10,100,,0,Low,0,,,GBP,returned,2026-09-08,2026-09-08-01-setup,raw/gkp-discover-02-web-applications.csv,261
ob_000843,kw_000828,,discover,country,United Kingdom,English,Google Search,2025-08-01,2026-07-31,encoded_band,50,10,100,-1,-1,Unknown,,,,GBP,returned,2026-09-08,2026-09-08-01-setup,raw/gkp-discover-02-web-applications.csv,262
ob_000844,kw_000829,,discover,country,United Kingdom,English,Google Search,2025-08-01,2026-07-31,encoded_band,50,10,100,-1,-1,Unknown,,,,GBP,returned,2026-09-08,2026-09-08-01-setup,raw/gkp-discover-02-web-applications.csv,263
ob_000845,kw_000830,,discover,country,United Kingdom,English,Google Search,2025-08-01,2026-07-31,encoded_band,50,10,100,0,0,Unknown,,,,GBP,returned,2026-09-08,2026-09-08-01-setup,raw/gkp-discover-02-web-applications.csv,264
ob_000846,kw_000831,,discover,country,United Kingdom,English,Google Search,2025-08-01,2026-07-31,encoded_band,50,10,100,0,-1,Unknown,,,,GBP,returned,2026-09-08,2026-09-08-01-setup,raw/gkp-discover-02-web-applications.csv,265
ob_000847,kw_000832,,discover,country,United Kingdom,English,Google Search,2025-08-01,2026-07-31,encoded_band,50,10,100,0,0,Unknown,,,,GBP,returned,2026-09-08,2026-09-08-01-setup,raw/gkp-discover-02-web-applications.csv,266
ob_000848,kw_000833,,discover,country,United Kingdom,English,Google Search,2025-08-01,2026-07-31,encoded_band,50,10,100,,,Low,0,,,GBP,returned,2026-09-08,2026-09-08-01-setup,raw/gkp-discover-02-web-applications.csv,267
ob_000849,kw_000834,,discover,country,United Kingdom,English,Google Search,2025-08-01,2026-07-31,encoded_band,0,0,0,0,0,Unknown,,,,GBP,zero,2026-09-08,2026-09-08-01-setup,raw/gkp-discover-02-web-applications.csv,268
ob_000850,kw_000835,,discover,country,United Kingdom,English,Google Search,2025-08-01,2026-07-31,encoded_band,50,10,100,0,0,Unknown,,,,GBP,returned,2026-09-08,2026-09-08-01-setup,raw/gkp-discover-02-web-applications.csv,269
ob_000851,kw_000836,,discover,country,United Kingdom,English,Google Search,2025-08-01,2026-07-31,encoded_band,50,10,100,-1,-1,Unknown,,,,GBP,returned,2026-09-08,2026-09-08-01-setup,raw/gkp-discover-02-web-applications.csv,270
ob_000852,kw_000837,,discover,country,United Kingdom,English,Google Search,2025-08-01,2026-07-31,encoded_band,50,10,100,-1,0,Unknown,,,,GBP,returned,2026-09-08,2026-09-08-01-setup,raw/gkp-discover-02-web-applications.csv,271
ob_000853,kw_000838,,discover,country,United Kingdom,English,Google Search,2025-08-01,2026-07-31,encoded_band,50,10,100,0,0,Low,21,21.82,95.15,GBP,returned,2026-09-08,2026-09-08-01-setup,raw/gkp-discover-02-web-applications.csv,272
ob_000854,kw_000839,,discover,country,United Kingdom,English,Google Search,2025-08-01,2026-07-31,encoded_band,50,10,100,0,0,Low,0,,,GBP,returned,2026-09-08,2026-09-08-01-setup,raw/gkp-discover-02-web-applications.csv,273
ob_000855,kw_000840,,discover,country,United Kingdom,English,Google Search,2025-08-01,2026-07-31,encoded_band,0,0,0,0,0,Unknown,,,,GBP,zero,2026-09-08,2026-09-08-01-setup,raw/gkp-discover-02-web-applications.csv,274
ob_000856,kw_000841,,discover,country,United Kingdom,English,Google Search,2025-08-01,2026-07-31,encoded_band,50,10,100,0,0,Unknown,,,,GBP,returned,2026-09-08,2026-09-08-01-setup,raw/gkp-discover-02-web-applications.csv,275
ob_000857,kw_000842,,discover,country,United Kingdom,English,Google Search,2025-08-01,2026-07-31,encoded_band,50,10,100,0,0,Low,21,21.82,95.15,GBP,returned,2026-09-08,2026-09-08-01-setup,raw/gkp-discover-02-web-applications.csv,276
ob_000858,kw_000843,,discover,country,United Kingdom,English,Google Search,2025-08-01,2026-07-31,encoded_band,50,10,100,-1,-1,Unknown,,,,GBP,returned,2026-09-08,2026-09-08-01-setup,raw/gkp-discover-02-web-applications.csv,277
ob_000859,kw_000844,,discover,country,United Kingdom,English,Google Search,2025-08-01,2026-07-31,encoded_band,50,10,100,0,0,Low,16,,,GBP,returned,2026-09-08,2026-09-08-01-setup,raw/gkp-discover-02-web-applications.csv,278
ob_000860,kw_000845,,discover,country,United Kingdom,English,Google Search,2025-08-01,2026-07-31,encoded_band,50,10,100,0,,Low,0,,,GBP,returned,2026-09-08,2026-09-08-01-setup,raw/gkp-discover-02-web-applications.csv,279
ob_000861,kw_000846,,discover,country,United Kingdom,English,Google Search,2025-08-01,2026-07-31,encoded_band,0,0,0,0,0,Unknown,,,,GBP,zero,2026-09-08,2026-09-08-01-setup,raw/gkp-discover-02-web-applications.csv,280
ob_000862,kw_000847,,discover,country,United Kingdom,English,Google Search,2025-08-01,2026-07-31,encoded_band,50,10,100,0,-1,Unknown,,,,GBP,returned,2026-09-08,2026-09-08-01-setup,raw/gkp-discover-02-web-applications.csv,281
ob_000863,kw_000848,,discover,country,United Kingdom,English,Google Search,2025-08-01,2026-07-31,encoded_band,50,10,100,-1,0,Unknown,,,,GBP,returned,2026-09-08,2026-09-08-01-setup,raw/gkp-discover-02-web-applications.csv,282
ob_000864,kw_000849,,discover,country,United Kingdom,English,Google Search,2025-08-01,2026-07-31,encoded_band,500,100,1000,-0.9,-0.9,Low,23,10.48,36.68,GBP,returned,2026-09-08,2026-09-08-01-setup,raw/gkp-discover-02-web-applications.csv,283
ob_000865,kw_000850,,discover,country,United Kingdom,English,Google Search,2025-08-01,2026-07-31,encoded_band,50,10,100,-1,-1,Unknown,,,,GBP,returned,2026-09-08,2026-09-08-01-setup,raw/gkp-discover-02-web-applications.csv,284
ob_000866,kw_000851,,discover,country,United Kingdom,English,Google Search,2025-08-01,2026-07-31,encoded_band,0,0,0,0,0,Unknown,,,,GBP,zero,2026-09-08,2026-09-08-01-setup,raw/gkp-discover-02-web-applications.csv,285
ob_000867,kw_000852,,discover,country,United Kingdom,English,Google Search,2025-08-01,2026-07-31,encoded_band,50,10,100,,0,Low,18,,,GBP,returned,2026-09-08,2026-09-08-01-setup,raw/gkp-discover-02-web-applications.csv,286
ob_000868,kw_000853,,discover,country,United Kingdom,English,Google Search,2025-08-01,2026-07-31,encoded_band,50,10,100,0,0,Unknown,,,,GBP,returned,2026-09-08,2026-09-08-01-setup,raw/gkp-discover-02-web-applications.csv,287
ob_000869,kw_000854,,discover,country,United Kingdom,English,Google Search,2025-08-01,2026-07-31,encoded_band,50,10,100,-1,0,Unknown,,,,GBP,returned,2026-09-08,2026-09-08-01-setup,raw/gkp-discover-02-web-applications.csv,288
ob_000870,kw_000855,,discover,country,United Kingdom,English,Google Search,2025-08-01,2026-07-31,encoded_band,50,10,100,-1,-1,Unknown,,,,GBP,returned,2026-09-08,2026-09-08-01-setup,raw/gkp-discover-02-web-applications.csv,289
ob_000871,kw_000856,,discover,country,United Kingdom,English,Google Search,2025-08-01,2026-07-31,encoded_band,50,10,100,0,0,Unknown,,,,GBP,returned,2026-09-08,2026-09-08-01-setup,raw/gkp-discover-02-web-applications.csv,290
ob_000872,kw_000857,,discover,country,United Kingdom,English,Google Search,2025-08-01,2026-07-31,encoded_band,50,10,100,0,0,Low,0,,,GBP,returned,2026-09-08,2026-09-08-01-setup,raw/gkp-discover-02-web-applications.csv,291
ob_000873,kw_000858,,discover,country,United Kingdom,English,Google Search,2025-08-01,2026-07-31,encoded_band,0,0,0,0,0,Unknown,,,,GBP,zero,2026-09-08,2026-09-08-01-setup,raw/gkp-discover-02-web-applications.csv,292
ob_000874,kw_000859,,discover,country,United Kingdom,English,Google Search,2025-08-01,2026-07-31,encoded_band,0,0,0,0,-1,Unknown,,,,GBP,zero,2026-09-08,2026-09-08-01-setup,raw/gkp-discover-02-web-applications.csv,293
ob_000875,kw_000860,,discover,country,United Kingdom,English,Google Search,2025-08-01,2026-07-31,encoded_band,50,10,100,-1,-1,Unknown,,,,GBP,returned,2026-09-08,2026-09-08-01-setup,raw/gkp-discover-02-web-applications.csv,294
ob_000876,kw_000861,,discover,country,United Kingdom,English,Google Search,2025-08-01,2026-07-31,encoded_band,50,10,100,,,Low,0,,,GBP,returned,2026-09-08,2026-09-08-01-setup,raw/gkp-discover-02-web-applications.csv,295
ob_000877,kw_000862,,discover,country,United Kingdom,English,Google Search,2025-08-01,2026-07-31,encoded_band,50,10,100,0,-1,Unknown,,,,GBP,returned,2026-09-08,2026-09-08-01-setup,raw/gkp-discover-02-web-applications.csv,296
ob_000878,kw_000863,,discover,country,United Kingdom,English,Google Search,2025-08-01,2026-07-31,encoded_band,50,10,100,0,0,Low,0,,,GBP,returned,2026-09-08,2026-09-08-01-setup,raw/gkp-discover-02-web-applications.csv,297
ob_000879,kw_000864,,discover,country,United Kingdom,English,Google Search,2025-08-01,2026-07-31,encoded_band,50,10,100,,,Low,0,,,GBP,returned,2026-09-08,2026-09-08-01-setup,raw/gkp-discover-02-web-applications.csv,298
ob_000880,kw_000865,,discover,country,United Kingdom,English,Google Search,2025-08-01,2026-07-31,encoded_band,50,10,100,0,-1,Unknown,,,,GBP,returned,2026-09-08,2026-09-08-01-setup,raw/gkp-discover-02-web-applications.csv,299
ob_000881,kw_000866,,discover,country,United Kingdom,English,Google Search,2025-08-01,2026-07-31,encoded_band,50,10,100,-1,-1,Unknown,,,,GBP,returned,2026-09-08,2026-09-08-01-setup,raw/gkp-discover-02-web-applications.csv,300
ob_000882,kw_000867,,discover,country,United Kingdom,English,Google Search,2025-08-01,2026-07-31,encoded_band,50,10,100,0,0,Low,6,,,GBP,returned,2026-09-08,2026-09-08-01-setup,raw/gkp-discover-02-web-applications.csv,301
ob_000883,kw_000868,,discover,country,United Kingdom,English,Google Search,2025-08-01,2026-07-31,encoded_band,0,0,0,0,0,Unknown,,,,GBP,zero,2026-09-08,2026-09-08-01-setup,raw/gkp-discover-02-web-applications.csv,302
ob_000884,kw_000869,,discover,country,United Kingdom,English,Google Search,2025-08-01,2026-07-31,encoded_band,50,10,100,0,-1,Unknown,,,,GBP,returned,2026-09-08,2026-09-08-01-setup,raw/gkp-discover-02-web-applications.csv,303
ob_000885,kw_000870,,discover,country,United Kingdom,English,Google Search,2025-08-01,2026-07-31,encoded_band,50,10,100,,,Low,0,,,GBP,returned,2026-09-08,2026-09-08-01-setup,raw/gkp-discover-02-web-applications.csv,304
ob_000886,kw_000375,,discover,country,United Kingdom,English,Google Search,2025-08-01,2026-07-31,encoded_band,50,10,100,,,Low,0,,,GBP,returned,2026-09-08,2026-09-08-01-setup,raw/gkp-discover-02-web-applications.csv,305
ob_000887,kw_000871,,discover,country,United Kingdom,English,Google Search,2025-08-01,2026-07-31,encoded_band,50,10,100,0,0,Unknown,,,,GBP,returned,2026-09-08,2026-09-08-01-setup,raw/gkp-discover-02-web-applications.csv,306
ob_000888,kw_000376,,discover,country,United Kingdom,English,Google Search,2025-08-01,2026-07-31,encoded_band,50,10,100,-1,-1,Unknown,,,,GBP,returned,2026-09-08,2026-09-08-01-setup,raw/gkp-discover-02-web-applications.csv,307
ob_000889,kw_000377,,discover,country,United Kingdom,English,Google Search,2025-08-01,2026-07-31,encoded_band,50,10,100,-1,-1,Unknown,,,,GBP,returned,2026-09-08,2026-09-08-01-setup,raw/gkp-discover-02-web-applications.csv,308
ob_000890,kw_000378,,discover,country,United Kingdom,English,Google Search,2025-08-01,2026-07-31,encoded_band,50,10,100,-1,-1,Unknown,,,,GBP,returned,2026-09-08,2026-09-08-01-setup,raw/gkp-discover-02-web-applications.csv,309
ob_000891,kw_000872,,discover,country,United Kingdom,English,Google Search,2025-08-01,2026-07-31,encoded_band,50,10,100,0,-1,Unknown,,,,GBP,returned,2026-09-08,2026-09-08-01-setup,raw/gkp-discover-02-web-applications.csv,310
ob_000892,kw_000873,,discover,country,United Kingdom,English,Google Search,2025-08-01,2026-07-31,encoded_band,50,10,100,0,0,Low,0,,,GBP,returned,2026-09-08,2026-09-08-01-setup,raw/gkp-discover-02-web-applications.csv,311
ob_000893,kw_000379,,discover,country,United Kingdom,English,Google Search,2025-08-01,2026-07-31,encoded_band,50,10,100,0,0,Low,19,13.98,33.8,GBP,returned,2026-09-08,2026-09-08-01-setup,raw/gkp-discover-02-web-applications.csv,312
ob_000894,kw_000874,,discover,country,United Kingdom,English,Google Search,2025-08-01,2026-07-31,encoded_band,50,10,100,-1,0,Unknown,,,,GBP,returned,2026-09-08,2026-09-08-01-setup,raw/gkp-discover-02-web-applications.csv,313
ob_000895,kw_000875,,discover,country,United Kingdom,English,Google Search,2025-08-01,2026-07-31,encoded_band,0,0,0,0,0,Unknown,,,,GBP,zero,2026-09-08,2026-09-08-01-setup,raw/gkp-discover-02-web-applications.csv,314
ob_000896,kw_000380,,discover,country,United Kingdom,English,Google Search,2025-08-01,2026-07-31,encoded_band,50,10,100,0,0,Low,0,,,GBP,returned,2026-09-08,2026-09-08-01-setup,raw/gkp-discover-02-web-applications.csv,315
ob_000897,kw_000381,,discover,country,United Kingdom,English,Google Search,2025-08-01,2026-07-31,encoded_band,50,10,100,-1,-1,Unknown,,,,GBP,returned,2026-09-08,2026-09-08-01-setup,raw/gkp-discover-02-web-applications.csv,316
ob_000898,kw_000382,,discover,country,United Kingdom,English,Google Search,2025-08-01,2026-07-31,encoded_band,50,10,100,0,0,Unknown,,,,GBP,returned,2026-09-08,2026-09-08-01-setup,raw/gkp-discover-02-web-applications.csv,317
ob_000899,kw_000876,,discover,country,United Kingdom,English,Google Search,2025-08-01,2026-07-31,encoded_band,50,10,100,-1,0,Unknown,,,,GBP,returned,2026-09-08,2026-09-08-01-setup,raw/gkp-discover-02-web-applications.csv,318
ob_000900,kw_000877,,discover,country,United Kingdom,English,Google Search,2025-08-01,2026-07-31,encoded_band,50,10,100,-1,0,Unknown,,,,GBP,returned,2026-09-08,2026-09-08-01-setup,raw/gkp-discover-02-web-applications.csv,319
ob_000901,kw_000878,,discover,country,United Kingdom,English,Google Search,2025-08-01,2026-07-31,encoded_band,50,10,100,-1,0,Unknown,,,,GBP,returned,2026-09-08,2026-09-08-01-setup,raw/gkp-discover-02-web-applications.csv,320
ob_000902,kw_000383,,discover,country,United Kingdom,English,Google Search,2025-08-01,2026-07-31,encoded_band,50,10,100,0,0,Low,19,15.07,30.76,GBP,returned,2026-09-08,2026-09-08-01-setup,raw/gkp-discover-02-web-applications.csv,321
ob_000903,kw_000879,,discover,country,United Kingdom,English,Google Search,2025-08-01,2026-07-31,encoded_band,50,10,100,,0,Low,0,,,GBP,returned,2026-09-08,2026-09-08-01-setup,raw/gkp-discover-02-web-applications.csv,322
ob_000904,kw_000880,,discover,country,United Kingdom,English,Google Search,2025-08-01,2026-07-31,encoded_band,500,100,1000,9,0,Low,25,2.66,14.87,GBP,returned,2026-09-08,2026-09-08-01-setup,raw/gkp-discover-02-web-applications.csv,323
ob_000905,kw_000881,,discover,country,United Kingdom,English,Google Search,2025-08-01,2026-07-31,encoded_band,50,10,100,0,0,Unknown,,,,GBP,returned,2026-09-08,2026-09-08-01-setup,raw/gkp-discover-02-web-applications.csv,324
ob_000906,kw_000882,,discover,country,United Kingdom,English,Google Search,2025-08-01,2026-07-31,encoded_band,50,10,100,0,0,High,100,0.39,0.72,GBP,returned,2026-09-08,2026-09-08-01-setup,raw/gkp-discover-02-web-applications.csv,325
ob_000907,kw_000883,,discover,country,United Kingdom,English,Google Search,2025-08-01,2026-07-31,encoded_band,50,10,100,-1,-1,Unknown,,,,GBP,returned,2026-09-08,2026-09-08-01-setup,raw/gkp-discover-02-web-applications.csv,326
ob_000908,kw_000884,,discover,country,United Kingdom,English,Google Search,2025-08-01,2026-07-31,encoded_band,50,10,100,-1,0,Unknown,,,,GBP,returned,2026-09-08,2026-09-08-01-setup,raw/gkp-discover-02-web-applications.csv,327
ob_000909,kw_000885,,discover,country,United Kingdom,English,Google Search,2025-08-01,2026-07-31,encoded_band,50,10,100,0,-1,Unknown,,,,GBP,returned,2026-09-08,2026-09-08-01-setup,raw/gkp-discover-02-web-applications.csv,328
ob_000910,kw_000886,,discover,country,United Kingdom,English,Google Search,2025-08-01,2026-07-31,encoded_band,500,100,1000,0,0,Medium,37,13.98,122.04,GBP,returned,2026-09-08,2026-09-08-01-setup,raw/gkp-discover-02-web-applications.csv,329
ob_000911,kw_000887,,discover,country,United Kingdom,English,Google Search,2025-08-01,2026-07-31,encoded_band,0,0,0,0,0,Unknown,,,,GBP,zero,2026-09-08,2026-09-08-01-setup,raw/gkp-discover-02-web-applications.csv,330
ob_000912,kw_000888,,discover,country,United Kingdom,English,Google Search,2025-08-01,2026-07-31,encoded_band,50,10,100,0,0,Unknown,,,,GBP,returned,2026-09-08,2026-09-08-01-setup,raw/gkp-discover-02-web-applications.csv,331
ob_000913,kw_000889,,discover,country,United Kingdom,English,Google Search,2025-08-01,2026-07-31,encoded_band,50,10,100,0,-1,Unknown,,,,GBP,returned,2026-09-08,2026-09-08-01-setup,raw/gkp-discover-02-web-applications.csv,332
ob_000914,kw_000890,,discover,country,United Kingdom,English,Google Search,2025-08-01,2026-07-31,encoded_band,0,0,0,0,0,Unknown,,,,GBP,zero,2026-09-08,2026-09-08-01-setup,raw/gkp-discover-02-web-applications.csv,333
ob_000915,kw_000891,,discover,country,United Kingdom,English,Google Search,2025-08-01,2026-07-31,encoded_band,50,10,100,0,,High,71,,,GBP,returned,2026-09-08,2026-09-08-01-setup,raw/gkp-discover-02-web-applications.csv,334
ob_000916,kw_000892,,discover,country,United Kingdom,English,Google Search,2025-08-01,2026-07-31,encoded_band,50,10,100,0,0,Low,19,,,GBP,returned,2026-09-08,2026-09-08-01-setup,raw/gkp-discover-02-web-applications.csv,335
ob_000917,kw_000893,,discover,country,United Kingdom,English,Google Search,2025-08-01,2026-07-31,encoded_band,0,0,0,0,0,Unknown,,,,GBP,zero,2026-09-08,2026-09-08-01-setup,raw/gkp-discover-02-web-applications.csv,336
ob_000918,kw_000894,,discover,country,United Kingdom,English,Google Search,2025-08-01,2026-07-31,encoded_band,0,0,0,0,0,Unknown,,,,GBP,zero,2026-09-08,2026-09-08-01-setup,raw/gkp-discover-02-web-applications.csv,337
ob_000919,kw_000895,,discover,country,United Kingdom,English,Google Search,2025-08-01,2026-07-31,encoded_band,0,0,0,0,0,Unknown,,,,GBP,zero,2026-09-08,2026-09-08-01-setup,raw/gkp-discover-02-web-applications.csv,338
ob_000920,kw_000896,,discover,country,United Kingdom,English,Google Search,2025-08-01,2026-07-31,encoded_band,50,10,100,0,0,Low,29,,,GBP,returned,2026-09-08,2026-09-08-01-setup,raw/gkp-discover-02-web-applications.csv,339
ob_000921,kw_000897,,discover,country,United Kingdom,English,Google Search,2025-08-01,2026-07-31,encoded_band,0,0,0,0,0,Unknown,,,,GBP,zero,2026-09-08,2026-09-08-01-setup,raw/gkp-discover-02-web-applications.csv,340
ob_000922,kw_000898,,discover,country,United Kingdom,English,Google Search,2025-08-01,2026-07-31,encoded_band,0,0,0,0,0,Unknown,,,,GBP,zero,2026-09-08,2026-09-08-01-setup,raw/gkp-discover-02-web-applications.csv,341
ob_000923,kw_000899,,discover,country,United Kingdom,English,Google Search,2025-08-01,2026-07-31,encoded_band,50,10,100,0,0,Unknown,,,,GBP,returned,2026-09-08,2026-09-08-01-setup,raw/gkp-discover-02-web-applications.csv,342
ob_000924,kw_000900,,discover,country,United Kingdom,English,Google Search,2025-08-01,2026-07-31,encoded_band,50,10,100,0,0,Unknown,,,,GBP,returned,2026-09-08,2026-09-08-01-setup,raw/gkp-discover-02-web-applications.csv,343
ob_000925,kw_000901,,discover,country,United Kingdom,English,Google Search,2025-08-01,2026-07-31,encoded_band,0,0,0,0,0,Unknown,,,,GBP,zero,2026-09-08,2026-09-08-01-setup,raw/gkp-discover-02-web-applications.csv,344
ob_000926,kw_000902,,discover,country,United Kingdom,English,Google Search,2025-08-01,2026-07-31,encoded_band,50,10,100,0,0,Low,0,,,GBP,returned,2026-09-08,2026-09-08-01-setup,raw/gkp-discover-02-web-applications.csv,345
ob_000927,kw_000903,,discover,country,United Kingdom,English,Google Search,2025-08-01,2026-07-31,encoded_band,50,10,100,0,0,Unknown,,,,GBP,returned,2026-09-08,2026-09-08-01-setup,raw/gkp-discover-02-web-applications.csv,346
ob_000928,kw_000904,,discover,country,United Kingdom,English,Google Search,2025-08-01,2026-07-31,encoded_band,0,0,0,0,0,Unknown,,,,GBP,zero,2026-09-08,2026-09-08-01-setup,raw/gkp-discover-02-web-applications.csv,347
ob_000929,kw_000905,,discover,country,United Kingdom,English,Google Search,2025-08-01,2026-07-31,encoded_band,50,10,100,-1,-1,Unknown,,,,GBP,returned,2026-09-08,2026-09-08-01-setup,raw/gkp-discover-02-web-applications.csv,348
ob_000930,kw_000906,,discover,country,United Kingdom,English,Google Search,2025-08-01,2026-07-31,encoded_band,50,10,100,0,0,Low,0,,,GBP,returned,2026-09-08,2026-09-08-01-setup,raw/gkp-discover-02-web-applications.csv,349
ob_000931,kw_000907,,discover,country,United Kingdom,English,Google Search,2025-08-01,2026-07-31,encoded_band,0,0,0,0,0,Unknown,,,,GBP,zero,2026-09-08,2026-09-08-01-setup,raw/gkp-discover-02-web-applications.csv,350
ob_000932,kw_000908,,discover,country,United Kingdom,English,Google Search,2025-08-01,2026-07-31,encoded_band,50,10,100,0,0,Unknown,,,,GBP,returned,2026-09-08,2026-09-08-01-setup,raw/gkp-discover-02-web-applications.csv,351
ob_000933,kw_000909,,discover,country,United Kingdom,English,Google Search,2025-08-01,2026-07-31,encoded_band,50,10,100,0,-1,Unknown,,,,GBP,returned,2026-09-08,2026-09-08-01-setup,raw/gkp-discover-02-web-applications.csv,352
ob_000934,kw_000910,,discover,country,United Kingdom,English,Google Search,2025-08-01,2026-07-31,encoded_band,0,0,0,0,0,Unknown,,,,GBP,zero,2026-09-08,2026-09-08-01-setup,raw/gkp-discover-02-web-applications.csv,353
ob_000935,kw_000911,,discover,country,United Kingdom,English,Google Search,2025-08-01,2026-07-31,encoded_band,50,10,100,0,-1,Unknown,,,,GBP,returned,2026-09-08,2026-09-08-01-setup,raw/gkp-discover-02-web-applications.csv,354
ob_000936,kw_000912,,discover,country,United Kingdom,English,Google Search,2025-08-01,2026-07-31,encoded_band,50,10,100,-1,-1,Unknown,,,,GBP,returned,2026-09-08,2026-09-08-01-setup,raw/gkp-discover-02-web-applications.csv,355
ob_000937,kw_000913,,discover,country,United Kingdom,English,Google Search,2025-08-01,2026-07-31,encoded_band,500,100,1000,-0.9,0,Low,13,4.96,136.16,GBP,returned,2026-09-08,2026-09-08-01-setup,raw/gkp-discover-02-web-applications.csv,356
ob_000938,kw_000914,,discover,country,United Kingdom,English,Google Search,2025-08-01,2026-07-31,encoded_band,50,10,100,0,-1,Unknown,,,,GBP,returned,2026-09-08,2026-09-08-01-setup,raw/gkp-discover-02-web-applications.csv,357
ob_000939,kw_000915,,discover,country,United Kingdom,English,Google Search,2025-08-01,2026-07-31,encoded_band,50,10,100,0,0,Low,19,,,GBP,returned,2026-09-08,2026-09-08-01-setup,raw/gkp-discover-02-web-applications.csv,358
ob_000940,kw_000916,,discover,country,United Kingdom,English,Google Search,2025-08-01,2026-07-31,encoded_band,0,0,0,0,0,Unknown,,,,GBP,zero,2026-09-08,2026-09-08-01-setup,raw/gkp-discover-02-web-applications.csv,359
ob_000941,kw_000917,,discover,country,United Kingdom,English,Google Search,2025-08-01,2026-07-31,encoded_band,,,,,,Unknown,,,,GBP,absent,2026-09-08,2026-09-08-01-setup,raw/gkp-discover-02-web-applications.csv,360
ob_000942,kw_000918,,discover,country,United Kingdom,English,Google Search,2025-08-01,2026-07-31,encoded_band,500,100,1000,0,-0.9,High,68,4.75,20.97,GBP,returned,2026-09-08,2026-09-08-01-setup,raw/gkp-discover-03-booking-systems.csv,1
ob_000943,kw_000919,,discover,country,United Kingdom,English,Google Search,2025-08-01,2026-07-31,encoded_band,50,10,100,0,0,High,86,,,GBP,returned,2026-09-08,2026-09-08-01-setup,raw/gkp-discover-03-booking-systems.csv,2
ob_000944,kw_000920,,discover,country,United Kingdom,English,Google Search,2025-08-01,2026-07-31,encoded_band,500,100,1000,0,0,High,79,6.88,24.72,GBP,returned,2026-09-08,2026-09-08-01-setup,raw/gkp-discover-03-booking-systems.csv,3
ob_000945,kw_000921,,discover,country,United Kingdom,English,Google Search,2025-08-01,2026-07-31,encoded_band,500,100,1000,0,0,Medium,48,11.02,60.94,GBP,returned,2026-09-08,2026-09-08-01-setup,raw/gkp-discover-03-booking-systems.csv,4
ob_000946,kw_000922,,discover,country,United Kingdom,English,Google Search,2025-08-01,2026-07-31,encoded_band,50,10,100,-1,-1,Unknown,,,,GBP,returned,2026-09-08,2026-09-08-01-setup,raw/gkp-discover-03-booking-systems.csv,5
ob_000947,kw_000923,,discover,country,United Kingdom,English,Google Search,2025-08-01,2026-07-31,encoded_band,50,10,100,0,0,Low,32,6.2,14,GBP,returned,2026-09-08,2026-09-08-01-setup,raw/gkp-discover-03-booking-systems.csv,6
ob_000948,kw_000924,,discover,country,United Kingdom,English,Google Search,2025-08-01,2026-07-31,encoded_band,50,10,100,0,0,High,79,,,GBP,returned,2026-09-08,2026-09-08-01-setup,raw/gkp-discover-03-booking-systems.csv,7
ob_000949,kw_000925,,discover,country,United Kingdom,English,Google Search,2025-08-01,2026-07-31,encoded_band,50,10,100,0,-0.9,Medium,56,3.72,12.82,GBP,returned,2026-09-08,2026-09-08-01-setup,raw/gkp-discover-03-booking-systems.csv,8
ob_000950,kw_000926,,discover,country,United Kingdom,English,Google Search,2025-08-01,2026-07-31,encoded_band,500,100,1000,0,0,Medium,56,5.77,27.04,GBP,returned,2026-09-08,2026-09-08-01-setup,raw/gkp-discover-03-booking-systems.csv,9
ob_000951,kw_000927,,discover,country,United Kingdom,English,Google Search,2025-08-01,2026-07-31,encoded_band,500,100,1000,0,0,High,69,7.55,29.59,GBP,returned,2026-09-08,2026-09-08-01-setup,raw/gkp-discover-03-booking-systems.csv,10
ob_000952,kw_000928,,discover,country,United Kingdom,English,Google Search,2025-08-01,2026-07-31,encoded_band,500,100,1000,0,0,Low,30,3.9,11.37,GBP,returned,2026-09-08,2026-09-08-01-setup,raw/gkp-discover-03-booking-systems.csv,11
ob_000953,kw_000929,,discover,country,United Kingdom,English,Google Search,2025-08-01,2026-07-31,encoded_band,5000,1000,10000,0,-0.9,High,80,4.05,13.61,GBP,returned,2026-09-08,2026-09-08-01-setup,raw/gkp-discover-03-booking-systems.csv,12
ob_000954,kw_000930,,discover,country,United Kingdom,English,Google Search,2025-08-01,2026-07-31,encoded_band,50,10,100,0,0,Medium,62,5.47,18.7,GBP,returned,2026-09-08,2026-09-08-01-setup,raw/gkp-discover-03-booking-systems.csv,13
ob_000955,kw_000931,,discover,country,United Kingdom,English,Google Search,2025-08-01,2026-07-31,encoded_band,50,10,100,0,-0.9,Medium,50,2.22,10.59,GBP,returned,2026-09-08,2026-09-08-01-setup,raw/gkp-discover-03-booking-systems.csv,14
ob_000956,kw_000932,,discover,country,United Kingdom,English,Google Search,2025-08-01,2026-07-31,encoded_band,5000,1000,10000,0,-0.9,High,80,4.05,13.61,GBP,returned,2026-09-08,2026-09-08-01-setup,raw/gkp-discover-03-booking-systems.csv,15
ob_000957,kw_000933,,discover,country,United Kingdom,English,Google Search,2025-08-01,2026-07-31,encoded_band,50,10,100,0,0,High,81,6.76,28.45,GBP,returned,2026-09-08,2026-09-08-01-setup,raw/gkp-discover-03-booking-systems.csv,16
ob_000958,kw_000934,,discover,country,United Kingdom,English,Google Search,2025-08-01,2026-07-31,encoded_band,500,100,1000,0,0,High,81,5.87,21.48,GBP,returned,2026-09-08,2026-09-08-01-setup,raw/gkp-discover-03-booking-systems.csv,17
ob_000959,kw_000935,,discover,country,United Kingdom,English,Google Search,2025-08-01,2026-07-31,encoded_band,50,10,100,0,0,Low,29,3.29,11.88,GBP,returned,2026-09-08,2026-09-08-01-setup,raw/gkp-discover-03-booking-systems.csv,18
ob_000960,kw_000936,,discover,country,United Kingdom,English,Google Search,2025-08-01,2026-07-31,encoded_band,50,10,100,0,0,Low,14,,,GBP,returned,2026-09-08,2026-09-08-01-setup,raw/gkp-discover-03-booking-systems.csv,19
ob_000961,kw_000937,,discover,country,United Kingdom,English,Google Search,2025-08-01,2026-07-31,encoded_band,500,100,1000,0,-0.9,High,80,2.27,8.36,GBP,returned,2026-09-08,2026-09-08-01-setup,raw/gkp-discover-03-booking-systems.csv,20
ob_000962,kw_000938,,discover,country,United Kingdom,English,Google Search,2025-08-01,2026-07-31,encoded_band,500,100,1000,0,0,Medium,60,4,18,GBP,returned,2026-09-08,2026-09-08-01-setup,raw/gkp-discover-03-booking-systems.csv,21
ob_000963,kw_000939,,discover,country,United Kingdom,English,Google Search,2025-08-01,2026-07-31,encoded_band,50,10,100,0,0,High,81,8.12,20.71,GBP,returned,2026-09-08,2026-09-08-01-setup,raw/gkp-discover-03-booking-systems.csv,22
ob_000964,kw_000940,,discover,country,United Kingdom,English,Google Search,2025-08-01,2026-07-31,encoded_band,50,10,100,0,0,Low,18,6.36,17.62,GBP,returned,2026-09-08,2026-09-08-01-setup,raw/gkp-discover-03-booking-systems.csv,23
ob_000965,kw_000941,,discover,country,United Kingdom,English,Google Search,2025-08-01,2026-07-31,encoded_band,500,100,1000,-0.9,-0.9,Medium,41,10.5,41.29,GBP,returned,2026-09-08,2026-09-08-01-setup,raw/gkp-discover-03-booking-systems.csv,24
ob_000966,kw_000942,,discover,country,United Kingdom,English,Google Search,2025-08-01,2026-07-31,encoded_band,50,10,100,0,0,Medium,46,3.69,10.13,GBP,returned,2026-09-08,2026-09-08-01-setup,raw/gkp-discover-03-booking-systems.csv,25
ob_000967,kw_000943,,discover,country,United Kingdom,English,Google Search,2025-08-01,2026-07-31,encoded_band,500,100,1000,0,-0.9,Medium,52,3,11.63,GBP,returned,2026-09-08,2026-09-08-01-setup,raw/gkp-discover-03-booking-systems.csv,26
ob_000968,kw_000944,,discover,country,United Kingdom,English,Google Search,2025-08-01,2026-07-31,encoded_band,50,10,100,0,0,High,69,7.01,22.09,GBP,returned,2026-09-08,2026-09-08-01-setup,raw/gkp-discover-03-booking-systems.csv,27
ob_000969,kw_000945,,discover,country,United Kingdom,English,Google Search,2025-08-01,2026-07-31,encoded_band,50,10,100,0,-0.9,High,82,3.57,13.83,GBP,returned,2026-09-08,2026-09-08-01-setup,raw/gkp-discover-03-booking-systems.csv,28
ob_000970,kw_000946,,discover,country,United Kingdom,English,Google Search,2025-08-01,2026-07-31,encoded_band,50,10,100,0,0,High,84,2.72,10.06,GBP,returned,2026-09-08,2026-09-08-01-setup,raw/gkp-discover-03-booking-systems.csv,29
ob_000971,kw_000947,,discover,country,United Kingdom,English,Google Search,2025-08-01,2026-07-31,encoded_band,50,10,100,0,0,High,84,6.27,31.11,GBP,returned,2026-09-08,2026-09-08-01-setup,raw/gkp-discover-03-booking-systems.csv,30
ob_000972,kw_000948,,discover,country,United Kingdom,English,Google Search,2025-08-01,2026-07-31,encoded_band,50,10,100,0,0,Medium,48,4.99,24.69,GBP,returned,2026-09-08,2026-09-08-01-setup,raw/gkp-discover-03-booking-systems.csv,31
ob_000973,kw_000949,,discover,country,United Kingdom,English,Google Search,2025-08-01,2026-07-31,encoded_band,50,10,100,0,0,High,83,2.77,12.73,GBP,returned,2026-09-08,2026-09-08-01-setup,raw/gkp-discover-03-booking-systems.csv,32
ob_000974,kw_000950,,discover,country,United Kingdom,English,Google Search,2025-08-01,2026-07-31,encoded_band,50,10,100,0,0,Medium,38,5.98,38.87,GBP,returned,2026-09-08,2026-09-08-01-setup,raw/gkp-discover-03-booking-systems.csv,33
ob_000975,kw_000951,,discover,country,United Kingdom,English,Google Search,2025-08-01,2026-07-31,encoded_band,50,10,100,0,0,Low,31,6.03,19.52,GBP,returned,2026-09-08,2026-09-08-01-setup,raw/gkp-discover-03-booking-systems.csv,34
ob_000976,kw_000952,,discover,country,United Kingdom,English,Google Search,2025-08-01,2026-07-31,encoded_band,50,10,100,0,0,Low,4,,,GBP,returned,2026-09-08,2026-09-08-01-setup,raw/gkp-discover-03-booking-systems.csv,35
ob_000977,kw_000953,,discover,country,United Kingdom,English,Google Search,2025-08-01,2026-07-31,encoded_band,50,10,100,0,0,Medium,43,,,GBP,returned,2026-09-08,2026-09-08-01-setup,raw/gkp-discover-03-booking-systems.csv,36
ob_000978,kw_000954,,discover,country,United Kingdom,English,Google Search,2025-08-01,2026-07-31,encoded_band,50,10,100,0,0,High,77,2.38,8.8,GBP,returned,2026-09-08,2026-09-08-01-setup,raw/gkp-discover-03-booking-systems.csv,37
ob_000979,kw_000955,,discover,country,United Kingdom,English,Google Search,2025-08-01,2026-07-31,encoded_band,50,10,100,0,0,High,79,,,GBP,returned,2026-09-08,2026-09-08-01-setup,raw/gkp-discover-03-booking-systems.csv,38
ob_000980,kw_000956,,discover,country,United Kingdom,English,Google Search,2025-08-01,2026-07-31,encoded_band,50,10,100,0,0,High,82,4.22,15.57,GBP,returned,2026-09-08,2026-09-08-01-setup,raw/gkp-discover-03-booking-systems.csv,39
ob_000981,kw_000957,,discover,country,United Kingdom,English,Google Search,2025-08-01,2026-07-31,encoded_band,500,100,1000,0,0,High,72,5.26,47.35,GBP,returned,2026-09-08,2026-09-08-01-setup,raw/gkp-discover-03-booking-systems.csv,40
ob_000982,kw_000958,,discover,country,United Kingdom,English,Google Search,2025-08-01,2026-07-31,encoded_band,500,100,1000,-0.9,-0.9,High,81,3.26,9.33,GBP,returned,2026-09-08,2026-09-08-01-setup,raw/gkp-discover-03-booking-systems.csv,41
ob_000983,kw_000959,,discover,country,United Kingdom,English,Google Search,2025-08-01,2026-07-31,encoded_band,50,10,100,0,0,Low,20,6.21,13.07,GBP,returned,2026-09-08,2026-09-08-01-setup,raw/gkp-discover-03-booking-systems.csv,42
ob_000984,kw_000960,,discover,country,United Kingdom,English,Google Search,2025-08-01,2026-07-31,encoded_band,500,100,1000,0,0,Medium,56,5.45,20.33,GBP,returned,2026-09-08,2026-09-08-01-setup,raw/gkp-discover-03-booking-systems.csv,43
ob_000985,kw_000961,,discover,country,United Kingdom,English,Google Search,2025-08-01,2026-07-31,encoded_band,50,10,100,0,0,High,86,,,GBP,returned,2026-09-08,2026-09-08-01-setup,raw/gkp-discover-03-booking-systems.csv,44
ob_000986,kw_000962,,discover,country,United Kingdom,English,Google Search,2025-08-01,2026-07-31,encoded_band,50,10,100,0,0,Medium,44,14.77,98.15,GBP,returned,2026-09-08,2026-09-08-01-setup,raw/gkp-discover-03-booking-systems.csv,45
ob_000987,kw_000963,,discover,country,United Kingdom,English,Google Search,2025-08-01,2026-07-31,encoded_band,500,100,1000,0,-0.9,Medium,46,14.76,52.34,GBP,returned,2026-09-08,2026-09-08-01-setup,raw/gkp-discover-03-booking-systems.csv,46
ob_000988,kw_000964,,discover,country,United Kingdom,English,Google Search,2025-08-01,2026-07-31,encoded_band,500,100,1000,-0.9,-0.9,Medium,51,8.47,33.5,GBP,returned,2026-09-08,2026-09-08-01-setup,raw/gkp-discover-03-booking-systems.csv,47
ob_000989,kw_000965,,discover,country,United Kingdom,English,Google Search,2025-08-01,2026-07-31,encoded_band,50,10,100,0,0,High,82,6.53,31.48,GBP,returned,2026-09-08,2026-09-08-01-setup,raw/gkp-discover-03-booking-systems.csv,48
ob_000990,kw_000966,,discover,country,United Kingdom,English,Google Search,2025-08-01,2026-07-31,encoded_band,50,10,100,0,0,Low,0,,,GBP,returned,2026-09-08,2026-09-08-01-setup,raw/gkp-discover-03-booking-systems.csv,49
ob_000991,kw_000967,,discover,country,United Kingdom,English,Google Search,2025-08-01,2026-07-31,encoded_band,50,10,100,0,0,Low,10,,,GBP,returned,2026-09-08,2026-09-08-01-setup,raw/gkp-discover-03-booking-systems.csv,50
ob_000992,kw_000968,,discover,country,United Kingdom,English,Google Search,2025-08-01,2026-07-31,encoded_band,50,10,100,0,0,Low,0,,,GBP,returned,2026-09-08,2026-09-08-01-setup,raw/gkp-discover-03-booking-systems.csv,51
ob_000993,kw_000969,,discover,country,United Kingdom,English,Google Search,2025-08-01,2026-07-31,encoded_band,50,10,100,0,0,High,82,5.47,25.52,GBP,returned,2026-09-08,2026-09-08-01-setup,raw/gkp-discover-03-booking-systems.csv,52
ob_000994,kw_000970,,discover,country,United Kingdom,English,Google Search,2025-08-01,2026-07-31,encoded_band,500,100,1000,-0.9,-0.9,High,70,4.17,13.25,GBP,returned,2026-09-08,2026-09-08-01-setup,raw/gkp-discover-03-booking-systems.csv,53
ob_000995,kw_000971,,discover,country,United Kingdom,English,Google Search,2025-08-01,2026-07-31,encoded_band,50,10,100,0,0,High,80,2.97,12.27,GBP,returned,2026-09-08,2026-09-08-01-setup,raw/gkp-discover-03-booking-systems.csv,54
ob_000996,kw_000972,,discover,country,United Kingdom,English,Google Search,2025-08-01,2026-07-31,encoded_band,50,10,100,0,0,High,86,,,GBP,returned,2026-09-08,2026-09-08-01-setup,raw/gkp-discover-03-booking-systems.csv,55
ob_000997,kw_000973,,discover,country,United Kingdom,English,Google Search,2025-08-01,2026-07-31,encoded_band,50,10,100,0,0,Medium,60,7.38,12.7,GBP,returned,2026-09-08,2026-09-08-01-setup,raw/gkp-discover-03-booking-systems.csv,56
ob_000998,kw_000974,,discover,country,United Kingdom,English,Google Search,2025-08-01,2026-07-31,encoded_band,500,100,1000,0,-0.9,High,68,4.75,20.97,GBP,returned,2026-09-08,2026-09-08-01-setup,raw/gkp-discover-03-booking-systems.csv,57
ob_000999,kw_000975,,discover,country,United Kingdom,English,Google Search,2025-08-01,2026-07-31,encoded_band,50,10,100,0,0,High,77,10.9,29.89,GBP,returned,2026-09-08,2026-09-08-01-setup,raw/gkp-discover-03-booking-systems.csv,58
ob_001000,kw_000976,,discover,country,United Kingdom,English,Google Search,2025-08-01,2026-07-31,encoded_band,50,10,100,,0,High,71,,,GBP,returned,2026-09-08,2026-09-08-01-setup,raw/gkp-discover-03-booking-systems.csv,59
ob_001001,kw_000977,,discover,country,United Kingdom,English,Google Search,2025-08-01,2026-07-31,encoded_band,50,10,100,0,0,High,79,2.5,13.16,GBP,returned,2026-09-08,2026-09-08-01-setup,raw/gkp-discover-03-booking-systems.csv,60
ob_001002,kw_000978,,discover,country,United Kingdom,English,Google Search,2025-08-01,2026-07-31,encoded_band,50,10,100,0,0,High,83,5.55,22.87,GBP,returned,2026-09-08,2026-09-08-01-setup,raw/gkp-discover-03-booking-systems.csv,61
ob_001003,kw_000979,,discover,country,United Kingdom,English,Google Search,2025-08-01,2026-07-31,encoded_band,50,10,100,-1,-1,Unknown,,,,GBP,returned,2026-09-08,2026-09-08-01-setup,raw/gkp-discover-03-booking-systems.csv,62
ob_001004,kw_000980,,discover,country,United Kingdom,English,Google Search,2025-08-01,2026-07-31,encoded_band,5000,1000,10000,-0.9,0,Low,19,2.24,8.06,GBP,returned,2026-09-08,2026-09-08-01-setup,raw/gkp-discover-03-booking-systems.csv,63
ob_001005,kw_000981,,discover,country,United Kingdom,English,Google Search,2025-08-01,2026-07-31,encoded_band,50,10,100,0,0,Medium,52,3.67,15.56,GBP,returned,2026-09-08,2026-09-08-01-setup,raw/gkp-discover-03-booking-systems.csv,64
ob_001006,kw_000982,,discover,country,United Kingdom,English,Google Search,2025-08-01,2026-07-31,encoded_band,50,10,100,0,0,High,86,2.31,13.85,GBP,returned,2026-09-08,2026-09-08-01-setup,raw/gkp-discover-03-booking-systems.csv,65
ob_001007,kw_000983,,discover,country,United Kingdom,English,Google Search,2025-08-01,2026-07-31,encoded_band,500,100,1000,0,0,High,77,4.44,29.57,GBP,returned,2026-09-08,2026-09-08-01-setup,raw/gkp-discover-03-booking-systems.csv,66
ob_001008,kw_000984,,discover,country,United Kingdom,English,Google Search,2025-08-01,2026-07-31,encoded_band,500,100,1000,0,0,High,69,7.55,29.59,GBP,returned,2026-09-08,2026-09-08-01-setup,raw/gkp-discover-03-booking-systems.csv,67
ob_001009,kw_000985,,discover,country,United Kingdom,English,Google Search,2025-08-01,2026-07-31,encoded_band,50,10,100,0,0,Low,24,4.51,19.13,GBP,returned,2026-09-08,2026-09-08-01-setup,raw/gkp-discover-03-booking-systems.csv,68
ob_001010,kw_000986,,discover,country,United Kingdom,English,Google Search,2025-08-01,2026-07-31,encoded_band,500,100,1000,-0.9,-0.9,Medium,53,7.18,29.62,GBP,returned,2026-09-08,2026-09-08-01-setup,raw/gkp-discover-03-booking-systems.csv,69
ob_001011,kw_000987,,discover,country,United Kingdom,English,Google Search,2025-08-01,2026-07-31,encoded_band,50,10,100,0,0,High,87,3.87,12.18,GBP,returned,2026-09-08,2026-09-08-01-setup,raw/gkp-discover-03-booking-systems.csv,70
ob_001012,kw_000988,,discover,country,United Kingdom,English,Google Search,2025-08-01,2026-07-31,encoded_band,500,100,1000,0,-0.9,Medium,49,6.75,43.55,GBP,returned,2026-09-08,2026-09-08-01-setup,raw/gkp-discover-03-booking-systems.csv,71
ob_001013,kw_000989,,discover,country,United Kingdom,English,Google Search,2025-08-01,2026-07-31,encoded_band,500,100,1000,-0.9,-0.9,High,71,5.39,21.09,GBP,returned,2026-09-08,2026-09-08-01-setup,raw/gkp-discover-03-booking-systems.csv,72
ob_001014,kw_000990,,discover,country,United Kingdom,English,Google Search,2025-08-01,2026-07-31,encoded_band,50,10,100,0,0,High,82,2.74,6.65,GBP,returned,2026-09-08,2026-09-08-01-setup,raw/gkp-discover-03-booking-systems.csv,73
ob_001015,kw_000991,,discover,country,United Kingdom,English,Google Search,2025-08-01,2026-07-31,encoded_band,50,10,100,0,0,Medium,65,2.78,11.48,GBP,returned,2026-09-08,2026-09-08-01-setup,raw/gkp-discover-03-booking-systems.csv,74
ob_001016,kw_000992,,discover,country,United Kingdom,English,Google Search,2025-08-01,2026-07-31,encoded_band,50,10,100,0,0,Low,12,4.21,12.22,GBP,returned,2026-09-08,2026-09-08-01-setup,raw/gkp-discover-03-booking-systems.csv,75
ob_001017,kw_000993,,discover,country,United Kingdom,English,Google Search,2025-08-01,2026-07-31,encoded_band,50,10,100,0,0,Medium,50,6.42,17.63,GBP,returned,2026-09-08,2026-09-08-01-setup,raw/gkp-discover-03-booking-systems.csv,76
ob_001018,kw_000994,,discover,country,United Kingdom,English,Google Search,2025-08-01,2026-07-31,encoded_band,50,10,100,0,0,Medium,49,48.11,112.81,GBP,returned,2026-09-08,2026-09-08-01-setup,raw/gkp-discover-03-booking-systems.csv,77
ob_001019,kw_000995,,discover,country,United Kingdom,English,Google Search,2025-08-01,2026-07-31,encoded_band,500,100,1000,0,0,High,69,7.55,29.59,GBP,returned,2026-09-08,2026-09-08-01-setup,raw/gkp-discover-03-booking-systems.csv,78
ob_001020,kw_000996,,discover,country,United Kingdom,English,Google Search,2025-08-01,2026-07-31,encoded_band,50,10,100,0,0,High,76,4.8,17.64,GBP,returned,2026-09-08,2026-09-08-01-setup,raw/gkp-discover-03-booking-systems.csv,79
ob_001021,kw_000997,,discover,country,United Kingdom,English,Google Search,2025-08-01,2026-07-31,encoded_band,50,10,100,0,0,Medium,51,,,GBP,returned,2026-09-08,2026-09-08-01-setup,raw/gkp-discover-03-booking-systems.csv,80
ob_001022,kw_000998,,discover,country,United Kingdom,English,Google Search,2025-08-01,2026-07-31,encoded_band,50,10,100,0,0,Medium,40,7.38,17.74,GBP,returned,2026-09-08,2026-09-08-01-setup,raw/gkp-discover-03-booking-systems.csv,81
ob_001023,kw_000999,,discover,country,United Kingdom,English,Google Search,2025-08-01,2026-07-31,encoded_band,50,10,100,0,0,Medium,57,,,GBP,returned,2026-09-08,2026-09-08-01-setup,raw/gkp-discover-03-booking-systems.csv,82
ob_001024,kw_001000,,discover,country,United Kingdom,English,Google Search,2025-08-01,2026-07-31,encoded_band,50,10,100,0,0,High,67,6.78,23.9,GBP,returned,2026-09-08,2026-09-08-01-setup,raw/gkp-discover-03-booking-systems.csv,83
ob_001025,kw_001001,,discover,country,United Kingdom,English,Google Search,2025-08-01,2026-07-31,encoded_band,50,10,100,-1,-1,Unknown,,,,GBP,returned,2026-09-08,2026-09-08-01-setup,raw/gkp-discover-03-booking-systems.csv,84
ob_001026,kw_001002,,discover,country,United Kingdom,English,Google Search,2025-08-01,2026-07-31,encoded_band,500,100,1000,0,0,Medium,50,7.41,77.85,GBP,returned,2026-09-08,2026-09-08-01-setup,raw/gkp-discover-03-booking-systems.csv,85
ob_001027,kw_001003,,discover,country,United Kingdom,English,Google Search,2025-08-01,2026-07-31,encoded_band,50,10,100,-1,-1,Unknown,,,,GBP,returned,2026-09-08,2026-09-08-01-setup,raw/gkp-discover-03-booking-systems.csv,86
ob_001028,kw_001004,,discover,country,United Kingdom,English,Google Search,2025-08-01,2026-07-31,encoded_band,50,10,100,-1,-1,Unknown,,,,GBP,returned,2026-09-08,2026-09-08-01-setup,raw/gkp-discover-03-booking-systems.csv,87
ob_001029,kw_001005,,discover,country,United Kingdom,English,Google Search,2025-08-01,2026-07-31,encoded_band,500,100,1000,0,0,Low,19,8.03,24.03,GBP,returned,2026-09-08,2026-09-08-01-setup,raw/gkp-discover-03-booking-systems.csv,88
ob_001030,kw_001006,,discover,country,United Kingdom,English,Google Search,2025-08-01,2026-07-31,encoded_band,50,10,100,0,-1,Unknown,,,,GBP,returned,2026-09-08,2026-09-08-01-setup,raw/gkp-discover-03-booking-systems.csv,89
ob_001031,kw_001007,,discover,country,United Kingdom,English,Google Search,2025-08-01,2026-07-31,encoded_band,50,10,100,-1,-1,Unknown,,,,GBP,returned,2026-09-08,2026-09-08-01-setup,raw/gkp-discover-03-booking-systems.csv,90
ob_001032,kw_001008,,discover,country,United Kingdom,English,Google Search,2025-08-01,2026-07-31,encoded_band,50,10,100,0,0,Low,0,,,GBP,returned,2026-09-08,2026-09-08-01-setup,raw/gkp-discover-03-booking-systems.csv,91
ob_001033,kw_001009,,discover,country,United Kingdom,English,Google Search,2025-08-01,2026-07-31,encoded_band,50,10,100,-1,0,Unknown,,,,GBP,returned,2026-09-08,2026-09-08-01-setup,raw/gkp-discover-03-booking-systems.csv,92
ob_001034,kw_001010,,discover,country,United Kingdom,English,Google Search,2025-08-01,2026-07-31,encoded_band,500,100,1000,0,0,Medium,43,5.09,55.58,GBP,returned,2026-09-08,2026-09-08-01-setup,raw/gkp-discover-03-booking-systems.csv,93
ob_001035,kw_001011,,discover,country,United Kingdom,English,Google Search,2025-08-01,2026-07-31,encoded_band,50,10,100,0,0,High,77,2.63,8.11,GBP,returned,2026-09-08,2026-09-08-01-setup,raw/gkp-discover-03-booking-systems.csv,94
ob_001036,kw_001012,,discover,country,United Kingdom,English,Google Search,2025-08-01,2026-07-31,encoded_band,50,10,100,0,0,High,73,3.2,8.94,GBP,returned,2026-09-08,2026-09-08-01-setup,raw/gkp-discover-03-booking-systems.csv,95
ob_001037,kw_001013,,discover,country,United Kingdom,English,Google Search,2025-08-01,2026-07-31,encoded_band,50,10,100,0,0,High,86,,,GBP,returned,2026-09-08,2026-09-08-01-setup,raw/gkp-discover-03-booking-systems.csv,96
ob_001038,kw_001014,,discover,country,United Kingdom,English,Google Search,2025-08-01,2026-07-31,encoded_band,50,10,100,,0,High,86,,,GBP,returned,2026-09-08,2026-09-08-01-setup,raw/gkp-discover-03-booking-systems.csv,97
ob_001039,kw_001015,,discover,country,United Kingdom,English,Google Search,2025-08-01,2026-07-31,encoded_band,50,10,100,0,0,High,86,,,GBP,returned,2026-09-08,2026-09-08-01-setup,raw/gkp-discover-03-booking-systems.csv,98
ob_001040,kw_001016,,discover,country,United Kingdom,English,Google Search,2025-08-01,2026-07-31,encoded_band,50,10,100,,0,High,86,,,GBP,returned,2026-09-08,2026-09-08-01-setup,raw/gkp-discover-03-booking-systems.csv,99
ob_001041,kw_001017,,discover,country,United Kingdom,English,Google Search,2025-08-01,2026-07-31,encoded_band,50,10,100,0,0,Medium,57,6.62,26.92,GBP,returned,2026-09-08,2026-09-08-01-setup,raw/gkp-discover-03-booking-systems.csv,100
ob_001042,kw_001018,,discover,country,United Kingdom,English,Google Search,2025-08-01,2026-07-31,encoded_band,50,10,100,0,0,Low,0,,,GBP,returned,2026-09-08,2026-09-08-01-setup,raw/gkp-discover-03-booking-systems.csv,101
ob_001043,kw_001019,,discover,country,United Kingdom,English,Google Search,2025-08-01,2026-07-31,encoded_band,50,10,100,0,0,High,86,,,GBP,returned,2026-09-08,2026-09-08-01-setup,raw/gkp-discover-03-booking-systems.csv,102
ob_001044,kw_001020,,discover,country,United Kingdom,English,Google Search,2025-08-01,2026-07-31,encoded_band,50,10,100,0,0,High,74,25.56,147.67,GBP,returned,2026-09-08,2026-09-08-01-setup,raw/gkp-discover-03-booking-systems.csv,103
ob_001045,kw_001021,,discover,country,United Kingdom,English,Google Search,2025-08-01,2026-07-31,encoded_band,50,10,100,0,0,Low,33,4.52,12.18,GBP,returned,2026-09-08,2026-09-08-01-setup,raw/gkp-discover-03-booking-systems.csv,104
ob_001046,kw_001022,,discover,country,United Kingdom,English,Google Search,2025-08-01,2026-07-31,encoded_band,500,100,1000,0,0,Medium,44,1.9,7.15,GBP,returned,2026-09-08,2026-09-08-01-setup,raw/gkp-discover-03-booking-systems.csv,105
ob_001047,kw_001023,,discover,country,United Kingdom,English,Google Search,2025-08-01,2026-07-31,encoded_band,50,10,100,0,0,High,81,3.12,19.09,GBP,returned,2026-09-08,2026-09-08-01-setup,raw/gkp-discover-03-booking-systems.csv,106
ob_001048,kw_001024,,discover,country,United Kingdom,English,Google Search,2025-08-01,2026-07-31,encoded_band,50,10,100,0,0,High,86,,,GBP,returned,2026-09-08,2026-09-08-01-setup,raw/gkp-discover-03-booking-systems.csv,107
ob_001049,kw_001025,,discover,country,United Kingdom,English,Google Search,2025-08-01,2026-07-31,encoded_band,500,100,1000,0,0,Medium,61,3.55,11.06,GBP,returned,2026-09-08,2026-09-08-01-setup,raw/gkp-discover-03-booking-systems.csv,108
ob_001050,kw_001026,,discover,country,United Kingdom,English,Google Search,2025-08-01,2026-07-31,encoded_band,50,10,100,0,0,High,79,,,GBP,returned,2026-09-08,2026-09-08-01-setup,raw/gkp-discover-03-booking-systems.csv,109
ob_001051,kw_001027,,discover,country,United Kingdom,English,Google Search,2025-08-01,2026-07-31,encoded_band,50,10,100,0,-1,Unknown,,,,GBP,returned,2026-09-08,2026-09-08-01-setup,raw/gkp-discover-03-booking-systems.csv,110
ob_001052,kw_001028,,discover,country,United Kingdom,English,Google Search,2025-08-01,2026-07-31,encoded_band,50,10,100,0,0,High,86,,,GBP,returned,2026-09-08,2026-09-08-01-setup,raw/gkp-discover-03-booking-systems.csv,111
ob_001053,kw_001029,,discover,country,United Kingdom,English,Google Search,2025-08-01,2026-07-31,encoded_band,50,10,100,0,0,Medium,55,6.37,18.21,GBP,returned,2026-09-08,2026-09-08-01-setup,raw/gkp-discover-03-booking-systems.csv,112
ob_001054,kw_001030,,discover,country,United Kingdom,English,Google Search,2025-08-01,2026-07-31,encoded_band,50,10,100,-1,-1,Unknown,,,,GBP,returned,2026-09-08,2026-09-08-01-setup,raw/gkp-discover-03-booking-systems.csv,113
ob_001055,kw_001031,,discover,country,United Kingdom,English,Google Search,2025-08-01,2026-07-31,encoded_band,50,10,100,0,-0.9,High,71,2.41,8.8,GBP,returned,2026-09-08,2026-09-08-01-setup,raw/gkp-discover-03-booking-systems.csv,114
ob_001056,kw_001032,,discover,country,United Kingdom,English,Google Search,2025-08-01,2026-07-31,encoded_band,50,10,100,0,0,Low,0,,,GBP,returned,2026-09-08,2026-09-08-01-setup,raw/gkp-discover-03-booking-systems.csv,115
ob_001057,kw_001033,,discover,country,United Kingdom,English,Google Search,2025-08-01,2026-07-31,encoded_band,50,10,100,0,0,Medium,64,4.35,8.34,GBP,returned,2026-09-08,2026-09-08-01-setup,raw/gkp-discover-03-booking-systems.csv,116
ob_001058,kw_001034,,discover,country,United Kingdom,English,Google Search,2025-08-01,2026-07-31,encoded_band,50,10,100,-1,-1,Unknown,,,,GBP,returned,2026-09-08,2026-09-08-01-setup,raw/gkp-discover-03-booking-systems.csv,117
ob_001059,kw_001035,,discover,country,United Kingdom,English,Google Search,2025-08-01,2026-07-31,encoded_band,50,10,100,0,0,High,76,6.37,45.99,GBP,returned,2026-09-08,2026-09-08-01-setup,raw/gkp-discover-03-booking-systems.csv,118
ob_001060,kw_001036,,discover,country,United Kingdom,English,Google Search,2025-08-01,2026-07-31,encoded_band,50,10,100,0,0,Medium,38,5.56,25.76,GBP,returned,2026-09-08,2026-09-08-01-setup,raw/gkp-discover-03-booking-systems.csv,119
ob_001061,kw_001037,,discover,country,United Kingdom,English,Google Search,2025-08-01,2026-07-31,encoded_band,50,10,100,-1,-1,Unknown,,,,GBP,returned,2026-09-08,2026-09-08-01-setup,raw/gkp-discover-03-booking-systems.csv,120
ob_001062,kw_001038,,discover,country,United Kingdom,English,Google Search,2025-08-01,2026-07-31,encoded_band,50,10,100,0,0,Low,18,,,GBP,returned,2026-09-08,2026-09-08-01-setup,raw/gkp-discover-03-booking-systems.csv,121
ob_001063,kw_001039,,discover,country,United Kingdom,English,Google Search,2025-08-01,2026-07-31,encoded_band,50,10,100,0,0,Low,24,2.08,21.63,GBP,returned,2026-09-08,2026-09-08-01-setup,raw/gkp-discover-03-booking-systems.csv,122
ob_001064,kw_001040,,discover,country,United Kingdom,English,Google Search,2025-08-01,2026-07-31,encoded_band,50,10,100,0,0,High,74,8.02,22.91,GBP,returned,2026-09-08,2026-09-08-01-setup,raw/gkp-discover-03-booking-systems.csv,123
ob_001065,kw_001041,,discover,country,United Kingdom,English,Google Search,2025-08-01,2026-07-31,encoded_band,500,100,1000,0,0,Medium,47,0.87,8.71,GBP,returned,2026-09-08,2026-09-08-01-setup,raw/gkp-discover-03-booking-systems.csv,124
ob_001066,kw_001042,,discover,country,United Kingdom,English,Google Search,2025-08-01,2026-07-31,encoded_band,50,10,100,0,0,Medium,40,3.03,8.74,GBP,returned,2026-09-08,2026-09-08-01-setup,raw/gkp-discover-03-booking-systems.csv,125
ob_001067,kw_001043,,discover,country,United Kingdom,English,Google Search,2025-08-01,2026-07-31,encoded_band,50,10,100,0,0,High,80,3.79,27.67,GBP,returned,2026-09-08,2026-09-08-01-setup,raw/gkp-discover-03-booking-systems.csv,126
ob_001068,kw_001044,,discover,country,United Kingdom,English,Google Search,2025-08-01,2026-07-31,encoded_band,50,10,100,0,0,Low,24,,,GBP,returned,2026-09-08,2026-09-08-01-setup,raw/gkp-discover-03-booking-systems.csv,127
ob_001069,kw_001045,,discover,country,United Kingdom,English,Google Search,2025-08-01,2026-07-31,encoded_band,50,10,100,0,0,Low,20,4.27,10.27,GBP,returned,2026-09-08,2026-09-08-01-setup,raw/gkp-discover-03-booking-systems.csv,128
ob_001070,kw_001046,,discover,country,United Kingdom,English,Google Search,2025-08-01,2026-07-31,encoded_band,50,10,100,-1,-1,Unknown,,,,GBP,returned,2026-09-08,2026-09-08-01-setup,raw/gkp-discover-03-booking-systems.csv,129
ob_001071,kw_001047,,discover,country,United Kingdom,English,Google Search,2025-08-01,2026-07-31,encoded_band,5000,1000,10000,0,-0.9,High,80,4.05,13.61,GBP,returned,2026-09-08,2026-09-08-01-setup,raw/gkp-discover-03-booking-systems.csv,130
ob_001072,kw_001048,,discover,country,United Kingdom,English,Google Search,2025-08-01,2026-07-31,encoded_band,50,10,100,0,0,High,68,1.76,11.16,GBP,returned,2026-09-08,2026-09-08-01-setup,raw/gkp-discover-03-booking-systems.csv,131
ob_001073,kw_001049,,discover,country,United Kingdom,English,Google Search,2025-08-01,2026-07-31,encoded_band,50,10,100,0,-0.9,Low,28,2.76,14.23,GBP,returned,2026-09-08,2026-09-08-01-setup,raw/gkp-discover-03-booking-systems.csv,132
ob_001074,kw_001050,,discover,country,United Kingdom,English,Google Search,2025-08-01,2026-07-31,encoded_band,50,10,100,-1,0,Unknown,,,,GBP,returned,2026-09-08,2026-09-08-01-setup,raw/gkp-discover-03-booking-systems.csv,133
ob_001075,kw_001051,,discover,country,United Kingdom,English,Google Search,2025-08-01,2026-07-31,encoded_band,50,10,100,0,0,High,86,18.67,33.77,GBP,returned,2026-09-08,2026-09-08-01-setup,raw/gkp-discover-03-booking-systems.csv,134
ob_001076,kw_001052,,discover,country,United Kingdom,English,Google Search,2025-08-01,2026-07-31,encoded_band,50,10,100,0,0,High,86,1.25,2.76,GBP,returned,2026-09-08,2026-09-08-01-setup,raw/gkp-discover-03-booking-systems.csv,135
ob_001077,kw_001053,,discover,country,United Kingdom,English,Google Search,2025-08-01,2026-07-31,encoded_band,50,10,100,0,0,Low,18,6.67,11.83,GBP,returned,2026-09-08,2026-09-08-01-setup,raw/gkp-discover-03-booking-systems.csv,136
ob_001078,kw_001054,,discover,country,United Kingdom,English,Google Search,2025-08-01,2026-07-31,encoded_band,50,10,100,0,0,Medium,63,5.46,17.62,GBP,returned,2026-09-08,2026-09-08-01-setup,raw/gkp-discover-03-booking-systems.csv,137
ob_001079,kw_001055,,discover,country,United Kingdom,English,Google Search,2025-08-01,2026-07-31,encoded_band,50,10,100,0,0,Medium,65,2.75,7.88,GBP,returned,2026-09-08,2026-09-08-01-setup,raw/gkp-discover-03-booking-systems.csv,138
ob_001080,kw_001056,,discover,country,United Kingdom,English,Google Search,2025-08-01,2026-07-31,encoded_band,50,10,100,0,0,Medium,65,4.49,13.28,GBP,returned,2026-09-08,2026-09-08-01-setup,raw/gkp-discover-03-booking-systems.csv,139
ob_001081,kw_001057,,discover,country,United Kingdom,English,Google Search,2025-08-01,2026-07-31,encoded_band,50,10,100,0,-1,Unknown,,,,GBP,returned,2026-09-08,2026-09-08-01-setup,raw/gkp-discover-03-booking-systems.csv,140
ob_001082,kw_001058,,discover,country,United Kingdom,English,Google Search,2025-08-01,2026-07-31,encoded_band,50,10,100,0,-1,Unknown,,,,GBP,returned,2026-09-08,2026-09-08-01-setup,raw/gkp-discover-03-booking-systems.csv,141
ob_001083,kw_001059,,discover,country,United Kingdom,English,Google Search,2025-08-01,2026-07-31,encoded_band,500,100,1000,0,9,High,82,3.73,13.16,GBP,returned,2026-09-08,2026-09-08-01-setup,raw/gkp-discover-03-booking-systems.csv,142
ob_001084,kw_001060,,discover,country,United Kingdom,English,Google Search,2025-08-01,2026-07-31,encoded_band,50,10,100,0,0,Low,16,1.62,6.91,GBP,returned,2026-09-08,2026-09-08-01-setup,raw/gkp-discover-03-booking-systems.csv,143
ob_001085,kw_001061,,discover,country,United Kingdom,English,Google Search,2025-08-01,2026-07-31,encoded_band,50,10,100,0,0,High,81,8.52,28.68,GBP,returned,2026-09-08,2026-09-08-01-setup,raw/gkp-discover-03-booking-systems.csv,144
ob_001086,kw_001062,,discover,country,United Kingdom,English,Google Search,2025-08-01,2026-07-31,encoded_band,50,10,100,0,0,High,86,,,GBP,returned,2026-09-08,2026-09-08-01-setup,raw/gkp-discover-03-booking-systems.csv,145
ob_001087,kw_001063,,discover,country,United Kingdom,English,Google Search,2025-08-01,2026-07-31,encoded_band,50,10,100,0,0,Unknown,,,,GBP,returned,2026-09-08,2026-09-08-01-setup,raw/gkp-discover-03-booking-systems.csv,146
ob_001088,kw_001064,,discover,country,United Kingdom,English,Google Search,2025-08-01,2026-07-31,encoded_band,50,10,100,0,0,Medium,48,,,GBP,returned,2026-09-08,2026-09-08-01-setup,raw/gkp-discover-03-booking-systems.csv,147
ob_001089,kw_001065,,discover,country,United Kingdom,English,Google Search,2025-08-01,2026-07-31,encoded_band,50,10,100,0,0,High,79,10.37,29.62,GBP,returned,2026-09-08,2026-09-08-01-setup,raw/gkp-discover-03-booking-systems.csv,148
ob_001090,kw_001066,,discover,country,United Kingdom,English,Google Search,2025-08-01,2026-07-31,encoded_band,50,10,100,0,0,Medium,51,3.32,11.12,GBP,returned,2026-09-08,2026-09-08-01-setup,raw/gkp-discover-03-booking-systems.csv,149
ob_001091,kw_001067,,discover,country,United Kingdom,English,Google Search,2025-08-01,2026-07-31,encoded_band,500,100,1000,0,-0.9,Low,21,24.36,66.11,GBP,returned,2026-09-08,2026-09-08-01-setup,raw/gkp-discover-03-booking-systems.csv,150
ob_001092,kw_001068,,discover,country,United Kingdom,English,Google Search,2025-08-01,2026-07-31,encoded_band,50,10,100,0,0,Medium,43,,,GBP,returned,2026-09-08,2026-09-08-01-setup,raw/gkp-discover-03-booking-systems.csv,151
ob_001093,kw_001069,,discover,country,United Kingdom,English,Google Search,2025-08-01,2026-07-31,encoded_band,50,10,100,0,-1,Unknown,,,,GBP,returned,2026-09-08,2026-09-08-01-setup,raw/gkp-discover-03-booking-systems.csv,152
ob_001094,kw_001070,,discover,country,United Kingdom,English,Google Search,2025-08-01,2026-07-31,encoded_band,50,10,100,0,0,High,67,7.38,66.77,GBP,returned,2026-09-08,2026-09-08-01-setup,raw/gkp-discover-03-booking-systems.csv,153
ob_001095,kw_001071,,discover,country,United Kingdom,English,Google Search,2025-08-01,2026-07-31,encoded_band,50,10,100,0,0,High,77,2.32,9.12,GBP,returned,2026-09-08,2026-09-08-01-setup,raw/gkp-discover-03-booking-systems.csv,154
ob_001096,kw_001072,,discover,country,United Kingdom,English,Google Search,2025-08-01,2026-07-31,encoded_band,50,10,100,0,0,Medium,59,2.69,19.24,GBP,returned,2026-09-08,2026-09-08-01-setup,raw/gkp-discover-03-booking-systems.csv,155
ob_001097,kw_001073,,discover,country,United Kingdom,English,Google Search,2025-08-01,2026-07-31,encoded_band,50,10,100,0,0,High,79,,,GBP,returned,2026-09-08,2026-09-08-01-setup,raw/gkp-discover-03-booking-systems.csv,156
ob_001098,kw_001074,,discover,country,United Kingdom,English,Google Search,2025-08-01,2026-07-31,encoded_band,500,100,1000,0,-0.9,Medium,49,6.75,43.55,GBP,returned,2026-09-08,2026-09-08-01-setup,raw/gkp-discover-03-booking-systems.csv,157
ob_001099,kw_001075,,discover,country,United Kingdom,English,Google Search,2025-08-01,2026-07-31,encoded_band,50,10,100,-1,0,Unknown,,,,GBP,returned,2026-09-08,2026-09-08-01-setup,raw/gkp-discover-03-booking-systems.csv,158
ob_001100,kw_001076,,discover,country,United Kingdom,English,Google Search,2025-08-01,2026-07-31,encoded_band,50,10,100,0,0,High,72,5.69,23.64,GBP,returned,2026-09-08,2026-09-08-01-setup,raw/gkp-discover-03-booking-systems.csv,159
ob_001101,kw_001077,,discover,country,United Kingdom,English,Google Search,2025-08-01,2026-07-31,encoded_band,50,10,100,9,9,High,80,3.42,12.57,GBP,returned,2026-09-08,2026-09-08-01-setup,raw/gkp-discover-03-booking-systems.csv,160
ob_001102,kw_001078,,discover,country,United Kingdom,English,Google Search,2025-08-01,2026-07-31,encoded_band,50,10,100,0,0,Medium,43,13.96,24.82,GBP,returned,2026-09-08,2026-09-08-01-setup,raw/gkp-discover-03-booking-systems.csv,161
ob_001103,kw_001079,,discover,country,United Kingdom,English,Google Search,2025-08-01,2026-07-31,encoded_band,50,10,100,0,0,Medium,66,4.31,14.68,GBP,returned,2026-09-08,2026-09-08-01-setup,raw/gkp-discover-03-booking-systems.csv,162
ob_001104,kw_001080,,discover,country,United Kingdom,English,Google Search,2025-08-01,2026-07-31,encoded_band,0,0,0,0,-1,Unknown,,,,GBP,zero,2026-09-08,2026-09-08-01-setup,raw/gkp-discover-03-booking-systems.csv,163
ob_001105,kw_001081,,discover,country,United Kingdom,English,Google Search,2025-08-01,2026-07-31,encoded_band,500,100,1000,0,0,Low,30,3.9,11.37,GBP,returned,2026-09-08,2026-09-08-01-setup,raw/gkp-discover-03-booking-systems.csv,164
ob_001106,kw_001082,,discover,country,United Kingdom,English,Google Search,2025-08-01,2026-07-31,encoded_band,50,10,100,0,0,Low,12,0.89,9.36,GBP,returned,2026-09-08,2026-09-08-01-setup,raw/gkp-discover-03-booking-systems.csv,165
ob_001107,kw_001083,,discover,country,United Kingdom,English,Google Search,2025-08-01,2026-07-31,encoded_band,50,10,100,0,-1,Unknown,,,,GBP,returned,2026-09-08,2026-09-08-01-setup,raw/gkp-discover-03-booking-systems.csv,166
ob_001108,kw_001084,,discover,country,United Kingdom,English,Google Search,2025-08-01,2026-07-31,encoded_band,50,10,100,9,9,Low,2,6,20.81,GBP,returned,2026-09-08,2026-09-08-01-setup,raw/gkp-discover-03-booking-systems.csv,167
ob_001109,kw_001085,,discover,country,United Kingdom,English,Google Search,2025-08-01,2026-07-31,encoded_band,50,10,100,0,0,High,69,3.13,12.78,GBP,returned,2026-09-08,2026-09-08-01-setup,raw/gkp-discover-03-booking-systems.csv,168
ob_001110,kw_001086,,discover,country,United Kingdom,English,Google Search,2025-08-01,2026-07-31,encoded_band,50,10,100,0,-1,Unknown,,,,GBP,returned,2026-09-08,2026-09-08-01-setup,raw/gkp-discover-03-booking-systems.csv,169
ob_001111,kw_001087,,discover,country,United Kingdom,English,Google Search,2025-08-01,2026-07-31,encoded_band,50,10,100,-1,-1,Unknown,,,,GBP,returned,2026-09-08,2026-09-08-01-setup,raw/gkp-discover-03-booking-systems.csv,170
ob_001112,kw_001088,,discover,country,United Kingdom,English,Google Search,2025-08-01,2026-07-31,encoded_band,50,10,100,0,0,Medium,54,,,GBP,returned,2026-09-08,2026-09-08-01-setup,raw/gkp-discover-03-booking-systems.csv,171
ob_001113,kw_001089,,discover,country,United Kingdom,English,Google Search,2025-08-01,2026-07-31,encoded_band,50,10,100,-1,-1,Unknown,,,,GBP,returned,2026-09-08,2026-09-08-01-setup,raw/gkp-discover-03-booking-systems.csv,172
ob_001114,kw_001090,,discover,country,United Kingdom,English,Google Search,2025-08-01,2026-07-31,encoded_band,50,10,100,0,0,High,69,3.25,10.42,GBP,returned,2026-09-08,2026-09-08-01-setup,raw/gkp-discover-03-booking-systems.csv,173
ob_001115,kw_001091,,discover,country,United Kingdom,English,Google Search,2025-08-01,2026-07-31,encoded_band,50,10,100,0,0,Low,26,1.22,7.97,GBP,returned,2026-09-08,2026-09-08-01-setup,raw/gkp-discover-03-booking-systems.csv,174
ob_001116,kw_001092,,discover,country,United Kingdom,English,Google Search,2025-08-01,2026-07-31,encoded_band,50,10,100,0,0,Unknown,,,,GBP,returned,2026-09-08,2026-09-08-01-setup,raw/gkp-discover-03-booking-systems.csv,175
ob_001117,kw_001093,,discover,country,United Kingdom,English,Google Search,2025-08-01,2026-07-31,encoded_band,500,100,1000,-0.9,-0.9,Medium,41,10.5,41.29,GBP,returned,2026-09-08,2026-09-08-01-setup,raw/gkp-discover-03-booking-systems.csv,176
ob_001118,kw_001094,,discover,country,United Kingdom,English,Google Search,2025-08-01,2026-07-31,encoded_band,50,10,100,,0,High,86,,,GBP,returned,2026-09-08,2026-09-08-01-setup,raw/gkp-discover-03-booking-systems.csv,177
ob_001119,kw_001095,,discover,country,United Kingdom,English,Google Search,2025-08-01,2026-07-31,encoded_band,50,10,100,0,0,Medium,58,2.47,13.44,GBP,returned,2026-09-08,2026-09-08-01-setup,raw/gkp-discover-03-booking-systems.csv,178
ob_001120,kw_001096,,discover,country,United Kingdom,English,Google Search,2025-08-01,2026-07-31,encoded_band,50,10,100,0,0,Medium,57,4.68,19.72,GBP,returned,2026-09-08,2026-09-08-01-setup,raw/gkp-discover-03-booking-systems.csv,179
ob_001121,kw_001097,,discover,country,United Kingdom,English,Google Search,2025-08-01,2026-07-31,encoded_band,50,10,100,0,0,Medium,43,,,GBP,returned,2026-09-08,2026-09-08-01-setup,raw/gkp-discover-03-booking-systems.csv,180
ob_001122,kw_001098,,discover,country,United Kingdom,English,Google Search,2025-08-01,2026-07-31,encoded_band,50,10,100,0,0,Unknown,,,,GBP,returned,2026-09-08,2026-09-08-01-setup,raw/gkp-discover-03-booking-systems.csv,181
ob_001123,kw_001099,,discover,country,United Kingdom,English,Google Search,2025-08-01,2026-07-31,encoded_band,50,10,100,0,-1,Unknown,,,,GBP,returned,2026-09-08,2026-09-08-01-setup,raw/gkp-discover-03-booking-systems.csv,182
ob_001124,kw_001100,,discover,country,United Kingdom,English,Google Search,2025-08-01,2026-07-31,encoded_band,50,10,100,0,0,Medium,63,5.46,17.62,GBP,returned,2026-09-08,2026-09-08-01-setup,raw/gkp-discover-03-booking-systems.csv,183
ob_001125,kw_001101,,discover,country,United Kingdom,English,Google Search,2025-08-01,2026-07-31,encoded_band,50,10,100,0,0,Low,30,14.06,121.91,GBP,returned,2026-09-08,2026-09-08-01-setup,raw/gkp-discover-03-booking-systems.csv,184
ob_001126,kw_001102,,discover,country,United Kingdom,English,Google Search,2025-08-01,2026-07-31,encoded_band,50,10,100,0,0,High,86,,,GBP,returned,2026-09-08,2026-09-08-01-setup,raw/gkp-discover-03-booking-systems.csv,185
ob_001127,kw_001103,,discover,country,United Kingdom,English,Google Search,2025-08-01,2026-07-31,encoded_band,50,10,100,0,0,Medium,43,10.15,22.09,GBP,returned,2026-09-08,2026-09-08-01-setup,raw/gkp-discover-03-booking-systems.csv,186
ob_001128,kw_001104,,discover,country,United Kingdom,English,Google Search,2025-08-01,2026-07-31,encoded_band,50,10,100,0,0,High,86,4.29,11.48,GBP,returned,2026-09-08,2026-09-08-01-setup,raw/gkp-discover-03-booking-systems.csv,187
ob_001129,kw_001105,,discover,country,United Kingdom,English,Google Search,2025-08-01,2026-07-31,encoded_band,50,10,100,0,0,Low,20,6.36,22.14,GBP,returned,2026-09-08,2026-09-08-01-setup,raw/gkp-discover-03-booking-systems.csv,188
ob_001130,kw_001106,,discover,country,United Kingdom,English,Google Search,2025-08-01,2026-07-31,encoded_band,50,10,100,0,-0.9,Medium,50,2.22,10.59,GBP,returned,2026-09-08,2026-09-08-01-setup,raw/gkp-discover-03-booking-systems.csv,189
ob_001131,kw_001107,,discover,country,United Kingdom,English,Google Search,2025-08-01,2026-07-31,encoded_band,50,10,100,0,0,High,69,4.13,12.4,GBP,returned,2026-09-08,2026-09-08-01-setup,raw/gkp-discover-03-booking-systems.csv,190
ob_001132,kw_001108,,discover,country,United Kingdom,English,Google Search,2025-08-01,2026-07-31,encoded_band,50,10,100,0,0,High,82,3.32,16.54,GBP,returned,2026-09-08,2026-09-08-01-setup,raw/gkp-discover-03-booking-systems.csv,191
ob_001133,kw_001109,,discover,country,United Kingdom,English,Google Search,2025-08-01,2026-07-31,encoded_band,5000,1000,10000,0,-0.9,High,80,4.05,13.61,GBP,returned,2026-09-08,2026-09-08-01-setup,raw/gkp-discover-03-booking-systems.csv,192
ob_001134,kw_001110,,discover,country,United Kingdom,English,Google Search,2025-08-01,2026-07-31,encoded_band,50,10,100,0,0,Medium,43,,,GBP,returned,2026-09-08,2026-09-08-01-setup,raw/gkp-discover-03-booking-systems.csv,193
ob_001135,kw_001111,,discover,country,United Kingdom,English,Google Search,2025-08-01,2026-07-31,encoded_band,50,10,100,0,0,Medium,46,7.38,24.13,GBP,returned,2026-09-08,2026-09-08-01-setup,raw/gkp-discover-03-booking-systems.csv,194
ob_001136,kw_001112,,discover,country,United Kingdom,English,Google Search,2025-08-01,2026-07-31,encoded_band,50,10,100,0,0,High,71,3.87,7.57,GBP,returned,2026-09-08,2026-09-08-01-setup,raw/gkp-discover-03-booking-systems.csv,195
ob_001137,kw_001113,,discover,country,United Kingdom,English,Google Search,2025-08-01,2026-07-31,encoded_band,50,10,100,0,0,Low,0,,,GBP,returned,2026-09-08,2026-09-08-01-setup,raw/gkp-discover-03-booking-systems.csv,196
ob_001138,kw_001114,,discover,country,United Kingdom,English,Google Search,2025-08-01,2026-07-31,encoded_band,50,10,100,0,-1,Unknown,,,,GBP,returned,2026-09-08,2026-09-08-01-setup,raw/gkp-discover-03-booking-systems.csv,197
ob_001139,kw_001115,,discover,country,United Kingdom,English,Google Search,2025-08-01,2026-07-31,encoded_band,50,10,100,,0,High,86,,,GBP,returned,2026-09-08,2026-09-08-01-setup,raw/gkp-discover-03-booking-systems.csv,198
ob_001140,kw_001116,,discover,country,United Kingdom,English,Google Search,2025-08-01,2026-07-31,encoded_band,50,10,100,0,0,Medium,52,8.75,21.61,GBP,returned,2026-09-08,2026-09-08-01-setup,raw/gkp-discover-03-booking-systems.csv,199
ob_001141,kw_001117,,discover,country,United Kingdom,English,Google Search,2025-08-01,2026-07-31,encoded_band,50,10,100,0,0,High,71,3.91,31.08,GBP,returned,2026-09-08,2026-09-08-01-setup,raw/gkp-discover-03-booking-systems.csv,200
ob_001142,kw_001118,,discover,country,United Kingdom,English,Google Search,2025-08-01,2026-07-31,encoded_band,50,10,100,0,-1,Unknown,,,,GBP,returned,2026-09-08,2026-09-08-01-setup,raw/gkp-discover-03-booking-systems.csv,201
ob_001143,kw_001119,,discover,country,United Kingdom,English,Google Search,2025-08-01,2026-07-31,encoded_band,50,10,100,0,0,Medium,38,1.21,8.26,GBP,returned,2026-09-08,2026-09-08-01-setup,raw/gkp-discover-03-booking-systems.csv,202
ob_001144,kw_001120,,discover,country,United Kingdom,English,Google Search,2025-08-01,2026-07-31,encoded_band,0,0,0,0,-1,Unknown,,,,GBP,zero,2026-09-08,2026-09-08-01-setup,raw/gkp-discover-03-booking-systems.csv,203
ob_001145,kw_001121,,discover,country,United Kingdom,English,Google Search,2025-08-01,2026-07-31,encoded_band,50,10,100,0,0,High,67,2.95,19.95,GBP,returned,2026-09-08,2026-09-08-01-setup,raw/gkp-discover-03-booking-systems.csv,204
ob_001146,kw_001122,,discover,country,United Kingdom,English,Google Search,2025-08-01,2026-07-31,encoded_band,50,10,100,-1,-1,Unknown,,,,GBP,returned,2026-09-08,2026-09-08-01-setup,raw/gkp-discover-03-booking-systems.csv,205
ob_001147,kw_001123,,discover,country,United Kingdom,English,Google Search,2025-08-01,2026-07-31,encoded_band,500,100,1000,0,0,Low,30,3.9,11.37,GBP,returned,2026-09-08,2026-09-08-01-setup,raw/gkp-discover-03-booking-systems.csv,206
ob_001148,kw_001124,,discover,country,United Kingdom,English,Google Search,2025-08-01,2026-07-31,encoded_band,50,10,100,0,0,Medium,45,2.22,10.65,GBP,returned,2026-09-08,2026-09-08-01-setup,raw/gkp-discover-03-booking-systems.csv,207
ob_001149,kw_001125,,discover,country,United Kingdom,English,Google Search,2025-08-01,2026-07-31,encoded_band,50,10,100,0,0,High,83,12.19,34.87,GBP,returned,2026-09-08,2026-09-08-01-setup,raw/gkp-discover-03-booking-systems.csv,208
ob_001150,kw_001126,,discover,country,United Kingdom,English,Google Search,2025-08-01,2026-07-31,encoded_band,50,10,100,0,0,High,86,3.24,13.16,GBP,returned,2026-09-08,2026-09-08-01-setup,raw/gkp-discover-03-booking-systems.csv,209
ob_001151,kw_001127,,discover,country,United Kingdom,English,Google Search,2025-08-01,2026-07-31,encoded_band,50,10,100,0,0,Medium,52,,,GBP,returned,2026-09-08,2026-09-08-01-setup,raw/gkp-discover-03-booking-systems.csv,210
ob_001152,kw_001128,,discover,country,United Kingdom,English,Google Search,2025-08-01,2026-07-31,encoded_band,50,10,100,0,0,Medium,62,10.98,36.07,GBP,returned,2026-09-08,2026-09-08-01-setup,raw/gkp-discover-03-booking-systems.csv,211
ob_001153,kw_001129,,discover,country,United Kingdom,English,Google Search,2025-08-01,2026-07-31,encoded_band,500,100,1000,0,0,Low,11,2.5,7.82,GBP,returned,2026-09-08,2026-09-08-01-setup,raw/gkp-discover-03-booking-systems.csv,212
ob_001154,kw_001130,,discover,country,United Kingdom,English,Google Search,2025-08-01,2026-07-31,encoded_band,50,10,100,-1,0,Unknown,,,,GBP,returned,2026-09-08,2026-09-08-01-setup,raw/gkp-discover-03-booking-systems.csv,213
ob_001155,kw_001131,,discover,country,United Kingdom,English,Google Search,2025-08-01,2026-07-31,encoded_band,50,10,100,0,-1,Unknown,,,,GBP,returned,2026-09-08,2026-09-08-01-setup,raw/gkp-discover-03-booking-systems.csv,214
ob_001156,kw_001132,,discover,country,United Kingdom,English,Google Search,2025-08-01,2026-07-31,encoded_band,50,10,100,0,0,High,77,6.76,12.86,GBP,returned,2026-09-08,2026-09-08-01-setup,raw/gkp-discover-03-booking-systems.csv,215
ob_001157,kw_001133,,discover,country,United Kingdom,English,Google Search,2025-08-01,2026-07-31,encoded_band,50,10,100,0,0,High,78,7.51,20.39,GBP,returned,2026-09-08,2026-09-08-01-setup,raw/gkp-discover-03-booking-systems.csv,216
ob_001158,kw_001134,,discover,country,United Kingdom,English,Google Search,2025-08-01,2026-07-31,encoded_band,50,10,100,0,0,Low,14,,,GBP,returned,2026-09-08,2026-09-08-01-setup,raw/gkp-discover-03-booking-systems.csv,217
ob_001159,kw_001135,,discover,country,United Kingdom,English,Google Search,2025-08-01,2026-07-31,encoded_band,50,10,100,0,0,Medium,43,,,GBP,returned,2026-09-08,2026-09-08-01-setup,raw/gkp-discover-03-booking-systems.csv,218
ob_001160,kw_001136,,discover,country,United Kingdom,English,Google Search,2025-08-01,2026-07-31,encoded_band,50,10,100,0,0,Low,7,,,GBP,returned,2026-09-08,2026-09-08-01-setup,raw/gkp-discover-03-booking-systems.csv,219
ob_001161,kw_001137,,discover,country,United Kingdom,English,Google Search,2025-08-01,2026-07-31,encoded_band,500,100,1000,-0.9,-0.9,Medium,41,10.5,41.29,GBP,returned,2026-09-08,2026-09-08-01-setup,raw/gkp-discover-03-booking-systems.csv,220
ob_001162,kw_001138,,discover,country,United Kingdom,English,Google Search,2025-08-01,2026-07-31,encoded_band,50,10,100,0,0,High,86,,,GBP,returned,2026-09-08,2026-09-08-01-setup,raw/gkp-discover-03-booking-systems.csv,221
ob_001163,kw_001139,,discover,country,United Kingdom,English,Google Search,2025-08-01,2026-07-31,encoded_band,50,10,100,0,0,High,81,22.84,89.29,GBP,returned,2026-09-08,2026-09-08-01-setup,raw/gkp-discover-03-booking-systems.csv,222
ob_001164,kw_001140,,discover,country,United Kingdom,English,Google Search,2025-08-01,2026-07-31,encoded_band,50,10,100,-1,-1,Unknown,,,,GBP,returned,2026-09-08,2026-09-08-01-setup,raw/gkp-discover-03-booking-systems.csv,223
ob_001165,kw_001141,,discover,country,United Kingdom,English,Google Search,2025-08-01,2026-07-31,encoded_band,50,10,100,0,0,Unknown,,,,GBP,returned,2026-09-08,2026-09-08-01-setup,raw/gkp-discover-03-booking-systems.csv,224
ob_001166,kw_001142,,discover,country,United Kingdom,English,Google Search,2025-08-01,2026-07-31,encoded_band,50,10,100,0,0,Medium,44,2.81,9.24,GBP,returned,2026-09-08,2026-09-08-01-setup,raw/gkp-discover-03-booking-systems.csv,225
ob_001167,kw_001143,,discover,country,United Kingdom,English,Google Search,2025-08-01,2026-07-31,encoded_band,50,10,100,-1,-1,Unknown,,,,GBP,returned,2026-09-08,2026-09-08-01-setup,raw/gkp-discover-03-booking-systems.csv,226
ob_001168,kw_001144,,discover,country,United Kingdom,English,Google Search,2025-08-01,2026-07-31,encoded_band,50,10,100,0,0,High,82,2.74,6.65,GBP,returned,2026-09-08,2026-09-08-01-setup,raw/gkp-discover-03-booking-systems.csv,227
ob_001169,kw_001145,,discover,country,United Kingdom,English,Google Search,2025-08-01,2026-07-31,encoded_band,50,10,100,0,0,Low,0,,,GBP,returned,2026-09-08,2026-09-08-01-setup,raw/gkp-discover-03-booking-systems.csv,228
ob_001170,kw_001146,,discover,country,United Kingdom,English,Google Search,2025-08-01,2026-07-31,encoded_band,50,10,100,0,0,High,86,9.31,24.39,GBP,returned,2026-09-08,2026-09-08-01-setup,raw/gkp-discover-03-booking-systems.csv,229
ob_001171,kw_001147,,discover,country,United Kingdom,English,Google Search,2025-08-01,2026-07-31,encoded_band,50,10,100,0,-1,Unknown,,,,GBP,returned,2026-09-08,2026-09-08-01-setup,raw/gkp-discover-03-booking-systems.csv,230
ob_001172,kw_001148,,discover,country,United Kingdom,English,Google Search,2025-08-01,2026-07-31,encoded_band,50,10,100,0,0,High,83,1.78,10.28,GBP,returned,2026-09-08,2026-09-08-01-setup,raw/gkp-discover-03-booking-systems.csv,231
ob_001173,kw_001149,,discover,country,United Kingdom,English,Google Search,2025-08-01,2026-07-31,encoded_band,50,10,100,0,0,Medium,57,,,GBP,returned,2026-09-08,2026-09-08-01-setup,raw/gkp-discover-03-booking-systems.csv,232
ob_001174,kw_001150,,discover,country,United Kingdom,English,Google Search,2025-08-01,2026-07-31,encoded_band,500,100,1000,-0.9,-0.9,Medium,41,10.5,41.29,GBP,returned,2026-09-08,2026-09-08-01-setup,raw/gkp-discover-03-booking-systems.csv,233
ob_001175,kw_001151,,discover,country,United Kingdom,English,Google Search,2025-08-01,2026-07-31,encoded_band,50,10,100,-1,-1,Unknown,,,,GBP,returned,2026-09-08,2026-09-08-01-setup,raw/gkp-discover-03-booking-systems.csv,234
ob_001176,kw_001152,,discover,country,United Kingdom,English,Google Search,2025-08-01,2026-07-31,encoded_band,50,10,100,0,0,Medium,33,8.5,25.54,GBP,returned,2026-09-08,2026-09-08-01-setup,raw/gkp-discover-03-booking-systems.csv,235
ob_001177,kw_001153,,discover,country,United Kingdom,English,Google Search,2025-08-01,2026-07-31,encoded_band,50,10,100,0,0,Medium,36,,,GBP,returned,2026-09-08,2026-09-08-01-setup,raw/gkp-discover-03-booking-systems.csv,236
ob_001178,kw_001154,,discover,country,United Kingdom,English,Google Search,2025-08-01,2026-07-31,encoded_band,50,10,100,0,0,High,78,8.96,38.04,GBP,returned,2026-09-08,2026-09-08-01-setup,raw/gkp-discover-03-booking-systems.csv,237
ob_001179,kw_001155,,discover,country,United Kingdom,English,Google Search,2025-08-01,2026-07-31,encoded_band,50,10,100,0,0,Unknown,,,,GBP,returned,2026-09-08,2026-09-08-01-setup,raw/gkp-discover-03-booking-systems.csv,238
ob_001180,kw_001156,,discover,country,United Kingdom,English,Google Search,2025-08-01,2026-07-31,encoded_band,50,10,100,0,0,High,86,,,GBP,returned,2026-09-08,2026-09-08-01-setup,raw/gkp-discover-03-booking-systems.csv,239
ob_001181,kw_001157,,discover,country,United Kingdom,English,Google Search,2025-08-01,2026-07-31,encoded_band,50,10,100,0,0,Low,6,,,GBP,returned,2026-09-08,2026-09-08-01-setup,raw/gkp-discover-03-booking-systems.csv,240
ob_001182,kw_001158,,discover,country,United Kingdom,English,Google Search,2025-08-01,2026-07-31,encoded_band,50,10,100,0,0,Low,0,,,GBP,returned,2026-09-08,2026-09-08-01-setup,raw/gkp-discover-03-booking-systems.csv,241
ob_001183,kw_001159,,discover,country,United Kingdom,English,Google Search,2025-08-01,2026-07-31,encoded_band,50,10,100,0,0,Medium,50,2.9,8.38,GBP,returned,2026-09-08,2026-09-08-01-setup,raw/gkp-discover-03-booking-systems.csv,242
ob_001184,kw_001160,,discover,country,United Kingdom,English,Google Search,2025-08-01,2026-07-31,encoded_band,50,10,100,0,0,High,68,2.25,9.13,GBP,returned,2026-09-08,2026-09-08-01-setup,raw/gkp-discover-03-booking-systems.csv,243
ob_001185,kw_001161,,discover,country,United Kingdom,English,Google Search,2025-08-01,2026-07-31,encoded_band,50,10,100,0,0,Unknown,,,,GBP,returned,2026-09-08,2026-09-08-01-setup,raw/gkp-discover-03-booking-systems.csv,244
ob_001186,kw_001162,,discover,country,United Kingdom,English,Google Search,2025-08-01,2026-07-31,encoded_band,50,10,100,0,0,Medium,57,,,GBP,returned,2026-09-08,2026-09-08-01-setup,raw/gkp-discover-03-booking-systems.csv,245
ob_001187,kw_001163,,discover,country,United Kingdom,English,Google Search,2025-08-01,2026-07-31,encoded_band,50,10,100,0,0,High,81,2.3,8.2,GBP,returned,2026-09-08,2026-09-08-01-setup,raw/gkp-discover-03-booking-systems.csv,246
ob_001188,kw_001164,,discover,country,United Kingdom,English,Google Search,2025-08-01,2026-07-31,encoded_band,50,10,100,0,0,Medium,42,6.31,24.92,GBP,returned,2026-09-08,2026-09-08-01-setup,raw/gkp-discover-03-booking-systems.csv,247
ob_001189,kw_001165,,discover,country,United Kingdom,English,Google Search,2025-08-01,2026-07-31,encoded_band,50,10,100,,0,Medium,57,9.03,29.39,GBP,returned,2026-09-08,2026-09-08-01-setup,raw/gkp-discover-03-booking-systems.csv,248
ob_001190,kw_001166,,discover,country,United Kingdom,English,Google Search,2025-08-01,2026-07-31,encoded_band,50,10,100,-1,0,Unknown,,,,GBP,returned,2026-09-08,2026-09-08-01-setup,raw/gkp-discover-03-booking-systems.csv,249
ob_001191,kw_001167,,discover,country,United Kingdom,English,Google Search,2025-08-01,2026-07-31,encoded_band,50,10,100,0,0,Low,0,,,GBP,returned,2026-09-08,2026-09-08-01-setup,raw/gkp-discover-03-booking-systems.csv,250
ob_001192,kw_001168,,discover,country,United Kingdom,English,Google Search,2025-08-01,2026-07-31,encoded_band,50,10,100,0,0,High,82,2.9,16.9,GBP,returned,2026-09-08,2026-09-08-01-setup,raw/gkp-discover-03-booking-systems.csv,251
ob_001193,kw_001169,,discover,country,United Kingdom,English,Google Search,2025-08-01,2026-07-31,encoded_band,500,100,1000,0,0,Low,0,,,GBP,returned,2026-09-08,2026-09-08-01-setup,raw/gkp-discover-03-booking-systems.csv,252
ob_001194,kw_001170,,discover,country,United Kingdom,English,Google Search,2025-08-01,2026-07-31,encoded_band,50,10,100,0,0,High,86,5.24,37.58,GBP,returned,2026-09-08,2026-09-08-01-setup,raw/gkp-discover-03-booking-systems.csv,253
ob_001195,kw_001171,,discover,country,United Kingdom,English,Google Search,2025-08-01,2026-07-31,encoded_band,50,10,100,0,0,High,80,2.28,10.34,GBP,returned,2026-09-08,2026-09-08-01-setup,raw/gkp-discover-03-booking-systems.csv,254
ob_001196,kw_001172,,discover,country,United Kingdom,English,Google Search,2025-08-01,2026-07-31,encoded_band,50,10,100,-1,-1,Unknown,,,,GBP,returned,2026-09-08,2026-09-08-01-setup,raw/gkp-discover-03-booking-systems.csv,255
ob_001197,kw_001173,,discover,country,United Kingdom,English,Google Search,2025-08-01,2026-07-31,encoded_band,50,10,100,0,-1,Unknown,,,,GBP,returned,2026-09-08,2026-09-08-01-setup,raw/gkp-discover-03-booking-systems.csv,256
ob_001198,kw_001174,,discover,country,United Kingdom,English,Google Search,2025-08-01,2026-07-31,encoded_band,50,10,100,0,0,High,81,7.98,8.95,GBP,returned,2026-09-08,2026-09-08-01-setup,raw/gkp-discover-03-booking-systems.csv,257
ob_001199,kw_001175,,discover,country,United Kingdom,English,Google Search,2025-08-01,2026-07-31,encoded_band,50,10,100,0,0,Medium,64,,,GBP,returned,2026-09-08,2026-09-08-01-setup,raw/gkp-discover-03-booking-systems.csv,258
ob_001200,kw_001176,,discover,country,United Kingdom,English,Google Search,2025-08-01,2026-07-31,encoded_band,50,10,100,0,0,Low,26,,,GBP,returned,2026-09-08,2026-09-08-01-setup,raw/gkp-discover-03-booking-systems.csv,259
ob_001201,kw_001177,,discover,country,United Kingdom,English,Google Search,2025-08-01,2026-07-31,encoded_band,50,10,100,,,High,82,0.68,9.05,GBP,returned,2026-09-08,2026-09-08-01-setup,raw/gkp-discover-03-booking-systems.csv,260
ob_001202,kw_001178,,discover,country,United Kingdom,English,Google Search,2025-08-01,2026-07-31,encoded_band,50,10,100,0,0,Low,9,,,GBP,returned,2026-09-08,2026-09-08-01-setup,raw/gkp-discover-03-booking-systems.csv,261
ob_001203,kw_001179,,discover,country,United Kingdom,English,Google Search,2025-08-01,2026-07-31,encoded_band,50,10,100,0,0,High,84,15.63,32.56,GBP,returned,2026-09-08,2026-09-08-01-setup,raw/gkp-discover-03-booking-systems.csv,262
ob_001204,kw_001180,,discover,country,United Kingdom,English,Google Search,2025-08-01,2026-07-31,encoded_band,50,10,100,-1,-1,Unknown,,,,GBP,returned,2026-09-08,2026-09-08-01-setup,raw/gkp-discover-03-booking-systems.csv,263
ob_001205,kw_001181,,discover,country,United Kingdom,English,Google Search,2025-08-01,2026-07-31,encoded_band,50,10,100,0,0,Medium,54,,,GBP,returned,2026-09-08,2026-09-08-01-setup,raw/gkp-discover-03-booking-systems.csv,264
ob_001206,kw_001182,,discover,country,United Kingdom,English,Google Search,2025-08-01,2026-07-31,encoded_band,50,10,100,-1,0,Unknown,,,,GBP,returned,2026-09-08,2026-09-08-01-setup,raw/gkp-discover-03-booking-systems.csv,265
ob_001207,kw_001183,,discover,country,United Kingdom,English,Google Search,2025-08-01,2026-07-31,encoded_band,50,10,100,-1,-1,Unknown,,,,GBP,returned,2026-09-08,2026-09-08-01-setup,raw/gkp-discover-03-booking-systems.csv,266
ob_001208,kw_001184,,discover,country,United Kingdom,English,Google Search,2025-08-01,2026-07-31,encoded_band,50,10,100,0,0,Low,30,10.57,29.78,GBP,returned,2026-09-08,2026-09-08-01-setup,raw/gkp-discover-03-booking-systems.csv,267
ob_001209,kw_001185,,discover,country,United Kingdom,English,Google Search,2025-08-01,2026-07-31,encoded_band,50,10,100,0,0,Low,14,,,GBP,returned,2026-09-08,2026-09-08-01-setup,raw/gkp-discover-03-booking-systems.csv,268
ob_001210,kw_001186,,discover,country,United Kingdom,English,Google Search,2025-08-01,2026-07-31,encoded_band,50,10,100,,0,High,86,,,GBP,returned,2026-09-08,2026-09-08-01-setup,raw/gkp-discover-03-booking-systems.csv,269
ob_001211,kw_001187,,discover,country,United Kingdom,English,Google Search,2025-08-01,2026-07-31,encoded_band,50,10,100,0,0,Low,31,6.03,19.52,GBP,returned,2026-09-08,2026-09-08-01-setup,raw/gkp-discover-03-booking-systems.csv,270
ob_001212,kw_001188,,discover,country,United Kingdom,English,Google Search,2025-08-01,2026-07-31,encoded_band,50,10,100,0,-0.9,Medium,65,2.52,13.29,GBP,returned,2026-09-08,2026-09-08-01-setup,raw/gkp-discover-03-booking-systems.csv,271
ob_001213,kw_001189,,discover,country,United Kingdom,English,Google Search,2025-08-01,2026-07-31,encoded_band,50,10,100,,0,High,69,4.01,14.61,GBP,returned,2026-09-08,2026-09-08-01-setup,raw/gkp-discover-03-booking-systems.csv,272
ob_001214,kw_001190,,discover,country,United Kingdom,English,Google Search,2025-08-01,2026-07-31,encoded_band,50,10,100,-1,-1,Unknown,,,,GBP,returned,2026-09-08,2026-09-08-01-setup,raw/gkp-discover-03-booking-systems.csv,273
ob_001215,kw_001191,,discover,country,United Kingdom,English,Google Search,2025-08-01,2026-07-31,encoded_band,50,10,100,0,0,High,84,15.63,32.56,GBP,returned,2026-09-08,2026-09-08-01-setup,raw/gkp-discover-03-booking-systems.csv,274
ob_001216,kw_001192,,discover,country,United Kingdom,English,Google Search,2025-08-01,2026-07-31,encoded_band,50,10,100,0,0,Unknown,,,,GBP,returned,2026-09-08,2026-09-08-01-setup,raw/gkp-discover-03-booking-systems.csv,275
ob_001217,kw_001193,,discover,country,United Kingdom,English,Google Search,2025-08-01,2026-07-31,encoded_band,50,10,100,0,0,High,82,4.54,18.73,GBP,returned,2026-09-08,2026-09-08-01-setup,raw/gkp-discover-03-booking-systems.csv,276
ob_001218,kw_001194,,discover,country,United Kingdom,English,Google Search,2025-08-01,2026-07-31,encoded_band,50,10,100,0,0,High,86,3.99,10.18,GBP,returned,2026-09-08,2026-09-08-01-setup,raw/gkp-discover-03-booking-systems.csv,277
ob_001219,kw_001195,,discover,country,United Kingdom,English,Google Search,2025-08-01,2026-07-31,encoded_band,50,10,100,0,0,Low,0,,,GBP,returned,2026-09-08,2026-09-08-01-setup,raw/gkp-discover-03-booking-systems.csv,278
ob_001220,kw_001196,,discover,country,United Kingdom,English,Google Search,2025-08-01,2026-07-31,encoded_band,50,10,100,0,-1,Unknown,,,,GBP,returned,2026-09-08,2026-09-08-01-setup,raw/gkp-discover-03-booking-systems.csv,279
ob_001221,kw_001197,,discover,country,United Kingdom,English,Google Search,2025-08-01,2026-07-31,encoded_band,50,10,100,0,0,Low,22,5.57,10.42,GBP,returned,2026-09-08,2026-09-08-01-setup,raw/gkp-discover-03-booking-systems.csv,280
ob_001222,kw_001198,,discover,country,United Kingdom,English,Google Search,2025-08-01,2026-07-31,encoded_band,50,10,100,0,0,High,82,6.26,14.77,GBP,returned,2026-09-08,2026-09-08-01-setup,raw/gkp-discover-03-booking-systems.csv,281
ob_001223,kw_001199,,discover,country,United Kingdom,English,Google Search,2025-08-01,2026-07-31,encoded_band,50,10,100,-1,0,Unknown,,,,GBP,returned,2026-09-08,2026-09-08-01-setup,raw/gkp-discover-03-booking-systems.csv,282
ob_001224,kw_001200,,discover,country,United Kingdom,English,Google Search,2025-08-01,2026-07-31,encoded_band,50,10,100,0,0,Unknown,,,,GBP,returned,2026-09-08,2026-09-08-01-setup,raw/gkp-discover-03-booking-systems.csv,283
ob_001225,kw_001201,,discover,country,United Kingdom,English,Google Search,2025-08-01,2026-07-31,encoded_band,500,100,1000,0,-0.9,Medium,49,6.75,43.55,GBP,returned,2026-09-08,2026-09-08-01-setup,raw/gkp-discover-03-booking-systems.csv,284
ob_001226,kw_001202,,discover,country,United Kingdom,English,Google Search,2025-08-01,2026-07-31,encoded_band,50,10,100,0,0,High,86,,,GBP,returned,2026-09-08,2026-09-08-01-setup,raw/gkp-discover-03-booking-systems.csv,285
ob_001227,kw_001203,,discover,country,United Kingdom,English,Google Search,2025-08-01,2026-07-31,encoded_band,50,10,100,0,0,High,70,3.77,25.68,GBP,returned,2026-09-08,2026-09-08-01-setup,raw/gkp-discover-03-booking-systems.csv,286
ob_001228,kw_001204,,discover,country,United Kingdom,English,Google Search,2025-08-01,2026-07-31,encoded_band,50,10,100,0,0,Low,21,,,GBP,returned,2026-09-08,2026-09-08-01-setup,raw/gkp-discover-03-booking-systems.csv,287
ob_001229,kw_001205,,discover,country,United Kingdom,English,Google Search,2025-08-01,2026-07-31,encoded_band,50,10,100,0,0,High,73,4.73,34.83,GBP,returned,2026-09-08,2026-09-08-01-setup,raw/gkp-discover-03-booking-systems.csv,288
ob_001230,kw_001206,,discover,country,United Kingdom,English,Google Search,2025-08-01,2026-07-31,encoded_band,50,10,100,0,0,High,70,3.37,19.64,GBP,returned,2026-09-08,2026-09-08-01-setup,raw/gkp-discover-03-booking-systems.csv,289
ob_001231,kw_001207,,discover,country,United Kingdom,English,Google Search,2025-08-01,2026-07-31,encoded_band,500,100,1000,0,-0.9,Medium,42,9.59,39.5,GBP,returned,2026-09-08,2026-09-08-01-setup,raw/gkp-discover-03-booking-systems.csv,290
ob_001232,kw_001208,,discover,country,United Kingdom,English,Google Search,2025-08-01,2026-07-31,encoded_band,50,10,100,0,0,High,73,13.76,50.59,GBP,returned,2026-09-08,2026-09-08-01-setup,raw/gkp-discover-03-booking-systems.csv,291
ob_001233,kw_001209,,discover,country,United Kingdom,English,Google Search,2025-08-01,2026-07-31,encoded_band,50,10,100,0,0,Low,0,,,GBP,returned,2026-09-08,2026-09-08-01-setup,raw/gkp-discover-03-booking-systems.csv,292
ob_001234,kw_001210,,discover,country,United Kingdom,English,Google Search,2025-08-01,2026-07-31,encoded_band,50,10,100,0,,Medium,57,,,GBP,returned,2026-09-08,2026-09-08-01-setup,raw/gkp-discover-03-booking-systems.csv,293
ob_001235,kw_001211,,discover,country,United Kingdom,English,Google Search,2025-08-01,2026-07-31,encoded_band,50,10,100,0,0,High,83,2.98,9.01,GBP,returned,2026-09-08,2026-09-08-01-setup,raw/gkp-discover-03-booking-systems.csv,294
ob_001236,kw_001212,,discover,country,United Kingdom,English,Google Search,2025-08-01,2026-07-31,encoded_band,50,10,100,0,-1,Unknown,,,,GBP,returned,2026-09-08,2026-09-08-01-setup,raw/gkp-discover-03-booking-systems.csv,295
ob_001237,kw_001213,,discover,country,United Kingdom,English,Google Search,2025-08-01,2026-07-31,encoded_band,50,10,100,0,0,Low,0,,,GBP,returned,2026-09-08,2026-09-08-01-setup,raw/gkp-discover-03-booking-systems.csv,296
ob_001238,kw_001214,,discover,country,United Kingdom,English,Google Search,2025-08-01,2026-07-31,encoded_band,50,10,100,-1,-1,Unknown,,,,GBP,returned,2026-09-08,2026-09-08-01-setup,raw/gkp-discover-03-booking-systems.csv,297
ob_001239,kw_001215,,discover,country,United Kingdom,English,Google Search,2025-08-01,2026-07-31,encoded_band,50,10,100,0,0,Low,1,,,GBP,returned,2026-09-08,2026-09-08-01-setup,raw/gkp-discover-03-booking-systems.csv,298
ob_001240,kw_001216,,discover,country,United Kingdom,English,Google Search,2025-08-01,2026-07-31,encoded_band,50,10,100,0,0,Unknown,,,,GBP,returned,2026-09-08,2026-09-08-01-setup,raw/gkp-discover-03-booking-systems.csv,299
ob_001241,kw_001217,,discover,country,United Kingdom,English,Google Search,2025-08-01,2026-07-31,encoded_band,50,10,100,0,0,High,84,1.76,10.89,GBP,returned,2026-09-08,2026-09-08-01-setup,raw/gkp-discover-03-booking-systems.csv,300
ob_001242,kw_001218,,discover,country,United Kingdom,English,Google Search,2025-08-01,2026-07-31,encoded_band,50,10,100,0,0,Low,13,,,GBP,returned,2026-09-08,2026-09-08-01-setup,raw/gkp-discover-03-booking-systems.csv,301
ob_001243,kw_001219,,discover,country,United Kingdom,English,Google Search,2025-08-01,2026-07-31,encoded_band,50,10,100,0,0,Unknown,,,,GBP,returned,2026-09-08,2026-09-08-01-setup,raw/gkp-discover-03-booking-systems.csv,302
ob_001244,kw_001220,,discover,country,United Kingdom,English,Google Search,2025-08-01,2026-07-31,encoded_band,50,10,100,0,,Medium,43,,,GBP,returned,2026-09-08,2026-09-08-01-setup,raw/gkp-discover-03-booking-systems.csv,303
ob_001245,kw_001221,,discover,country,United Kingdom,English,Google Search,2025-08-01,2026-07-31,encoded_band,50,10,100,0,0,Medium,41,2.53,5.45,GBP,returned,2026-09-08,2026-09-08-01-setup,raw/gkp-discover-03-booking-systems.csv,304
ob_001246,kw_001222,,discover,country,United Kingdom,English,Google Search,2025-08-01,2026-07-31,encoded_band,50,10,100,0,0,Low,10,,,GBP,returned,2026-09-08,2026-09-08-01-setup,raw/gkp-discover-03-booking-systems.csv,305
ob_001247,kw_001223,,discover,country,United Kingdom,English,Google Search,2025-08-01,2026-07-31,encoded_band,0,0,0,0,-1,Unknown,,,,GBP,zero,2026-09-08,2026-09-08-01-setup,raw/gkp-discover-03-booking-systems.csv,306
ob_001248,kw_001224,,discover,country,United Kingdom,English,Google Search,2025-08-01,2026-07-31,encoded_band,50,10,100,0,-1,Unknown,,,,GBP,returned,2026-09-08,2026-09-08-01-setup,raw/gkp-discover-03-booking-systems.csv,307
ob_001249,kw_001225,,discover,country,United Kingdom,English,Google Search,2025-08-01,2026-07-31,encoded_band,50,10,100,,0,High,71,,,GBP,returned,2026-09-08,2026-09-08-01-setup,raw/gkp-discover-03-booking-systems.csv,308
ob_001250,kw_001226,,discover,country,United Kingdom,English,Google Search,2025-08-01,2026-07-31,encoded_band,50,10,100,0,-1,Unknown,,,,GBP,returned,2026-09-08,2026-09-08-01-setup,raw/gkp-discover-03-booking-systems.csv,309
ob_001251,kw_001227,,discover,country,United Kingdom,English,Google Search,2025-08-01,2026-07-31,encoded_band,50,10,100,0,0,Low,0,,,GBP,returned,2026-09-08,2026-09-08-01-setup,raw/gkp-discover-03-booking-systems.csv,310
ob_001252,kw_001228,,discover,country,United Kingdom,English,Google Search,2025-08-01,2026-07-31,encoded_band,50,10,100,0,0,High,86,4.85,22.02,GBP,returned,2026-09-08,2026-09-08-01-setup,raw/gkp-discover-03-booking-systems.csv,311
ob_001253,kw_001229,,discover,country,United Kingdom,English,Google Search,2025-08-01,2026-07-31,encoded_band,50,10,100,-1,-1,Unknown,,,,GBP,returned,2026-09-08,2026-09-08-01-setup,raw/gkp-discover-03-booking-systems.csv,312
ob_001254,kw_001230,,discover,country,United Kingdom,English,Google Search,2025-08-01,2026-07-31,encoded_band,50,10,100,-1,-1,Unknown,,,,GBP,returned,2026-09-08,2026-09-08-01-setup,raw/gkp-discover-03-booking-systems.csv,313
ob_001255,kw_001231,,discover,country,United Kingdom,English,Google Search,2025-08-01,2026-07-31,encoded_band,50,10,100,0,0,High,86,,,GBP,returned,2026-09-08,2026-09-08-01-setup,raw/gkp-discover-03-booking-systems.csv,314
ob_001256,kw_001232,,discover,country,United Kingdom,English,Google Search,2025-08-01,2026-07-31,encoded_band,50,10,100,,0,Medium,43,,,GBP,returned,2026-09-08,2026-09-08-01-setup,raw/gkp-discover-03-booking-systems.csv,315
ob_001257,kw_001233,,discover,country,United Kingdom,English,Google Search,2025-08-01,2026-07-31,encoded_band,50,10,100,0,-1,Unknown,,,,GBP,returned,2026-09-08,2026-09-08-01-setup,raw/gkp-discover-03-booking-systems.csv,316
ob_001258,kw_001234,,discover,country,United Kingdom,English,Google Search,2025-08-01,2026-07-31,encoded_band,50,10,100,0,0,High,79,3.54,17.91,GBP,returned,2026-09-08,2026-09-08-01-setup,raw/gkp-discover-03-booking-systems.csv,317
ob_001259,kw_001235,,discover,country,United Kingdom,English,Google Search,2025-08-01,2026-07-31,encoded_band,50,10,100,,,Low,7,,,GBP,returned,2026-09-08,2026-09-08-01-setup,raw/gkp-discover-03-booking-systems.csv,318
ob_001260,kw_001236,,discover,country,United Kingdom,English,Google Search,2025-08-01,2026-07-31,encoded_band,50,10,100,0,-1,Unknown,,,,GBP,returned,2026-09-08,2026-09-08-01-setup,raw/gkp-discover-03-booking-systems.csv,319
ob_001261,kw_001237,,discover,country,United Kingdom,English,Google Search,2025-08-01,2026-07-31,encoded_band,50,10,100,0,0,High,86,2.07,8.57,GBP,returned,2026-09-08,2026-09-08-01-setup,raw/gkp-discover-03-booking-systems.csv,320
ob_001262,kw_001238,,discover,country,United Kingdom,English,Google Search,2025-08-01,2026-07-31,encoded_band,50,10,100,0,0,High,76,5.03,24.87,GBP,returned,2026-09-08,2026-09-08-01-setup,raw/gkp-discover-03-booking-systems.csv,321
ob_001263,kw_001239,,discover,country,United Kingdom,English,Google Search,2025-08-01,2026-07-31,encoded_band,50,10,100,0,-1,Unknown,,,,GBP,returned,2026-09-08,2026-09-08-01-setup,raw/gkp-discover-03-booking-systems.csv,322
ob_001264,kw_001240,,discover,country,United Kingdom,English,Google Search,2025-08-01,2026-07-31,encoded_band,50,10,100,0,0,High,70,3.37,19.64,GBP,returned,2026-09-08,2026-09-08-01-setup,raw/gkp-discover-03-booking-systems.csv,323
ob_001265,kw_001241,,discover,country,United Kingdom,English,Google Search,2025-08-01,2026-07-31,encoded_band,50,10,100,0,0,High,86,,,GBP,returned,2026-09-08,2026-09-08-01-setup,raw/gkp-discover-03-booking-systems.csv,324
ob_001266,kw_001242,,discover,country,United Kingdom,English,Google Search,2025-08-01,2026-07-31,encoded_band,50,10,100,-1,-1,Unknown,,,,GBP,returned,2026-09-08,2026-09-08-01-setup,raw/gkp-discover-03-booking-systems.csv,325
ob_001267,kw_001243,,discover,country,United Kingdom,English,Google Search,2025-08-01,2026-07-31,encoded_band,50,10,100,-1,-1,Unknown,,,,GBP,returned,2026-09-08,2026-09-08-01-setup,raw/gkp-discover-03-booking-systems.csv,326
ob_001268,kw_001244,,discover,country,United Kingdom,English,Google Search,2025-08-01,2026-07-31,encoded_band,50,10,100,,0,High,79,,,GBP,returned,2026-09-08,2026-09-08-01-setup,raw/gkp-discover-03-booking-systems.csv,327
ob_001269,kw_001245,,discover,country,United Kingdom,English,Google Search,2025-08-01,2026-07-31,encoded_band,50,10,100,0,0,Medium,52,,,GBP,returned,2026-09-08,2026-09-08-01-setup,raw/gkp-discover-03-booking-systems.csv,328
ob_001270,kw_001246,,discover,country,United Kingdom,English,Google Search,2025-08-01,2026-07-31,encoded_band,50,10,100,0,0,Medium,55,7.49,28.11,GBP,returned,2026-09-08,2026-09-08-01-setup,raw/gkp-discover-03-booking-systems.csv,329
ob_001271,kw_001247,,discover,country,United Kingdom,English,Google Search,2025-08-01,2026-07-31,encoded_band,50,10,100,0,-1,Unknown,,,,GBP,returned,2026-09-08,2026-09-08-01-setup,raw/gkp-discover-03-booking-systems.csv,330
ob_001272,kw_001248,,discover,country,United Kingdom,English,Google Search,2025-08-01,2026-07-31,encoded_band,50,10,100,0,0,Low,0,,,GBP,returned,2026-09-08,2026-09-08-01-setup,raw/gkp-discover-03-booking-systems.csv,331
ob_001273,kw_001249,,discover,country,United Kingdom,English,Google Search,2025-08-01,2026-07-31,encoded_band,50,10,100,,,High,86,,,GBP,returned,2026-09-08,2026-09-08-01-setup,raw/gkp-discover-03-booking-systems.csv,332
ob_001274,kw_001250,,discover,country,United Kingdom,English,Google Search,2025-08-01,2026-07-31,encoded_band,50,10,100,0,0,Medium,44,14.39,90.41,GBP,returned,2026-09-08,2026-09-08-01-setup,raw/gkp-discover-03-booking-systems.csv,333
ob_001275,kw_001251,,discover,country,United Kingdom,English,Google Search,2025-08-01,2026-07-31,encoded_band,50,10,100,0,0,Medium,62,4.91,9.69,GBP,returned,2026-09-08,2026-09-08-01-setup,raw/gkp-discover-03-booking-systems.csv,334
ob_001276,kw_001252,,discover,country,United Kingdom,English,Google Search,2025-08-01,2026-07-31,encoded_band,50,10,100,0,0,Medium,57,11.52,40.31,GBP,returned,2026-09-08,2026-09-08-01-setup,raw/gkp-discover-03-booking-systems.csv,335
ob_001277,kw_001253,,discover,country,United Kingdom,English,Google Search,2025-08-01,2026-07-31,encoded_band,50,10,100,0,0,High,71,5.84,17.91,GBP,returned,2026-09-08,2026-09-08-01-setup,raw/gkp-discover-03-booking-systems.csv,336
ob_001278,kw_001254,,discover,country,United Kingdom,English,Google Search,2025-08-01,2026-07-31,encoded_band,50,10,100,,0,Low,21,,,GBP,returned,2026-09-08,2026-09-08-01-setup,raw/gkp-discover-03-booking-systems.csv,337
ob_001279,kw_001255,,discover,country,United Kingdom,English,Google Search,2025-08-01,2026-07-31,encoded_band,50,10,100,0,0,Medium,51,6.75,49.99,GBP,returned,2026-09-08,2026-09-08-01-setup,raw/gkp-discover-03-booking-systems.csv,338
ob_001280,kw_001256,,discover,country,United Kingdom,English,Google Search,2025-08-01,2026-07-31,encoded_band,50,10,100,0,0,Medium,57,,,GBP,returned,2026-09-08,2026-09-08-01-setup,raw/gkp-discover-03-booking-systems.csv,339
ob_001281,kw_001257,,discover,country,United Kingdom,English,Google Search,2025-08-01,2026-07-31,encoded_band,50,10,100,0,0,High,82,8.12,18.54,GBP,returned,2026-09-08,2026-09-08-01-setup,raw/gkp-discover-03-booking-systems.csv,340
ob_001282,kw_001258,,discover,country,United Kingdom,English,Google Search,2025-08-01,2026-07-31,encoded_band,0,0,0,0,0,Unknown,,,,GBP,zero,2026-09-08,2026-09-08-01-setup,raw/gkp-discover-03-booking-systems.csv,341
ob_001283,kw_001259,,discover,country,United Kingdom,English,Google Search,2025-08-01,2026-07-31,encoded_band,50,10,100,0,0,High,71,3.67,58.55,GBP,returned,2026-09-08,2026-09-08-01-setup,raw/gkp-discover-03-booking-systems.csv,342
ob_001284,kw_001260,,discover,country,United Kingdom,English,Google Search,2025-08-01,2026-07-31,encoded_band,50,10,100,0,0,Medium,43,,,GBP,returned,2026-09-08,2026-09-08-01-setup,raw/gkp-discover-03-booking-systems.csv,343
ob_001285,kw_001261,,discover,country,United Kingdom,English,Google Search,2025-08-01,2026-07-31,encoded_band,500,100,1000,-0.9,-0.9,Medium,53,7.18,29.62,GBP,returned,2026-09-08,2026-09-08-01-setup,raw/gkp-discover-03-booking-systems.csv,344
ob_001286,kw_001262,,discover,country,United Kingdom,English,Google Search,2025-08-01,2026-07-31,encoded_band,50,10,100,0,0,Unknown,,,,GBP,returned,2026-09-08,2026-09-08-01-setup,raw/gkp-discover-03-booking-systems.csv,345
ob_001287,kw_001263,,discover,country,United Kingdom,English,Google Search,2025-08-01,2026-07-31,encoded_band,50,10,100,0,0,Unknown,,,,GBP,returned,2026-09-08,2026-09-08-01-setup,raw/gkp-discover-03-booking-systems.csv,346
ob_001288,kw_001264,,discover,country,United Kingdom,English,Google Search,2025-08-01,2026-07-31,encoded_band,50,10,100,0,0,Low,0,,,GBP,returned,2026-09-08,2026-09-08-01-setup,raw/gkp-discover-03-booking-systems.csv,347
ob_001289,kw_001265,,discover,country,United Kingdom,English,Google Search,2025-08-01,2026-07-31,encoded_band,50,10,100,0,0,High,86,,,GBP,returned,2026-09-08,2026-09-08-01-setup,raw/gkp-discover-03-booking-systems.csv,348
ob_001290,kw_001266,,discover,country,United Kingdom,English,Google Search,2025-08-01,2026-07-31,encoded_band,500,100,1000,0,-0.9,Low,21,24.36,66.11,GBP,returned,2026-09-08,2026-09-08-01-setup,raw/gkp-discover-03-booking-systems.csv,349
ob_001291,kw_001267,,discover,country,United Kingdom,English,Google Search,2025-08-01,2026-07-31,encoded_band,50,10,100,,0,Low,0,,,GBP,returned,2026-09-08,2026-09-08-01-setup,raw/gkp-discover-03-booking-systems.csv,350
ob_001292,kw_001268,,discover,country,United Kingdom,English,Google Search,2025-08-01,2026-07-31,encoded_band,50,10,100,0,0,High,86,,,GBP,returned,2026-09-08,2026-09-08-01-setup,raw/gkp-discover-03-booking-systems.csv,351
ob_001293,kw_001269,,discover,country,United Kingdom,English,Google Search,2025-08-01,2026-07-31,encoded_band,50,10,100,0,-1,Unknown,,,,GBP,returned,2026-09-08,2026-09-08-01-setup,raw/gkp-discover-03-booking-systems.csv,352
ob_001294,kw_001270,,discover,country,United Kingdom,English,Google Search,2025-08-01,2026-07-31,encoded_band,50,10,100,0,0,Unknown,,,,GBP,returned,2026-09-08,2026-09-08-01-setup,raw/gkp-discover-03-booking-systems.csv,353
ob_001295,kw_001271,,discover,country,United Kingdom,English,Google Search,2025-08-01,2026-07-31,encoded_band,50,10,100,0,0,Low,0,,,GBP,returned,2026-09-08,2026-09-08-01-setup,raw/gkp-discover-03-booking-systems.csv,354
ob_001296,kw_001272,,discover,country,United Kingdom,English,Google Search,2025-08-01,2026-07-31,encoded_band,50,10,100,0,0,High,86,,,GBP,returned,2026-09-08,2026-09-08-01-setup,raw/gkp-discover-03-booking-systems.csv,355
ob_001297,kw_001273,,discover,country,United Kingdom,English,Google Search,2025-08-01,2026-07-31,encoded_band,50,10,100,0,0,Low,0,,,GBP,returned,2026-09-08,2026-09-08-01-setup,raw/gkp-discover-03-booking-systems.csv,356
ob_001298,kw_001274,,discover,country,United Kingdom,English,Google Search,2025-08-01,2026-07-31,encoded_band,50,10,100,0,0,High,75,4.65,11.54,GBP,returned,2026-09-08,2026-09-08-01-setup,raw/gkp-discover-03-booking-systems.csv,357
ob_001299,kw_001275,,discover,country,United Kingdom,English,Google Search,2025-08-01,2026-07-31,encoded_band,50,10,100,-1,-1,Unknown,,,,GBP,returned,2026-09-08,2026-09-08-01-setup,raw/gkp-discover-03-booking-systems.csv,358
ob_001300,kw_001276,,discover,country,United Kingdom,English,Google Search,2025-08-01,2026-07-31,encoded_band,50,10,100,0,0,High,86,,,GBP,returned,2026-09-08,2026-09-08-01-setup,raw/gkp-discover-03-booking-systems.csv,359
ob_001301,kw_001277,,discover,country,United Kingdom,English,Google Search,2025-08-01,2026-07-31,encoded_band,50,10,100,-1,-1,Unknown,,,,GBP,returned,2026-09-08,2026-09-08-01-setup,raw/gkp-discover-03-booking-systems.csv,360
ob_001302,kw_001278,,discover,country,United Kingdom,English,Google Search,2025-08-01,2026-07-31,encoded_band,50,10,100,-1,-1,Unknown,,,,GBP,returned,2026-09-08,2026-09-08-01-setup,raw/gkp-discover-03-booking-systems.csv,361
ob_001303,kw_001279,,discover,country,United Kingdom,English,Google Search,2025-08-01,2026-07-31,encoded_band,50,10,100,0,0,High,82,4.28,12.25,GBP,returned,2026-09-08,2026-09-08-01-setup,raw/gkp-discover-03-booking-systems.csv,362
ob_001304,kw_001280,,discover,country,United Kingdom,English,Google Search,2025-08-01,2026-07-31,encoded_band,50,10,100,0,0,Unknown,,,,GBP,returned,2026-09-08,2026-09-08-01-setup,raw/gkp-discover-03-booking-systems.csv,363
ob_001305,kw_001281,,discover,country,United Kingdom,English,Google Search,2025-08-01,2026-07-31,encoded_band,50,10,100,0,0,High,70,6.2,17.66,GBP,returned,2026-09-08,2026-09-08-01-setup,raw/gkp-discover-03-booking-systems.csv,364
ob_001306,kw_001282,,discover,country,United Kingdom,English,Google Search,2025-08-01,2026-07-31,encoded_band,50,10,100,0,0,High,79,,,GBP,returned,2026-09-08,2026-09-08-01-setup,raw/gkp-discover-03-booking-systems.csv,365
ob_001307,kw_001283,,discover,country,United Kingdom,English,Google Search,2025-08-01,2026-07-31,encoded_band,500,100,1000,0,0,Medium,48,11.02,60.94,GBP,returned,2026-09-08,2026-09-08-01-setup,raw/gkp-discover-03-booking-systems.csv,366
ob_001308,kw_001284,,discover,country,United Kingdom,English,Google Search,2025-08-01,2026-07-31,encoded_band,50,10,100,0,0,Low,12,,,GBP,returned,2026-09-08,2026-09-08-01-setup,raw/gkp-discover-03-booking-systems.csv,367
ob_001309,kw_001285,,discover,country,United Kingdom,English,Google Search,2025-08-01,2026-07-31,encoded_band,50,10,100,0,0,High,86,,,GBP,returned,2026-09-08,2026-09-08-01-setup,raw/gkp-discover-03-booking-systems.csv,368
ob_001310,kw_001286,,discover,country,United Kingdom,English,Google Search,2025-08-01,2026-07-31,encoded_band,50,10,100,-1,-1,Unknown,,,,GBP,returned,2026-09-08,2026-09-08-01-setup,raw/gkp-discover-03-booking-systems.csv,369
ob_001311,kw_001287,,discover,country,United Kingdom,English,Google Search,2025-08-01,2026-07-31,encoded_band,50,10,100,0,0,High,86,,,GBP,returned,2026-09-08,2026-09-08-01-setup,raw/gkp-discover-03-booking-systems.csv,370
ob_001312,kw_001288,,discover,country,United Kingdom,English,Google Search,2025-08-01,2026-07-31,encoded_band,50,10,100,-1,-1,Unknown,,,,GBP,returned,2026-09-08,2026-09-08-01-setup,raw/gkp-discover-03-booking-systems.csv,371
ob_001313,kw_001289,,discover,country,United Kingdom,English,Google Search,2025-08-01,2026-07-31,encoded_band,50,10,100,0,0,High,86,2.77,12.4,GBP,returned,2026-09-08,2026-09-08-01-setup,raw/gkp-discover-03-booking-systems.csv,372
ob_001314,kw_001290,,discover,country,United Kingdom,English,Google Search,2025-08-01,2026-07-31,encoded_band,50,10,100,0,-0.9,Medium,56,3.72,12.82,GBP,returned,2026-09-08,2026-09-08-01-setup,raw/gkp-discover-03-booking-systems.csv,373
ob_001315,kw_001291,,discover,country,United Kingdom,English,Google Search,2025-08-01,2026-07-31,encoded_band,50,10,100,0,0,Low,21,10.09,24.79,GBP,returned,2026-09-08,2026-09-08-01-setup,raw/gkp-discover-03-booking-systems.csv,374
ob_001316,kw_001292,,discover,country,United Kingdom,English,Google Search,2025-08-01,2026-07-31,encoded_band,50,10,100,0,0,High,76,2.46,9.55,GBP,returned,2026-09-08,2026-09-08-01-setup,raw/gkp-discover-03-booking-systems.csv,375
ob_001317,kw_001293,,discover,country,United Kingdom,English,Google Search,2025-08-01,2026-07-31,encoded_band,50,10,100,0,0,Low,0,,,GBP,returned,2026-09-08,2026-09-08-01-setup,raw/gkp-discover-03-booking-systems.csv,376
ob_001318,kw_001294,,discover,country,United Kingdom,English,Google Search,2025-08-01,2026-07-31,encoded_band,50,10,100,0,0,High,73,8.1,27.25,GBP,returned,2026-09-08,2026-09-08-01-setup,raw/gkp-discover-03-booking-systems.csv,377
ob_001319,kw_001295,,discover,country,United Kingdom,English,Google Search,2025-08-01,2026-07-31,encoded_band,50,10,100,-1,-1,Unknown,,,,GBP,returned,2026-09-08,2026-09-08-01-setup,raw/gkp-discover-03-booking-systems.csv,378
ob_001320,kw_001296,,discover,country,United Kingdom,English,Google Search,2025-08-01,2026-07-31,encoded_band,50,10,100,-1,-1,Unknown,,,,GBP,returned,2026-09-08,2026-09-08-01-setup,raw/gkp-discover-03-booking-systems.csv,379
ob_001321,kw_001297,,discover,country,United Kingdom,English,Google Search,2025-08-01,2026-07-31,encoded_band,50,10,100,,,High,71,,,GBP,returned,2026-09-08,2026-09-08-01-setup,raw/gkp-discover-03-booking-systems.csv,380
ob_001322,kw_001298,,discover,country,United Kingdom,English,Google Search,2025-08-01,2026-07-31,encoded_band,50,10,100,0,0,Medium,36,,,GBP,returned,2026-09-08,2026-09-08-01-setup,raw/gkp-discover-03-booking-systems.csv,381
ob_001323,kw_001299,,discover,country,United Kingdom,English,Google Search,2025-08-01,2026-07-31,encoded_band,50,10,100,0,,Medium,61,3.34,17.1,GBP,returned,2026-09-08,2026-09-08-01-setup,raw/gkp-discover-03-booking-systems.csv,382
ob_001324,kw_001300,,discover,country,United Kingdom,English,Google Search,2025-08-01,2026-07-31,encoded_band,50,10,100,0,0,High,80,2.29,5.43,GBP,returned,2026-09-08,2026-09-08-01-setup,raw/gkp-discover-03-booking-systems.csv,383
ob_001325,kw_001301,,discover,country,United Kingdom,English,Google Search,2025-08-01,2026-07-31,encoded_band,50,10,100,0,-1,Unknown,,,,GBP,returned,2026-09-08,2026-09-08-01-setup,raw/gkp-discover-03-booking-systems.csv,384
ob_001326,kw_001302,,discover,country,United Kingdom,English,Google Search,2025-08-01,2026-07-31,encoded_band,50,10,100,-1,-1,Unknown,,,,GBP,returned,2026-09-08,2026-09-08-01-setup,raw/gkp-discover-03-booking-systems.csv,385
ob_001327,kw_001303,,discover,country,United Kingdom,English,Google Search,2025-08-01,2026-07-31,encoded_band,0,0,0,0,0,Unknown,,,,GBP,zero,2026-09-08,2026-09-08-01-setup,raw/gkp-discover-03-booking-systems.csv,386
ob_001328,kw_001304,,discover,country,United Kingdom,English,Google Search,2025-08-01,2026-07-31,encoded_band,50,10,100,0,0,Unknown,,,,GBP,returned,2026-09-08,2026-09-08-01-setup,raw/gkp-discover-03-booking-systems.csv,387
ob_001329,kw_001305,,discover,country,United Kingdom,English,Google Search,2025-08-01,2026-07-31,encoded_band,50,10,100,0,0,High,86,,,GBP,returned,2026-09-08,2026-09-08-01-setup,raw/gkp-discover-03-booking-systems.csv,388
ob_001330,kw_001306,,discover,country,United Kingdom,English,Google Search,2025-08-01,2026-07-31,encoded_band,50,10,100,-1,-1,Unknown,,,,GBP,returned,2026-09-08,2026-09-08-01-setup,raw/gkp-discover-03-booking-systems.csv,389
ob_001331,kw_001307,,discover,country,United Kingdom,English,Google Search,2025-08-01,2026-07-31,encoded_band,50,10,100,0,0,Low,0,,,GBP,returned,2026-09-08,2026-09-08-01-setup,raw/gkp-discover-03-booking-systems.csv,390
ob_001332,kw_001308,,discover,country,United Kingdom,English,Google Search,2025-08-01,2026-07-31,encoded_band,50,10,100,-1,-1,Unknown,,,,GBP,returned,2026-09-08,2026-09-08-01-setup,raw/gkp-discover-03-booking-systems.csv,391
ob_001333,kw_001309,,discover,country,United Kingdom,English,Google Search,2025-08-01,2026-07-31,encoded_band,50,10,100,0,0,Medium,60,13.65,95.54,GBP,returned,2026-09-08,2026-09-08-01-setup,raw/gkp-discover-03-booking-systems.csv,392
ob_001334,kw_001310,,discover,country,United Kingdom,English,Google Search,2025-08-01,2026-07-31,encoded_band,50,10,100,0,0,Low,19,4.88,16.92,GBP,returned,2026-09-08,2026-09-08-01-setup,raw/gkp-discover-03-booking-systems.csv,393
ob_001335,kw_001311,,discover,country,United Kingdom,English,Google Search,2025-08-01,2026-07-31,encoded_band,500,100,1000,-0.9,-0.9,Medium,53,7.18,29.62,GBP,returned,2026-09-08,2026-09-08-01-setup,raw/gkp-discover-03-booking-systems.csv,394
ob_001336,kw_001312,,discover,country,United Kingdom,English,Google Search,2025-08-01,2026-07-31,encoded_band,50,10,100,0,0,Low,17,,,GBP,returned,2026-09-08,2026-09-08-01-setup,raw/gkp-discover-03-booking-systems.csv,395
ob_001337,kw_001313,,discover,country,United Kingdom,English,Google Search,2025-08-01,2026-07-31,encoded_band,50,10,100,0,-1,Unknown,,,,GBP,returned,2026-09-08,2026-09-08-01-setup,raw/gkp-discover-03-booking-systems.csv,396
ob_001338,kw_001314,,discover,country,United Kingdom,English,Google Search,2025-08-01,2026-07-31,encoded_band,50,10,100,0,0,Low,0,,,GBP,returned,2026-09-08,2026-09-08-01-setup,raw/gkp-discover-03-booking-systems.csv,397
ob_001339,kw_001315,,discover,country,United Kingdom,English,Google Search,2025-08-01,2026-07-31,encoded_band,50,10,100,0,0,High,86,,,GBP,returned,2026-09-08,2026-09-08-01-setup,raw/gkp-discover-03-booking-systems.csv,398
ob_001340,kw_001316,,discover,country,United Kingdom,English,Google Search,2025-08-01,2026-07-31,encoded_band,50,10,100,-1,-1,Unknown,,,,GBP,returned,2026-09-08,2026-09-08-01-setup,raw/gkp-discover-03-booking-systems.csv,399
ob_001341,kw_001317,,discover,country,United Kingdom,English,Google Search,2025-08-01,2026-07-31,encoded_band,50,10,100,0,0,Low,29,4.29,13.17,GBP,returned,2026-09-08,2026-09-08-01-setup,raw/gkp-discover-03-booking-systems.csv,400
ob_001342,kw_001318,,discover,country,United Kingdom,English,Google Search,2025-08-01,2026-07-31,encoded_band,50,10,100,0,0,Medium,63,3.11,18.12,GBP,returned,2026-09-08,2026-09-08-01-setup,raw/gkp-discover-03-booking-systems.csv,401
ob_001343,kw_001319,,discover,country,United Kingdom,English,Google Search,2025-08-01,2026-07-31,encoded_band,500,100,1000,-0.9,-0.9,Medium,51,8.47,33.5,GBP,returned,2026-09-08,2026-09-08-01-setup,raw/gkp-discover-03-booking-systems.csv,402
ob_001344,kw_001320,,discover,country,United Kingdom,English,Google Search,2025-08-01,2026-07-31,encoded_band,50,10,100,0,0,Medium,49,6.15,8.85,GBP,returned,2026-09-08,2026-09-08-01-setup,raw/gkp-discover-03-booking-systems.csv,403
ob_001345,kw_001321,,discover,country,United Kingdom,English,Google Search,2025-08-01,2026-07-31,encoded_band,50,10,100,0,0,High,86,,,GBP,returned,2026-09-08,2026-09-08-01-setup,raw/gkp-discover-03-booking-systems.csv,404
ob_001346,kw_001322,,discover,country,United Kingdom,English,Google Search,2025-08-01,2026-07-31,encoded_band,50,10,100,0,0,High,86,3.8,20.12,GBP,returned,2026-09-08,2026-09-08-01-setup,raw/gkp-discover-03-booking-systems.csv,405
ob_001347,kw_001323,,discover,country,United Kingdom,English,Google Search,2025-08-01,2026-07-31,encoded_band,50,10,100,0,,High,86,,,GBP,returned,2026-09-08,2026-09-08-01-setup,raw/gkp-discover-03-booking-systems.csv,406
ob_001348,kw_001324,,discover,country,United Kingdom,English,Google Search,2025-08-01,2026-07-31,encoded_band,50,10,100,0,0,Low,7,,,GBP,returned,2026-09-08,2026-09-08-01-setup,raw/gkp-discover-03-booking-systems.csv,407
ob_001349,kw_001325,,discover,country,United Kingdom,English,Google Search,2025-08-01,2026-07-31,encoded_band,500,100,1000,-0.9,-0.9,Medium,51,8.47,33.5,GBP,returned,2026-09-08,2026-09-08-01-setup,raw/gkp-discover-03-booking-systems.csv,408
ob_001350,kw_001326,,discover,country,United Kingdom,English,Google Search,2025-08-01,2026-07-31,encoded_band,50,10,100,0,0,Medium,57,11.52,40.31,GBP,returned,2026-09-08,2026-09-08-01-setup,raw/gkp-discover-03-booking-systems.csv,409
ob_001351,kw_001327,,discover,country,United Kingdom,English,Google Search,2025-08-01,2026-07-31,encoded_band,50,10,100,0,,Medium,43,,,GBP,returned,2026-09-08,2026-09-08-01-setup,raw/gkp-discover-03-booking-systems.csv,410
ob_001352,kw_001328,,discover,country,United Kingdom,English,Google Search,2025-08-01,2026-07-31,encoded_band,50,10,100,0,0,Unknown,,,,GBP,returned,2026-09-08,2026-09-08-01-setup,raw/gkp-discover-03-booking-systems.csv,411
ob_001353,kw_001329,,discover,country,United Kingdom,English,Google Search,2025-08-01,2026-07-31,encoded_band,50,10,100,0,-0.9,Medium,56,3.72,12.82,GBP,returned,2026-09-08,2026-09-08-01-setup,raw/gkp-discover-03-booking-systems.csv,412
ob_001354,kw_001330,,discover,country,United Kingdom,English,Google Search,2025-08-01,2026-07-31,encoded_band,50,10,100,0,0,Medium,43,,,GBP,returned,2026-09-08,2026-09-08-01-setup,raw/gkp-discover-03-booking-systems.csv,413
ob_001355,kw_001331,,discover,country,United Kingdom,English,Google Search,2025-08-01,2026-07-31,encoded_band,50,10,100,0,0,Medium,44,14.77,98.15,GBP,returned,2026-09-08,2026-09-08-01-setup,raw/gkp-discover-03-booking-systems.csv,414
ob_001356,kw_001332,,discover,country,United Kingdom,English,Google Search,2025-08-01,2026-07-31,encoded_band,50,10,100,0,0,Unknown,,,,GBP,returned,2026-09-08,2026-09-08-01-setup,raw/gkp-discover-03-booking-systems.csv,415
ob_001357,kw_001333,,discover,country,United Kingdom,English,Google Search,2025-08-01,2026-07-31,encoded_band,50,10,100,0,0,Low,8,,,GBP,returned,2026-09-08,2026-09-08-01-setup,raw/gkp-discover-03-booking-systems.csv,416
ob_001358,kw_001334,,discover,country,United Kingdom,English,Google Search,2025-08-01,2026-07-31,encoded_band,50,10,100,0,0,High,86,,,GBP,returned,2026-09-08,2026-09-08-01-setup,raw/gkp-discover-03-booking-systems.csv,417
ob_001359,kw_001335,,discover,country,United Kingdom,English,Google Search,2025-08-01,2026-07-31,encoded_band,50,10,100,0,0,High,85,3.35,19.14,GBP,returned,2026-09-08,2026-09-08-01-setup,raw/gkp-discover-03-booking-systems.csv,418
ob_001360,kw_001336,,discover,country,United Kingdom,English,Google Search,2025-08-01,2026-07-31,encoded_band,50,10,100,-1,-1,Unknown,,,,GBP,returned,2026-09-08,2026-09-08-01-setup,raw/gkp-discover-03-booking-systems.csv,419
ob_001361,kw_001337,,discover,country,United Kingdom,English,Google Search,2025-08-01,2026-07-31,encoded_band,50,10,100,0,0,Unknown,,,,GBP,returned,2026-09-08,2026-09-08-01-setup,raw/gkp-discover-03-booking-systems.csv,420
ob_001362,kw_001338,,discover,country,United Kingdom,English,Google Search,2025-08-01,2026-07-31,encoded_band,50,10,100,0,-0.9,Medium,57,14.19,67.16,GBP,returned,2026-09-08,2026-09-08-01-setup,raw/gkp-discover-03-booking-systems.csv,421
ob_001363,kw_001339,,discover,country,United Kingdom,English,Google Search,2025-08-01,2026-07-31,encoded_band,50,10,100,0,0,Unknown,,,,GBP,returned,2026-09-08,2026-09-08-01-setup,raw/gkp-discover-03-booking-systems.csv,422
ob_001364,kw_001340,,discover,country,United Kingdom,English,Google Search,2025-08-01,2026-07-31,encoded_band,50,10,100,,0,Low,0,,,GBP,returned,2026-09-08,2026-09-08-01-setup,raw/gkp-discover-03-booking-systems.csv,423
ob_001365,kw_001341,,discover,country,United Kingdom,English,Google Search,2025-08-01,2026-07-31,encoded_band,50,10,100,0,0,Low,7,,,GBP,returned,2026-09-08,2026-09-08-01-setup,raw/gkp-discover-03-booking-systems.csv,424
ob_001366,kw_001342,,discover,country,United Kingdom,English,Google Search,2025-08-01,2026-07-31,encoded_band,500,100,1000,-0.9,-0.9,Medium,41,10.5,41.29,GBP,returned,2026-09-08,2026-09-08-01-setup,raw/gkp-discover-03-booking-systems.csv,425
ob_001367,kw_001343,,discover,country,United Kingdom,English,Google Search,2025-08-01,2026-07-31,encoded_band,50,10,100,0,0,Medium,59,2.69,19.24,GBP,returned,2026-09-08,2026-09-08-01-setup,raw/gkp-discover-03-booking-systems.csv,426
ob_001368,kw_001344,,discover,country,United Kingdom,English,Google Search,2025-08-01,2026-07-31,encoded_band,50,10,100,0,0,Medium,52,,,GBP,returned,2026-09-08,2026-09-08-01-setup,raw/gkp-discover-03-booking-systems.csv,427
ob_001369,kw_001345,,discover,country,United Kingdom,English,Google Search,2025-08-01,2026-07-31,encoded_band,50,10,100,-1,-1,Unknown,,,,GBP,returned,2026-09-08,2026-09-08-01-setup,raw/gkp-discover-03-booking-systems.csv,428
ob_001370,kw_001346,,discover,country,United Kingdom,English,Google Search,2025-08-01,2026-07-31,encoded_band,50,10,100,0,,High,86,,,GBP,returned,2026-09-08,2026-09-08-01-setup,raw/gkp-discover-03-booking-systems.csv,429
ob_001371,kw_001347,,discover,country,United Kingdom,English,Google Search,2025-08-01,2026-07-31,encoded_band,50,10,100,0,0,Unknown,,,,GBP,returned,2026-09-08,2026-09-08-01-setup,raw/gkp-discover-03-booking-systems.csv,430
ob_001372,kw_001348,,discover,country,United Kingdom,English,Google Search,2025-08-01,2026-07-31,encoded_band,50,10,100,0,0,High,69,3.25,10.42,GBP,returned,2026-09-08,2026-09-08-01-setup,raw/gkp-discover-03-booking-systems.csv,431
ob_001373,kw_001349,,discover,country,United Kingdom,English,Google Search,2025-08-01,2026-07-31,encoded_band,50,10,100,0,0,Unknown,,,,GBP,returned,2026-09-08,2026-09-08-01-setup,raw/gkp-discover-03-booking-systems.csv,432
ob_001374,kw_001350,,discover,country,United Kingdom,English,Google Search,2025-08-01,2026-07-31,encoded_band,50,10,100,-1,0,Unknown,,,,GBP,returned,2026-09-08,2026-09-08-01-setup,raw/gkp-discover-03-booking-systems.csv,433
ob_001375,kw_001351,,discover,country,United Kingdom,English,Google Search,2025-08-01,2026-07-31,encoded_band,50,10,100,0,0,Unknown,,,,GBP,returned,2026-09-08,2026-09-08-01-setup,raw/gkp-discover-03-booking-systems.csv,434
ob_001376,kw_001352,,discover,country,United Kingdom,English,Google Search,2025-08-01,2026-07-31,encoded_band,50,10,100,0,0,Low,0,,,GBP,returned,2026-09-08,2026-09-08-01-setup,raw/gkp-discover-03-booking-systems.csv,435
ob_001377,kw_001353,,discover,country,United Kingdom,English,Google Search,2025-08-01,2026-07-31,encoded_band,50,10,100,0,0,Unknown,,,,GBP,returned,2026-09-08,2026-09-08-01-setup,raw/gkp-discover-03-booking-systems.csv,436
ob_001378,kw_001354,,discover,country,United Kingdom,English,Google Search,2025-08-01,2026-07-31,encoded_band,50,10,100,0,0,Low,29,5.54,17.53,GBP,returned,2026-09-08,2026-09-08-01-setup,raw/gkp-discover-03-booking-systems.csv,437
ob_001379,kw_001355,,discover,country,United Kingdom,English,Google Search,2025-08-01,2026-07-31,encoded_band,50,10,100,0,0,High,71,,,GBP,returned,2026-09-08,2026-09-08-01-setup,raw/gkp-discover-03-booking-systems.csv,438
ob_001380,kw_001356,,discover,country,United Kingdom,English,Google Search,2025-08-01,2026-07-31,encoded_band,50,10,100,0,0,High,86,,,GBP,returned,2026-09-08,2026-09-08-01-setup,raw/gkp-discover-03-booking-systems.csv,439
ob_001381,kw_001357,,discover,country,United Kingdom,English,Google Search,2025-08-01,2026-07-31,encoded_band,50,10,100,0,0,High,86,2.88,7.63,GBP,returned,2026-09-08,2026-09-08-01-setup,raw/gkp-discover-03-booking-systems.csv,440
ob_001382,kw_001358,,discover,country,United Kingdom,English,Google Search,2025-08-01,2026-07-31,encoded_band,50,10,100,0,0,Medium,62,,,GBP,returned,2026-09-08,2026-09-08-01-setup,raw/gkp-discover-03-booking-systems.csv,441
ob_001383,kw_001359,,discover,country,United Kingdom,English,Google Search,2025-08-01,2026-07-31,encoded_band,50,10,100,0,0,High,86,3.3,14.17,GBP,returned,2026-09-08,2026-09-08-01-setup,raw/gkp-discover-03-booking-systems.csv,442
ob_001384,kw_001360,,discover,country,United Kingdom,English,Google Search,2025-08-01,2026-07-31,encoded_band,50,10,100,0,0,High,67,3.59,20.11,GBP,returned,2026-09-08,2026-09-08-01-setup,raw/gkp-discover-03-booking-systems.csv,443
ob_001385,kw_001361,,discover,country,United Kingdom,English,Google Search,2025-08-01,2026-07-31,encoded_band,50,10,100,-1,-1,Unknown,,,,GBP,returned,2026-09-08,2026-09-08-01-setup,raw/gkp-discover-03-booking-systems.csv,444
ob_001386,kw_001362,,discover,country,United Kingdom,English,Google Search,2025-08-01,2026-07-31,encoded_band,500,100,1000,0,0,Low,19,8.03,24.03,GBP,returned,2026-09-08,2026-09-08-01-setup,raw/gkp-discover-03-booking-systems.csv,445
ob_001387,kw_001363,,discover,country,United Kingdom,English,Google Search,2025-08-01,2026-07-31,encoded_band,50,10,100,0,0,Medium,55,13.67,78.74,GBP,returned,2026-09-08,2026-09-08-01-setup,raw/gkp-discover-03-booking-systems.csv,446
ob_001388,kw_001364,,discover,country,United Kingdom,English,Google Search,2025-08-01,2026-07-31,encoded_band,50,10,100,0,0,High,86,3.24,13.16,GBP,returned,2026-09-08,2026-09-08-01-setup,raw/gkp-discover-03-booking-systems.csv,447
ob_001389,kw_001365,,discover,country,United Kingdom,English,Google Search,2025-08-01,2026-07-31,encoded_band,50,10,100,0,-1,Unknown,,,,GBP,returned,2026-09-08,2026-09-08-01-setup,raw/gkp-discover-03-booking-systems.csv,448
ob_001390,kw_001366,,discover,country,United Kingdom,English,Google Search,2025-08-01,2026-07-31,encoded_band,50,10,100,0,0,Medium,57,2.04,5.7,GBP,returned,2026-09-08,2026-09-08-01-setup,raw/gkp-discover-03-booking-systems.csv,449
ob_001391,kw_001367,,discover,country,United Kingdom,English,Google Search,2025-08-01,2026-07-31,encoded_band,50,10,100,,0,High,86,,,GBP,returned,2026-09-08,2026-09-08-01-setup,raw/gkp-discover-03-booking-systems.csv,450
ob_001392,kw_001368,,discover,country,United Kingdom,English,Google Search,2025-08-01,2026-07-31,encoded_band,50,10,100,0,0,Unknown,,,,GBP,returned,2026-09-08,2026-09-08-01-setup,raw/gkp-discover-03-booking-systems.csv,451
ob_001393,kw_001369,,discover,country,United Kingdom,English,Google Search,2025-08-01,2026-07-31,encoded_band,50,10,100,-1,0,Unknown,,,,GBP,returned,2026-09-08,2026-09-08-01-setup,raw/gkp-discover-03-booking-systems.csv,452
ob_001394,kw_001370,,discover,country,United Kingdom,English,Google Search,2025-08-01,2026-07-31,encoded_band,0,0,0,0,0,Unknown,,,,GBP,zero,2026-09-08,2026-09-08-01-setup,raw/gkp-discover-03-booking-systems.csv,453
ob_001395,kw_001371,,discover,country,United Kingdom,English,Google Search,2025-08-01,2026-07-31,encoded_band,50,10,100,-1,-1,Unknown,,,,GBP,returned,2026-09-08,2026-09-08-01-setup,raw/gkp-discover-03-booking-systems.csv,454
ob_001396,kw_001372,,discover,country,United Kingdom,English,Google Search,2025-08-01,2026-07-31,encoded_band,50,10,100,0,0,Medium,57,,,GBP,returned,2026-09-08,2026-09-08-01-setup,raw/gkp-discover-03-booking-systems.csv,455
ob_001397,kw_001373,,discover,country,United Kingdom,English,Google Search,2025-08-01,2026-07-31,encoded_band,50,10,100,0,0,High,69,11.07,29.22,GBP,returned,2026-09-08,2026-09-08-01-setup,raw/gkp-discover-03-booking-systems.csv,456
ob_001398,kw_001374,,discover,country,United Kingdom,English,Google Search,2025-08-01,2026-07-31,encoded_band,50,10,100,0,0,High,86,9.77,23.09,GBP,returned,2026-09-08,2026-09-08-01-setup,raw/gkp-discover-03-booking-systems.csv,457
ob_001399,kw_001375,,discover,country,United Kingdom,English,Google Search,2025-08-01,2026-07-31,encoded_band,50,10,100,0,,High,86,11.31,28.43,GBP,returned,2026-09-08,2026-09-08-01-setup,raw/gkp-discover-03-booking-systems.csv,458
ob_001400,kw_001376,,discover,country,United Kingdom,English,Google Search,2025-08-01,2026-07-31,encoded_band,50,10,100,0,0,Low,25,5.61,21.47,GBP,returned,2026-09-08,2026-09-08-01-setup,raw/gkp-discover-03-booking-systems.csv,459
ob_001401,kw_001377,,discover,country,United Kingdom,English,Google Search,2025-08-01,2026-07-31,encoded_band,50,10,100,,,High,86,,,GBP,returned,2026-09-08,2026-09-08-01-setup,raw/gkp-discover-03-booking-systems.csv,460
ob_001402,kw_001378,,discover,country,United Kingdom,English,Google Search,2025-08-01,2026-07-31,encoded_band,500,100,1000,0,-0.9,Medium,49,6.75,43.55,GBP,returned,2026-09-08,2026-09-08-01-setup,raw/gkp-discover-03-booking-systems.csv,461
ob_001403,kw_001379,,discover,country,United Kingdom,English,Google Search,2025-08-01,2026-07-31,encoded_band,50,10,100,-1,-1,Unknown,,,,GBP,returned,2026-09-08,2026-09-08-01-setup,raw/gkp-discover-03-booking-systems.csv,462
ob_001404,kw_001380,,discover,country,United Kingdom,English,Google Search,2025-08-01,2026-07-31,encoded_band,50,10,100,-1,-1,Unknown,,,,GBP,returned,2026-09-08,2026-09-08-01-setup,raw/gkp-discover-03-booking-systems.csv,463
ob_001405,kw_001381,,discover,country,United Kingdom,English,Google Search,2025-08-01,2026-07-31,encoded_band,50,10,100,,,High,71,,,GBP,returned,2026-09-08,2026-09-08-01-setup,raw/gkp-discover-03-booking-systems.csv,464
ob_001406,kw_001382,,discover,country,United Kingdom,English,Google Search,2025-08-01,2026-07-31,encoded_band,50,10,100,0,0,Medium,60,7.38,12.7,GBP,returned,2026-09-08,2026-09-08-01-setup,raw/gkp-discover-03-booking-systems.csv,465
ob_001407,kw_001383,,discover,country,United Kingdom,English,Google Search,2025-08-01,2026-07-31,encoded_band,50,10,100,0,0,Medium,50,3.97,19.88,GBP,returned,2026-09-08,2026-09-08-01-setup,raw/gkp-discover-03-booking-systems.csv,466
ob_001408,kw_001384,,discover,country,United Kingdom,English,Google Search,2025-08-01,2026-07-31,encoded_band,50,10,100,0,0,Unknown,,,,GBP,returned,2026-09-08,2026-09-08-01-setup,raw/gkp-discover-03-booking-systems.csv,467
ob_001409,kw_001385,,discover,country,United Kingdom,English,Google Search,2025-08-01,2026-07-31,encoded_band,50,10,100,0,-1,Unknown,,,,GBP,returned,2026-09-08,2026-09-08-01-setup,raw/gkp-discover-03-booking-systems.csv,468
ob_001410,kw_001386,,discover,country,United Kingdom,English,Google Search,2025-08-01,2026-07-31,encoded_band,50,10,100,0,0,Low,6,,,GBP,returned,2026-09-08,2026-09-08-01-setup,raw/gkp-discover-03-booking-systems.csv,469
ob_001411,kw_001387,,discover,country,United Kingdom,English,Google Search,2025-08-01,2026-07-31,encoded_band,50,10,100,0,-1,Unknown,,,,GBP,returned,2026-09-08,2026-09-08-01-setup,raw/gkp-discover-03-booking-systems.csv,470
ob_001412,kw_001388,,discover,country,United Kingdom,English,Google Search,2025-08-01,2026-07-31,encoded_band,50,10,100,0,0,High,86,4.17,13.3,GBP,returned,2026-09-08,2026-09-08-01-setup,raw/gkp-discover-03-booking-systems.csv,471
ob_001413,kw_001389,,discover,country,United Kingdom,English,Google Search,2025-08-01,2026-07-31,encoded_band,50,10,100,0,0,Unknown,,,,GBP,returned,2026-09-08,2026-09-08-01-setup,raw/gkp-discover-03-booking-systems.csv,472
ob_001414,kw_001390,,discover,country,United Kingdom,English,Google Search,2025-08-01,2026-07-31,encoded_band,500,100,1000,-0.9,-0.9,Medium,53,7.18,29.62,GBP,returned,2026-09-08,2026-09-08-01-setup,raw/gkp-discover-03-booking-systems.csv,473
ob_001415,kw_001391,,discover,country,United Kingdom,English,Google Search,2025-08-01,2026-07-31,encoded_band,50,10,100,0,0,High,79,,,GBP,returned,2026-09-08,2026-09-08-01-setup,raw/gkp-discover-03-booking-systems.csv,474
ob_001416,kw_001392,,discover,country,United Kingdom,English,Google Search,2025-08-01,2026-07-31,encoded_band,50,10,100,0,0,Medium,41,4.09,11.3,GBP,returned,2026-09-08,2026-09-08-01-setup,raw/gkp-discover-03-booking-systems.csv,475
ob_001417,kw_001393,,discover,country,United Kingdom,English,Google Search,2025-08-01,2026-07-31,encoded_band,50,10,100,0,0,High,86,2.22,8,GBP,returned,2026-09-08,2026-09-08-01-setup,raw/gkp-discover-03-booking-systems.csv,476
ob_001418,kw_001394,,discover,country,United Kingdom,English,Google Search,2025-08-01,2026-07-31,encoded_band,50,10,100,0,0,High,84,11.22,50.54,GBP,returned,2026-09-08,2026-09-08-01-setup,raw/gkp-discover-03-booking-systems.csv,477
ob_001419,kw_001395,,discover,country,United Kingdom,English,Google Search,2025-08-01,2026-07-31,encoded_band,50,10,100,-1,-1,Unknown,,,,GBP,returned,2026-09-08,2026-09-08-01-setup,raw/gkp-discover-03-booking-systems.csv,478
ob_001420,kw_001396,,discover,country,United Kingdom,English,Google Search,2025-08-01,2026-07-31,encoded_band,500,100,1000,0,0,High,69,7.55,29.59,GBP,returned,2026-09-08,2026-09-08-01-setup,raw/gkp-discover-03-booking-systems.csv,479
ob_001421,kw_001397,,discover,country,United Kingdom,English,Google Search,2025-08-01,2026-07-31,encoded_band,50,10,100,0,0,Medium,50,2.59,4.51,GBP,returned,2026-09-08,2026-09-08-01-setup,raw/gkp-discover-03-booking-systems.csv,480
ob_001422,kw_001398,,discover,country,United Kingdom,English,Google Search,2025-08-01,2026-07-31,encoded_band,50,10,100,0,0,Low,0,,,GBP,returned,2026-09-08,2026-09-08-01-setup,raw/gkp-discover-03-booking-systems.csv,481
ob_001423,kw_001399,,discover,country,United Kingdom,English,Google Search,2025-08-01,2026-07-31,encoded_band,50,10,100,,0,High,86,,,GBP,returned,2026-09-08,2026-09-08-01-setup,raw/gkp-discover-03-booking-systems.csv,482
ob_001424,kw_001400,,discover,country,United Kingdom,English,Google Search,2025-08-01,2026-07-31,encoded_band,50,10,100,,0,High,86,,,GBP,returned,2026-09-08,2026-09-08-01-setup,raw/gkp-discover-03-booking-systems.csv,483
ob_001425,kw_001401,,discover,country,United Kingdom,English,Google Search,2025-08-01,2026-07-31,encoded_band,50,10,100,-1,-1,Unknown,,,,GBP,returned,2026-09-08,2026-09-08-01-setup,raw/gkp-discover-03-booking-systems.csv,484
ob_001426,kw_001402,,discover,country,United Kingdom,English,Google Search,2025-08-01,2026-07-31,encoded_band,50,10,100,0,0,High,79,1.25,4.5,GBP,returned,2026-09-08,2026-09-08-01-setup,raw/gkp-discover-03-booking-systems.csv,485
ob_001427,kw_001403,,discover,country,United Kingdom,English,Google Search,2025-08-01,2026-07-31,encoded_band,50,10,100,0,0,Low,0,,,GBP,returned,2026-09-08,2026-09-08-01-setup,raw/gkp-discover-03-booking-systems.csv,486
ob_001428,kw_001404,,discover,country,United Kingdom,English,Google Search,2025-08-01,2026-07-31,encoded_band,50,10,100,0,0,Low,0,,,GBP,returned,2026-09-08,2026-09-08-01-setup,raw/gkp-discover-03-booking-systems.csv,487
ob_001429,kw_001405,,discover,country,United Kingdom,English,Google Search,2025-08-01,2026-07-31,encoded_band,50,10,100,0,0,High,86,,,GBP,returned,2026-09-08,2026-09-08-01-setup,raw/gkp-discover-03-booking-systems.csv,488
ob_001430,kw_001406,,discover,country,United Kingdom,English,Google Search,2025-08-01,2026-07-31,encoded_band,50,10,100,0,0,Medium,55,13.67,78.74,GBP,returned,2026-09-08,2026-09-08-01-setup,raw/gkp-discover-03-booking-systems.csv,489
ob_001431,kw_001407,,discover,country,United Kingdom,English,Google Search,2025-08-01,2026-07-31,encoded_band,50,10,100,-1,-1,Unknown,,,,GBP,returned,2026-09-08,2026-09-08-01-setup,raw/gkp-discover-03-booking-systems.csv,490
ob_001432,kw_001408,,discover,country,United Kingdom,English,Google Search,2025-08-01,2026-07-31,encoded_band,50,10,100,0,0,High,82,2.74,6.65,GBP,returned,2026-09-08,2026-09-08-01-setup,raw/gkp-discover-03-booking-systems.csv,491
ob_001433,kw_001409,,discover,country,United Kingdom,English,Google Search,2025-08-01,2026-07-31,encoded_band,50,10,100,0,0,Medium,60,2.66,10.08,GBP,returned,2026-09-08,2026-09-08-01-setup,raw/gkp-discover-03-booking-systems.csv,492
ob_001434,kw_001410,,discover,country,United Kingdom,English,Google Search,2025-08-01,2026-07-31,encoded_band,50,10,100,-1,-1,Unknown,,,,GBP,returned,2026-09-08,2026-09-08-01-setup,raw/gkp-discover-03-booking-systems.csv,493
ob_001435,kw_001411,,discover,country,United Kingdom,English,Google Search,2025-08-01,2026-07-31,encoded_band,50,10,100,0,-1,Unknown,,,,GBP,returned,2026-09-08,2026-09-08-01-setup,raw/gkp-discover-03-booking-systems.csv,494
ob_001436,kw_001412,,discover,country,United Kingdom,English,Google Search,2025-08-01,2026-07-31,encoded_band,50,10,100,0,-1,Unknown,,,,GBP,returned,2026-09-08,2026-09-08-01-setup,raw/gkp-discover-03-booking-systems.csv,495
ob_001437,kw_001413,,discover,country,United Kingdom,English,Google Search,2025-08-01,2026-07-31,encoded_band,50,10,100,0,0,High,86,,,GBP,returned,2026-09-08,2026-09-08-01-setup,raw/gkp-discover-03-booking-systems.csv,496
ob_001438,kw_001414,,discover,country,United Kingdom,English,Google Search,2025-08-01,2026-07-31,encoded_band,50,10,100,0,0,Low,10,,,GBP,returned,2026-09-08,2026-09-08-01-setup,raw/gkp-discover-03-booking-systems.csv,497
ob_001439,kw_001415,,discover,country,United Kingdom,English,Google Search,2025-08-01,2026-07-31,encoded_band,50,10,100,0,0,High,86,,,GBP,returned,2026-09-08,2026-09-08-01-setup,raw/gkp-discover-03-booking-systems.csv,498
ob_001440,kw_001416,,discover,country,United Kingdom,English,Google Search,2025-08-01,2026-07-31,encoded_band,50,10,100,0,0,High,79,,,GBP,returned,2026-09-08,2026-09-08-01-setup,raw/gkp-discover-03-booking-systems.csv,499
ob_001441,kw_001417,,discover,country,United Kingdom,English,Google Search,2025-08-01,2026-07-31,encoded_band,500,100,1000,0,0,Medium,44,1.9,7.15,GBP,returned,2026-09-08,2026-09-08-01-setup,raw/gkp-discover-03-booking-systems.csv,500
ob_001442,kw_001418,,discover,country,United Kingdom,English,Google Search,2025-08-01,2026-07-31,encoded_band,50,10,100,0,0,Medium,42,7.38,12.51,GBP,returned,2026-09-08,2026-09-08-01-setup,raw/gkp-discover-03-booking-systems.csv,501
ob_001443,kw_001419,,discover,country,United Kingdom,English,Google Search,2025-08-01,2026-07-31,encoded_band,50,10,100,0,0,High,86,,,GBP,returned,2026-09-08,2026-09-08-01-setup,raw/gkp-discover-03-booking-systems.csv,502
ob_001444,kw_001420,,discover,country,United Kingdom,English,Google Search,2025-08-01,2026-07-31,encoded_band,50,10,100,0,0,High,86,2.7,13.23,GBP,returned,2026-09-08,2026-09-08-01-setup,raw/gkp-discover-03-booking-systems.csv,503
ob_001445,kw_001421,,discover,country,United Kingdom,English,Google Search,2025-08-01,2026-07-31,encoded_band,50,10,100,0,0,Low,21,10.09,24.79,GBP,returned,2026-09-08,2026-09-08-01-setup,raw/gkp-discover-03-booking-systems.csv,504
ob_001446,kw_001422,,discover,country,United Kingdom,English,Google Search,2025-08-01,2026-07-31,encoded_band,50,10,100,-1,0,Unknown,,,,GBP,returned,2026-09-08,2026-09-08-01-setup,raw/gkp-discover-03-booking-systems.csv,505
ob_001447,kw_001423,,discover,country,United Kingdom,English,Google Search,2025-08-01,2026-07-31,encoded_band,50,10,100,0,0,High,86,,,GBP,returned,2026-09-08,2026-09-08-01-setup,raw/gkp-discover-03-booking-systems.csv,506
ob_001448,kw_001424,,discover,country,United Kingdom,English,Google Search,2025-08-01,2026-07-31,encoded_band,0,0,0,0,-1,Unknown,,,,GBP,zero,2026-09-08,2026-09-08-01-setup,raw/gkp-discover-03-booking-systems.csv,507
ob_001449,kw_001425,,discover,country,United Kingdom,English,Google Search,2025-08-01,2026-07-31,encoded_band,50,10,100,-1,-1,Unknown,,,,GBP,returned,2026-09-08,2026-09-08-01-setup,raw/gkp-discover-03-booking-systems.csv,508
ob_001450,kw_001426,,discover,country,United Kingdom,English,Google Search,2025-08-01,2026-07-31,encoded_band,50,10,100,0,,High,86,,,GBP,returned,2026-09-08,2026-09-08-01-setup,raw/gkp-discover-03-booking-systems.csv,509
ob_001451,kw_001427,,discover,country,United Kingdom,English,Google Search,2025-08-01,2026-07-31,encoded_band,50,10,100,0,0,High,77,2.58,6.21,GBP,returned,2026-09-08,2026-09-08-01-setup,raw/gkp-discover-03-booking-systems.csv,510
ob_001452,kw_001428,,discover,country,United Kingdom,English,Google Search,2025-08-01,2026-07-31,encoded_band,500,100,1000,-0.9,-0.9,Medium,43,6.07,22.77,GBP,returned,2026-09-08,2026-09-08-01-setup,raw/gkp-discover-03-booking-systems.csv,511
ob_001453,kw_001429,,discover,country,United Kingdom,English,Google Search,2025-08-01,2026-07-31,encoded_band,50,10,100,,0,Low,14,,,GBP,returned,2026-09-08,2026-09-08-01-setup,raw/gkp-discover-03-booking-systems.csv,512
ob_001454,kw_001430,,discover,country,United Kingdom,English,Google Search,2025-08-01,2026-07-31,encoded_band,50,10,100,0,-0.9,High,86,4.79,9.53,GBP,returned,2026-09-08,2026-09-08-01-setup,raw/gkp-discover-03-booking-systems.csv,513
ob_001455,kw_001431,,discover,country,United Kingdom,English,Google Search,2025-08-01,2026-07-31,encoded_band,50,10,100,0,0,Medium,57,,,GBP,returned,2026-09-08,2026-09-08-01-setup,raw/gkp-discover-03-booking-systems.csv,514
ob_001456,kw_001432,,discover,country,United Kingdom,English,Google Search,2025-08-01,2026-07-31,encoded_band,0,0,0,0,0,Unknown,,,,GBP,zero,2026-09-08,2026-09-08-01-setup,raw/gkp-discover-03-booking-systems.csv,515
ob_001457,kw_001433,,discover,country,United Kingdom,English,Google Search,2025-08-01,2026-07-31,encoded_band,50,10,100,-1,-1,Unknown,,,,GBP,returned,2026-09-08,2026-09-08-01-setup,raw/gkp-discover-03-booking-systems.csv,516
ob_001458,kw_001434,,discover,country,United Kingdom,English,Google Search,2025-08-01,2026-07-31,encoded_band,50,10,100,0,,Low,0,,,GBP,returned,2026-09-08,2026-09-08-01-setup,raw/gkp-discover-03-booking-systems.csv,517
ob_001459,kw_001435,,discover,country,United Kingdom,English,Google Search,2025-08-01,2026-07-31,encoded_band,50,10,100,0,0,High,79,,,GBP,returned,2026-09-08,2026-09-08-01-setup,raw/gkp-discover-03-booking-systems.csv,518
ob_001460,kw_001436,,discover,country,United Kingdom,English,Google Search,2025-08-01,2026-07-31,encoded_band,50,10,100,0,0,Medium,41,,,GBP,returned,2026-09-08,2026-09-08-01-setup,raw/gkp-discover-03-booking-systems.csv,519
ob_001461,kw_001437,,discover,country,United Kingdom,English,Google Search,2025-08-01,2026-07-31,encoded_band,50,10,100,0,0,Low,0,,,GBP,returned,2026-09-08,2026-09-08-01-setup,raw/gkp-discover-03-booking-systems.csv,520
ob_001462,kw_001438,,discover,country,United Kingdom,English,Google Search,2025-08-01,2026-07-31,encoded_band,50,10,100,0,0,Medium,45,9.27,17.7,GBP,returned,2026-09-08,2026-09-08-01-setup,raw/gkp-discover-03-booking-systems.csv,521
ob_001463,kw_001439,,discover,country,United Kingdom,English,Google Search,2025-08-01,2026-07-31,encoded_band,500,100,1000,0,0,Low,0,,,GBP,returned,2026-09-08,2026-09-08-01-setup,raw/gkp-discover-03-booking-systems.csv,522
ob_001464,kw_001440,,discover,country,United Kingdom,English,Google Search,2025-08-01,2026-07-31,encoded_band,50,10,100,-1,0,Unknown,,,,GBP,returned,2026-09-08,2026-09-08-01-setup,raw/gkp-discover-03-booking-systems.csv,523
ob_001465,kw_001441,,discover,country,United Kingdom,English,Google Search,2025-08-01,2026-07-31,encoded_band,50,10,100,-1,-1,Unknown,,,,GBP,returned,2026-09-08,2026-09-08-01-setup,raw/gkp-discover-03-booking-systems.csv,524
ob_001466,kw_001442,,discover,country,United Kingdom,English,Google Search,2025-08-01,2026-07-31,encoded_band,50,10,100,0,-0.9,High,71,2.41,8.8,GBP,returned,2026-09-08,2026-09-08-01-setup,raw/gkp-discover-03-booking-systems.csv,525
ob_001467,kw_001443,,discover,country,United Kingdom,English,Google Search,2025-08-01,2026-07-31,encoded_band,50,10,100,0,0,High,78,4.68,23.86,GBP,returned,2026-09-08,2026-09-08-01-setup,raw/gkp-discover-03-booking-systems.csv,526
ob_001468,kw_001444,,discover,country,United Kingdom,English,Google Search,2025-08-01,2026-07-31,encoded_band,50,10,100,0,0,Unknown,,,,GBP,returned,2026-09-08,2026-09-08-01-setup,raw/gkp-discover-03-booking-systems.csv,527
ob_001469,kw_001445,,discover,country,United Kingdom,English,Google Search,2025-08-01,2026-07-31,encoded_band,50,10,100,0,0,Unknown,,,,GBP,returned,2026-09-08,2026-09-08-01-setup,raw/gkp-discover-03-booking-systems.csv,528
ob_001470,kw_001446,,discover,country,United Kingdom,English,Google Search,2025-08-01,2026-07-31,encoded_band,50,10,100,0,0,Unknown,,,,GBP,returned,2026-09-08,2026-09-08-01-setup,raw/gkp-discover-03-booking-systems.csv,529
ob_001471,kw_001447,,discover,country,United Kingdom,English,Google Search,2025-08-01,2026-07-31,encoded_band,50,10,100,0,0,Medium,57,10.38,43.86,GBP,returned,2026-09-08,2026-09-08-01-setup,raw/gkp-discover-03-booking-systems.csv,530
ob_001472,kw_001448,,discover,country,United Kingdom,English,Google Search,2025-08-01,2026-07-31,encoded_band,50,10,100,0,0,Unknown,,,,GBP,returned,2026-09-08,2026-09-08-01-setup,raw/gkp-discover-03-booking-systems.csv,531
ob_001473,kw_001449,,discover,country,United Kingdom,English,Google Search,2025-08-01,2026-07-31,encoded_band,50,10,100,-1,-1,Unknown,,,,GBP,returned,2026-09-08,2026-09-08-01-setup,raw/gkp-discover-03-booking-systems.csv,532
ob_001474,kw_001450,,discover,country,United Kingdom,English,Google Search,2025-08-01,2026-07-31,encoded_band,50,10,100,0,0,High,86,,,GBP,returned,2026-09-08,2026-09-08-01-setup,raw/gkp-discover-03-booking-systems.csv,533
ob_001475,kw_001451,,discover,country,United Kingdom,English,Google Search,2025-08-01,2026-07-31,encoded_band,50,10,100,-1,-1,Unknown,,,,GBP,returned,2026-09-08,2026-09-08-01-setup,raw/gkp-discover-03-booking-systems.csv,534
ob_001476,kw_001452,,discover,country,United Kingdom,English,Google Search,2025-08-01,2026-07-31,encoded_band,50,10,100,-1,-1,Unknown,,,,GBP,returned,2026-09-08,2026-09-08-01-setup,raw/gkp-discover-03-booking-systems.csv,535
ob_001477,kw_001453,,discover,country,United Kingdom,English,Google Search,2025-08-01,2026-07-31,encoded_band,50,10,100,0,0,High,86,,,GBP,returned,2026-09-08,2026-09-08-01-setup,raw/gkp-discover-03-booking-systems.csv,536
ob_001478,kw_001454,,discover,country,United Kingdom,English,Google Search,2025-08-01,2026-07-31,encoded_band,50,10,100,0,0,Medium,62,7.42,32.67,GBP,returned,2026-09-08,2026-09-08-01-setup,raw/gkp-discover-03-booking-systems.csv,537
ob_001479,kw_001455,,discover,country,United Kingdom,English,Google Search,2025-08-01,2026-07-31,encoded_band,50,10,100,0,-1,Unknown,,,,GBP,returned,2026-09-08,2026-09-08-01-setup,raw/gkp-discover-03-booking-systems.csv,538
ob_001480,kw_001456,,discover,country,United Kingdom,English,Google Search,2025-08-01,2026-07-31,encoded_band,50,10,100,,0,Low,29,,,GBP,returned,2026-09-08,2026-09-08-01-setup,raw/gkp-discover-03-booking-systems.csv,539
ob_001481,kw_001457,,discover,country,United Kingdom,English,Google Search,2025-08-01,2026-07-31,encoded_band,,,,,,Unknown,,,,GBP,absent,2026-09-08,2026-09-08-01-setup,raw/gkp-discover-03-booking-systems.csv,540
ob_001482,kw_001458,,discover,country,United Kingdom,English,Google Search,2025-08-01,2026-07-31,encoded_band,50,10,100,-1,-1,Unknown,,,,GBP,returned,2026-09-08,2026-09-08-01-setup,raw/gkp-discover-03-booking-systems.csv,541
ob_001483,kw_001459,,discover,country,United Kingdom,English,Google Search,2025-08-01,2026-07-31,encoded_band,50,10,100,0,0,High,77,2.55,5.75,GBP,returned,2026-09-08,2026-09-08-01-setup,raw/gkp-discover-03-booking-systems.csv,542
ob_001484,kw_001460,,discover,country,United Kingdom,English,Google Search,2025-08-01,2026-07-31,encoded_band,50,10,100,,0,Medium,43,,,GBP,returned,2026-09-08,2026-09-08-01-setup,raw/gkp-discover-03-booking-systems.csv,543
ob_001485,kw_001461,,discover,country,United Kingdom,English,Google Search,2025-08-01,2026-07-31,encoded_band,50,10,100,-1,0,Unknown,,,,GBP,returned,2026-09-08,2026-09-08-01-setup,raw/gkp-discover-03-booking-systems.csv,544
ob_001486,kw_001462,,discover,country,United Kingdom,English,Google Search,2025-08-01,2026-07-31,encoded_band,50,10,100,0,-1,Unknown,,,,GBP,returned,2026-09-08,2026-09-08-01-setup,raw/gkp-discover-03-booking-systems.csv,545
ob_001487,kw_001463,,discover,country,United Kingdom,English,Google Search,2025-08-01,2026-07-31,encoded_band,50,10,100,0,0,Medium,43,,,GBP,returned,2026-09-08,2026-09-08-01-setup,raw/gkp-discover-03-booking-systems.csv,546
ob_001488,kw_001464,,discover,country,United Kingdom,English,Google Search,2025-08-01,2026-07-31,encoded_band,50,10,100,-1,0,Unknown,,,,GBP,returned,2026-09-08,2026-09-08-01-setup,raw/gkp-discover-03-booking-systems.csv,547
ob_001489,kw_001465,,discover,country,United Kingdom,English,Google Search,2025-08-01,2026-07-31,encoded_band,50,10,100,0,0,High,67,,,GBP,returned,2026-09-08,2026-09-08-01-setup,raw/gkp-discover-03-booking-systems.csv,548
ob_001490,kw_001466,,discover,country,United Kingdom,English,Google Search,2025-08-01,2026-07-31,encoded_band,50,10,100,0,0,Medium,57,,,GBP,returned,2026-09-08,2026-09-08-01-setup,raw/gkp-discover-03-booking-systems.csv,549
ob_001491,kw_001467,,discover,country,United Kingdom,English,Google Search,2025-08-01,2026-07-31,encoded_band,50,10,100,-1,-1,Unknown,,,,GBP,returned,2026-09-08,2026-09-08-01-setup,raw/gkp-discover-03-booking-systems.csv,550
ob_001492,kw_001468,,discover,country,United Kingdom,English,Google Search,2025-08-01,2026-07-31,encoded_band,50,10,100,0,-1,Unknown,,,,GBP,returned,2026-09-08,2026-09-08-01-setup,raw/gkp-discover-03-booking-systems.csv,551
ob_001493,kw_001469,,discover,country,United Kingdom,English,Google Search,2025-08-01,2026-07-31,encoded_band,50,10,100,0,0,High,86,4.03,15.07,GBP,returned,2026-09-08,2026-09-08-01-setup,raw/gkp-discover-03-booking-systems.csv,552
ob_001494,kw_001470,,discover,country,United Kingdom,English,Google Search,2025-08-01,2026-07-31,encoded_band,50,10,100,0,,High,86,,,GBP,returned,2026-09-08,2026-09-08-01-setup,raw/gkp-discover-03-booking-systems.csv,553
ob_001495,kw_001471,,discover,country,United Kingdom,English,Google Search,2025-08-01,2026-07-31,encoded_band,50,10,100,0,0,High,86,,,GBP,returned,2026-09-08,2026-09-08-01-setup,raw/gkp-discover-03-booking-systems.csv,554
ob_001496,kw_001472,,discover,country,United Kingdom,English,Google Search,2025-08-01,2026-07-31,encoded_band,50,10,100,0,0,High,79,,,GBP,returned,2026-09-08,2026-09-08-01-setup,raw/gkp-discover-03-booking-systems.csv,555
ob_001497,kw_001473,,discover,country,United Kingdom,English,Google Search,2025-08-01,2026-07-31,encoded_band,50,10,100,0,0,High,86,,,GBP,returned,2026-09-08,2026-09-08-01-setup,raw/gkp-discover-03-booking-systems.csv,556
ob_001498,kw_001474,,discover,country,United Kingdom,English,Google Search,2025-08-01,2026-07-31,encoded_band,50,10,100,0,0,Unknown,,,,GBP,returned,2026-09-08,2026-09-08-01-setup,raw/gkp-discover-03-booking-systems.csv,557
ob_001499,kw_001475,,discover,country,United Kingdom,English,Google Search,2025-08-01,2026-07-31,encoded_band,50,10,100,0,0,High,71,,,GBP,returned,2026-09-08,2026-09-08-01-setup,raw/gkp-discover-03-booking-systems.csv,558
ob_001500,kw_001476,,discover,country,United Kingdom,English,Google Search,2025-08-01,2026-07-31,encoded_band,50,10,100,0,,High,93,,,GBP,returned,2026-09-08,2026-09-08-01-setup,raw/gkp-discover-03-booking-systems.csv,559
ob_001501,kw_001477,,discover,country,United Kingdom,English,Google Search,2025-08-01,2026-07-31,encoded_band,50,10,100,0,-1,Unknown,,,,GBP,returned,2026-09-08,2026-09-08-01-setup,raw/gkp-discover-03-booking-systems.csv,560
ob_001502,kw_001478,,discover,country,United Kingdom,English,Google Search,2025-08-01,2026-07-31,encoded_band,50,10,100,0,0,High,86,,,GBP,returned,2026-09-08,2026-09-08-01-setup,raw/gkp-discover-03-booking-systems.csv,561
ob_001503,kw_001479,,discover,country,United Kingdom,English,Google Search,2025-08-01,2026-07-31,encoded_band,50,10,100,0,0,Unknown,,,,GBP,returned,2026-09-08,2026-09-08-01-setup,raw/gkp-discover-03-booking-systems.csv,562
ob_001504,kw_001480,,discover,country,United Kingdom,English,Google Search,2025-08-01,2026-07-31,encoded_band,50,10,100,-1,0,Unknown,,,,GBP,returned,2026-09-08,2026-09-08-01-setup,raw/gkp-discover-03-booking-systems.csv,563
ob_001505,kw_001481,,discover,country,United Kingdom,English,Google Search,2025-08-01,2026-07-31,encoded_band,50,10,100,0,0,Low,0,,,GBP,returned,2026-09-08,2026-09-08-01-setup,raw/gkp-discover-03-booking-systems.csv,564
ob_001506,kw_001482,,discover,country,United Kingdom,English,Google Search,2025-08-01,2026-07-31,encoded_band,50,10,100,0,0,Unknown,,,,GBP,returned,2026-09-08,2026-09-08-01-setup,raw/gkp-discover-03-booking-systems.csv,565
ob_001507,kw_001483,,discover,country,United Kingdom,English,Google Search,2025-08-01,2026-07-31,encoded_band,50,10,100,-1,-1,Unknown,,,,GBP,returned,2026-09-08,2026-09-08-01-setup,raw/gkp-discover-03-booking-systems.csv,566
ob_001508,kw_001484,,discover,country,United Kingdom,English,Google Search,2025-08-01,2026-07-31,encoded_band,50,10,100,0,0,High,74,2.36,12.38,GBP,returned,2026-09-08,2026-09-08-01-setup,raw/gkp-discover-03-booking-systems.csv,567
ob_001509,kw_001485,,discover,country,United Kingdom,English,Google Search,2025-08-01,2026-07-31,encoded_band,50,10,100,0,0,High,86,,,GBP,returned,2026-09-08,2026-09-08-01-setup,raw/gkp-discover-03-booking-systems.csv,568
ob_001510,kw_001486,,discover,country,United Kingdom,English,Google Search,2025-08-01,2026-07-31,encoded_band,50,10,100,0,0,High,71,1.95,6.92,GBP,returned,2026-09-08,2026-09-08-01-setup,raw/gkp-discover-03-booking-systems.csv,569
ob_001511,kw_001487,,discover,country,United Kingdom,English,Google Search,2025-08-01,2026-07-31,encoded_band,50,10,100,,0,High,86,,,GBP,returned,2026-09-08,2026-09-08-01-setup,raw/gkp-discover-03-booking-systems.csv,570
ob_001512,kw_001488,,discover,country,United Kingdom,English,Google Search,2025-08-01,2026-07-31,encoded_band,50,10,100,-1,-1,Unknown,,,,GBP,returned,2026-09-08,2026-09-08-01-setup,raw/gkp-discover-03-booking-systems.csv,571
ob_001513,kw_001489,,discover,country,United Kingdom,English,Google Search,2025-08-01,2026-07-31,encoded_band,50,10,100,0,0,High,86,,,GBP,returned,2026-09-08,2026-09-08-01-setup,raw/gkp-discover-03-booking-systems.csv,572
ob_001514,kw_001490,,discover,country,United Kingdom,English,Google Search,2025-08-01,2026-07-31,encoded_band,50,10,100,0,0,Low,0,,,GBP,returned,2026-09-08,2026-09-08-01-setup,raw/gkp-discover-03-booking-systems.csv,573
ob_001515,kw_001491,,discover,country,United Kingdom,English,Google Search,2025-08-01,2026-07-31,encoded_band,50,10,100,0,0,High,86,,,GBP,returned,2026-09-08,2026-09-08-01-setup,raw/gkp-discover-03-booking-systems.csv,574
ob_001516,kw_001492,,discover,country,United Kingdom,English,Google Search,2025-08-01,2026-07-31,encoded_band,50,10,100,0,0,High,67,,,GBP,returned,2026-09-08,2026-09-08-01-setup,raw/gkp-discover-03-booking-systems.csv,575
ob_001517,kw_001493,,discover,country,United Kingdom,English,Google Search,2025-08-01,2026-07-31,encoded_band,50,10,100,0,0,Unknown,,,,GBP,returned,2026-09-08,2026-09-08-01-setup,raw/gkp-discover-03-booking-systems.csv,576
ob_001518,kw_001494,,discover,country,United Kingdom,English,Google Search,2025-08-01,2026-07-31,encoded_band,50,10,100,0,0,Low,8,,,GBP,returned,2026-09-08,2026-09-08-01-setup,raw/gkp-discover-03-booking-systems.csv,577
ob_001519,kw_001495,,discover,country,United Kingdom,English,Google Search,2025-08-01,2026-07-31,encoded_band,50,10,100,0,0,High,71,2.21,5.64,GBP,returned,2026-09-08,2026-09-08-01-setup,raw/gkp-discover-03-booking-systems.csv,578
ob_001520,kw_001496,,discover,country,United Kingdom,English,Google Search,2025-08-01,2026-07-31,encoded_band,50,10,100,0,0,Unknown,,,,GBP,returned,2026-09-08,2026-09-08-01-setup,raw/gkp-discover-03-booking-systems.csv,579
ob_001521,kw_001497,,discover,country,United Kingdom,English,Google Search,2025-08-01,2026-07-31,encoded_band,500,100,1000,0,9,Medium,57,3.06,14.41,GBP,returned,2026-09-08,2026-09-08-01-setup,raw/gkp-discover-03-booking-systems.csv,580
ob_001522,kw_001498,,discover,country,United Kingdom,English,Google Search,2025-08-01,2026-07-31,encoded_band,50,10,100,-1,-1,Unknown,,,,GBP,returned,2026-09-08,2026-09-08-01-setup,raw/gkp-discover-03-booking-systems.csv,581
ob_001523,kw_001499,,discover,country,United Kingdom,English,Google Search,2025-08-01,2026-07-31,encoded_band,50,10,100,0,0,Unknown,,,,GBP,returned,2026-09-08,2026-09-08-01-setup,raw/gkp-discover-03-booking-systems.csv,582
ob_001524,kw_001500,,discover,country,United Kingdom,English,Google Search,2025-08-01,2026-07-31,encoded_band,50,10,100,0,0,Unknown,,,,GBP,returned,2026-09-08,2026-09-08-01-setup,raw/gkp-discover-03-booking-systems.csv,583
ob_001525,kw_001501,,discover,country,United Kingdom,English,Google Search,2025-08-01,2026-07-31,encoded_band,50,10,100,0,-1,Unknown,,,,GBP,returned,2026-09-08,2026-09-08-01-setup,raw/gkp-discover-03-booking-systems.csv,584
ob_001526,kw_001502,,discover,country,United Kingdom,English,Google Search,2025-08-01,2026-07-31,encoded_band,50,10,100,0,-1,Unknown,,,,GBP,returned,2026-09-08,2026-09-08-01-setup,raw/gkp-discover-03-booking-systems.csv,585
ob_001527,kw_001503,,discover,country,United Kingdom,English,Google Search,2025-08-01,2026-07-31,encoded_band,50,10,100,0,0,High,76,6.37,45.99,GBP,returned,2026-09-08,2026-09-08-01-setup,raw/gkp-discover-03-booking-systems.csv,586
ob_001528,kw_001504,,discover,country,United Kingdom,English,Google Search,2025-08-01,2026-07-31,encoded_band,50,10,100,0,0,Unknown,,,,GBP,returned,2026-09-08,2026-09-08-01-setup,raw/gkp-discover-03-booking-systems.csv,587
ob_001529,kw_001505,,discover,country,United Kingdom,English,Google Search,2025-08-01,2026-07-31,encoded_band,50,10,100,0,0,Medium,39,5.1,14.77,GBP,returned,2026-09-08,2026-09-08-01-setup,raw/gkp-discover-03-booking-systems.csv,588
ob_001530,kw_001506,,discover,country,United Kingdom,English,Google Search,2025-08-01,2026-07-31,encoded_band,50,10,100,0,0,High,86,8.76,40.38,GBP,returned,2026-09-08,2026-09-08-01-setup,raw/gkp-discover-03-booking-systems.csv,589
ob_001531,kw_001507,,discover,country,United Kingdom,English,Google Search,2025-08-01,2026-07-31,encoded_band,50,10,100,0,-1,Unknown,,,,GBP,returned,2026-09-08,2026-09-08-01-setup,raw/gkp-discover-03-booking-systems.csv,590
ob_001532,kw_001508,,discover,country,United Kingdom,English,Google Search,2025-08-01,2026-07-31,encoded_band,50,10,100,0,0,Low,29,,,GBP,returned,2026-09-08,2026-09-08-01-setup,raw/gkp-discover-03-booking-systems.csv,591
ob_001533,kw_001509,,discover,country,United Kingdom,English,Google Search,2025-08-01,2026-07-31,encoded_band,50,10,100,-1,-1,Unknown,,,,GBP,returned,2026-09-08,2026-09-08-01-setup,raw/gkp-discover-03-booking-systems.csv,592
ob_001534,kw_001510,,discover,country,United Kingdom,English,Google Search,2025-08-01,2026-07-31,encoded_band,50,10,100,0,0,Low,0,,,GBP,returned,2026-09-08,2026-09-08-01-setup,raw/gkp-discover-03-booking-systems.csv,593
ob_001535,kw_001511,,discover,country,United Kingdom,English,Google Search,2025-08-01,2026-07-31,encoded_band,50,10,100,0,0,High,86,,,GBP,returned,2026-09-08,2026-09-08-01-setup,raw/gkp-discover-03-booking-systems.csv,594
ob_001536,kw_001512,,discover,country,United Kingdom,English,Google Search,2025-08-01,2026-07-31,encoded_band,50,10,100,0,0,Low,0,,,GBP,returned,2026-09-08,2026-09-08-01-setup,raw/gkp-discover-03-booking-systems.csv,595
ob_001537,kw_001513,,discover,country,United Kingdom,English,Google Search,2025-08-01,2026-07-31,encoded_band,50,10,100,0,0,High,71,2.21,5.64,GBP,returned,2026-09-08,2026-09-08-01-setup,raw/gkp-discover-03-booking-systems.csv,596
ob_001538,kw_001514,,discover,country,United Kingdom,English,Google Search,2025-08-01,2026-07-31,encoded_band,50,10,100,-1,-1,Unknown,,,,GBP,returned,2026-09-08,2026-09-08-01-setup,raw/gkp-discover-03-booking-systems.csv,597
ob_001539,kw_001515,,discover,country,United Kingdom,English,Google Search,2025-08-01,2026-07-31,encoded_band,50,10,100,-1,-1,Unknown,,,,GBP,returned,2026-09-08,2026-09-08-01-setup,raw/gkp-discover-03-booking-systems.csv,598
ob_001540,kw_001516,,discover,country,United Kingdom,English,Google Search,2025-08-01,2026-07-31,encoded_band,500,100,1000,0,9,Medium,59,0.56,6.97,GBP,returned,2026-09-08,2026-09-08-01-setup,raw/gkp-discover-03-booking-systems.csv,599
ob_001541,kw_001517,,discover,country,United Kingdom,English,Google Search,2025-08-01,2026-07-31,encoded_band,50,10,100,-1,0,Unknown,,,,GBP,returned,2026-09-08,2026-09-08-01-setup,raw/gkp-discover-03-booking-systems.csv,600
ob_001542,kw_001518,,discover,country,United Kingdom,English,Google Search,2025-08-01,2026-07-31,encoded_band,50,10,100,0,0,High,80,3.93,41.4,GBP,returned,2026-09-08,2026-09-08-01-setup,raw/gkp-discover-03-booking-systems.csv,601
ob_001543,kw_001519,,discover,country,United Kingdom,English,Google Search,2025-08-01,2026-07-31,encoded_band,50,10,100,0,0,Medium,65,2.76,17.28,GBP,returned,2026-09-08,2026-09-08-01-setup,raw/gkp-discover-03-booking-systems.csv,602
ob_001544,kw_001520,,discover,country,United Kingdom,English,Google Search,2025-08-01,2026-07-31,encoded_band,50,10,100,0,0,Low,21,,,GBP,returned,2026-09-08,2026-09-08-01-setup,raw/gkp-discover-03-booking-systems.csv,603
ob_001545,kw_001521,,discover,country,United Kingdom,English,Google Search,2025-08-01,2026-07-31,encoded_band,50,10,100,0,,High,86,,,GBP,returned,2026-09-08,2026-09-08-01-setup,raw/gkp-discover-03-booking-systems.csv,604
ob_001546,kw_001522,,discover,country,United Kingdom,English,Google Search,2025-08-01,2026-07-31,encoded_band,50,10,100,0,0,High,76,4.5,23.89,GBP,returned,2026-09-08,2026-09-08-01-setup,raw/gkp-discover-03-booking-systems.csv,605
ob_001547,kw_001523,,discover,country,United Kingdom,English,Google Search,2025-08-01,2026-07-31,encoded_band,50,10,100,0,0,Medium,49,3.98,15.59,GBP,returned,2026-09-08,2026-09-08-01-setup,raw/gkp-discover-03-booking-systems.csv,606
ob_001548,kw_001524,,discover,country,United Kingdom,English,Google Search,2025-08-01,2026-07-31,encoded_band,50,10,100,0,0,Low,0,,,GBP,returned,2026-09-08,2026-09-08-01-setup,raw/gkp-discover-03-booking-systems.csv,607
ob_001549,kw_001525,,discover,country,United Kingdom,English,Google Search,2025-08-01,2026-07-31,encoded_band,50,10,100,-1,-1,Unknown,,,,GBP,returned,2026-09-08,2026-09-08-01-setup,raw/gkp-discover-03-booking-systems.csv,608
ob_001550,kw_001526,,discover,country,United Kingdom,English,Google Search,2025-08-01,2026-07-31,encoded_band,50,10,100,,0,High,86,,,GBP,returned,2026-09-08,2026-09-08-01-setup,raw/gkp-discover-03-booking-systems.csv,609
ob_001551,kw_001527,,discover,country,United Kingdom,English,Google Search,2025-08-01,2026-07-31,encoded_band,50,10,100,0,0,Medium,52,,,GBP,returned,2026-09-08,2026-09-08-01-setup,raw/gkp-discover-03-booking-systems.csv,610
ob_001552,kw_001528,,discover,country,United Kingdom,English,Google Search,2025-08-01,2026-07-31,encoded_band,50,10,100,-1,0,Unknown,,,,GBP,returned,2026-09-08,2026-09-08-01-setup,raw/gkp-discover-03-booking-systems.csv,611
ob_001553,kw_001529,,discover,country,United Kingdom,English,Google Search,2025-08-01,2026-07-31,encoded_band,50,10,100,0,0,Unknown,,,,GBP,returned,2026-09-08,2026-09-08-01-setup,raw/gkp-discover-03-booking-systems.csv,612
ob_001554,kw_001530,,discover,country,United Kingdom,English,Google Search,2025-08-01,2026-07-31,encoded_band,50,10,100,0,0,High,79,,,GBP,returned,2026-09-08,2026-09-08-01-setup,raw/gkp-discover-03-booking-systems.csv,613
ob_001555,kw_001531,,discover,country,United Kingdom,English,Google Search,2025-08-01,2026-07-31,encoded_band,50,10,100,0,0,Low,0,,,GBP,returned,2026-09-08,2026-09-08-01-setup,raw/gkp-discover-03-booking-systems.csv,614
ob_001556,kw_001532,,discover,country,United Kingdom,English,Google Search,2025-08-01,2026-07-31,encoded_band,50,10,100,0,0,High,67,6.78,23.9,GBP,returned,2026-09-08,2026-09-08-01-setup,raw/gkp-discover-03-booking-systems.csv,615
ob_001557,kw_001533,,discover,country,United Kingdom,English,Google Search,2025-08-01,2026-07-31,encoded_band,50,10,100,-1,-1,Unknown,,,,GBP,returned,2026-09-08,2026-09-08-01-setup,raw/gkp-discover-03-booking-systems.csv,616
ob_001558,kw_001534,,discover,country,United Kingdom,English,Google Search,2025-08-01,2026-07-31,encoded_band,50,10,100,0,0,High,79,,,GBP,returned,2026-09-08,2026-09-08-01-setup,raw/gkp-discover-03-booking-systems.csv,617
ob_001559,kw_001535,,discover,country,United Kingdom,English,Google Search,2025-08-01,2026-07-31,encoded_band,50,10,100,0,0,Medium,43,,,GBP,returned,2026-09-08,2026-09-08-01-setup,raw/gkp-discover-03-booking-systems.csv,618
ob_001560,kw_001536,,discover,country,United Kingdom,English,Google Search,2025-08-01,2026-07-31,encoded_band,50,10,100,0,0,Medium,51,1.39,8.6,GBP,returned,2026-09-08,2026-09-08-01-setup,raw/gkp-discover-03-booking-systems.csv,619
ob_001561,kw_001537,,discover,country,United Kingdom,English,Google Search,2025-08-01,2026-07-31,encoded_band,50,10,100,0,0,Low,21,,,GBP,returned,2026-09-08,2026-09-08-01-setup,raw/gkp-discover-03-booking-systems.csv,620
ob_001562,kw_001538,,discover,country,United Kingdom,English,Google Search,2025-08-01,2026-07-31,encoded_band,50,10,100,0,0,Unknown,,,,GBP,returned,2026-09-08,2026-09-08-01-setup,raw/gkp-discover-03-booking-systems.csv,621
ob_001563,kw_001539,,discover,country,United Kingdom,English,Google Search,2025-08-01,2026-07-31,encoded_band,50,10,100,0,-1,Unknown,,,,GBP,returned,2026-09-08,2026-09-08-01-setup,raw/gkp-discover-03-booking-systems.csv,622
ob_001564,kw_001540,,discover,country,United Kingdom,English,Google Search,2025-08-01,2026-07-31,encoded_band,50,10,100,-1,-1,Unknown,,,,GBP,returned,2026-09-08,2026-09-08-01-setup,raw/gkp-discover-03-booking-systems.csv,623
ob_001565,kw_001541,,discover,country,United Kingdom,English,Google Search,2025-08-01,2026-07-31,encoded_band,50,10,100,0,0,Medium,63,4.61,18.84,GBP,returned,2026-09-08,2026-09-08-01-setup,raw/gkp-discover-03-booking-systems.csv,624
ob_001566,kw_001542,,discover,country,United Kingdom,English,Google Search,2025-08-01,2026-07-31,encoded_band,50,10,100,0,,High,86,,,GBP,returned,2026-09-08,2026-09-08-01-setup,raw/gkp-discover-03-booking-systems.csv,625
ob_001567,kw_001543,,discover,country,United Kingdom,English,Google Search,2025-08-01,2026-07-31,encoded_band,50,10,100,0,0,Low,23,,,GBP,returned,2026-09-08,2026-09-08-01-setup,raw/gkp-discover-03-booking-systems.csv,626
ob_001568,kw_001544,,discover,country,United Kingdom,English,Google Search,2025-08-01,2026-07-31,encoded_band,50,10,100,0,-1,Unknown,,,,GBP,returned,2026-09-08,2026-09-08-01-setup,raw/gkp-discover-03-booking-systems.csv,627
ob_001569,kw_001545,,discover,country,United Kingdom,English,Google Search,2025-08-01,2026-07-31,encoded_band,50,10,100,0,0,Low,0,,,GBP,returned,2026-09-08,2026-09-08-01-setup,raw/gkp-discover-03-booking-systems.csv,628
ob_001570,kw_001546,,discover,country,United Kingdom,English,Google Search,2025-08-01,2026-07-31,encoded_band,50,10,100,0,0,Unknown,,,,GBP,returned,2026-09-08,2026-09-08-01-setup,raw/gkp-discover-03-booking-systems.csv,629
ob_001571,kw_001547,,discover,country,United Kingdom,English,Google Search,2025-08-01,2026-07-31,encoded_band,50,10,100,,,High,71,,,GBP,returned,2026-09-08,2026-09-08-01-setup,raw/gkp-discover-03-booking-systems.csv,630
ob_001572,kw_001548,,discover,country,United Kingdom,English,Google Search,2025-08-01,2026-07-31,encoded_band,50,10,100,0,0,Medium,39,,,GBP,returned,2026-09-08,2026-09-08-01-setup,raw/gkp-discover-03-booking-systems.csv,631
ob_001573,kw_001549,,discover,country,United Kingdom,English,Google Search,2025-08-01,2026-07-31,encoded_band,50,10,100,,0,Low,0,,,GBP,returned,2026-09-08,2026-09-08-01-setup,raw/gkp-discover-03-booking-systems.csv,632
ob_001574,kw_001550,,discover,country,United Kingdom,English,Google Search,2025-08-01,2026-07-31,encoded_band,50,10,100,0,0,High,86,,,GBP,returned,2026-09-08,2026-09-08-01-setup,raw/gkp-discover-03-booking-systems.csv,633
ob_001575,kw_001551,,discover,country,United Kingdom,English,Google Search,2025-08-01,2026-07-31,encoded_band,50,10,100,0,-1,Unknown,,,,GBP,returned,2026-09-08,2026-09-08-01-setup,raw/gkp-discover-03-booking-systems.csv,634
ob_001576,kw_001552,,discover,country,United Kingdom,English,Google Search,2025-08-01,2026-07-31,encoded_band,50,10,100,0,0,Unknown,,,,GBP,returned,2026-09-08,2026-09-08-01-setup,raw/gkp-discover-03-booking-systems.csv,635
ob_001577,kw_001553,,discover,country,United Kingdom,English,Google Search,2025-08-01,2026-07-31,encoded_band,50,10,100,0,0,High,86,,,GBP,returned,2026-09-08,2026-09-08-01-setup,raw/gkp-discover-03-booking-systems.csv,636
ob_001578,kw_001554,,discover,country,United Kingdom,English,Google Search,2025-08-01,2026-07-31,encoded_band,0,0,0,0,0,Unknown,,,,GBP,zero,2026-09-08,2026-09-08-01-setup,raw/gkp-discover-03-booking-systems.csv,637
ob_001579,kw_001555,,discover,country,United Kingdom,English,Google Search,2025-08-01,2026-07-31,encoded_band,50,10,100,0,0,High,86,,,GBP,returned,2026-09-08,2026-09-08-01-setup,raw/gkp-discover-03-booking-systems.csv,638
ob_001580,kw_001556,,discover,country,United Kingdom,English,Google Search,2025-08-01,2026-07-31,encoded_band,50,10,100,0,0,High,86,,,GBP,returned,2026-09-08,2026-09-08-01-setup,raw/gkp-discover-03-booking-systems.csv,639
ob_001581,kw_001557,,discover,country,United Kingdom,English,Google Search,2025-08-01,2026-07-31,encoded_band,50,10,100,0,0,Low,7,,,GBP,returned,2026-09-08,2026-09-08-01-setup,raw/gkp-discover-03-booking-systems.csv,640
ob_001582,kw_001558,,discover,country,United Kingdom,English,Google Search,2025-08-01,2026-07-31,encoded_band,50,10,100,0,-1,Unknown,,,,GBP,returned,2026-09-08,2026-09-08-01-setup,raw/gkp-discover-03-booking-systems.csv,641
ob_001583,kw_001559,,discover,country,United Kingdom,English,Google Search,2025-08-01,2026-07-31,encoded_band,50,10,100,0,0,High,86,,,GBP,returned,2026-09-08,2026-09-08-01-setup,raw/gkp-discover-03-booking-systems.csv,642
ob_001584,kw_001560,,discover,country,United Kingdom,English,Google Search,2025-08-01,2026-07-31,encoded_band,50,10,100,0,0,High,71,,,GBP,returned,2026-09-08,2026-09-08-01-setup,raw/gkp-discover-03-booking-systems.csv,643
ob_001585,kw_001561,,discover,country,United Kingdom,English,Google Search,2025-08-01,2026-07-31,encoded_band,50,10,100,-1,-1,Unknown,,,,GBP,returned,2026-09-08,2026-09-08-01-setup,raw/gkp-discover-03-booking-systems.csv,644
ob_001586,kw_001562,,discover,country,United Kingdom,English,Google Search,2025-08-01,2026-07-31,encoded_band,50,10,100,0,0,Medium,50,,,GBP,returned,2026-09-08,2026-09-08-01-setup,raw/gkp-discover-03-booking-systems.csv,645
ob_001587,kw_001563,,discover,country,United Kingdom,English,Google Search,2025-08-01,2026-07-31,encoded_band,50,10,100,0,0,Unknown,,,,GBP,returned,2026-09-08,2026-09-08-01-setup,raw/gkp-discover-03-booking-systems.csv,646
ob_001588,kw_001564,,discover,country,United Kingdom,English,Google Search,2025-08-01,2026-07-31,encoded_band,50,10,100,,0,High,79,,,GBP,returned,2026-09-08,2026-09-08-01-setup,raw/gkp-discover-03-booking-systems.csv,647
ob_001589,kw_001565,,discover,country,United Kingdom,English,Google Search,2025-08-01,2026-07-31,encoded_band,50,10,100,0,0,Unknown,,,,GBP,returned,2026-09-08,2026-09-08-01-setup,raw/gkp-discover-03-booking-systems.csv,648
ob_001590,kw_001566,,discover,country,United Kingdom,English,Google Search,2025-08-01,2026-07-31,encoded_band,50,10,100,0,0,High,100,,,GBP,returned,2026-09-08,2026-09-08-01-setup,raw/gkp-discover-03-booking-systems.csv,649
ob_001591,kw_001567,,discover,country,United Kingdom,English,Google Search,2025-08-01,2026-07-31,encoded_band,50,10,100,0,0,Medium,52,6.04,29.47,GBP,returned,2026-09-08,2026-09-08-01-setup,raw/gkp-discover-03-booking-systems.csv,650
ob_001592,kw_001568,,discover,country,United Kingdom,English,Google Search,2025-08-01,2026-07-31,encoded_band,50,10,100,0,-1,Unknown,,,,GBP,returned,2026-09-08,2026-09-08-01-setup,raw/gkp-discover-03-booking-systems.csv,651
ob_001593,kw_001569,,discover,country,United Kingdom,English,Google Search,2025-08-01,2026-07-31,encoded_band,500,100,1000,0,-0.9,Medium,49,6.75,43.55,GBP,returned,2026-09-08,2026-09-08-01-setup,raw/gkp-discover-03-booking-systems.csv,652
ob_001594,kw_001570,,discover,country,United Kingdom,English,Google Search,2025-08-01,2026-07-31,encoded_band,50,10,100,0,0,Unknown,,,,GBP,returned,2026-09-08,2026-09-08-01-setup,raw/gkp-discover-03-booking-systems.csv,653
ob_001595,kw_001571,,discover,country,United Kingdom,English,Google Search,2025-08-01,2026-07-31,encoded_band,50,10,100,0,0,High,79,,,GBP,returned,2026-09-08,2026-09-08-01-setup,raw/gkp-discover-03-booking-systems.csv,654
ob_001596,kw_001572,,discover,country,United Kingdom,English,Google Search,2025-08-01,2026-07-31,encoded_band,50,10,100,0,0,High,86,,,GBP,returned,2026-09-08,2026-09-08-01-setup,raw/gkp-discover-03-booking-systems.csv,655
ob_001597,kw_001573,,discover,country,United Kingdom,English,Google Search,2025-08-01,2026-07-31,encoded_band,50,10,100,0,,High,86,,,GBP,returned,2026-09-08,2026-09-08-01-setup,raw/gkp-discover-03-booking-systems.csv,656
ob_001598,kw_001574,,discover,country,United Kingdom,English,Google Search,2025-08-01,2026-07-31,encoded_band,50,10,100,-1,-1,Unknown,,,,GBP,returned,2026-09-08,2026-09-08-01-setup,raw/gkp-discover-03-booking-systems.csv,657
ob_001599,kw_001575,,discover,country,United Kingdom,English,Google Search,2025-08-01,2026-07-31,encoded_band,50,10,100,-1,-1,Unknown,,,,GBP,returned,2026-09-08,2026-09-08-01-setup,raw/gkp-discover-03-booking-systems.csv,658
ob_001600,kw_001576,,discover,country,United Kingdom,English,Google Search,2025-08-01,2026-07-31,encoded_band,50,10,100,0,0,Medium,64,5.72,15.84,GBP,returned,2026-09-08,2026-09-08-01-setup,raw/gkp-discover-03-booking-systems.csv,659
ob_001601,kw_001577,,discover,country,United Kingdom,English,Google Search,2025-08-01,2026-07-31,encoded_band,0,0,0,0,0,Unknown,,,,GBP,zero,2026-09-08,2026-09-08-01-setup,raw/gkp-discover-03-booking-systems.csv,660
ob_001602,kw_001578,,discover,country,United Kingdom,English,Google Search,2025-08-01,2026-07-31,encoded_band,50,10,100,,0,High,86,,,GBP,returned,2026-09-08,2026-09-08-01-setup,raw/gkp-discover-03-booking-systems.csv,661
ob_001603,kw_001579,,discover,country,United Kingdom,English,Google Search,2025-08-01,2026-07-31,encoded_band,50,10,100,0,,Medium,43,,,GBP,returned,2026-09-08,2026-09-08-01-setup,raw/gkp-discover-03-booking-systems.csv,662
ob_001604,kw_001580,,discover,country,United Kingdom,English,Google Search,2025-08-01,2026-07-31,encoded_band,50,10,100,,0,High,82,2.07,20.97,GBP,returned,2026-09-08,2026-09-08-01-setup,raw/gkp-discover-03-booking-systems.csv,663
ob_001605,kw_001581,,discover,country,United Kingdom,English,Google Search,2025-08-01,2026-07-31,encoded_band,0,0,0,0,0,Unknown,,,,GBP,zero,2026-09-08,2026-09-08-01-setup,raw/gkp-discover-03-booking-systems.csv,664
ob_001606,kw_001582,,discover,country,United Kingdom,English,Google Search,2025-08-01,2026-07-31,encoded_band,50,10,100,,0,Medium,43,,,GBP,returned,2026-09-08,2026-09-08-01-setup,raw/gkp-discover-03-booking-systems.csv,665
ob_001607,kw_001583,,discover,country,United Kingdom,English,Google Search,2025-08-01,2026-07-31,encoded_band,50,10,100,-1,0,Unknown,,,,GBP,returned,2026-09-08,2026-09-08-01-setup,raw/gkp-discover-03-booking-systems.csv,666
ob_001608,kw_001584,,discover,country,United Kingdom,English,Google Search,2025-08-01,2026-07-31,encoded_band,0,0,0,0,0,Unknown,,,,GBP,zero,2026-09-08,2026-09-08-01-setup,raw/gkp-discover-03-booking-systems.csv,667
ob_001609,kw_001585,,discover,country,United Kingdom,English,Google Search,2025-08-01,2026-07-31,encoded_band,50,10,100,0,,Medium,57,,,GBP,returned,2026-09-08,2026-09-08-01-setup,raw/gkp-discover-03-booking-systems.csv,668
ob_001610,kw_001586,,discover,country,United Kingdom,English,Google Search,2025-08-01,2026-07-31,encoded_band,50,10,100,0,0,High,86,,,GBP,returned,2026-09-08,2026-09-08-01-setup,raw/gkp-discover-03-booking-systems.csv,669
ob_001611,kw_001587,,discover,country,United Kingdom,English,Google Search,2025-08-01,2026-07-31,encoded_band,50,10,100,0,0,Medium,43,,,GBP,returned,2026-09-08,2026-09-08-01-setup,raw/gkp-discover-03-booking-systems.csv,670
ob_001612,kw_001588,,discover,country,United Kingdom,English,Google Search,2025-08-01,2026-07-31,encoded_band,50,10,100,0,0,Unknown,,,,GBP,returned,2026-09-08,2026-09-08-01-setup,raw/gkp-discover-03-booking-systems.csv,671
ob_001613,kw_001589,,discover,country,United Kingdom,English,Google Search,2025-08-01,2026-07-31,encoded_band,50,10,100,0,0,High,79,,,GBP,returned,2026-09-08,2026-09-08-01-setup,raw/gkp-discover-03-booking-systems.csv,672
ob_001614,kw_001590,,discover,country,United Kingdom,English,Google Search,2025-08-01,2026-07-31,encoded_band,50,10,100,0,0,Low,0,,,GBP,returned,2026-09-08,2026-09-08-01-setup,raw/gkp-discover-03-booking-systems.csv,673
ob_001615,kw_001591,,discover,country,United Kingdom,English,Google Search,2025-08-01,2026-07-31,encoded_band,50,10,100,,,Medium,57,,,GBP,returned,2026-09-08,2026-09-08-01-setup,raw/gkp-discover-03-booking-systems.csv,674
ob_001616,kw_001592,,discover,country,United Kingdom,English,Google Search,2025-08-01,2026-07-31,encoded_band,50,10,100,-1,-1,Unknown,,,,GBP,returned,2026-09-08,2026-09-08-01-setup,raw/gkp-discover-03-booking-systems.csv,675
ob_001617,kw_001593,,discover,country,United Kingdom,English,Google Search,2025-08-01,2026-07-31,encoded_band,50,10,100,0,0,Unknown,,,,GBP,returned,2026-09-08,2026-09-08-01-setup,raw/gkp-discover-03-booking-systems.csv,676
ob_001618,kw_001594,,discover,country,United Kingdom,English,Google Search,2025-08-01,2026-07-31,encoded_band,50,10,100,0,0,Unknown,,,,GBP,returned,2026-09-08,2026-09-08-01-setup,raw/gkp-discover-03-booking-systems.csv,677
ob_001619,kw_001595,,discover,country,United Kingdom,English,Google Search,2025-08-01,2026-07-31,encoded_band,50,10,100,0,0,High,83,2.08,17.55,GBP,returned,2026-09-08,2026-09-08-01-setup,raw/gkp-discover-03-booking-systems.csv,678
ob_001620,kw_001596,,discover,country,United Kingdom,English,Google Search,2025-08-01,2026-07-31,encoded_band,0,0,0,0,0,Unknown,,,,GBP,zero,2026-09-08,2026-09-08-01-setup,raw/gkp-discover-03-booking-systems.csv,679
ob_001621,kw_001597,,discover,country,United Kingdom,English,Google Search,2025-08-01,2026-07-31,encoded_band,500,100,1000,0,0,Medium,37,9.91,45.87,GBP,returned,2026-09-08,2026-09-08-01-setup,raw/gkp-discover-03-booking-systems.csv,680
ob_001622,kw_001598,,discover,country,United Kingdom,English,Google Search,2025-08-01,2026-07-31,encoded_band,50,10,100,0,0,Unknown,,,,GBP,returned,2026-09-08,2026-09-08-01-setup,raw/gkp-discover-03-booking-systems.csv,681
ob_001623,kw_001599,,discover,country,United Kingdom,English,Google Search,2025-08-01,2026-07-31,encoded_band,50,10,100,0,0,Low,0,,,GBP,returned,2026-09-08,2026-09-08-01-setup,raw/gkp-discover-03-booking-systems.csv,682
ob_001624,kw_001600,,discover,country,United Kingdom,English,Google Search,2025-08-01,2026-07-31,encoded_band,50,10,100,-1,-1,Unknown,,,,GBP,returned,2026-09-08,2026-09-08-01-setup,raw/gkp-discover-03-booking-systems.csv,683
ob_001625,kw_001601,,discover,country,United Kingdom,English,Google Search,2025-08-01,2026-07-31,encoded_band,50,10,100,0,0,Medium,66,3.6,21.47,GBP,returned,2026-09-08,2026-09-08-01-setup,raw/gkp-discover-03-booking-systems.csv,684
ob_001626,kw_001602,,discover,country,United Kingdom,English,Google Search,2025-08-01,2026-07-31,encoded_band,50,10,100,0,0,High,87,,,GBP,returned,2026-09-08,2026-09-08-01-setup,raw/gkp-discover-03-booking-systems.csv,685
ob_001627,kw_001603,,discover,country,United Kingdom,English,Google Search,2025-08-01,2026-07-31,encoded_band,50,10,100,0,0,High,86,,,GBP,returned,2026-09-08,2026-09-08-01-setup,raw/gkp-discover-03-booking-systems.csv,686
ob_001628,kw_001604,,discover,country,United Kingdom,English,Google Search,2025-08-01,2026-07-31,encoded_band,50,10,100,0,0,Low,0,,,GBP,returned,2026-09-08,2026-09-08-01-setup,raw/gkp-discover-03-booking-systems.csv,687
ob_001629,kw_001605,,discover,country,United Kingdom,English,Google Search,2025-08-01,2026-07-31,encoded_band,50,10,100,-1,-1,Unknown,,,,GBP,returned,2026-09-08,2026-09-08-01-setup,raw/gkp-discover-03-booking-systems.csv,688
ob_001630,kw_001606,,discover,country,United Kingdom,English,Google Search,2025-08-01,2026-07-31,encoded_band,50,10,100,,0,High,86,,,GBP,returned,2026-09-08,2026-09-08-01-setup,raw/gkp-discover-03-booking-systems.csv,689
ob_001631,kw_001607,,discover,country,United Kingdom,English,Google Search,2025-08-01,2026-07-31,encoded_band,50,10,100,0,-0.9,High,67,3.84,10.17,GBP,returned,2026-09-08,2026-09-08-01-setup,raw/gkp-discover-03-booking-systems.csv,690
ob_001632,kw_001608,,discover,country,United Kingdom,English,Google Search,2025-08-01,2026-07-31,encoded_band,50,10,100,0,0,High,83,1.78,10.28,GBP,returned,2026-09-08,2026-09-08-01-setup,raw/gkp-discover-03-booking-systems.csv,691
ob_001633,kw_001609,,discover,country,United Kingdom,English,Google Search,2025-08-01,2026-07-31,encoded_band,50,10,100,,0,High,86,,,GBP,returned,2026-09-08,2026-09-08-01-setup,raw/gkp-discover-03-booking-systems.csv,692
ob_001634,kw_001610,,discover,country,United Kingdom,English,Google Search,2025-08-01,2026-07-31,encoded_band,50,10,100,0,-1,Unknown,,,,GBP,returned,2026-09-08,2026-09-08-01-setup,raw/gkp-discover-03-booking-systems.csv,693
ob_001635,kw_001611,,discover,country,United Kingdom,English,Google Search,2025-08-01,2026-07-31,encoded_band,50,10,100,-1,-1,Unknown,,,,GBP,returned,2026-09-08,2026-09-08-01-setup,raw/gkp-discover-03-booking-systems.csv,694
ob_001636,kw_001612,,discover,country,United Kingdom,English,Google Search,2025-08-01,2026-07-31,encoded_band,50,10,100,0,0,Unknown,,,,GBP,returned,2026-09-08,2026-09-08-01-setup,raw/gkp-discover-03-booking-systems.csv,695
ob_001637,kw_001613,,discover,country,United Kingdom,English,Google Search,2025-08-01,2026-07-31,encoded_band,0,0,0,0,0,Unknown,,,,GBP,zero,2026-09-08,2026-09-08-01-setup,raw/gkp-discover-03-booking-systems.csv,696
ob_001638,kw_001614,,discover,country,United Kingdom,English,Google Search,2025-08-01,2026-07-31,encoded_band,50,10,100,,0,Medium,36,,,GBP,returned,2026-09-08,2026-09-08-01-setup,raw/gkp-discover-03-booking-systems.csv,697
ob_001639,kw_001615,,discover,country,United Kingdom,English,Google Search,2025-08-01,2026-07-31,encoded_band,50,10,100,0,0,High,86,,,GBP,returned,2026-09-08,2026-09-08-01-setup,raw/gkp-discover-03-booking-systems.csv,698
ob_001640,kw_001616,,discover,country,United Kingdom,English,Google Search,2025-08-01,2026-07-31,encoded_band,50,10,100,0,0,Low,14,,,GBP,returned,2026-09-08,2026-09-08-01-setup,raw/gkp-discover-03-booking-systems.csv,699
ob_001641,kw_001617,,discover,country,United Kingdom,English,Google Search,2025-08-01,2026-07-31,encoded_band,50,10,100,0,0,Unknown,,,,GBP,returned,2026-09-08,2026-09-08-01-setup,raw/gkp-discover-03-booking-systems.csv,700
ob_001642,kw_001618,,discover,country,United Kingdom,English,Google Search,2025-08-01,2026-07-31,encoded_band,50,10,100,-1,0,Unknown,,,,GBP,returned,2026-09-08,2026-09-08-01-setup,raw/gkp-discover-03-booking-systems.csv,701
ob_001643,kw_001619,,discover,country,United Kingdom,English,Google Search,2025-08-01,2026-07-31,encoded_band,50,10,100,,0,High,86,,,GBP,returned,2026-09-08,2026-09-08-01-setup,raw/gkp-discover-03-booking-systems.csv,702
ob_001644,kw_001620,,discover,country,United Kingdom,English,Google Search,2025-08-01,2026-07-31,encoded_band,50,10,100,0,0,Low,3,,,GBP,returned,2026-09-08,2026-09-08-01-setup,raw/gkp-discover-03-booking-systems.csv,703
ob_001645,kw_001621,,discover,country,United Kingdom,English,Google Search,2025-08-01,2026-07-31,encoded_band,50,10,100,0,,High,86,7.01,12.54,GBP,returned,2026-09-08,2026-09-08-01-setup,raw/gkp-discover-03-booking-systems.csv,704
ob_001646,kw_001622,,discover,country,United Kingdom,English,Google Search,2025-08-01,2026-07-31,encoded_band,50,10,100,0,-1,Unknown,,,,GBP,returned,2026-09-08,2026-09-08-01-setup,raw/gkp-discover-03-booking-systems.csv,705
ob_001647,kw_001623,,discover,country,United Kingdom,English,Google Search,2025-08-01,2026-07-31,encoded_band,50,10,100,0,-1,Unknown,,,,GBP,returned,2026-09-08,2026-09-08-01-setup,raw/gkp-discover-03-booking-systems.csv,706
ob_001648,kw_001624,,discover,country,United Kingdom,English,Google Search,2025-08-01,2026-07-31,encoded_band,50,10,100,,,Low,7,,,GBP,returned,2026-09-08,2026-09-08-01-setup,raw/gkp-discover-03-booking-systems.csv,707
ob_001649,kw_001625,,discover,country,United Kingdom,English,Google Search,2025-08-01,2026-07-31,encoded_band,50,10,100,0,0,Unknown,,,,GBP,returned,2026-09-08,2026-09-08-01-setup,raw/gkp-discover-03-booking-systems.csv,708
ob_001650,kw_001626,,discover,country,United Kingdom,English,Google Search,2025-08-01,2026-07-31,encoded_band,50,10,100,,0,Low,0,,,GBP,returned,2026-09-08,2026-09-08-01-setup,raw/gkp-discover-03-booking-systems.csv,709
ob_001651,kw_001627,,discover,country,United Kingdom,English,Google Search,2025-08-01,2026-07-31,encoded_band,500,100,1000,0,0,Medium,48,11.02,60.94,GBP,returned,2026-09-08,2026-09-08-01-setup,raw/gkp-discover-03-booking-systems.csv,710
ob_001652,kw_001628,,discover,country,United Kingdom,English,Google Search,2025-08-01,2026-07-31,encoded_band,50,10,100,0,0,Unknown,,,,GBP,returned,2026-09-08,2026-09-08-01-setup,raw/gkp-discover-03-booking-systems.csv,711
ob_001653,kw_001629,,discover,country,United Kingdom,English,Google Search,2025-08-01,2026-07-31,encoded_band,50,10,100,-1,0,Unknown,,,,GBP,returned,2026-09-08,2026-09-08-01-setup,raw/gkp-discover-03-booking-systems.csv,712
ob_001654,kw_001630,,discover,country,United Kingdom,English,Google Search,2025-08-01,2026-07-31,encoded_band,50,10,100,0,0,High,86,,,GBP,returned,2026-09-08,2026-09-08-01-setup,raw/gkp-discover-03-booking-systems.csv,713
ob_001655,kw_001631,,discover,country,United Kingdom,English,Google Search,2025-08-01,2026-07-31,encoded_band,50,10,100,,0,Low,0,,,GBP,returned,2026-09-08,2026-09-08-01-setup,raw/gkp-discover-03-booking-systems.csv,714
ob_001656,kw_001632,,discover,country,United Kingdom,English,Google Search,2025-08-01,2026-07-31,encoded_band,50,10,100,-1,-1,Unknown,,,,GBP,returned,2026-09-08,2026-09-08-01-setup,raw/gkp-discover-03-booking-systems.csv,715
ob_001657,kw_001633,,discover,country,United Kingdom,English,Google Search,2025-08-01,2026-07-31,encoded_band,50,10,100,0,0,High,82,2.74,6.65,GBP,returned,2026-09-08,2026-09-08-01-setup,raw/gkp-discover-03-booking-systems.csv,716
ob_001658,kw_001634,,discover,country,United Kingdom,English,Google Search,2025-08-01,2026-07-31,encoded_band,50,10,100,0,0,Low,0,,,GBP,returned,2026-09-08,2026-09-08-01-setup,raw/gkp-discover-03-booking-systems.csv,717
ob_001659,kw_001635,,discover,country,United Kingdom,English,Google Search,2025-08-01,2026-07-31,encoded_band,50,10,100,0,0,Low,8,,,GBP,returned,2026-09-08,2026-09-08-01-setup,raw/gkp-discover-03-booking-systems.csv,718
ob_001660,kw_001636,,discover,country,United Kingdom,English,Google Search,2025-08-01,2026-07-31,encoded_band,50,10,100,,0,High,71,,,GBP,returned,2026-09-08,2026-09-08-01-setup,raw/gkp-discover-03-booking-systems.csv,719
ob_001661,kw_001637,,discover,country,United Kingdom,English,Google Search,2025-08-01,2026-07-31,encoded_band,50,10,100,0,0,Unknown,,,,GBP,returned,2026-09-08,2026-09-08-01-setup,raw/gkp-discover-03-booking-systems.csv,720
ob_001662,kw_001638,,discover,country,United Kingdom,English,Google Search,2025-08-01,2026-07-31,encoded_band,50,10,100,0,0,Low,0,,,GBP,returned,2026-09-08,2026-09-08-01-setup,raw/gkp-discover-03-booking-systems.csv,721
ob_001663,kw_001639,,discover,country,United Kingdom,English,Google Search,2025-08-01,2026-07-31,encoded_band,50,10,100,-1,0,Unknown,,,,GBP,returned,2026-09-08,2026-09-08-01-setup,raw/gkp-discover-03-booking-systems.csv,722
ob_001664,kw_001640,,discover,country,United Kingdom,English,Google Search,2025-08-01,2026-07-31,encoded_band,50,10,100,-1,-1,Unknown,,,,GBP,returned,2026-09-08,2026-09-08-01-setup,raw/gkp-discover-03-booking-systems.csv,723
ob_001665,kw_001641,,discover,country,United Kingdom,English,Google Search,2025-08-01,2026-07-31,encoded_band,50,10,100,0,-1,Unknown,,,,GBP,returned,2026-09-08,2026-09-08-01-setup,raw/gkp-discover-03-booking-systems.csv,724
ob_001666,kw_001642,,discover,country,United Kingdom,English,Google Search,2025-08-01,2026-07-31,encoded_band,50,10,100,0,0,Low,0,,,GBP,returned,2026-09-08,2026-09-08-01-setup,raw/gkp-discover-03-booking-systems.csv,725
ob_001667,kw_001643,,discover,country,United Kingdom,English,Google Search,2025-08-01,2026-07-31,encoded_band,50,10,100,0,-1,Unknown,,,,GBP,returned,2026-09-08,2026-09-08-01-setup,raw/gkp-discover-03-booking-systems.csv,726
ob_001668,kw_001644,,discover,country,United Kingdom,English,Google Search,2025-08-01,2026-07-31,encoded_band,50,10,100,0,0,High,86,,,GBP,returned,2026-09-08,2026-09-08-01-setup,raw/gkp-discover-03-booking-systems.csv,727
ob_001669,kw_001645,,discover,country,United Kingdom,English,Google Search,2025-08-01,2026-07-31,encoded_band,50,10,100,,0,High,86,,,GBP,returned,2026-09-08,2026-09-08-01-setup,raw/gkp-discover-03-booking-systems.csv,728
ob_001670,kw_001646,,discover,country,United Kingdom,English,Google Search,2025-08-01,2026-07-31,encoded_band,50,10,100,0,0,High,86,,,GBP,returned,2026-09-08,2026-09-08-01-setup,raw/gkp-discover-03-booking-systems.csv,729
ob_001671,kw_001647,,discover,country,United Kingdom,English,Google Search,2025-08-01,2026-07-31,encoded_band,50,10,100,0,0,Unknown,,,,GBP,returned,2026-09-08,2026-09-08-01-setup,raw/gkp-discover-03-booking-systems.csv,730
ob_001672,kw_001648,,discover,country,United Kingdom,English,Google Search,2025-08-01,2026-07-31,encoded_band,50,10,100,-1,-1,Unknown,,,,GBP,returned,2026-09-08,2026-09-08-01-setup,raw/gkp-discover-03-booking-systems.csv,731
ob_001673,kw_001649,,discover,country,United Kingdom,English,Google Search,2025-08-01,2026-07-31,encoded_band,50,10,100,0,0,Low,0,,,GBP,returned,2026-09-08,2026-09-08-01-setup,raw/gkp-discover-03-booking-systems.csv,732
ob_001674,kw_001650,,discover,country,United Kingdom,English,Google Search,2025-08-01,2026-07-31,encoded_band,50,10,100,0,0,Unknown,,,,GBP,returned,2026-09-08,2026-09-08-01-setup,raw/gkp-discover-03-booking-systems.csv,733
ob_001675,kw_001651,,discover,country,United Kingdom,English,Google Search,2025-08-01,2026-07-31,encoded_band,50,10,100,-1,-1,Unknown,,,,GBP,returned,2026-09-08,2026-09-08-01-setup,raw/gkp-discover-03-booking-systems.csv,734
ob_001676,kw_001652,,discover,country,United Kingdom,English,Google Search,2025-08-01,2026-07-31,encoded_band,50,10,100,0,0,Unknown,,,,GBP,returned,2026-09-08,2026-09-08-01-setup,raw/gkp-discover-03-booking-systems.csv,735
ob_001677,kw_001653,,discover,country,United Kingdom,English,Google Search,2025-08-01,2026-07-31,encoded_band,50,10,100,-1,-1,Unknown,,,,GBP,returned,2026-09-08,2026-09-08-01-setup,raw/gkp-discover-03-booking-systems.csv,736
ob_001678,kw_001654,,discover,country,United Kingdom,English,Google Search,2025-08-01,2026-07-31,encoded_band,50,10,100,0,,High,86,,,GBP,returned,2026-09-08,2026-09-08-01-setup,raw/gkp-discover-03-booking-systems.csv,737
ob_001679,kw_001655,,discover,country,United Kingdom,English,Google Search,2025-08-01,2026-07-31,encoded_band,50,10,100,0,-1,Unknown,,,,GBP,returned,2026-09-08,2026-09-08-01-setup,raw/gkp-discover-03-booking-systems.csv,738
ob_001680,kw_001656,,discover,country,United Kingdom,English,Google Search,2025-08-01,2026-07-31,encoded_band,50,10,100,0,0,Medium,43,,,GBP,returned,2026-09-08,2026-09-08-01-setup,raw/gkp-discover-03-booking-systems.csv,739
ob_001681,kw_001657,,discover,country,United Kingdom,English,Google Search,2025-08-01,2026-07-31,encoded_band,50,10,100,0,,High,79,,,GBP,returned,2026-09-08,2026-09-08-01-setup,raw/gkp-discover-03-booking-systems.csv,740
ob_001682,kw_001658,,discover,country,United Kingdom,English,Google Search,2025-08-01,2026-07-31,encoded_band,50,10,100,0,-0.9,High,86,4.79,9.53,GBP,returned,2026-09-08,2026-09-08-01-setup,raw/gkp-discover-03-booking-systems.csv,741
ob_001683,kw_001659,,discover,country,United Kingdom,English,Google Search,2025-08-01,2026-07-31,encoded_band,50,10,100,0,-1,Unknown,,,,GBP,returned,2026-09-08,2026-09-08-01-setup,raw/gkp-discover-03-booking-systems.csv,742
ob_001684,kw_001660,,discover,country,United Kingdom,English,Google Search,2025-08-01,2026-07-31,encoded_band,50,10,100,,0,Medium,52,,,GBP,returned,2026-09-08,2026-09-08-01-setup,raw/gkp-discover-03-booking-systems.csv,743
ob_001685,kw_001661,,discover,country,United Kingdom,English,Google Search,2025-08-01,2026-07-31,encoded_band,50,10,100,,0,High,86,,,GBP,returned,2026-09-08,2026-09-08-01-setup,raw/gkp-discover-03-booking-systems.csv,744
ob_001686,kw_001662,,discover,country,United Kingdom,English,Google Search,2025-08-01,2026-07-31,encoded_band,50,10,100,0,-1,Unknown,,,,GBP,returned,2026-09-08,2026-09-08-01-setup,raw/gkp-discover-03-booking-systems.csv,745
ob_001687,kw_001663,,discover,country,United Kingdom,English,Google Search,2025-08-01,2026-07-31,encoded_band,50,10,100,0,0,Low,17,,,GBP,returned,2026-09-08,2026-09-08-01-setup,raw/gkp-discover-03-booking-systems.csv,746
ob_001688,kw_001664,,discover,country,United Kingdom,English,Google Search,2025-08-01,2026-07-31,encoded_band,50,10,100,0,0,Medium,43,,,GBP,returned,2026-09-08,2026-09-08-01-setup,raw/gkp-discover-03-booking-systems.csv,747
ob_001689,kw_001665,,discover,country,United Kingdom,English,Google Search,2025-08-01,2026-07-31,encoded_band,50,10,100,-1,-1,Unknown,,,,GBP,returned,2026-09-08,2026-09-08-01-setup,raw/gkp-discover-03-booking-systems.csv,748
ob_001690,kw_001666,,discover,country,United Kingdom,English,Google Search,2025-08-01,2026-07-31,encoded_band,50,10,100,0,0,Unknown,,,,GBP,returned,2026-09-08,2026-09-08-01-setup,raw/gkp-discover-03-booking-systems.csv,749
ob_001691,kw_001667,,discover,country,United Kingdom,English,Google Search,2025-08-01,2026-07-31,encoded_band,50,10,100,0,0,High,86,3.8,20.12,GBP,returned,2026-09-08,2026-09-08-01-setup,raw/gkp-discover-03-booking-systems.csv,750
ob_001692,kw_001668,,discover,country,United Kingdom,English,Google Search,2025-08-01,2026-07-31,encoded_band,50,10,100,0,0,Medium,57,,,GBP,returned,2026-09-08,2026-09-08-01-setup,raw/gkp-discover-03-booking-systems.csv,751
ob_001693,kw_001669,,discover,country,United Kingdom,English,Google Search,2025-08-01,2026-07-31,encoded_band,50,10,100,0,0,Unknown,,,,GBP,returned,2026-09-08,2026-09-08-01-setup,raw/gkp-discover-03-booking-systems.csv,752
ob_001694,kw_001670,,discover,country,United Kingdom,English,Google Search,2025-08-01,2026-07-31,encoded_band,50,10,100,0,0,High,86,,,GBP,returned,2026-09-08,2026-09-08-01-setup,raw/gkp-discover-03-booking-systems.csv,753
ob_001695,kw_001671,,discover,country,United Kingdom,English,Google Search,2025-08-01,2026-07-31,encoded_band,50,10,100,0,-0.9,Medium,56,3.72,12.82,GBP,returned,2026-09-08,2026-09-08-01-setup,raw/gkp-discover-03-booking-systems.csv,754
ob_001696,kw_001672,,discover,country,United Kingdom,English,Google Search,2025-08-01,2026-07-31,encoded_band,50,10,100,0,0,Medium,36,,,GBP,returned,2026-09-08,2026-09-08-01-setup,raw/gkp-discover-03-booking-systems.csv,755
ob_001697,kw_001673,,discover,country,United Kingdom,English,Google Search,2025-08-01,2026-07-31,encoded_band,50,10,100,-1,-1,Unknown,,,,GBP,returned,2026-09-08,2026-09-08-01-setup,raw/gkp-discover-03-booking-systems.csv,756
ob_001698,kw_001674,,discover,country,United Kingdom,English,Google Search,2025-08-01,2026-07-31,encoded_band,50,10,100,0,0,Medium,61,7.38,12.99,GBP,returned,2026-09-08,2026-09-08-01-setup,raw/gkp-discover-03-booking-systems.csv,757
ob_001699,kw_001675,,discover,country,United Kingdom,English,Google Search,2025-08-01,2026-07-31,encoded_band,50,10,100,0,0,Unknown,,,,GBP,returned,2026-09-08,2026-09-08-01-setup,raw/gkp-discover-03-booking-systems.csv,758
ob_001700,kw_001676,,discover,country,United Kingdom,English,Google Search,2025-08-01,2026-07-31,encoded_band,50,10,100,0,0,Medium,46,11.71,104.34,GBP,returned,2026-09-08,2026-09-08-01-setup,raw/gkp-discover-03-booking-systems.csv,759
ob_001701,kw_001677,,discover,country,United Kingdom,English,Google Search,2025-08-01,2026-07-31,encoded_band,50,10,100,0,0,Unknown,,,,GBP,returned,2026-09-08,2026-09-08-01-setup,raw/gkp-discover-03-booking-systems.csv,760
ob_001702,kw_001678,,discover,country,United Kingdom,English,Google Search,2025-08-01,2026-07-31,encoded_band,50,10,100,0,0,Low,0,,,GBP,returned,2026-09-08,2026-09-08-01-setup,raw/gkp-discover-03-booking-systems.csv,761
ob_001703,kw_001679,,discover,country,United Kingdom,English,Google Search,2025-08-01,2026-07-31,encoded_band,50,10,100,0,0,Medium,51,0.35,27.68,GBP,returned,2026-09-08,2026-09-08-01-setup,raw/gkp-discover-03-booking-systems.csv,762
ob_001704,kw_001680,,discover,country,United Kingdom,English,Google Search,2025-08-01,2026-07-31,encoded_band,50,10,100,,,Medium,57,,,GBP,returned,2026-09-08,2026-09-08-01-setup,raw/gkp-discover-03-booking-systems.csv,763
ob_001705,kw_001681,,discover,country,United Kingdom,English,Google Search,2025-08-01,2026-07-31,encoded_band,0,0,0,0,0,Unknown,,,,GBP,zero,2026-09-08,2026-09-08-01-setup,raw/gkp-discover-03-booking-systems.csv,764
ob_001706,kw_001682,,discover,country,United Kingdom,English,Google Search,2025-08-01,2026-07-31,encoded_band,0,0,0,0,0,Unknown,,,,GBP,zero,2026-09-08,2026-09-08-01-setup,raw/gkp-discover-03-booking-systems.csv,765
ob_001707,kw_001683,,discover,country,United Kingdom,English,Google Search,2025-08-01,2026-07-31,encoded_band,50,10,100,0,0,Low,13,,,GBP,returned,2026-09-08,2026-09-08-01-setup,raw/gkp-discover-03-booking-systems.csv,766
ob_001708,kw_001684,,discover,country,United Kingdom,English,Google Search,2025-08-01,2026-07-31,encoded_band,50,10,100,0,0,High,86,,,GBP,returned,2026-09-08,2026-09-08-01-setup,raw/gkp-discover-03-booking-systems.csv,767
ob_001709,kw_001685,,discover,country,United Kingdom,English,Google Search,2025-08-01,2026-07-31,encoded_band,50,10,100,0,0,Low,0,,,GBP,returned,2026-09-08,2026-09-08-01-setup,raw/gkp-discover-03-booking-systems.csv,768
ob_001710,kw_001686,,discover,country,United Kingdom,English,Google Search,2025-08-01,2026-07-31,encoded_band,50,10,100,0,,Low,0,,,GBP,returned,2026-09-08,2026-09-08-01-setup,raw/gkp-discover-03-booking-systems.csv,769
ob_001711,kw_001687,,discover,country,United Kingdom,English,Google Search,2025-08-01,2026-07-31,encoded_band,50,10,100,0,0,Medium,43,,,GBP,returned,2026-09-08,2026-09-08-01-setup,raw/gkp-discover-03-booking-systems.csv,770
ob_001712,kw_001688,,discover,country,United Kingdom,English,Google Search,2025-08-01,2026-07-31,encoded_band,50,10,100,-1,0,Unknown,,,,GBP,returned,2026-09-08,2026-09-08-01-setup,raw/gkp-discover-03-booking-systems.csv,771
ob_001713,kw_001689,,discover,country,United Kingdom,English,Google Search,2025-08-01,2026-07-31,encoded_band,50,10,100,,0,High,86,,,GBP,returned,2026-09-08,2026-09-08-01-setup,raw/gkp-discover-03-booking-systems.csv,772
ob_001714,kw_001690,,discover,country,United Kingdom,English,Google Search,2025-08-01,2026-07-31,encoded_band,50,10,100,0,0,Low,0,,,GBP,returned,2026-09-08,2026-09-08-01-setup,raw/gkp-discover-03-booking-systems.csv,773
ob_001715,kw_001691,,discover,country,United Kingdom,English,Google Search,2025-08-01,2026-07-31,encoded_band,0,0,0,0,0,Unknown,,,,GBP,zero,2026-09-08,2026-09-08-01-setup,raw/gkp-discover-03-booking-systems.csv,774
ob_001716,kw_001692,,discover,country,United Kingdom,English,Google Search,2025-08-01,2026-07-31,encoded_band,0,0,0,0,0,Unknown,,,,GBP,zero,2026-09-08,2026-09-08-01-setup,raw/gkp-discover-03-booking-systems.csv,775
ob_001717,kw_001693,,discover,country,United Kingdom,English,Google Search,2025-08-01,2026-07-31,encoded_band,50,10,100,-1,-1,Unknown,,,,GBP,returned,2026-09-08,2026-09-08-01-setup,raw/gkp-discover-03-booking-systems.csv,776
ob_001718,kw_001694,,discover,country,United Kingdom,English,Google Search,2025-08-01,2026-07-31,encoded_band,50,10,100,0,-1,Unknown,,,,GBP,returned,2026-09-08,2026-09-08-01-setup,raw/gkp-discover-03-booking-systems.csv,777
ob_001719,kw_001695,,discover,country,United Kingdom,English,Google Search,2025-08-01,2026-07-31,encoded_band,50,10,100,0,0,Low,0,,,GBP,returned,2026-09-08,2026-09-08-01-setup,raw/gkp-discover-03-booking-systems.csv,778
ob_001720,kw_001696,,discover,country,United Kingdom,English,Google Search,2025-08-01,2026-07-31,encoded_band,50,10,100,0,0,Unknown,,,,GBP,returned,2026-09-08,2026-09-08-01-setup,raw/gkp-discover-03-booking-systems.csv,779
ob_001721,kw_001697,,discover,country,United Kingdom,English,Google Search,2025-08-01,2026-07-31,encoded_band,50,10,100,0,-1,Unknown,,,,GBP,returned,2026-09-08,2026-09-08-01-setup,raw/gkp-discover-03-booking-systems.csv,780
ob_001722,kw_001698,,discover,country,United Kingdom,English,Google Search,2025-08-01,2026-07-31,encoded_band,50,10,100,0,-1,Unknown,,,,GBP,returned,2026-09-08,2026-09-08-01-setup,raw/gkp-discover-03-booking-systems.csv,781
ob_001723,kw_001699,,discover,country,United Kingdom,English,Google Search,2025-08-01,2026-07-31,encoded_band,50,10,100,0,0,Unknown,,,,GBP,returned,2026-09-08,2026-09-08-01-setup,raw/gkp-discover-03-booking-systems.csv,782
ob_001724,kw_001700,,discover,country,United Kingdom,English,Google Search,2025-08-01,2026-07-31,encoded_band,50,10,100,0,0,High,86,8.44,21.33,GBP,returned,2026-09-08,2026-09-08-01-setup,raw/gkp-discover-03-booking-systems.csv,783
ob_001725,kw_001701,,discover,country,United Kingdom,English,Google Search,2025-08-01,2026-07-31,encoded_band,50,10,100,0,0,High,86,,,GBP,returned,2026-09-08,2026-09-08-01-setup,raw/gkp-discover-03-booking-systems.csv,784
ob_001726,kw_001702,,discover,country,United Kingdom,English,Google Search,2025-08-01,2026-07-31,encoded_band,50,10,100,0,0,High,79,5.46,34.47,GBP,returned,2026-09-08,2026-09-08-01-setup,raw/gkp-discover-03-booking-systems.csv,785
ob_001727,kw_001703,,discover,country,United Kingdom,English,Google Search,2025-08-01,2026-07-31,encoded_band,50,10,100,-1,-1,Unknown,,,,GBP,returned,2026-09-08,2026-09-08-01-setup,raw/gkp-discover-03-booking-systems.csv,786
ob_001728,kw_001704,,discover,country,United Kingdom,English,Google Search,2025-08-01,2026-07-31,encoded_band,50,10,100,0,0,Medium,57,,,GBP,returned,2026-09-08,2026-09-08-01-setup,raw/gkp-discover-03-booking-systems.csv,787
ob_001729,kw_001705,,discover,country,United Kingdom,English,Google Search,2025-08-01,2026-07-31,encoded_band,50,10,100,0,0,Medium,39,,,GBP,returned,2026-09-08,2026-09-08-01-setup,raw/gkp-discover-03-booking-systems.csv,788
ob_001730,kw_001706,,discover,country,United Kingdom,English,Google Search,2025-08-01,2026-07-31,encoded_band,50,10,100,0,-1,Unknown,,,,GBP,returned,2026-09-08,2026-09-08-01-setup,raw/gkp-discover-03-booking-systems.csv,789
ob_001731,kw_001707,,discover,country,United Kingdom,English,Google Search,2025-08-01,2026-07-31,encoded_band,50,10,100,0,0,Medium,60,2.26,13.29,GBP,returned,2026-09-08,2026-09-08-01-setup,raw/gkp-discover-03-booking-systems.csv,790
ob_001732,kw_001708,,discover,country,United Kingdom,English,Google Search,2025-08-01,2026-07-31,encoded_band,50,10,100,0,,Medium,43,,,GBP,returned,2026-09-08,2026-09-08-01-setup,raw/gkp-discover-03-booking-systems.csv,791
ob_001733,kw_001709,,discover,country,United Kingdom,English,Google Search,2025-08-01,2026-07-31,encoded_band,50,10,100,0,0,Low,0,,,GBP,returned,2026-09-08,2026-09-08-01-setup,raw/gkp-discover-03-booking-systems.csv,792
ob_001734,kw_001710,,discover,country,United Kingdom,English,Google Search,2025-08-01,2026-07-31,encoded_band,50,10,100,-1,0,Unknown,,,,GBP,returned,2026-09-08,2026-09-08-01-setup,raw/gkp-discover-03-booking-systems.csv,793
ob_001735,kw_001711,,discover,country,United Kingdom,English,Google Search,2025-08-01,2026-07-31,encoded_band,50,10,100,-1,-1,Unknown,,,,GBP,returned,2026-09-08,2026-09-08-01-setup,raw/gkp-discover-03-booking-systems.csv,794
ob_001736,kw_001712,,discover,country,United Kingdom,English,Google Search,2025-08-01,2026-07-31,encoded_band,50,10,100,0,-1,Unknown,,,,GBP,returned,2026-09-08,2026-09-08-01-setup,raw/gkp-discover-03-booking-systems.csv,795
ob_001737,kw_001713,,discover,country,United Kingdom,English,Google Search,2025-08-01,2026-07-31,encoded_band,50,10,100,0,0,Low,10,,,GBP,returned,2026-09-08,2026-09-08-01-setup,raw/gkp-discover-03-booking-systems.csv,796
ob_001738,kw_001714,,discover,country,United Kingdom,English,Google Search,2025-08-01,2026-07-31,encoded_band,50,10,100,0,-1,Unknown,,,,GBP,returned,2026-09-08,2026-09-08-01-setup,raw/gkp-discover-03-booking-systems.csv,797
ob_001739,kw_001715,,discover,country,United Kingdom,English,Google Search,2025-08-01,2026-07-31,encoded_band,50,10,100,0,0,Unknown,,,,GBP,returned,2026-09-08,2026-09-08-01-setup,raw/gkp-discover-03-booking-systems.csv,798
ob_001740,kw_001716,,discover,country,United Kingdom,English,Google Search,2025-08-01,2026-07-31,encoded_band,50,10,100,0,0,Unknown,,,,GBP,returned,2026-09-08,2026-09-08-01-setup,raw/gkp-discover-03-booking-systems.csv,799
ob_001741,kw_001717,,discover,country,United Kingdom,English,Google Search,2025-08-01,2026-07-31,encoded_band,50,10,100,0,0,Unknown,,,,GBP,returned,2026-09-08,2026-09-08-01-setup,raw/gkp-discover-03-booking-systems.csv,800
ob_001742,kw_001718,,discover,country,United Kingdom,English,Google Search,2025-08-01,2026-07-31,encoded_band,0,0,0,0,0,Unknown,,,,GBP,zero,2026-09-08,2026-09-08-01-setup,raw/gkp-discover-03-booking-systems.csv,801
ob_001743,kw_001719,,discover,country,United Kingdom,English,Google Search,2025-08-01,2026-07-31,encoded_band,0,0,0,0,0,Unknown,,,,GBP,zero,2026-09-08,2026-09-08-01-setup,raw/gkp-discover-03-booking-systems.csv,802
ob_001744,kw_001720,,discover,country,United Kingdom,English,Google Search,2025-08-01,2026-07-31,encoded_band,50,10,100,-1,-1,Unknown,,,,GBP,returned,2026-09-08,2026-09-08-01-setup,raw/gkp-discover-03-booking-systems.csv,803
ob_001745,kw_001721,,discover,country,United Kingdom,English,Google Search,2025-08-01,2026-07-31,encoded_band,50,10,100,0,0,Unknown,,,,GBP,returned,2026-09-08,2026-09-08-01-setup,raw/gkp-discover-03-booking-systems.csv,804
ob_001746,kw_001722,,discover,country,United Kingdom,English,Google Search,2025-08-01,2026-07-31,encoded_band,50,10,100,-1,-1,Unknown,,,,GBP,returned,2026-09-08,2026-09-08-01-setup,raw/gkp-discover-03-booking-systems.csv,805
ob_001747,kw_001723,,discover,country,United Kingdom,English,Google Search,2025-08-01,2026-07-31,encoded_band,50,10,100,0,0,Medium,64,5.3,22.58,GBP,returned,2026-09-08,2026-09-08-01-setup,raw/gkp-discover-03-booking-systems.csv,806
ob_001748,kw_001724,,discover,country,United Kingdom,English,Google Search,2025-08-01,2026-07-31,encoded_band,50,10,100,0,0,High,86,,,GBP,returned,2026-09-08,2026-09-08-01-setup,raw/gkp-discover-03-booking-systems.csv,807
ob_001749,kw_001725,,discover,country,United Kingdom,English,Google Search,2025-08-01,2026-07-31,encoded_band,50,10,100,0,0,Medium,55,3.3,10.2,GBP,returned,2026-09-08,2026-09-08-01-setup,raw/gkp-discover-03-booking-systems.csv,808
ob_001750,kw_001726,,discover,country,United Kingdom,English,Google Search,2025-08-01,2026-07-31,encoded_band,50,10,100,-1,-1,Unknown,,,,GBP,returned,2026-09-08,2026-09-08-01-setup,raw/gkp-discover-03-booking-systems.csv,809
ob_001751,kw_001727,,discover,country,United Kingdom,English,Google Search,2025-08-01,2026-07-31,encoded_band,500,100,1000,-0.9,-0.9,Medium,51,8.47,33.5,GBP,returned,2026-09-08,2026-09-08-01-setup,raw/gkp-discover-03-booking-systems.csv,810
ob_001752,kw_001728,,discover,country,United Kingdom,English,Google Search,2025-08-01,2026-07-31,encoded_band,50,10,100,,0,High,86,,,GBP,returned,2026-09-08,2026-09-08-01-setup,raw/gkp-discover-03-booking-systems.csv,811
ob_001753,kw_001729,,discover,country,United Kingdom,English,Google Search,2025-08-01,2026-07-31,encoded_band,0,0,0,0,0,Unknown,,,,GBP,zero,2026-09-08,2026-09-08-01-setup,raw/gkp-discover-03-booking-systems.csv,812
ob_001754,kw_001730,,discover,country,United Kingdom,English,Google Search,2025-08-01,2026-07-31,encoded_band,50,10,100,-1,-1,Unknown,,,,GBP,returned,2026-09-08,2026-09-08-01-setup,raw/gkp-discover-03-booking-systems.csv,813
ob_001755,kw_001731,,discover,country,United Kingdom,English,Google Search,2025-08-01,2026-07-31,encoded_band,50,10,100,0,-1,Unknown,,,,GBP,returned,2026-09-08,2026-09-08-01-setup,raw/gkp-discover-03-booking-systems.csv,814
ob_001756,kw_001732,,discover,country,United Kingdom,English,Google Search,2025-08-01,2026-07-31,encoded_band,50,10,100,0,0,High,79,,,GBP,returned,2026-09-08,2026-09-08-01-setup,raw/gkp-discover-03-booking-systems.csv,815
ob_001757,kw_001733,,discover,country,United Kingdom,English,Google Search,2025-08-01,2026-07-31,encoded_band,0,0,0,0,0,Unknown,,,,GBP,zero,2026-09-08,2026-09-08-01-setup,raw/gkp-discover-03-booking-systems.csv,816
ob_001758,kw_001734,,discover,country,United Kingdom,English,Google Search,2025-08-01,2026-07-31,encoded_band,50,10,100,-1,0,Unknown,,,,GBP,returned,2026-09-08,2026-09-08-01-setup,raw/gkp-discover-03-booking-systems.csv,817
ob_001759,kw_001735,,discover,country,United Kingdom,English,Google Search,2025-08-01,2026-07-31,encoded_band,50,10,100,0,0,Unknown,,,,GBP,returned,2026-09-08,2026-09-08-01-setup,raw/gkp-discover-03-booking-systems.csv,818
ob_001760,kw_001736,,discover,country,United Kingdom,English,Google Search,2025-08-01,2026-07-31,encoded_band,50,10,100,0,0,Unknown,,,,GBP,returned,2026-09-08,2026-09-08-01-setup,raw/gkp-discover-03-booking-systems.csv,819
ob_001761,kw_001737,,discover,country,United Kingdom,English,Google Search,2025-08-01,2026-07-31,encoded_band,50,10,100,0,-1,Unknown,,,,GBP,returned,2026-09-08,2026-09-08-01-setup,raw/gkp-discover-03-booking-systems.csv,820
ob_001762,kw_001738,,discover,country,United Kingdom,English,Google Search,2025-08-01,2026-07-31,encoded_band,50,10,100,0,0,High,86,,,GBP,returned,2026-09-08,2026-09-08-01-setup,raw/gkp-discover-03-booking-systems.csv,821
ob_001763,kw_001739,,discover,country,United Kingdom,English,Google Search,2025-08-01,2026-07-31,encoded_band,50,10,100,0,0,Unknown,,,,GBP,returned,2026-09-08,2026-09-08-01-setup,raw/gkp-discover-03-booking-systems.csv,822
ob_001764,kw_001740,,discover,country,United Kingdom,English,Google Search,2025-08-01,2026-07-31,encoded_band,50,10,100,0,0,Unknown,,,,GBP,returned,2026-09-08,2026-09-08-01-setup,raw/gkp-discover-03-booking-systems.csv,823
ob_001765,kw_001741,,discover,country,United Kingdom,English,Google Search,2025-08-01,2026-07-31,encoded_band,50,10,100,-1,-1,Unknown,,,,GBP,returned,2026-09-08,2026-09-08-01-setup,raw/gkp-discover-03-booking-systems.csv,824
ob_001766,kw_001742,,discover,country,United Kingdom,English,Google Search,2025-08-01,2026-07-31,encoded_band,50,10,100,,0,Medium,64,,,GBP,returned,2026-09-08,2026-09-08-01-setup,raw/gkp-discover-03-booking-systems.csv,825
ob_001767,kw_001743,,discover,country,United Kingdom,English,Google Search,2025-08-01,2026-07-31,encoded_band,50,10,100,-1,-1,Unknown,,,,GBP,returned,2026-09-08,2026-09-08-01-setup,raw/gkp-discover-03-booking-systems.csv,826
ob_001768,kw_001744,,discover,country,United Kingdom,English,Google Search,2025-08-01,2026-07-31,encoded_band,50,10,100,0,-1,Unknown,,,,GBP,returned,2026-09-08,2026-09-08-01-setup,raw/gkp-discover-03-booking-systems.csv,827
ob_001769,kw_001745,,discover,country,United Kingdom,English,Google Search,2025-08-01,2026-07-31,encoded_band,50,10,100,-1,-1,Unknown,,,,GBP,returned,2026-09-08,2026-09-08-01-setup,raw/gkp-discover-03-booking-systems.csv,828
ob_001770,kw_001746,,discover,country,United Kingdom,English,Google Search,2025-08-01,2026-07-31,encoded_band,50,10,100,-1,0,Unknown,,,,GBP,returned,2026-09-08,2026-09-08-01-setup,raw/gkp-discover-03-booking-systems.csv,829
ob_001771,kw_001747,,discover,country,United Kingdom,English,Google Search,2025-08-01,2026-07-31,encoded_band,50,10,100,0,0,Unknown,,,,GBP,returned,2026-09-08,2026-09-08-01-setup,raw/gkp-discover-03-booking-systems.csv,830
ob_001772,kw_001748,,discover,country,United Kingdom,English,Google Search,2025-08-01,2026-07-31,encoded_band,50,10,100,0,0,Low,0,,,GBP,returned,2026-09-08,2026-09-08-01-setup,raw/gkp-discover-03-booking-systems.csv,831
ob_001773,kw_001749,,discover,country,United Kingdom,English,Google Search,2025-08-01,2026-07-31,encoded_band,50,10,100,-1,-1,Unknown,,,,GBP,returned,2026-09-08,2026-09-08-01-setup,raw/gkp-discover-03-booking-systems.csv,832
ob_001774,kw_001750,,discover,country,United Kingdom,English,Google Search,2025-08-01,2026-07-31,encoded_band,50,10,100,-1,0,Unknown,,,,GBP,returned,2026-09-08,2026-09-08-01-setup,raw/gkp-discover-03-booking-systems.csv,833
ob_001775,kw_001751,,discover,country,United Kingdom,English,Google Search,2025-08-01,2026-07-31,encoded_band,50,10,100,,,High,71,,,GBP,returned,2026-09-08,2026-09-08-01-setup,raw/gkp-discover-03-booking-systems.csv,834
ob_001776,kw_001752,,discover,country,United Kingdom,English,Google Search,2025-08-01,2026-07-31,encoded_band,50,10,100,0,0,Medium,64,,,GBP,returned,2026-09-08,2026-09-08-01-setup,raw/gkp-discover-03-booking-systems.csv,835
ob_001777,kw_001753,,discover,country,United Kingdom,English,Google Search,2025-08-01,2026-07-31,encoded_band,0,0,0,0,-1,Unknown,,,,GBP,zero,2026-09-08,2026-09-08-01-setup,raw/gkp-discover-03-booking-systems.csv,836
ob_001778,kw_001754,,discover,country,United Kingdom,English,Google Search,2025-08-01,2026-07-31,encoded_band,50,10,100,0,0,High,71,,,GBP,returned,2026-09-08,2026-09-08-01-setup,raw/gkp-discover-03-booking-systems.csv,837
ob_001779,kw_001755,,discover,country,United Kingdom,English,Google Search,2025-08-01,2026-07-31,encoded_band,50,10,100,0,0,Low,0,,,GBP,returned,2026-09-08,2026-09-08-01-setup,raw/gkp-discover-03-booking-systems.csv,838
ob_001780,kw_001756,,discover,country,United Kingdom,English,Google Search,2025-08-01,2026-07-31,encoded_band,50,10,100,,0,High,86,,,GBP,returned,2026-09-08,2026-09-08-01-setup,raw/gkp-discover-03-booking-systems.csv,839
ob_001781,kw_001757,,discover,country,United Kingdom,English,Google Search,2025-08-01,2026-07-31,encoded_band,50,10,100,-1,-1,Unknown,,,,GBP,returned,2026-09-08,2026-09-08-01-setup,raw/gkp-discover-03-booking-systems.csv,840
ob_001782,kw_001758,,discover,country,United Kingdom,English,Google Search,2025-08-01,2026-07-31,encoded_band,50,10,100,0,0,High,71,,,GBP,returned,2026-09-08,2026-09-08-01-setup,raw/gkp-discover-03-booking-systems.csv,841
ob_001783,kw_001759,,discover,country,United Kingdom,English,Google Search,2025-08-01,2026-07-31,encoded_band,50,10,100,0,0,Unknown,,,,GBP,returned,2026-09-08,2026-09-08-01-setup,raw/gkp-discover-03-booking-systems.csv,842
ob_001784,kw_001760,,discover,country,United Kingdom,English,Google Search,2025-08-01,2026-07-31,encoded_band,50,10,100,0,0,Medium,57,,,GBP,returned,2026-09-08,2026-09-08-01-setup,raw/gkp-discover-03-booking-systems.csv,843
ob_001785,kw_001761,,discover,country,United Kingdom,English,Google Search,2025-08-01,2026-07-31,encoded_band,50,10,100,0,0,Low,27,4.39,13.83,GBP,returned,2026-09-08,2026-09-08-01-setup,raw/gkp-discover-03-booking-systems.csv,844
ob_001786,kw_001762,,discover,country,United Kingdom,English,Google Search,2025-08-01,2026-07-31,encoded_band,50,10,100,0,0,High,71,,,GBP,returned,2026-09-08,2026-09-08-01-setup,raw/gkp-discover-03-booking-systems.csv,845
ob_001787,kw_001763,,discover,country,United Kingdom,English,Google Search,2025-08-01,2026-07-31,encoded_band,50,10,100,0,0,Low,0,,,GBP,returned,2026-09-08,2026-09-08-01-setup,raw/gkp-discover-03-booking-systems.csv,846
ob_001788,kw_001764,,discover,country,United Kingdom,English,Google Search,2025-08-01,2026-07-31,encoded_band,50,10,100,0,0,Low,0,,,GBP,returned,2026-09-08,2026-09-08-01-setup,raw/gkp-discover-03-booking-systems.csv,847
ob_001789,kw_001765,,discover,country,United Kingdom,English,Google Search,2025-08-01,2026-07-31,encoded_band,50,10,100,0,0,Unknown,,,,GBP,returned,2026-09-08,2026-09-08-01-setup,raw/gkp-discover-03-booking-systems.csv,848
ob_001790,kw_001766,,discover,country,United Kingdom,English,Google Search,2025-08-01,2026-07-31,encoded_band,50,10,100,0,,Low,0,,,GBP,returned,2026-09-08,2026-09-08-01-setup,raw/gkp-discover-03-booking-systems.csv,849
ob_001791,kw_001767,,discover,country,United Kingdom,English,Google Search,2025-08-01,2026-07-31,encoded_band,50,10,100,0,0,High,86,,,GBP,returned,2026-09-08,2026-09-08-01-setup,raw/gkp-discover-03-booking-systems.csv,850
ob_001792,kw_001768,,discover,country,United Kingdom,English,Google Search,2025-08-01,2026-07-31,encoded_band,50,10,100,0,0,Unknown,,,,GBP,returned,2026-09-08,2026-09-08-01-setup,raw/gkp-discover-03-booking-systems.csv,851
ob_001793,kw_001769,,discover,country,United Kingdom,English,Google Search,2025-08-01,2026-07-31,encoded_band,50,10,100,0,-1,Unknown,,,,GBP,returned,2026-09-08,2026-09-08-01-setup,raw/gkp-discover-03-booking-systems.csv,852
ob_001794,kw_001770,,discover,country,United Kingdom,English,Google Search,2025-08-01,2026-07-31,encoded_band,50,10,100,-1,0,Unknown,,,,GBP,returned,2026-09-08,2026-09-08-01-setup,raw/gkp-discover-03-booking-systems.csv,853
ob_001795,kw_001771,,discover,country,United Kingdom,English,Google Search,2025-08-01,2026-07-31,encoded_band,50,10,100,0,0,Medium,63,5.46,17.62,GBP,returned,2026-09-08,2026-09-08-01-setup,raw/gkp-discover-03-booking-systems.csv,854
ob_001796,kw_001772,,discover,country,United Kingdom,English,Google Search,2025-08-01,2026-07-31,encoded_band,50,10,100,0,0,Low,0,,,GBP,returned,2026-09-08,2026-09-08-01-setup,raw/gkp-discover-03-booking-systems.csv,855
ob_001797,kw_001773,,discover,country,United Kingdom,English,Google Search,2025-08-01,2026-07-31,encoded_band,50,10,100,0,0,Low,0,,,GBP,returned,2026-09-08,2026-09-08-01-setup,raw/gkp-discover-03-booking-systems.csv,856
ob_001798,kw_001774,,discover,country,United Kingdom,English,Google Search,2025-08-01,2026-07-31,encoded_band,50,10,100,,0,High,86,,,GBP,returned,2026-09-08,2026-09-08-01-setup,raw/gkp-discover-03-booking-systems.csv,857
ob_001799,kw_001775,,discover,country,United Kingdom,English,Google Search,2025-08-01,2026-07-31,encoded_band,50,10,100,-1,-1,Unknown,,,,GBP,returned,2026-09-08,2026-09-08-01-setup,raw/gkp-discover-03-booking-systems.csv,858
ob_001800,kw_001776,,discover,country,United Kingdom,English,Google Search,2025-08-01,2026-07-31,encoded_band,50,10,100,-1,-1,Unknown,,,,GBP,returned,2026-09-08,2026-09-08-01-setup,raw/gkp-discover-03-booking-systems.csv,859
ob_001801,kw_001777,,discover,country,United Kingdom,English,Google Search,2025-08-01,2026-07-31,encoded_band,50,10,100,0,0,Medium,64,,,GBP,returned,2026-09-08,2026-09-08-01-setup,raw/gkp-discover-03-booking-systems.csv,860
ob_001802,kw_001778,,discover,country,United Kingdom,English,Google Search,2025-08-01,2026-07-31,encoded_band,50,10,100,0,0,Low,12,,,GBP,returned,2026-09-08,2026-09-08-01-setup,raw/gkp-discover-03-booking-systems.csv,861
ob_001803,kw_001779,,discover,country,United Kingdom,English,Google Search,2025-08-01,2026-07-31,encoded_band,50,10,100,0,0,Low,0,,,GBP,returned,2026-09-08,2026-09-08-01-setup,raw/gkp-discover-03-booking-systems.csv,862
ob_001804,kw_001780,,discover,country,United Kingdom,English,Google Search,2025-08-01,2026-07-31,encoded_band,50,10,100,0,-1,Unknown,,,,GBP,returned,2026-09-08,2026-09-08-01-setup,raw/gkp-discover-03-booking-systems.csv,863
ob_001805,kw_001781,,discover,country,United Kingdom,English,Google Search,2025-08-01,2026-07-31,encoded_band,500,100,1000,0,0,Low,19,8.03,24.03,GBP,returned,2026-09-08,2026-09-08-01-setup,raw/gkp-discover-03-booking-systems.csv,864
ob_001806,kw_001782,,discover,country,United Kingdom,English,Google Search,2025-08-01,2026-07-31,encoded_band,50,10,100,0,0,Low,0,,,GBP,returned,2026-09-08,2026-09-08-01-setup,raw/gkp-discover-03-booking-systems.csv,865
ob_001807,kw_001783,,discover,country,United Kingdom,English,Google Search,2025-08-01,2026-07-31,encoded_band,50,10,100,0,0,High,86,,,GBP,returned,2026-09-08,2026-09-08-01-setup,raw/gkp-discover-03-booking-systems.csv,866
ob_001808,kw_001784,,discover,country,United Kingdom,English,Google Search,2025-08-01,2026-07-31,encoded_band,50,10,100,0,0,Low,4,,,GBP,returned,2026-09-08,2026-09-08-01-setup,raw/gkp-discover-03-booking-systems.csv,867
ob_001809,kw_001785,,discover,country,United Kingdom,English,Google Search,2025-08-01,2026-07-31,encoded_band,50,10,100,0,0,Unknown,,,,GBP,returned,2026-09-08,2026-09-08-01-setup,raw/gkp-discover-03-booking-systems.csv,868
ob_001810,kw_001786,,discover,country,United Kingdom,English,Google Search,2025-08-01,2026-07-31,encoded_band,50,10,100,,,Low,0,,,GBP,returned,2026-09-08,2026-09-08-01-setup,raw/gkp-discover-03-booking-systems.csv,869
ob_001811,kw_001787,,discover,country,United Kingdom,English,Google Search,2025-08-01,2026-07-31,encoded_band,0,0,0,0,0,Unknown,,,,GBP,zero,2026-09-08,2026-09-08-01-setup,raw/gkp-discover-03-booking-systems.csv,870
ob_001812,kw_001788,,discover,country,United Kingdom,English,Google Search,2025-08-01,2026-07-31,encoded_band,50,10,100,0,0,Low,0,,,GBP,returned,2026-09-08,2026-09-08-01-setup,raw/gkp-discover-03-booking-systems.csv,871
ob_001813,kw_001789,,discover,country,United Kingdom,English,Google Search,2025-08-01,2026-07-31,encoded_band,500,100,1000,0,0,Low,17,1.88,8.11,GBP,returned,2026-09-08,2026-09-08-01-setup,raw/gkp-discover-03-booking-systems.csv,872
ob_001814,kw_001790,,discover,country,United Kingdom,English,Google Search,2025-08-01,2026-07-31,encoded_band,50,10,100,-1,-1,Unknown,,,,GBP,returned,2026-09-08,2026-09-08-01-setup,raw/gkp-discover-03-booking-systems.csv,873
ob_001815,kw_001791,,discover,country,United Kingdom,English,Google Search,2025-08-01,2026-07-31,encoded_band,50,10,100,-1,-1,Unknown,,,,GBP,returned,2026-09-08,2026-09-08-01-setup,raw/gkp-discover-03-booking-systems.csv,874
ob_001816,kw_001792,,discover,country,United Kingdom,English,Google Search,2025-08-01,2026-07-31,encoded_band,50,10,100,0,0,Unknown,,,,GBP,returned,2026-09-08,2026-09-08-01-setup,raw/gkp-discover-03-booking-systems.csv,875
ob_001817,kw_001793,,discover,country,United Kingdom,English,Google Search,2025-08-01,2026-07-31,encoded_band,50,10,100,0,-1,Unknown,,,,GBP,returned,2026-09-08,2026-09-08-01-setup,raw/gkp-discover-03-booking-systems.csv,876
ob_001818,kw_001794,,discover,country,United Kingdom,English,Google Search,2025-08-01,2026-07-31,encoded_band,50,10,100,0,0,Unknown,,,,GBP,returned,2026-09-08,2026-09-08-01-setup,raw/gkp-discover-03-booking-systems.csv,877
ob_001819,kw_001795,,discover,country,United Kingdom,English,Google Search,2025-08-01,2026-07-31,encoded_band,50,10,100,0,-1,Unknown,,,,GBP,returned,2026-09-08,2026-09-08-01-setup,raw/gkp-discover-03-booking-systems.csv,878
ob_001820,kw_001796,,discover,country,United Kingdom,English,Google Search,2025-08-01,2026-07-31,encoded_band,50,10,100,,,High,86,,,GBP,returned,2026-09-08,2026-09-08-01-setup,raw/gkp-discover-03-booking-systems.csv,879
ob_001821,kw_001797,,discover,country,United Kingdom,English,Google Search,2025-08-01,2026-07-31,encoded_band,50,10,100,-1,0,Unknown,,,,GBP,returned,2026-09-08,2026-09-08-01-setup,raw/gkp-discover-03-booking-systems.csv,880
ob_001822,kw_001798,,discover,country,United Kingdom,English,Google Search,2025-08-01,2026-07-31,encoded_band,0,0,0,0,-1,Unknown,,,,GBP,zero,2026-09-08,2026-09-08-01-setup,raw/gkp-discover-03-booking-systems.csv,881
ob_001823,kw_001799,,discover,country,United Kingdom,English,Google Search,2025-08-01,2026-07-31,encoded_band,50,10,100,0,0,High,73,11.31,36.15,GBP,returned,2026-09-08,2026-09-08-01-setup,raw/gkp-discover-03-booking-systems.csv,882
ob_001824,kw_001800,,discover,country,United Kingdom,English,Google Search,2025-08-01,2026-07-31,encoded_band,0,0,0,0,-1,Unknown,,,,GBP,zero,2026-09-08,2026-09-08-01-setup,raw/gkp-discover-03-booking-systems.csv,883
ob_001825,kw_001801,,discover,country,United Kingdom,English,Google Search,2025-08-01,2026-07-31,encoded_band,50,10,100,-1,0,Unknown,,,,GBP,returned,2026-09-08,2026-09-08-01-setup,raw/gkp-discover-03-booking-systems.csv,884
ob_001826,kw_001802,,discover,country,United Kingdom,English,Google Search,2025-08-01,2026-07-31,encoded_band,50,10,100,-1,0,Unknown,,,,GBP,returned,2026-09-08,2026-09-08-01-setup,raw/gkp-discover-03-booking-systems.csv,885
ob_001827,kw_001803,,discover,country,United Kingdom,English,Google Search,2025-08-01,2026-07-31,encoded_band,50,10,100,0,0,Unknown,,,,GBP,returned,2026-09-08,2026-09-08-01-setup,raw/gkp-discover-03-booking-systems.csv,886
ob_001828,kw_001804,,discover,country,United Kingdom,English,Google Search,2025-08-01,2026-07-31,encoded_band,50,10,100,0,0,High,75,5.27,33.94,GBP,returned,2026-09-08,2026-09-08-01-setup,raw/gkp-discover-03-booking-systems.csv,887
ob_001829,kw_001805,,discover,country,United Kingdom,English,Google Search,2025-08-01,2026-07-31,encoded_band,50,10,100,,0,Low,0,,,GBP,returned,2026-09-08,2026-09-08-01-setup,raw/gkp-discover-03-booking-systems.csv,888
ob_001830,kw_001806,,discover,country,United Kingdom,English,Google Search,2025-08-01,2026-07-31,encoded_band,50,10,100,0,0,Low,5,,,GBP,returned,2026-09-08,2026-09-08-01-setup,raw/gkp-discover-03-booking-systems.csv,889
ob_001831,kw_001807,,discover,country,United Kingdom,English,Google Search,2025-08-01,2026-07-31,encoded_band,50,10,100,-1,-1,Unknown,,,,GBP,returned,2026-09-08,2026-09-08-01-setup,raw/gkp-discover-03-booking-systems.csv,890
ob_001832,kw_001808,,discover,country,United Kingdom,English,Google Search,2025-08-01,2026-07-31,encoded_band,50,10,100,0,0,Medium,37,4.37,17.62,GBP,returned,2026-09-08,2026-09-08-01-setup,raw/gkp-discover-03-booking-systems.csv,891
ob_001833,kw_001809,,discover,country,United Kingdom,English,Google Search,2025-08-01,2026-07-31,encoded_band,50,10,100,0,0,Unknown,,,,GBP,returned,2026-09-08,2026-09-08-01-setup,raw/gkp-discover-03-booking-systems.csv,892
ob_001834,kw_001810,,discover,country,United Kingdom,English,Google Search,2025-08-01,2026-07-31,encoded_band,50,10,100,-1,-1,Unknown,,,,GBP,returned,2026-09-08,2026-09-08-01-setup,raw/gkp-discover-03-booking-systems.csv,893
ob_001835,kw_001811,,discover,country,United Kingdom,English,Google Search,2025-08-01,2026-07-31,encoded_band,50,10,100,0,0,Unknown,,,,GBP,returned,2026-09-08,2026-09-08-01-setup,raw/gkp-discover-03-booking-systems.csv,894
ob_001836,kw_001812,,discover,country,United Kingdom,English,Google Search,2025-08-01,2026-07-31,encoded_band,50,10,100,0,0,Medium,63,4.61,18.84,GBP,returned,2026-09-08,2026-09-08-01-setup,raw/gkp-discover-03-booking-systems.csv,895
ob_001837,kw_001813,,discover,country,United Kingdom,English,Google Search,2025-08-01,2026-07-31,encoded_band,50,10,100,0,0,High,71,,,GBP,returned,2026-09-08,2026-09-08-01-setup,raw/gkp-discover-03-booking-systems.csv,896
ob_001838,kw_001814,,discover,country,United Kingdom,English,Google Search,2025-08-01,2026-07-31,encoded_band,50,10,100,0,-1,Unknown,,,,GBP,returned,2026-09-08,2026-09-08-01-setup,raw/gkp-discover-03-booking-systems.csv,897
ob_001839,kw_001815,,discover,country,United Kingdom,English,Google Search,2025-08-01,2026-07-31,encoded_band,50,10,100,0,0,Medium,47,3.88,12.67,GBP,returned,2026-09-08,2026-09-08-01-setup,raw/gkp-discover-03-booking-systems.csv,898
ob_001840,kw_001816,,discover,country,United Kingdom,English,Google Search,2025-08-01,2026-07-31,encoded_band,50,10,100,0,-1,Unknown,,,,GBP,returned,2026-09-08,2026-09-08-01-setup,raw/gkp-discover-03-booking-systems.csv,899
ob_001841,kw_001817,,discover,country,United Kingdom,English,Google Search,2025-08-01,2026-07-31,encoded_band,50,10,100,0,0,Medium,43,,,GBP,returned,2026-09-08,2026-09-08-01-setup,raw/gkp-discover-03-booking-systems.csv,900
ob_001842,kw_001818,,discover,country,United Kingdom,English,Google Search,2025-08-01,2026-07-31,encoded_band,50,10,100,0,0,Unknown,,,,GBP,returned,2026-09-08,2026-09-08-01-setup,raw/gkp-discover-03-booking-systems.csv,901
ob_001843,kw_001819,,discover,country,United Kingdom,English,Google Search,2025-08-01,2026-07-31,encoded_band,50,10,100,0,0,Medium,54,,,GBP,returned,2026-09-08,2026-09-08-01-setup,raw/gkp-discover-03-booking-systems.csv,902
ob_001844,kw_001820,,discover,country,United Kingdom,English,Google Search,2025-08-01,2026-07-31,encoded_band,50,10,100,0,0,High,86,,,GBP,returned,2026-09-08,2026-09-08-01-setup,raw/gkp-discover-03-booking-systems.csv,903
ob_001845,kw_001821,,discover,country,United Kingdom,English,Google Search,2025-08-01,2026-07-31,encoded_band,0,0,0,0,-1,Unknown,,,,GBP,zero,2026-09-08,2026-09-08-01-setup,raw/gkp-discover-03-booking-systems.csv,904
ob_001846,kw_001822,,discover,country,United Kingdom,English,Google Search,2025-08-01,2026-07-31,encoded_band,50,10,100,0,0,Unknown,,,,GBP,returned,2026-09-08,2026-09-08-01-setup,raw/gkp-discover-03-booking-systems.csv,905
ob_001847,kw_001823,,discover,country,United Kingdom,English,Google Search,2025-08-01,2026-07-31,encoded_band,50,10,100,-1,0,Unknown,,,,GBP,returned,2026-09-08,2026-09-08-01-setup,raw/gkp-discover-03-booking-systems.csv,906
ob_001848,kw_001824,,discover,country,United Kingdom,English,Google Search,2025-08-01,2026-07-31,encoded_band,50,10,100,0,-1,Unknown,,,,GBP,returned,2026-09-08,2026-09-08-01-setup,raw/gkp-discover-03-booking-systems.csv,907
ob_001849,kw_001825,,discover,country,United Kingdom,English,Google Search,2025-08-01,2026-07-31,encoded_band,50,10,100,0,0,Low,0,,,GBP,returned,2026-09-08,2026-09-08-01-setup,raw/gkp-discover-03-booking-systems.csv,908
ob_001850,kw_001826,,discover,country,United Kingdom,English,Google Search,2025-08-01,2026-07-31,encoded_band,50,10,100,,0,High,71,1.53,3.25,GBP,returned,2026-09-08,2026-09-08-01-setup,raw/gkp-discover-03-booking-systems.csv,909
ob_001851,kw_001827,,discover,country,United Kingdom,English,Google Search,2025-08-01,2026-07-31,encoded_band,50,10,100,0,0,Medium,37,2.71,14.74,GBP,returned,2026-09-08,2026-09-08-01-setup,raw/gkp-discover-03-booking-systems.csv,910
ob_001852,kw_001828,,discover,country,United Kingdom,English,Google Search,2025-08-01,2026-07-31,encoded_band,50,10,100,-1,0,Unknown,,,,GBP,returned,2026-09-08,2026-09-08-01-setup,raw/gkp-discover-03-booking-systems.csv,911
ob_001853,kw_001829,,discover,country,United Kingdom,English,Google Search,2025-08-01,2026-07-31,encoded_band,50,10,100,-1,-1,Unknown,,,,GBP,returned,2026-09-08,2026-09-08-01-setup,raw/gkp-discover-03-booking-systems.csv,912
ob_001854,kw_001830,,discover,country,United Kingdom,English,Google Search,2025-08-01,2026-07-31,encoded_band,50,10,100,-1,-1,Unknown,,,,GBP,returned,2026-09-08,2026-09-08-01-setup,raw/gkp-discover-03-booking-systems.csv,913
ob_001855,kw_001831,,discover,country,United Kingdom,English,Google Search,2025-08-01,2026-07-31,encoded_band,50,10,100,0,0,Unknown,,,,GBP,returned,2026-09-08,2026-09-08-01-setup,raw/gkp-discover-03-booking-systems.csv,914
ob_001856,kw_001832,,discover,country,United Kingdom,English,Google Search,2025-08-01,2026-07-31,encoded_band,50,10,100,0,0,High,71,,,GBP,returned,2026-09-08,2026-09-08-01-setup,raw/gkp-discover-03-booking-systems.csv,915
ob_001857,kw_001833,,discover,country,United Kingdom,English,Google Search,2025-08-01,2026-07-31,encoded_band,50,10,100,,,Low,0,,,GBP,returned,2026-09-08,2026-09-08-01-setup,raw/gkp-discover-03-booking-systems.csv,916
ob_001858,kw_001834,,discover,country,United Kingdom,English,Google Search,2025-08-01,2026-07-31,encoded_band,50,10,100,0,-1,Unknown,,,,GBP,returned,2026-09-08,2026-09-08-01-setup,raw/gkp-discover-03-booking-systems.csv,917
ob_001859,kw_001835,,discover,country,United Kingdom,English,Google Search,2025-08-01,2026-07-31,encoded_band,50,10,100,,0,Low,29,,,GBP,returned,2026-09-08,2026-09-08-01-setup,raw/gkp-discover-03-booking-systems.csv,918
ob_001860,kw_001836,,discover,country,United Kingdom,English,Google Search,2025-08-01,2026-07-31,encoded_band,50,10,100,0,0,Medium,57,,,GBP,returned,2026-09-08,2026-09-08-01-setup,raw/gkp-discover-03-booking-systems.csv,919
ob_001861,kw_001837,,discover,country,United Kingdom,English,Google Search,2025-08-01,2026-07-31,encoded_band,50,10,100,,0,Medium,43,,,GBP,returned,2026-09-08,2026-09-08-01-setup,raw/gkp-discover-03-booking-systems.csv,920
ob_001862,kw_001838,,discover,country,United Kingdom,English,Google Search,2025-08-01,2026-07-31,encoded_band,50,10,100,0,0,Low,10,,,GBP,returned,2026-09-08,2026-09-08-01-setup,raw/gkp-discover-03-booking-systems.csv,921
ob_001863,kw_001839,,discover,country,United Kingdom,English,Google Search,2025-08-01,2026-07-31,encoded_band,50,10,100,0,0,Unknown,,,,GBP,returned,2026-09-08,2026-09-08-01-setup,raw/gkp-discover-03-booking-systems.csv,922
ob_001864,kw_001840,,discover,country,United Kingdom,English,Google Search,2025-08-01,2026-07-31,encoded_band,50,10,100,0,0,Low,1,,,GBP,returned,2026-09-08,2026-09-08-01-setup,raw/gkp-discover-03-booking-systems.csv,923
ob_001865,kw_001841,,discover,country,United Kingdom,English,Google Search,2025-08-01,2026-07-31,encoded_band,50,10,100,0,0,Unknown,,,,GBP,returned,2026-09-08,2026-09-08-01-setup,raw/gkp-discover-03-booking-systems.csv,924
ob_001866,kw_001842,,discover,country,United Kingdom,English,Google Search,2025-08-01,2026-07-31,encoded_band,50,10,100,0,0,High,80,1.39,6.55,GBP,returned,2026-09-08,2026-09-08-01-setup,raw/gkp-discover-03-booking-systems.csv,925
ob_001867,kw_001843,,discover,country,United Kingdom,English,Google Search,2025-08-01,2026-07-31,encoded_band,500,100,1000,0,-0.9,Low,21,24.36,66.11,GBP,returned,2026-09-08,2026-09-08-01-setup,raw/gkp-discover-03-booking-systems.csv,926
ob_001868,kw_001844,,discover,country,United Kingdom,English,Google Search,2025-08-01,2026-07-31,encoded_band,50,10,100,0,-1,Unknown,,,,GBP,returned,2026-09-08,2026-09-08-01-setup,raw/gkp-discover-03-booking-systems.csv,927
ob_001869,kw_001845,,discover,country,United Kingdom,English,Google Search,2025-08-01,2026-07-31,encoded_band,50,10,100,0,0,Low,0,,,GBP,returned,2026-09-08,2026-09-08-01-setup,raw/gkp-discover-03-booking-systems.csv,928
ob_001870,kw_001846,,discover,country,United Kingdom,English,Google Search,2025-08-01,2026-07-31,encoded_band,50,10,100,0,0,Low,24,,,GBP,returned,2026-09-08,2026-09-08-01-setup,raw/gkp-discover-03-booking-systems.csv,929
ob_001871,kw_001847,,discover,country,United Kingdom,English,Google Search,2025-08-01,2026-07-31,encoded_band,500,100,1000,0,-0.9,Medium,52,3,11.63,GBP,returned,2026-09-08,2026-09-08-01-setup,raw/gkp-discover-03-booking-systems.csv,930
ob_001872,kw_001848,,discover,country,United Kingdom,English,Google Search,2025-08-01,2026-07-31,encoded_band,0,0,0,0,0,Unknown,,,,GBP,zero,2026-09-08,2026-09-08-01-setup,raw/gkp-discover-03-booking-systems.csv,931
ob_001873,kw_001849,,discover,country,United Kingdom,English,Google Search,2025-08-01,2026-07-31,encoded_band,50,10,100,0,0,Unknown,,,,GBP,returned,2026-09-08,2026-09-08-01-setup,raw/gkp-discover-03-booking-systems.csv,932
ob_001874,kw_001850,,discover,country,United Kingdom,English,Google Search,2025-08-01,2026-07-31,encoded_band,0,0,0,0,0,Unknown,,,,GBP,zero,2026-09-08,2026-09-08-01-setup,raw/gkp-discover-03-booking-systems.csv,933
ob_001875,kw_001851,,discover,country,United Kingdom,English,Google Search,2025-08-01,2026-07-31,encoded_band,50,10,100,-1,0,Unknown,,,,GBP,returned,2026-09-08,2026-09-08-01-setup,raw/gkp-discover-03-booking-systems.csv,934
ob_001876,kw_001852,,discover,country,United Kingdom,English,Google Search,2025-08-01,2026-07-31,encoded_band,50,10,100,0,0,Low,30,10.57,29.78,GBP,returned,2026-09-08,2026-09-08-01-setup,raw/gkp-discover-03-booking-systems.csv,935
ob_001877,kw_001853,,discover,country,United Kingdom,English,Google Search,2025-08-01,2026-07-31,encoded_band,50,10,100,0,0,Low,29,,,GBP,returned,2026-09-08,2026-09-08-01-setup,raw/gkp-discover-03-booking-systems.csv,936
ob_001878,kw_001854,,discover,country,United Kingdom,English,Google Search,2025-08-01,2026-07-31,encoded_band,50,10,100,0,0,Unknown,,,,GBP,returned,2026-09-08,2026-09-08-01-setup,raw/gkp-discover-03-booking-systems.csv,937
ob_001879,kw_001855,,discover,country,United Kingdom,English,Google Search,2025-08-01,2026-07-31,encoded_band,50,10,100,0,0,Unknown,,,,GBP,returned,2026-09-08,2026-09-08-01-setup,raw/gkp-discover-03-booking-systems.csv,938
ob_001880,kw_001856,,discover,country,United Kingdom,English,Google Search,2025-08-01,2026-07-31,encoded_band,50,10,100,0,0,Low,29,,,GBP,returned,2026-09-08,2026-09-08-01-setup,raw/gkp-discover-03-booking-systems.csv,939
ob_001881,kw_001857,,discover,country,United Kingdom,English,Google Search,2025-08-01,2026-07-31,encoded_band,0,0,0,0,0,Unknown,,,,GBP,zero,2026-09-08,2026-09-08-01-setup,raw/gkp-discover-03-booking-systems.csv,940
ob_001882,kw_001858,,discover,country,United Kingdom,English,Google Search,2025-08-01,2026-07-31,encoded_band,50,10,100,0,0,High,71,,,GBP,returned,2026-09-08,2026-09-08-01-setup,raw/gkp-discover-03-booking-systems.csv,941
ob_001883,kw_001859,,discover,country,United Kingdom,English,Google Search,2025-08-01,2026-07-31,encoded_band,500,100,1000,0,-0.9,Low,27,9.68,28.11,GBP,returned,2026-09-08,2026-09-08-01-setup,raw/gkp-discover-03-booking-systems.csv,942
ob_001884,kw_001860,,discover,country,United Kingdom,English,Google Search,2025-08-01,2026-07-31,encoded_band,0,0,0,0,0,Unknown,,,,GBP,zero,2026-09-08,2026-09-08-01-setup,raw/gkp-discover-03-booking-systems.csv,943
ob_001885,kw_001861,,discover,country,United Kingdom,English,Google Search,2025-08-01,2026-07-31,encoded_band,50,10,100,,,Medium,43,,,GBP,returned,2026-09-08,2026-09-08-01-setup,raw/gkp-discover-03-booking-systems.csv,944
ob_001886,kw_001862,,discover,country,United Kingdom,English,Google Search,2025-08-01,2026-07-31,encoded_band,50,10,100,0,0,Low,0,,,GBP,returned,2026-09-08,2026-09-08-01-setup,raw/gkp-discover-03-booking-systems.csv,945
ob_001887,kw_001863,,discover,country,United Kingdom,English,Google Search,2025-08-01,2026-07-31,encoded_band,50,10,100,-1,0,Unknown,,,,GBP,returned,2026-09-08,2026-09-08-01-setup,raw/gkp-discover-03-booking-systems.csv,946
ob_001888,kw_001864,,discover,country,United Kingdom,English,Google Search,2025-08-01,2026-07-31,encoded_band,0,0,0,0,0,Unknown,,,,GBP,zero,2026-09-08,2026-09-08-01-setup,raw/gkp-discover-03-booking-systems.csv,947
ob_001889,kw_001865,,discover,country,United Kingdom,English,Google Search,2025-08-01,2026-07-31,encoded_band,500,100,1000,0,0,Low,19,8.03,24.03,GBP,returned,2026-09-08,2026-09-08-01-setup,raw/gkp-discover-03-booking-systems.csv,948
ob_001890,kw_001866,,discover,country,United Kingdom,English,Google Search,2025-08-01,2026-07-31,encoded_band,50,10,100,0,,High,81,4.52,15.57,GBP,returned,2026-09-08,2026-09-08-01-setup,raw/gkp-discover-03-booking-systems.csv,949
ob_001891,kw_001867,,discover,country,United Kingdom,English,Google Search,2025-08-01,2026-07-31,encoded_band,50,10,100,-1,-1,Unknown,,,,GBP,returned,2026-09-08,2026-09-08-01-setup,raw/gkp-discover-03-booking-systems.csv,950
ob_001892,kw_001868,,discover,country,United Kingdom,English,Google Search,2025-08-01,2026-07-31,encoded_band,50,10,100,0,0,Unknown,,,,GBP,returned,2026-09-08,2026-09-08-01-setup,raw/gkp-discover-03-booking-systems.csv,951
ob_001893,kw_001869,,discover,country,United Kingdom,English,Google Search,2025-08-01,2026-07-31,encoded_band,50,10,100,0,-1,Unknown,,,,GBP,returned,2026-09-08,2026-09-08-01-setup,raw/gkp-discover-03-booking-systems.csv,952
ob_001894,kw_001870,,discover,country,United Kingdom,English,Google Search,2025-08-01,2026-07-31,encoded_band,50,10,100,0,0,Medium,50,,,GBP,returned,2026-09-08,2026-09-08-01-setup,raw/gkp-discover-03-booking-systems.csv,953
ob_001895,kw_001871,,discover,country,United Kingdom,English,Google Search,2025-08-01,2026-07-31,encoded_band,50,10,100,0,0,Unknown,,,,GBP,returned,2026-09-08,2026-09-08-01-setup,raw/gkp-discover-03-booking-systems.csv,954
ob_001896,kw_001872,,discover,country,United Kingdom,English,Google Search,2025-08-01,2026-07-31,encoded_band,50,10,100,-1,-1,Unknown,,,,GBP,returned,2026-09-08,2026-09-08-01-setup,raw/gkp-discover-03-booking-systems.csv,955
ob_001897,kw_001873,,discover,country,United Kingdom,English,Google Search,2025-08-01,2026-07-31,encoded_band,50,10,100,0,0,Medium,56,6.75,47.49,GBP,returned,2026-09-08,2026-09-08-01-setup,raw/gkp-discover-03-booking-systems.csv,956
ob_001898,kw_001874,,discover,country,United Kingdom,English,Google Search,2025-08-01,2026-07-31,encoded_band,50,10,100,0,0,Unknown,,,,GBP,returned,2026-09-08,2026-09-08-01-setup,raw/gkp-discover-03-booking-systems.csv,957
ob_001899,kw_001875,,discover,country,United Kingdom,English,Google Search,2025-08-01,2026-07-31,encoded_band,0,0,0,0,0,Unknown,,,,GBP,zero,2026-09-08,2026-09-08-01-setup,raw/gkp-discover-03-booking-systems.csv,958
ob_001900,kw_001876,,discover,country,United Kingdom,English,Google Search,2025-08-01,2026-07-31,encoded_band,50,10,100,0,0,Low,0,,,GBP,returned,2026-09-08,2026-09-08-01-setup,raw/gkp-discover-03-booking-systems.csv,959
ob_001901,kw_001877,,discover,country,United Kingdom,English,Google Search,2025-08-01,2026-07-31,encoded_band,50,10,100,-1,-1,Unknown,,,,GBP,returned,2026-09-08,2026-09-08-01-setup,raw/gkp-discover-03-booking-systems.csv,960
ob_001902,kw_001878,,discover,country,United Kingdom,English,Google Search,2025-08-01,2026-07-31,encoded_band,50,10,100,0,0,Low,20,6.49,19.59,GBP,returned,2026-09-08,2026-09-08-01-setup,raw/gkp-discover-03-booking-systems.csv,961
ob_001903,kw_001879,,discover,country,United Kingdom,English,Google Search,2025-08-01,2026-07-31,encoded_band,50,10,100,0,0,High,71,,,GBP,returned,2026-09-08,2026-09-08-01-setup,raw/gkp-discover-03-booking-systems.csv,962
ob_001904,kw_001880,,discover,country,United Kingdom,English,Google Search,2025-08-01,2026-07-31,encoded_band,50,10,100,0,,High,71,,,GBP,returned,2026-09-08,2026-09-08-01-setup,raw/gkp-discover-03-booking-systems.csv,963
ob_001905,kw_001881,,discover,country,United Kingdom,English,Google Search,2025-08-01,2026-07-31,encoded_band,50,10,100,0,0,Unknown,,,,GBP,returned,2026-09-08,2026-09-08-01-setup,raw/gkp-discover-03-booking-systems.csv,964
ob_001906,kw_001882,,discover,country,United Kingdom,English,Google Search,2025-08-01,2026-07-31,encoded_band,50,10,100,0,0,High,86,,,GBP,returned,2026-09-08,2026-09-08-01-setup,raw/gkp-discover-03-booking-systems.csv,965
ob_001907,kw_001883,,discover,country,United Kingdom,English,Google Search,2025-08-01,2026-07-31,encoded_band,50,10,100,0,0,Medium,36,,,GBP,returned,2026-09-08,2026-09-08-01-setup,raw/gkp-discover-03-booking-systems.csv,966
ob_001908,kw_001884,,discover,country,United Kingdom,English,Google Search,2025-08-01,2026-07-31,encoded_band,0,0,0,0,-1,Unknown,,,,GBP,zero,2026-09-08,2026-09-08-01-setup,raw/gkp-discover-03-booking-systems.csv,967
ob_001909,kw_001885,,discover,country,United Kingdom,English,Google Search,2025-08-01,2026-07-31,encoded_band,50,10,100,0,0,Medium,43,,,GBP,returned,2026-09-08,2026-09-08-01-setup,raw/gkp-discover-03-booking-systems.csv,968
ob_001910,kw_001886,,discover,country,United Kingdom,English,Google Search,2025-08-01,2026-07-31,encoded_band,50,10,100,0,0,Medium,54,2.08,6.35,GBP,returned,2026-09-08,2026-09-08-01-setup,raw/gkp-discover-03-booking-systems.csv,969
ob_001911,kw_001887,,discover,country,United Kingdom,English,Google Search,2025-08-01,2026-07-31,encoded_band,50,10,100,0,0,Low,30,10.57,29.78,GBP,returned,2026-09-08,2026-09-08-01-setup,raw/gkp-discover-03-booking-systems.csv,970
ob_001912,kw_001888,,discover,country,United Kingdom,English,Google Search,2025-08-01,2026-07-31,encoded_band,50,10,100,-1,-1,Unknown,,,,GBP,returned,2026-09-08,2026-09-08-01-setup,raw/gkp-discover-03-booking-systems.csv,971
ob_001913,kw_001889,,discover,country,United Kingdom,English,Google Search,2025-08-01,2026-07-31,encoded_band,50,10,100,0,0,Medium,61,2.17,12.49,GBP,returned,2026-09-08,2026-09-08-01-setup,raw/gkp-discover-03-booking-systems.csv,972
ob_001914,kw_001890,,discover,country,United Kingdom,English,Google Search,2025-08-01,2026-07-31,encoded_band,50,10,100,-1,0,Unknown,,,,GBP,returned,2026-09-08,2026-09-08-01-setup,raw/gkp-discover-03-booking-systems.csv,973
ob_001915,kw_001891,,discover,country,United Kingdom,English,Google Search,2025-08-01,2026-07-31,encoded_band,0,0,0,0,0,Unknown,,,,GBP,zero,2026-09-08,2026-09-08-01-setup,raw/gkp-discover-03-booking-systems.csv,974
ob_001916,kw_001892,,discover,country,United Kingdom,English,Google Search,2025-08-01,2026-07-31,encoded_band,50,10,100,,0,Low,0,,,GBP,returned,2026-09-08,2026-09-08-01-setup,raw/gkp-discover-03-booking-systems.csv,975
ob_001917,kw_001893,,discover,country,United Kingdom,English,Google Search,2025-08-01,2026-07-31,encoded_band,0,0,0,0,0,Unknown,,,,GBP,zero,2026-09-08,2026-09-08-01-setup,raw/gkp-discover-03-booking-systems.csv,976
ob_001918,kw_001894,,discover,country,United Kingdom,English,Google Search,2025-08-01,2026-07-31,encoded_band,50,10,100,0,0,Low,16,,,GBP,returned,2026-09-08,2026-09-08-01-setup,raw/gkp-discover-03-booking-systems.csv,977
ob_001919,kw_001895,,discover,country,United Kingdom,English,Google Search,2025-08-01,2026-07-31,encoded_band,50,10,100,0,0,Low,29,,,GBP,returned,2026-09-08,2026-09-08-01-setup,raw/gkp-discover-03-booking-systems.csv,978
ob_001920,kw_001896,,discover,country,United Kingdom,English,Google Search,2025-08-01,2026-07-31,encoded_band,50,10,100,0,,Medium,37,3.15,15.49,GBP,returned,2026-09-08,2026-09-08-01-setup,raw/gkp-discover-03-booking-systems.csv,979
ob_001921,kw_001897,,discover,country,United Kingdom,English,Google Search,2025-08-01,2026-07-31,encoded_band,50,10,100,-1,-1,Unknown,,,,GBP,returned,2026-09-08,2026-09-08-01-setup,raw/gkp-discover-03-booking-systems.csv,980
ob_001922,kw_001898,,discover,country,United Kingdom,English,Google Search,2025-08-01,2026-07-31,encoded_band,50,10,100,-1,-1,Unknown,,,,GBP,returned,2026-09-08,2026-09-08-01-setup,raw/gkp-discover-03-booking-systems.csv,981
ob_001923,kw_001899,,discover,country,United Kingdom,English,Google Search,2025-08-01,2026-07-31,encoded_band,50,10,100,,,Low,21,,,GBP,returned,2026-09-08,2026-09-08-01-setup,raw/gkp-discover-03-booking-systems.csv,982
ob_001924,kw_001900,,discover,country,United Kingdom,English,Google Search,2025-08-01,2026-07-31,encoded_band,50,10,100,0,0,Unknown,,,,GBP,returned,2026-09-08,2026-09-08-01-setup,raw/gkp-discover-03-booking-systems.csv,983
ob_001925,kw_001901,,discover,country,United Kingdom,English,Google Search,2025-08-01,2026-07-31,encoded_band,50,10,100,0,0,Low,12,,,GBP,returned,2026-09-08,2026-09-08-01-setup,raw/gkp-discover-03-booking-systems.csv,984
ob_001926,kw_001902,,discover,country,United Kingdom,English,Google Search,2025-08-01,2026-07-31,encoded_band,50,10,100,0,0,Low,0,,,GBP,returned,2026-09-08,2026-09-08-01-setup,raw/gkp-discover-03-booking-systems.csv,985
ob_001927,kw_001903,,discover,country,United Kingdom,English,Google Search,2025-08-01,2026-07-31,encoded_band,0,0,0,0,0,Unknown,,,,GBP,zero,2026-09-08,2026-09-08-01-setup,raw/gkp-discover-03-booking-systems.csv,986
ob_001928,kw_001904,,discover,country,United Kingdom,English,Google Search,2025-08-01,2026-07-31,encoded_band,50,10,100,-1,-1,Unknown,,,,GBP,returned,2026-09-08,2026-09-08-01-setup,raw/gkp-discover-03-booking-systems.csv,987
ob_001929,kw_001905,,discover,country,United Kingdom,English,Google Search,2025-08-01,2026-07-31,encoded_band,50,10,100,0,0,Unknown,,,,GBP,returned,2026-09-08,2026-09-08-01-setup,raw/gkp-discover-03-booking-systems.csv,988
ob_001930,kw_001906,,discover,country,United Kingdom,English,Google Search,2025-08-01,2026-07-31,encoded_band,50,10,100,0,-1,Unknown,,,,GBP,returned,2026-09-08,2026-09-08-01-setup,raw/gkp-discover-03-booking-systems.csv,989
ob_001931,kw_001907,,discover,country,United Kingdom,English,Google Search,2025-08-01,2026-07-31,encoded_band,50,10,100,0,0,Medium,64,2.46,6.4,GBP,returned,2026-09-08,2026-09-08-01-setup,raw/gkp-discover-03-booking-systems.csv,990
ob_001932,kw_001908,,discover,country,United Kingdom,English,Google Search,2025-08-01,2026-07-31,encoded_band,50,10,100,-1,-1,Unknown,,,,GBP,returned,2026-09-08,2026-09-08-01-setup,raw/gkp-discover-03-booking-systems.csv,991
ob_001933,kw_001909,,discover,country,United Kingdom,English,Google Search,2025-08-01,2026-07-31,encoded_band,50,10,100,,,High,86,,,GBP,returned,2026-09-08,2026-09-08-01-setup,raw/gkp-discover-03-booking-systems.csv,992
ob_001934,kw_001910,,discover,country,United Kingdom,English,Google Search,2025-08-01,2026-07-31,encoded_band,50,10,100,-1,-1,Unknown,,,,GBP,returned,2026-09-08,2026-09-08-01-setup,raw/gkp-discover-03-booking-systems.csv,993
ob_001935,kw_001911,,discover,country,United Kingdom,English,Google Search,2025-08-01,2026-07-31,encoded_band,50,10,100,0,0,High,86,,,GBP,returned,2026-09-08,2026-09-08-01-setup,raw/gkp-discover-03-booking-systems.csv,994
ob_001936,kw_001912,,discover,country,United Kingdom,English,Google Search,2025-08-01,2026-07-31,encoded_band,50,10,100,-1,0,Unknown,,,,GBP,returned,2026-09-08,2026-09-08-01-setup,raw/gkp-discover-03-booking-systems.csv,995
ob_001937,kw_001913,,discover,country,United Kingdom,English,Google Search,2025-08-01,2026-07-31,encoded_band,50,10,100,0,,High,71,,,GBP,returned,2026-09-08,2026-09-08-01-setup,raw/gkp-discover-03-booking-systems.csv,996
ob_001938,kw_001914,,discover,country,United Kingdom,English,Google Search,2025-08-01,2026-07-31,encoded_band,50,10,100,0,,High,86,,,GBP,returned,2026-09-08,2026-09-08-01-setup,raw/gkp-discover-03-booking-systems.csv,997
ob_001939,kw_001915,,discover,country,United Kingdom,English,Google Search,2025-08-01,2026-07-31,encoded_band,50,10,100,0,0,High,82,7.38,14.85,GBP,returned,2026-09-08,2026-09-08-01-setup,raw/gkp-discover-03-booking-systems.csv,998
ob_001940,kw_001916,,discover,country,United Kingdom,English,Google Search,2025-08-01,2026-07-31,encoded_band,50,10,100,0,0,Low,11,,,GBP,returned,2026-09-08,2026-09-08-01-setup,raw/gkp-discover-03-booking-systems.csv,999
ob_001941,kw_001917,,discover,country,United Kingdom,English,Google Search,2025-08-01,2026-07-31,encoded_band,50,10,100,,0,Medium,43,,,GBP,returned,2026-09-08,2026-09-08-01-setup,raw/gkp-discover-03-booking-systems.csv,1000
ob_001942,kw_001918,,discover,country,United Kingdom,English,Google Search,2025-08-01,2026-07-31,encoded_band,50,10,100,-1,-1,Unknown,,,,GBP,returned,2026-09-08,2026-09-08-01-setup,raw/gkp-discover-03-booking-systems.csv,1001
ob_001943,kw_001919,,discover,country,United Kingdom,English,Google Search,2025-08-01,2026-07-31,encoded_band,50,10,100,0,0,Medium,43,,,GBP,returned,2026-09-08,2026-09-08-01-setup,raw/gkp-discover-03-booking-systems.csv,1002
ob_001944,kw_001920,,discover,country,United Kingdom,English,Google Search,2025-08-01,2026-07-31,encoded_band,50,10,100,,,Medium,50,,,GBP,returned,2026-09-08,2026-09-08-01-setup,raw/gkp-discover-03-booking-systems.csv,1003
ob_001945,kw_001921,,discover,country,United Kingdom,English,Google Search,2025-08-01,2026-07-31,encoded_band,50,10,100,0,0,Low,11,,,GBP,returned,2026-09-08,2026-09-08-01-setup,raw/gkp-discover-03-booking-systems.csv,1004
ob_001946,kw_001922,,discover,country,United Kingdom,English,Google Search,2025-08-01,2026-07-31,encoded_band,50,10,100,0,,High,86,,,GBP,returned,2026-09-08,2026-09-08-01-setup,raw/gkp-discover-03-booking-systems.csv,1005
ob_001947,kw_001923,,discover,country,United Kingdom,English,Google Search,2025-08-01,2026-07-31,encoded_band,50,10,100,-1,-1,Unknown,,,,GBP,returned,2026-09-08,2026-09-08-01-setup,raw/gkp-discover-03-booking-systems.csv,1006
ob_001948,kw_001924,,discover,country,United Kingdom,English,Google Search,2025-08-01,2026-07-31,encoded_band,500,100,1000,0,0,Medium,56,5.77,27.04,GBP,returned,2026-09-08,2026-09-08-01-setup,raw/gkp-discover-03-booking-systems.csv,1007
ob_001949,kw_001925,,discover,country,United Kingdom,English,Google Search,2025-08-01,2026-07-31,encoded_band,50,10,100,0,-1,Unknown,,,,GBP,returned,2026-09-08,2026-09-08-01-setup,raw/gkp-discover-03-booking-systems.csv,1008
ob_001950,kw_001926,,discover,country,United Kingdom,English,Google Search,2025-08-01,2026-07-31,encoded_band,50,10,100,0,0,Low,0,,,GBP,returned,2026-09-08,2026-09-08-01-setup,raw/gkp-discover-03-booking-systems.csv,1009
ob_001951,kw_001927,,discover,country,United Kingdom,English,Google Search,2025-08-01,2026-07-31,encoded_band,50,10,100,0,0,Low,0,,,GBP,returned,2026-09-08,2026-09-08-01-setup,raw/gkp-discover-03-booking-systems.csv,1010
ob_001952,kw_001928,,discover,country,United Kingdom,English,Google Search,2025-08-01,2026-07-31,encoded_band,50,10,100,0,0,Unknown,,,,GBP,returned,2026-09-08,2026-09-08-01-setup,raw/gkp-discover-03-booking-systems.csv,1011
ob_001953,kw_001929,,discover,country,United Kingdom,English,Google Search,2025-08-01,2026-07-31,encoded_band,50,10,100,0,0,Low,17,,,GBP,returned,2026-09-08,2026-09-08-01-setup,raw/gkp-discover-03-booking-systems.csv,1012
ob_001954,kw_001930,,discover,country,United Kingdom,English,Google Search,2025-08-01,2026-07-31,encoded_band,50,10,100,0,0,Unknown,,,,GBP,returned,2026-09-08,2026-09-08-01-setup,raw/gkp-discover-03-booking-systems.csv,1013
ob_001955,kw_001931,,discover,country,United Kingdom,English,Google Search,2025-08-01,2026-07-31,encoded_band,50,10,100,-1,0,Unknown,,,,GBP,returned,2026-09-08,2026-09-08-01-setup,raw/gkp-discover-03-booking-systems.csv,1014
ob_001956,kw_001932,,discover,country,United Kingdom,English,Google Search,2025-08-01,2026-07-31,encoded_band,50,10,100,0,0,Unknown,,,,GBP,returned,2026-09-08,2026-09-08-01-setup,raw/gkp-discover-03-booking-systems.csv,1015
ob_001957,kw_001933,,discover,country,United Kingdom,English,Google Search,2025-08-01,2026-07-31,encoded_band,0,0,0,0,0,Unknown,,,,GBP,zero,2026-09-08,2026-09-08-01-setup,raw/gkp-discover-03-booking-systems.csv,1016
ob_001958,kw_001934,,discover,country,United Kingdom,English,Google Search,2025-08-01,2026-07-31,encoded_band,50,10,100,0,,Medium,43,,,GBP,returned,2026-09-08,2026-09-08-01-setup,raw/gkp-discover-03-booking-systems.csv,1017
ob_001959,kw_001935,,discover,country,United Kingdom,English,Google Search,2025-08-01,2026-07-31,encoded_band,50,10,100,0,0,Low,0,,,GBP,returned,2026-09-08,2026-09-08-01-setup,raw/gkp-discover-03-booking-systems.csv,1018
ob_001960,kw_001936,,discover,country,United Kingdom,English,Google Search,2025-08-01,2026-07-31,encoded_band,50,10,100,0,0,Low,0,,,GBP,returned,2026-09-08,2026-09-08-01-setup,raw/gkp-discover-03-booking-systems.csv,1019
ob_001961,kw_001937,,discover,country,United Kingdom,English,Google Search,2025-08-01,2026-07-31,encoded_band,50,10,100,-1,-1,Unknown,,,,GBP,returned,2026-09-08,2026-09-08-01-setup,raw/gkp-discover-03-booking-systems.csv,1020
ob_001962,kw_001938,,discover,country,United Kingdom,English,Google Search,2025-08-01,2026-07-31,encoded_band,50,10,100,-1,-1,Unknown,,,,GBP,returned,2026-09-08,2026-09-08-01-setup,raw/gkp-discover-03-booking-systems.csv,1021
ob_001963,kw_001939,,discover,country,United Kingdom,English,Google Search,2025-08-01,2026-07-31,encoded_band,50,10,100,0,0,Medium,43,4.13,14.22,GBP,returned,2026-09-08,2026-09-08-01-setup,raw/gkp-discover-03-booking-systems.csv,1022
ob_001964,kw_001940,,discover,country,United Kingdom,English,Google Search,2025-08-01,2026-07-31,encoded_band,50,10,100,0,,Low,0,,,GBP,returned,2026-09-08,2026-09-08-01-setup,raw/gkp-discover-03-booking-systems.csv,1023
ob_001965,kw_001941,,discover,country,United Kingdom,English,Google Search,2025-08-01,2026-07-31,encoded_band,0,0,0,0,0,Unknown,,,,GBP,zero,2026-09-08,2026-09-08-01-setup,raw/gkp-discover-03-booking-systems.csv,1024
ob_001966,kw_001942,,discover,country,United Kingdom,English,Google Search,2025-08-01,2026-07-31,encoded_band,50,10,100,0,-1,Unknown,,,,GBP,returned,2026-09-08,2026-09-08-01-setup,raw/gkp-discover-03-booking-systems.csv,1025
ob_001967,kw_001943,,discover,country,United Kingdom,English,Google Search,2025-08-01,2026-07-31,encoded_band,50,10,100,0,-1,Unknown,,,,GBP,returned,2026-09-08,2026-09-08-01-setup,raw/gkp-discover-03-booking-systems.csv,1026
ob_001968,kw_001944,,discover,country,United Kingdom,English,Google Search,2025-08-01,2026-07-31,encoded_band,500,100,1000,0,9,Low,28,1.3,7.45,GBP,returned,2026-09-08,2026-09-08-01-setup,raw/gkp-discover-03-booking-systems.csv,1027
ob_001969,kw_001945,,discover,country,United Kingdom,English,Google Search,2025-08-01,2026-07-31,encoded_band,0,0,0,0,0,Unknown,,,,GBP,zero,2026-09-08,2026-09-08-01-setup,raw/gkp-discover-03-booking-systems.csv,1028
ob_001970,kw_001946,,discover,country,United Kingdom,English,Google Search,2025-08-01,2026-07-31,encoded_band,50,10,100,0,,Low,0,,,GBP,returned,2026-09-08,2026-09-08-01-setup,raw/gkp-discover-03-booking-systems.csv,1029
ob_001971,kw_001947,,discover,country,United Kingdom,English,Google Search,2025-08-01,2026-07-31,encoded_band,50,10,100,,0,High,71,,,GBP,returned,2026-09-08,2026-09-08-01-setup,raw/gkp-discover-03-booking-systems.csv,1030
ob_001972,kw_001948,,discover,country,United Kingdom,English,Google Search,2025-08-01,2026-07-31,encoded_band,50,10,100,-1,-1,Unknown,,,,GBP,returned,2026-09-08,2026-09-08-01-setup,raw/gkp-discover-03-booking-systems.csv,1031
ob_001973,kw_001949,,discover,country,United Kingdom,English,Google Search,2025-08-01,2026-07-31,encoded_band,500,100,1000,0,0,Low,19,8.03,24.03,GBP,returned,2026-09-08,2026-09-08-01-setup,raw/gkp-discover-03-booking-systems.csv,1032
ob_001974,kw_001950,,discover,country,United Kingdom,English,Google Search,2025-08-01,2026-07-31,encoded_band,0,0,0,0,-1,Unknown,,,,GBP,zero,2026-09-08,2026-09-08-01-setup,raw/gkp-discover-03-booking-systems.csv,1033
ob_001975,kw_001951,,discover,country,United Kingdom,English,Google Search,2025-08-01,2026-07-31,encoded_band,50,10,100,0,,Low,0,,,GBP,returned,2026-09-08,2026-09-08-01-setup,raw/gkp-discover-03-booking-systems.csv,1034
ob_001976,kw_001952,,discover,country,United Kingdom,English,Google Search,2025-08-01,2026-07-31,encoded_band,50,10,100,0,0,Low,1,,,GBP,returned,2026-09-08,2026-09-08-01-setup,raw/gkp-discover-03-booking-systems.csv,1035
ob_001977,kw_001953,,discover,country,United Kingdom,English,Google Search,2025-08-01,2026-07-31,encoded_band,50,10,100,-1,-1,Unknown,,,,GBP,returned,2026-09-08,2026-09-08-01-setup,raw/gkp-discover-03-booking-systems.csv,1036
ob_001978,kw_001954,,discover,country,United Kingdom,English,Google Search,2025-08-01,2026-07-31,encoded_band,50,10,100,0,0,Low,0,,,GBP,returned,2026-09-08,2026-09-08-01-setup,raw/gkp-discover-03-booking-systems.csv,1037
ob_001979,kw_001955,,discover,country,United Kingdom,English,Google Search,2025-08-01,2026-07-31,encoded_band,50,10,100,0,0,Medium,53,2.65,6.63,GBP,returned,2026-09-08,2026-09-08-01-setup,raw/gkp-discover-03-booking-systems.csv,1038
ob_001980,kw_001956,,discover,country,United Kingdom,English,Google Search,2025-08-01,2026-07-31,encoded_band,50,10,100,0,0,Unknown,,,,GBP,returned,2026-09-08,2026-09-08-01-setup,raw/gkp-discover-03-booking-systems.csv,1039
ob_001981,kw_001957,,discover,country,United Kingdom,English,Google Search,2025-08-01,2026-07-31,encoded_band,50,10,100,-1,-1,Unknown,,,,GBP,returned,2026-09-08,2026-09-08-01-setup,raw/gkp-discover-03-booking-systems.csv,1040
ob_001982,kw_001958,,discover,country,United Kingdom,English,Google Search,2025-08-01,2026-07-31,encoded_band,50,10,100,-1,0,Unknown,,,,GBP,returned,2026-09-08,2026-09-08-01-setup,raw/gkp-discover-03-booking-systems.csv,1041
ob_001983,kw_001959,,discover,country,United Kingdom,English,Google Search,2025-08-01,2026-07-31,encoded_band,50,10,100,0,0,Unknown,,,,GBP,returned,2026-09-08,2026-09-08-01-setup,raw/gkp-discover-03-booking-systems.csv,1042
ob_001984,kw_001960,,discover,country,United Kingdom,English,Google Search,2025-08-01,2026-07-31,encoded_band,50,10,100,0,0,Unknown,,,,GBP,returned,2026-09-08,2026-09-08-01-setup,raw/gkp-discover-03-booking-systems.csv,1043
ob_001985,kw_001961,,discover,country,United Kingdom,English,Google Search,2025-08-01,2026-07-31,encoded_band,50,10,100,0,0,Unknown,,,,GBP,returned,2026-09-08,2026-09-08-01-setup,raw/gkp-discover-03-booking-systems.csv,1044
ob_001986,kw_001962,,discover,country,United Kingdom,English,Google Search,2025-08-01,2026-07-31,encoded_band,50,10,100,-1,-1,Unknown,,,,GBP,returned,2026-09-08,2026-09-08-01-setup,raw/gkp-discover-03-booking-systems.csv,1045
ob_001987,kw_001963,,discover,country,United Kingdom,English,Google Search,2025-08-01,2026-07-31,encoded_band,50,10,100,0,-1,Unknown,,,,GBP,returned,2026-09-08,2026-09-08-01-setup,raw/gkp-discover-03-booking-systems.csv,1046
ob_001988,kw_001964,,discover,country,United Kingdom,English,Google Search,2025-08-01,2026-07-31,encoded_band,50,10,100,0,0,Unknown,,,,GBP,returned,2026-09-08,2026-09-08-01-setup,raw/gkp-discover-03-booking-systems.csv,1047
ob_001989,kw_001965,,discover,country,United Kingdom,English,Google Search,2025-08-01,2026-07-31,encoded_band,50,10,100,0,-1,Unknown,,,,GBP,returned,2026-09-08,2026-09-08-01-setup,raw/gkp-discover-03-booking-systems.csv,1048
ob_001990,kw_001966,,discover,country,United Kingdom,English,Google Search,2025-08-01,2026-07-31,encoded_band,50,10,100,0,,Medium,57,,,GBP,returned,2026-09-08,2026-09-08-01-setup,raw/gkp-discover-03-booking-systems.csv,1049
ob_001991,kw_001967,,discover,country,United Kingdom,English,Google Search,2025-08-01,2026-07-31,encoded_band,50,10,100,0,0,Medium,43,16.45,27.32,GBP,returned,2026-09-08,2026-09-08-01-setup,raw/gkp-discover-03-booking-systems.csv,1050
ob_001992,kw_001968,,discover,country,United Kingdom,English,Google Search,2025-08-01,2026-07-31,encoded_band,50,10,100,0,-1,Unknown,,,,GBP,returned,2026-09-08,2026-09-08-01-setup,raw/gkp-discover-03-booking-systems.csv,1051
ob_001993,kw_001969,,discover,country,United Kingdom,English,Google Search,2025-08-01,2026-07-31,encoded_band,0,0,0,0,0,Unknown,,,,GBP,zero,2026-09-08,2026-09-08-01-setup,raw/gkp-discover-03-booking-systems.csv,1052
ob_001994,kw_001970,,discover,country,United Kingdom,English,Google Search,2025-08-01,2026-07-31,encoded_band,50,10,100,0,0,High,86,,,GBP,returned,2026-09-08,2026-09-08-01-setup,raw/gkp-discover-03-booking-systems.csv,1053
ob_001995,kw_001971,,discover,country,United Kingdom,English,Google Search,2025-08-01,2026-07-31,encoded_band,50,10,100,-1,-1,Unknown,,,,GBP,returned,2026-09-08,2026-09-08-01-setup,raw/gkp-discover-03-booking-systems.csv,1054
ob_001996,kw_001972,,discover,country,United Kingdom,English,Google Search,2025-08-01,2026-07-31,encoded_band,0,0,0,0,0,Unknown,,,,GBP,zero,2026-09-08,2026-09-08-01-setup,raw/gkp-discover-03-booking-systems.csv,1055
ob_001997,kw_001973,,discover,country,United Kingdom,English,Google Search,2025-08-01,2026-07-31,encoded_band,0,0,0,0,0,Unknown,,,,GBP,zero,2026-09-08,2026-09-08-01-setup,raw/gkp-discover-03-booking-systems.csv,1056
ob_001998,kw_001974,,discover,country,United Kingdom,English,Google Search,2025-08-01,2026-07-31,encoded_band,50,10,100,0,0,Medium,65,5.71,18.96,GBP,returned,2026-09-08,2026-09-08-01-setup,raw/gkp-discover-03-booking-systems.csv,1057
ob_001999,kw_001975,,discover,country,United Kingdom,English,Google Search,2025-08-01,2026-07-31,encoded_band,50,10,100,0,,Low,23,3.09,39.81,GBP,returned,2026-09-08,2026-09-08-01-setup,raw/gkp-discover-03-booking-systems.csv,1058
ob_002000,kw_001976,,discover,country,United Kingdom,English,Google Search,2025-08-01,2026-07-31,encoded_band,50,10,100,0,0,Unknown,,,,GBP,returned,2026-09-08,2026-09-08-01-setup,raw/gkp-discover-03-booking-systems.csv,1059
ob_002001,kw_001977,,discover,country,United Kingdom,English,Google Search,2025-08-01,2026-07-31,encoded_band,0,0,0,0,0,Unknown,,,,GBP,zero,2026-09-08,2026-09-08-01-setup,raw/gkp-discover-03-booking-systems.csv,1060
ob_002002,kw_001978,,discover,country,United Kingdom,English,Google Search,2025-08-01,2026-07-31,encoded_band,50,10,100,0,-1,Unknown,,,,GBP,returned,2026-09-08,2026-09-08-01-setup,raw/gkp-discover-03-booking-systems.csv,1061
ob_002003,kw_001979,,discover,country,United Kingdom,English,Google Search,2025-08-01,2026-07-31,encoded_band,0,0,0,0,0,Unknown,,,,GBP,zero,2026-09-08,2026-09-08-01-setup,raw/gkp-discover-03-booking-systems.csv,1062
ob_002004,kw_001980,,discover,country,United Kingdom,English,Google Search,2025-08-01,2026-07-31,encoded_band,50,10,100,-1,-1,Unknown,,,,GBP,returned,2026-09-08,2026-09-08-01-setup,raw/gkp-discover-03-booking-systems.csv,1063
ob_002005,kw_001981,,discover,country,United Kingdom,English,Google Search,2025-08-01,2026-07-31,encoded_band,0,0,0,0,0,Unknown,,,,GBP,zero,2026-09-08,2026-09-08-01-setup,raw/gkp-discover-03-booking-systems.csv,1064
ob_002006,kw_001982,,discover,country,United Kingdom,English,Google Search,2025-08-01,2026-07-31,encoded_band,50,10,100,0,0,Unknown,,,,GBP,returned,2026-09-08,2026-09-08-01-setup,raw/gkp-discover-03-booking-systems.csv,1065
ob_002007,kw_001983,,discover,country,United Kingdom,English,Google Search,2025-08-01,2026-07-31,encoded_band,50,10,100,0,-1,Unknown,,,,GBP,returned,2026-09-08,2026-09-08-01-setup,raw/gkp-discover-03-booking-systems.csv,1066
ob_002008,kw_001984,,discover,country,United Kingdom,English,Google Search,2025-08-01,2026-07-31,encoded_band,50,10,100,0,0,Low,25,5.61,21.47,GBP,returned,2026-09-08,2026-09-08-01-setup,raw/gkp-discover-03-booking-systems.csv,1067
ob_002009,kw_001985,,discover,country,United Kingdom,English,Google Search,2025-08-01,2026-07-31,encoded_band,50,10,100,-1,0,Unknown,,,,GBP,returned,2026-09-08,2026-09-08-01-setup,raw/gkp-discover-03-booking-systems.csv,1068
ob_002010,kw_001986,,discover,country,United Kingdom,English,Google Search,2025-08-01,2026-07-31,encoded_band,50,10,100,,0,Low,29,,,GBP,returned,2026-09-08,2026-09-08-01-setup,raw/gkp-discover-03-booking-systems.csv,1069
ob_002011,kw_001987,,discover,country,United Kingdom,English,Google Search,2025-08-01,2026-07-31,encoded_band,50,10,100,0,0,High,86,,,GBP,returned,2026-09-08,2026-09-08-01-setup,raw/gkp-discover-03-booking-systems.csv,1070
ob_002012,kw_001988,,discover,country,United Kingdom,English,Google Search,2025-08-01,2026-07-31,encoded_band,50,10,100,0,-1,Unknown,,,,GBP,returned,2026-09-08,2026-09-08-01-setup,raw/gkp-discover-03-booking-systems.csv,1071
ob_002013,kw_001989,,discover,country,United Kingdom,English,Google Search,2025-08-01,2026-07-31,encoded_band,50,10,100,-1,0,Unknown,,,,GBP,returned,2026-09-08,2026-09-08-01-setup,raw/gkp-discover-03-booking-systems.csv,1072
ob_002014,kw_001990,,discover,country,United Kingdom,English,Google Search,2025-08-01,2026-07-31,encoded_band,50,10,100,0,-1,Unknown,,,,GBP,returned,2026-09-08,2026-09-08-01-setup,raw/gkp-discover-03-booking-systems.csv,1073
ob_002015,kw_001991,,discover,country,United Kingdom,English,Google Search,2025-08-01,2026-07-31,encoded_band,500,100,1000,0,0,Medium,43,5.09,55.58,GBP,returned,2026-09-08,2026-09-08-01-setup,raw/gkp-discover-03-booking-systems.csv,1074
ob_002016,kw_001992,,discover,country,United Kingdom,English,Google Search,2025-08-01,2026-07-31,encoded_band,0,0,0,0,-1,Unknown,,,,GBP,zero,2026-09-08,2026-09-08-01-setup,raw/gkp-discover-03-booking-systems.csv,1075
ob_002017,kw_001993,,discover,country,United Kingdom,English,Google Search,2025-08-01,2026-07-31,encoded_band,0,0,0,0,0,Unknown,,,,GBP,zero,2026-09-08,2026-09-08-01-setup,raw/gkp-discover-03-booking-systems.csv,1076
ob_002018,kw_001994,,discover,country,United Kingdom,English,Google Search,2025-08-01,2026-07-31,encoded_band,50,10,100,-1,0,Unknown,,,,GBP,returned,2026-09-08,2026-09-08-01-setup,raw/gkp-discover-03-booking-systems.csv,1077
ob_002019,kw_001995,,discover,country,United Kingdom,English,Google Search,2025-08-01,2026-07-31,encoded_band,50,10,100,0,-1,Unknown,,,,GBP,returned,2026-09-08,2026-09-08-01-setup,raw/gkp-discover-03-booking-systems.csv,1078
ob_002020,kw_001996,,discover,country,United Kingdom,English,Google Search,2025-08-01,2026-07-31,encoded_band,50,10,100,0,0,High,86,,,GBP,returned,2026-09-08,2026-09-08-01-setup,raw/gkp-discover-03-booking-systems.csv,1079
ob_002021,kw_001997,,discover,country,United Kingdom,English,Google Search,2025-08-01,2026-07-31,encoded_band,50,10,100,0,0,Unknown,,,,GBP,returned,2026-09-08,2026-09-08-01-setup,raw/gkp-discover-03-booking-systems.csv,1080
ob_002022,kw_001998,,discover,country,United Kingdom,English,Google Search,2025-08-01,2026-07-31,encoded_band,50,10,100,0,0,Unknown,,,,GBP,returned,2026-09-08,2026-09-08-01-setup,raw/gkp-discover-03-booking-systems.csv,1081
ob_002023,kw_001999,,discover,country,United Kingdom,English,Google Search,2025-08-01,2026-07-31,encoded_band,50,10,100,-1,-1,Unknown,,,,GBP,returned,2026-09-08,2026-09-08-01-setup,raw/gkp-discover-03-booking-systems.csv,1082
ob_002024,kw_002000,,discover,country,United Kingdom,English,Google Search,2025-08-01,2026-07-31,encoded_band,50,10,100,0,0,Low,22,5.57,10.42,GBP,returned,2026-09-08,2026-09-08-01-setup,raw/gkp-discover-03-booking-systems.csv,1083
ob_002025,kw_002001,,discover,country,United Kingdom,English,Google Search,2025-08-01,2026-07-31,encoded_band,50,10,100,0,0,Unknown,,,,GBP,returned,2026-09-08,2026-09-08-01-setup,raw/gkp-discover-03-booking-systems.csv,1084
ob_002026,kw_002002,,discover,country,United Kingdom,English,Google Search,2025-08-01,2026-07-31,encoded_band,50,10,100,0,0,Unknown,,,,GBP,returned,2026-09-08,2026-09-08-01-setup,raw/gkp-discover-03-booking-systems.csv,1085
ob_002027,kw_002003,,discover,country,United Kingdom,English,Google Search,2025-08-01,2026-07-31,encoded_band,50,10,100,-1,-1,Unknown,,,,GBP,returned,2026-09-08,2026-09-08-01-setup,raw/gkp-discover-03-booking-systems.csv,1086
ob_002028,kw_002004,,discover,country,United Kingdom,English,Google Search,2025-08-01,2026-07-31,encoded_band,50,10,100,0,0,Unknown,,,,GBP,returned,2026-09-08,2026-09-08-01-setup,raw/gkp-discover-03-booking-systems.csv,1087
ob_002029,kw_002005,,discover,country,United Kingdom,English,Google Search,2025-08-01,2026-07-31,encoded_band,50,10,100,,0,High,86,,,GBP,returned,2026-09-08,2026-09-08-01-setup,raw/gkp-discover-03-booking-systems.csv,1088
ob_002030,kw_002006,,discover,country,United Kingdom,English,Google Search,2025-08-01,2026-07-31,encoded_band,50,10,100,0,0,High,86,,,GBP,returned,2026-09-08,2026-09-08-01-setup,raw/gkp-discover-03-booking-systems.csv,1089
ob_002031,kw_002007,,discover,country,United Kingdom,English,Google Search,2025-08-01,2026-07-31,encoded_band,50,10,100,0,0,Unknown,,,,GBP,returned,2026-09-08,2026-09-08-01-setup,raw/gkp-discover-03-booking-systems.csv,1090
ob_002032,kw_002008,,discover,country,United Kingdom,English,Google Search,2025-08-01,2026-07-31,encoded_band,0,0,0,0,0,Unknown,,,,GBP,zero,2026-09-08,2026-09-08-01-setup,raw/gkp-discover-03-booking-systems.csv,1091
ob_002033,kw_002009,,discover,country,United Kingdom,English,Google Search,2025-08-01,2026-07-31,encoded_band,50,10,100,0,0,Unknown,,,,GBP,returned,2026-09-08,2026-09-08-01-setup,raw/gkp-discover-03-booking-systems.csv,1092
ob_002034,kw_002010,,discover,country,United Kingdom,English,Google Search,2025-08-01,2026-07-31,encoded_band,0,0,0,0,0,Unknown,,,,GBP,zero,2026-09-08,2026-09-08-01-setup,raw/gkp-discover-03-booking-systems.csv,1093
ob_002035,kw_002011,,discover,country,United Kingdom,English,Google Search,2025-08-01,2026-07-31,encoded_band,50,10,100,0,0,Low,11,,,GBP,returned,2026-09-08,2026-09-08-01-setup,raw/gkp-discover-03-booking-systems.csv,1094
ob_002036,kw_002012,,discover,country,United Kingdom,English,Google Search,2025-08-01,2026-07-31,encoded_band,50,10,100,0,,Low,18,3.98,8.13,GBP,returned,2026-09-08,2026-09-08-01-setup,raw/gkp-discover-03-booking-systems.csv,1095
ob_002037,kw_002013,,discover,country,United Kingdom,English,Google Search,2025-08-01,2026-07-31,encoded_band,50,10,100,0,0,High,75,6.7,20.75,GBP,returned,2026-09-08,2026-09-08-01-setup,raw/gkp-discover-03-booking-systems.csv,1096
ob_002038,kw_002014,,discover,country,United Kingdom,English,Google Search,2025-08-01,2026-07-31,encoded_band,0,0,0,0,0,Unknown,,,,GBP,zero,2026-09-08,2026-09-08-01-setup,raw/gkp-discover-03-booking-systems.csv,1097
ob_002039,kw_002015,,discover,country,United Kingdom,English,Google Search,2025-08-01,2026-07-31,encoded_band,50,10,100,0,0,High,85,12.83,36.35,GBP,returned,2026-09-08,2026-09-08-01-setup,raw/gkp-discover-03-booking-systems.csv,1098
ob_002040,kw_002016,,discover,country,United Kingdom,English,Google Search,2025-08-01,2026-07-31,encoded_band,0,0,0,0,0,Unknown,,,,GBP,zero,2026-09-08,2026-09-08-01-setup,raw/gkp-discover-03-booking-systems.csv,1099
ob_002041,kw_002017,,discover,country,United Kingdom,English,Google Search,2025-08-01,2026-07-31,encoded_band,50,10,100,0,0,Medium,36,,,GBP,returned,2026-09-08,2026-09-08-01-setup,raw/gkp-discover-03-booking-systems.csv,1100
ob_002042,kw_002018,,discover,country,United Kingdom,English,Google Search,2025-08-01,2026-07-31,encoded_band,50,10,100,0,0,Unknown,,,,GBP,returned,2026-09-08,2026-09-08-01-setup,raw/gkp-discover-03-booking-systems.csv,1101
ob_002043,kw_002019,,discover,country,United Kingdom,English,Google Search,2025-08-01,2026-07-31,encoded_band,50,10,100,0,0,Unknown,,,,GBP,returned,2026-09-08,2026-09-08-01-setup,raw/gkp-discover-03-booking-systems.csv,1102
ob_002044,kw_002020,,discover,country,United Kingdom,English,Google Search,2025-08-01,2026-07-31,encoded_band,0,0,0,0,0,Unknown,,,,GBP,zero,2026-09-08,2026-09-08-01-setup,raw/gkp-discover-03-booking-systems.csv,1103
ob_002045,kw_002021,,discover,country,United Kingdom,English,Google Search,2025-08-01,2026-07-31,encoded_band,0,0,0,0,0,Unknown,,,,GBP,zero,2026-09-08,2026-09-08-01-setup,raw/gkp-discover-03-booking-systems.csv,1104
ob_002046,kw_002022,,discover,country,United Kingdom,English,Google Search,2025-08-01,2026-07-31,encoded_band,50,10,100,-1,0,Unknown,,,,GBP,returned,2026-09-08,2026-09-08-01-setup,raw/gkp-discover-03-booking-systems.csv,1105
ob_002047,kw_002023,,discover,country,United Kingdom,English,Google Search,2025-08-01,2026-07-31,encoded_band,50,10,100,0,0,Unknown,,,,GBP,returned,2026-09-08,2026-09-08-01-setup,raw/gkp-discover-03-booking-systems.csv,1106
ob_002048,kw_002024,,discover,country,United Kingdom,English,Google Search,2025-08-01,2026-07-31,encoded_band,50,10,100,-1,0,Unknown,,,,GBP,returned,2026-09-08,2026-09-08-01-setup,raw/gkp-discover-03-booking-systems.csv,1107
ob_002049,kw_002025,,discover,country,United Kingdom,English,Google Search,2025-08-01,2026-07-31,encoded_band,0,0,0,0,0,Unknown,,,,GBP,zero,2026-09-08,2026-09-08-01-setup,raw/gkp-discover-03-booking-systems.csv,1108
ob_002050,kw_002026,,discover,country,United Kingdom,English,Google Search,2025-08-01,2026-07-31,encoded_band,50,10,100,-1,0,Unknown,,,,GBP,returned,2026-09-08,2026-09-08-01-setup,raw/gkp-discover-03-booking-systems.csv,1109
ob_002051,kw_002027,,discover,country,United Kingdom,English,Google Search,2025-08-01,2026-07-31,encoded_band,50,10,100,-1,0,Unknown,,,,GBP,returned,2026-09-08,2026-09-08-01-setup,raw/gkp-discover-03-booking-systems.csv,1110
ob_002052,kw_002028,,discover,country,United Kingdom,English,Google Search,2025-08-01,2026-07-31,encoded_band,50,10,100,-1,0,Unknown,,,,GBP,returned,2026-09-08,2026-09-08-01-setup,raw/gkp-discover-03-booking-systems.csv,1111
ob_002053,kw_002029,,discover,country,United Kingdom,English,Google Search,2025-08-01,2026-07-31,encoded_band,0,0,0,0,0,Unknown,,,,GBP,zero,2026-09-08,2026-09-08-01-setup,raw/gkp-discover-03-booking-systems.csv,1112
ob_002054,kw_002030,,discover,country,United Kingdom,English,Google Search,2025-08-01,2026-07-31,encoded_band,50,10,100,0,0,Unknown,,,,GBP,returned,2026-09-08,2026-09-08-01-setup,raw/gkp-discover-03-booking-systems.csv,1113
ob_002055,kw_002031,,discover,country,United Kingdom,English,Google Search,2025-08-01,2026-07-31,encoded_band,50,10,100,0,0,Unknown,,,,GBP,returned,2026-09-08,2026-09-08-01-setup,raw/gkp-discover-03-booking-systems.csv,1114
ob_002056,kw_002032,,discover,country,United Kingdom,English,Google Search,2025-08-01,2026-07-31,encoded_band,50,10,100,0,0,Unknown,,,,GBP,returned,2026-09-08,2026-09-08-01-setup,raw/gkp-discover-03-booking-systems.csv,1115
ob_002057,kw_002033,,discover,country,United Kingdom,English,Google Search,2025-08-01,2026-07-31,encoded_band,50,10,100,0,0,High,86,1.25,2.76,GBP,returned,2026-09-08,2026-09-08-01-setup,raw/gkp-discover-03-booking-systems.csv,1116
ob_002058,kw_002034,,discover,country,United Kingdom,English,Google Search,2025-08-01,2026-07-31,encoded_band,,,,,,Unknown,,,,GBP,absent,2026-09-08,2026-09-08-01-setup,raw/gkp-discover-03-booking-systems.csv,1117
ob_002059,kw_002035,,discover,country,United Kingdom,English,Google Search,2025-08-01,2026-07-31,encoded_band,50,10,100,-1,0,Unknown,,,,GBP,returned,2026-09-08,2026-09-08-01-setup,raw/gkp-discover-03-booking-systems.csv,1118
ob_002060,kw_002036,,discover,country,United Kingdom,English,Google Search,2025-08-01,2026-07-31,encoded_band,50,10,100,0,-1,Unknown,,,,GBP,returned,2026-09-08,2026-09-08-01-setup,raw/gkp-discover-03-booking-systems.csv,1119
ob_002061,kw_002037,,discover,country,United Kingdom,English,Google Search,2025-08-01,2026-07-31,encoded_band,50,10,100,0,0,Unknown,,,,GBP,returned,2026-09-08,2026-09-08-01-setup,raw/gkp-discover-03-booking-systems.csv,1120
ob_002062,kw_002038,,discover,country,United Kingdom,English,Google Search,2025-08-01,2026-07-31,encoded_band,0,0,0,0,0,Unknown,,,,GBP,zero,2026-09-08,2026-09-08-01-setup,raw/gkp-discover-03-booking-systems.csv,1121
ob_002063,kw_002039,,discover,country,United Kingdom,English,Google Search,2025-08-01,2026-07-31,encoded_band,50,10,100,0,0,Low,0,,,GBP,returned,2026-09-08,2026-09-08-01-setup,raw/gkp-discover-03-booking-systems.csv,1122
ob_002064,kw_002040,,discover,country,United Kingdom,English,Google Search,2025-08-01,2026-07-31,encoded_band,50,10,100,-1,0,Unknown,,,,GBP,returned,2026-09-08,2026-09-08-01-setup,raw/gkp-discover-03-booking-systems.csv,1123
ob_002065,kw_002041,,discover,country,United Kingdom,English,Google Search,2025-08-01,2026-07-31,encoded_band,500,100,1000,0,0,Low,31,2.8,9.56,GBP,returned,2026-09-08,2026-09-08-01-setup,raw/gkp-discover-03-booking-systems.csv,1124
ob_002066,kw_002042,,discover,country,United Kingdom,English,Google Search,2025-08-01,2026-07-31,encoded_band,0,0,0,0,0,Unknown,,,,GBP,zero,2026-09-08,2026-09-08-01-setup,raw/gkp-discover-03-booking-systems.csv,1125
ob_002067,kw_002043,,discover,country,United Kingdom,English,Google Search,2025-08-01,2026-07-31,encoded_band,0,0,0,0,0,Unknown,,,,GBP,zero,2026-09-08,2026-09-08-01-setup,raw/gkp-discover-03-booking-systems.csv,1126
ob_002068,kw_002044,,discover,country,United Kingdom,English,Google Search,2025-08-01,2026-07-31,encoded_band,50,10,100,0,0,Low,0,,,GBP,returned,2026-09-08,2026-09-08-01-setup,raw/gkp-discover-03-booking-systems.csv,1127
ob_002069,kw_002045,,discover,country,United Kingdom,English,Google Search,2025-08-01,2026-07-31,encoded_band,500,100,1000,0,0,Low,19,8.03,24.03,GBP,returned,2026-09-08,2026-09-08-01-setup,raw/gkp-discover-03-booking-systems.csv,1128
ob_002070,kw_002046,,discover,country,United Kingdom,English,Google Search,2025-08-01,2026-07-31,encoded_band,50,10,100,0,0,Unknown,,,,GBP,returned,2026-09-08,2026-09-08-01-setup,raw/gkp-discover-03-booking-systems.csv,1129
ob_002071,kw_002047,,discover,country,United Kingdom,English,Google Search,2025-08-01,2026-07-31,encoded_band,0,0,0,0,0,Unknown,,,,GBP,zero,2026-09-08,2026-09-08-01-setup,raw/gkp-discover-03-booking-systems.csv,1130
ob_002072,kw_002048,,discover,country,United Kingdom,English,Google Search,2025-08-01,2026-07-31,encoded_band,50,10,100,-1,-1,Unknown,,,,GBP,returned,2026-09-08,2026-09-08-01-setup,raw/gkp-discover-03-booking-systems.csv,1131
ob_002073,kw_002049,,discover,country,United Kingdom,English,Google Search,2025-08-01,2026-07-31,encoded_band,,,,,,Unknown,,,,GBP,absent,2026-09-08,2026-09-08-01-setup,raw/gkp-discover-03-booking-systems.csv,1132
ob_002074,kw_002050,,discover,country,United Kingdom,English,Google Search,2025-08-01,2026-07-31,encoded_band,50,10,100,0,0,Unknown,,,,GBP,returned,2026-09-08,2026-09-08-01-setup,raw/gkp-discover-03-booking-systems.csv,1133
ob_002075,kw_002051,,discover,country,United Kingdom,English,Google Search,2025-08-01,2026-07-31,encoded_band,50,10,100,0,-1,Unknown,,,,GBP,returned,2026-09-08,2026-09-08-01-setup,raw/gkp-discover-03-booking-systems.csv,1134
ob_002076,kw_002052,,discover,country,United Kingdom,English,Google Search,2025-08-01,2026-07-31,encoded_band,0,0,0,0,0,Unknown,,,,GBP,zero,2026-09-08,2026-09-08-01-setup,raw/gkp-discover-03-booking-systems.csv,1135
ob_002077,kw_002053,,discover,country,United Kingdom,English,Google Search,2025-08-01,2026-07-31,encoded_band,0,0,0,0,0,Unknown,,,,GBP,zero,2026-09-08,2026-09-08-01-setup,raw/gkp-discover-03-booking-systems.csv,1136
ob_002078,kw_002054,,discover,country,United Kingdom,English,Google Search,2025-08-01,2026-07-31,encoded_band,50,10,100,0,0,Unknown,,,,GBP,returned,2026-09-08,2026-09-08-01-setup,raw/gkp-discover-03-booking-systems.csv,1137
ob_002079,kw_002055,,discover,country,United Kingdom,English,Google Search,2025-08-01,2026-07-31,encoded_band,50,10,100,0,0,Unknown,,,,GBP,returned,2026-09-08,2026-09-08-01-setup,raw/gkp-discover-03-booking-systems.csv,1138
ob_002080,kw_002056,,discover,country,United Kingdom,English,Google Search,2025-08-01,2026-07-31,encoded_band,50,10,100,0,0,High,86,,,GBP,returned,2026-09-08,2026-09-08-01-setup,raw/gkp-discover-03-booking-systems.csv,1139
ob_002081,kw_002057,,discover,country,United Kingdom,English,Google Search,2025-08-01,2026-07-31,encoded_band,50,10,100,0,0,High,86,,,GBP,returned,2026-09-08,2026-09-08-01-setup,raw/gkp-discover-03-booking-systems.csv,1140
ob_002082,kw_002058,,discover,country,United Kingdom,English,Google Search,2025-08-01,2026-07-31,encoded_band,0,0,0,0,0,Unknown,,,,GBP,zero,2026-09-08,2026-09-08-01-setup,raw/gkp-discover-03-booking-systems.csv,1141
ob_002083,kw_002059,,discover,country,United Kingdom,English,Google Search,2025-08-01,2026-07-31,encoded_band,50,10,100,0,0,Unknown,,,,GBP,returned,2026-09-08,2026-09-08-01-setup,raw/gkp-discover-03-booking-systems.csv,1142
ob_002084,kw_002060,,discover,country,United Kingdom,English,Google Search,2025-08-01,2026-07-31,encoded_band,50,10,100,,0,High,71,,,GBP,returned,2026-09-08,2026-09-08-01-setup,raw/gkp-discover-03-booking-systems.csv,1143
ob_002085,kw_002061,,discover,country,United Kingdom,English,Google Search,2025-08-01,2026-07-31,encoded_band,50,10,100,,0,High,86,,,GBP,returned,2026-09-08,2026-09-08-01-setup,raw/gkp-discover-03-booking-systems.csv,1144
ob_002086,kw_002062,,discover,country,United Kingdom,English,Google Search,2025-08-01,2026-07-31,encoded_band,50,10,100,0,0,Unknown,,,,GBP,returned,2026-09-08,2026-09-08-01-setup,raw/gkp-discover-03-booking-systems.csv,1145
ob_002087,kw_002063,,discover,country,United Kingdom,English,Google Search,2025-08-01,2026-07-31,encoded_band,50,10,100,-1,0,Unknown,,,,GBP,returned,2026-09-08,2026-09-08-01-setup,raw/gkp-discover-03-booking-systems.csv,1146
ob_002088,kw_002064,,discover,country,United Kingdom,English,Google Search,2025-08-01,2026-07-31,encoded_band,50,10,100,0,0,High,86,5.24,37.58,GBP,returned,2026-09-08,2026-09-08-01-setup,raw/gkp-discover-03-booking-systems.csv,1147
ob_002089,kw_002065,,discover,country,United Kingdom,English,Google Search,2025-08-01,2026-07-31,encoded_band,50,10,100,0,-1,Unknown,,,,GBP,returned,2026-09-08,2026-09-08-01-setup,raw/gkp-discover-03-booking-systems.csv,1148
ob_002090,kw_002066,,discover,country,United Kingdom,English,Google Search,2025-08-01,2026-07-31,encoded_band,50,10,100,0,0,Unknown,,,,GBP,returned,2026-09-08,2026-09-08-01-setup,raw/gkp-discover-03-booking-systems.csv,1149
ob_002091,kw_002067,,discover,country,United Kingdom,English,Google Search,2025-08-01,2026-07-31,encoded_band,50,10,100,0,0,High,86,,,GBP,returned,2026-09-08,2026-09-08-01-setup,raw/gkp-discover-03-booking-systems.csv,1150
ob_002092,kw_002068,,discover,country,United Kingdom,English,Google Search,2025-08-01,2026-07-31,encoded_band,50,10,100,-1,-1,Unknown,,,,GBP,returned,2026-09-08,2026-09-08-01-setup,raw/gkp-discover-03-booking-systems.csv,1151
ob_002093,kw_002069,,discover,country,United Kingdom,English,Google Search,2025-08-01,2026-07-31,encoded_band,0,0,0,0,0,Unknown,,,,GBP,zero,2026-09-08,2026-09-08-01-setup,raw/gkp-discover-03-booking-systems.csv,1152
ob_002094,kw_002070,,discover,country,United Kingdom,English,Google Search,2025-08-01,2026-07-31,encoded_band,0,0,0,0,0,Unknown,,,,GBP,zero,2026-09-08,2026-09-08-01-setup,raw/gkp-discover-03-booking-systems.csv,1153
ob_002095,kw_002071,,discover,country,United Kingdom,English,Google Search,2025-08-01,2026-07-31,encoded_band,50,10,100,0,0,High,82,2.45,12.51,GBP,returned,2026-09-08,2026-09-08-01-setup,raw/gkp-discover-03-booking-systems.csv,1154
ob_002096,kw_002072,,discover,country,United Kingdom,English,Google Search,2025-08-01,2026-07-31,encoded_band,50,10,100,0,0,Unknown,,,,GBP,returned,2026-09-08,2026-09-08-01-setup,raw/gkp-discover-03-booking-systems.csv,1155
ob_002097,kw_002073,,discover,country,United Kingdom,English,Google Search,2025-08-01,2026-07-31,encoded_band,50,10,100,0,0,Unknown,,,,GBP,returned,2026-09-08,2026-09-08-01-setup,raw/gkp-discover-03-booking-systems.csv,1156
ob_002098,kw_002074,,discover,country,United Kingdom,English,Google Search,2025-08-01,2026-07-31,encoded_band,0,0,0,0,0,Unknown,,,,GBP,zero,2026-09-08,2026-09-08-01-setup,raw/gkp-discover-03-booking-systems.csv,1157
ob_002099,kw_002075,,discover,country,United Kingdom,English,Google Search,2025-08-01,2026-07-31,encoded_band,50,10,100,-1,0,Unknown,,,,GBP,returned,2026-09-08,2026-09-08-01-setup,raw/gkp-discover-03-booking-systems.csv,1158
ob_002100,kw_002076,,discover,country,United Kingdom,English,Google Search,2025-08-01,2026-07-31,encoded_band,50,10,100,0,0,Medium,34,,,GBP,returned,2026-09-08,2026-09-08-01-setup,raw/gkp-discover-03-booking-systems.csv,1159
ob_002101,kw_002077,,discover,country,United Kingdom,English,Google Search,2025-08-01,2026-07-31,encoded_band,50,10,100,0,-1,Unknown,,,,GBP,returned,2026-09-08,2026-09-08-01-setup,raw/gkp-discover-03-booking-systems.csv,1160
ob_002102,kw_002078,,discover,country,United Kingdom,English,Google Search,2025-08-01,2026-07-31,encoded_band,50,10,100,0,0,Unknown,,,,GBP,returned,2026-09-08,2026-09-08-01-setup,raw/gkp-discover-03-booking-systems.csv,1161
ob_002103,kw_002079,,discover,country,United Kingdom,English,Google Search,2025-08-01,2026-07-31,encoded_band,50,10,100,-1,0,Unknown,,,,GBP,returned,2026-09-08,2026-09-08-01-setup,raw/gkp-discover-03-booking-systems.csv,1162
ob_002104,kw_002080,,discover,country,United Kingdom,English,Google Search,2025-08-01,2026-07-31,encoded_band,50,10,100,,,Low,0,,,GBP,returned,2026-09-08,2026-09-08-01-setup,raw/gkp-discover-03-booking-systems.csv,1163
ob_002105,kw_002081,,discover,country,United Kingdom,English,Google Search,2025-08-01,2026-07-31,encoded_band,0,0,0,0,0,Unknown,,,,GBP,zero,2026-09-08,2026-09-08-01-setup,raw/gkp-discover-03-booking-systems.csv,1164
ob_002106,kw_002082,,discover,country,United Kingdom,English,Google Search,2025-08-01,2026-07-31,encoded_band,0,0,0,0,0,Unknown,,,,GBP,zero,2026-09-08,2026-09-08-01-setup,raw/gkp-discover-03-booking-systems.csv,1165
ob_002107,kw_002083,,discover,country,United Kingdom,English,Google Search,2025-08-01,2026-07-31,encoded_band,50,10,100,0,0,High,68,2.59,13.87,GBP,returned,2026-09-08,2026-09-08-01-setup,raw/gkp-discover-03-booking-systems.csv,1166
ob_002108,kw_002084,,discover,country,United Kingdom,English,Google Search,2025-08-01,2026-07-31,encoded_band,50,10,100,0,0,Unknown,,,,GBP,returned,2026-09-08,2026-09-08-01-setup,raw/gkp-discover-03-booking-systems.csv,1167
ob_002109,kw_002085,,discover,country,United Kingdom,English,Google Search,2025-08-01,2026-07-31,encoded_band,50,10,100,0,0,Low,8,,,GBP,returned,2026-09-08,2026-09-08-01-setup,raw/gkp-discover-03-booking-systems.csv,1168
ob_002110,kw_002086,,discover,country,United Kingdom,English,Google Search,2025-08-01,2026-07-31,encoded_band,0,0,0,0,0,Unknown,,,,GBP,zero,2026-09-08,2026-09-08-01-setup,raw/gkp-discover-03-booking-systems.csv,1169
ob_002111,kw_002087,,discover,country,United Kingdom,English,Google Search,2025-08-01,2026-07-31,encoded_band,50,10,100,-1,0,Unknown,,,,GBP,returned,2026-09-08,2026-09-08-01-setup,raw/gkp-discover-03-booking-systems.csv,1170
ob_002112,kw_002088,,discover,country,United Kingdom,English,Google Search,2025-08-01,2026-07-31,encoded_band,50,10,100,0,0,Unknown,,,,GBP,returned,2026-09-08,2026-09-08-01-setup,raw/gkp-discover-03-booking-systems.csv,1171
ob_002113,kw_002089,,discover,country,United Kingdom,English,Google Search,2025-08-01,2026-07-31,encoded_band,50,10,100,,,High,71,,,GBP,returned,2026-09-08,2026-09-08-01-setup,raw/gkp-discover-03-booking-systems.csv,1172
ob_002114,kw_002090,,discover,country,United Kingdom,English,Google Search,2025-08-01,2026-07-31,encoded_band,50,10,100,0,0,Unknown,,,,GBP,returned,2026-09-08,2026-09-08-01-setup,raw/gkp-discover-03-booking-systems.csv,1173
ob_002115,kw_002091,,discover,country,United Kingdom,English,Google Search,2025-08-01,2026-07-31,encoded_band,0,0,0,0,0,Unknown,,,,GBP,zero,2026-09-08,2026-09-08-01-setup,raw/gkp-discover-03-booking-systems.csv,1174
ob_002116,kw_002092,,discover,country,United Kingdom,English,Google Search,2025-08-01,2026-07-31,encoded_band,50,10,100,0,-1,Unknown,,,,GBP,returned,2026-09-08,2026-09-08-01-setup,raw/gkp-discover-03-booking-systems.csv,1175
ob_002117,kw_002093,,discover,country,United Kingdom,English,Google Search,2025-08-01,2026-07-31,encoded_band,50,10,100,0,0,Unknown,,,,GBP,returned,2026-09-08,2026-09-08-01-setup,raw/gkp-discover-03-booking-systems.csv,1176
ob_002118,kw_002094,,discover,country,United Kingdom,English,Google Search,2025-08-01,2026-07-31,encoded_band,50,10,100,0,0,Low,0,,,GBP,returned,2026-09-08,2026-09-08-01-setup,raw/gkp-discover-03-booking-systems.csv,1177
ob_002119,kw_002095,,discover,country,United Kingdom,English,Google Search,2025-08-01,2026-07-31,encoded_band,0,0,0,0,0,Unknown,,,,GBP,zero,2026-09-08,2026-09-08-01-setup,raw/gkp-discover-03-booking-systems.csv,1178
ob_002120,kw_002096,,discover,country,United Kingdom,English,Google Search,2025-08-01,2026-07-31,encoded_band,50,10,100,0,0,Medium,57,,,GBP,returned,2026-09-08,2026-09-08-01-setup,raw/gkp-discover-03-booking-systems.csv,1179
ob_002121,kw_002097,,discover,country,United Kingdom,English,Google Search,2025-08-01,2026-07-31,encoded_band,50,10,100,0,0,Unknown,,,,GBP,returned,2026-09-08,2026-09-08-01-setup,raw/gkp-discover-03-booking-systems.csv,1180
ob_002122,kw_002098,,discover,country,United Kingdom,English,Google Search,2025-08-01,2026-07-31,encoded_band,50,10,100,0,0,Unknown,,,,GBP,returned,2026-09-08,2026-09-08-01-setup,raw/gkp-discover-03-booking-systems.csv,1181
ob_002123,kw_002099,,discover,country,United Kingdom,English,Google Search,2025-08-01,2026-07-31,encoded_band,50,10,100,-1,0,Unknown,,,,GBP,returned,2026-09-08,2026-09-08-01-setup,raw/gkp-discover-03-booking-systems.csv,1182
ob_002124,kw_002100,,discover,country,United Kingdom,English,Google Search,2025-08-01,2026-07-31,encoded_band,0,0,0,0,0,Unknown,,,,GBP,zero,2026-09-08,2026-09-08-01-setup,raw/gkp-discover-03-booking-systems.csv,1183
ob_002125,kw_002101,,discover,country,United Kingdom,English,Google Search,2025-08-01,2026-07-31,encoded_band,0,0,0,0,0,Unknown,,,,GBP,zero,2026-09-08,2026-09-08-01-setup,raw/gkp-discover-03-booking-systems.csv,1184
ob_002126,kw_002102,,discover,country,United Kingdom,English,Google Search,2025-08-01,2026-07-31,encoded_band,50,10,100,0,0,Unknown,,,,GBP,returned,2026-09-08,2026-09-08-01-setup,raw/gkp-discover-03-booking-systems.csv,1185
ob_002127,kw_002103,,discover,country,United Kingdom,English,Google Search,2025-08-01,2026-07-31,encoded_band,0,0,0,0,0,Unknown,,,,GBP,zero,2026-09-08,2026-09-08-01-setup,raw/gkp-discover-03-booking-systems.csv,1186
ob_002128,kw_002104,,discover,country,United Kingdom,English,Google Search,2025-08-01,2026-07-31,encoded_band,50,10,100,,,High,100,,,GBP,returned,2026-09-08,2026-09-08-01-setup,raw/gkp-discover-03-booking-systems.csv,1187
ob_002129,kw_002105,,discover,country,United Kingdom,English,Google Search,2025-08-01,2026-07-31,encoded_band,50,10,100,-1,-1,Unknown,,,,GBP,returned,2026-09-08,2026-09-08-01-setup,raw/gkp-discover-03-booking-systems.csv,1188
ob_002130,kw_002106,,discover,country,United Kingdom,English,Google Search,2025-08-01,2026-07-31,encoded_band,50,10,100,-1,-1,Unknown,,,,GBP,returned,2026-09-08,2026-09-08-01-setup,raw/gkp-discover-03-booking-systems.csv,1189
ob_002131,kw_002107,,discover,country,United Kingdom,English,Google Search,2025-08-01,2026-07-31,encoded_band,50,10,100,-1,0,Unknown,,,,GBP,returned,2026-09-08,2026-09-08-01-setup,raw/gkp-discover-03-booking-systems.csv,1190
ob_002132,kw_002108,,discover,country,United Kingdom,English,Google Search,2025-08-01,2026-07-31,encoded_band,0,0,0,0,0,Unknown,,,,GBP,zero,2026-09-08,2026-09-08-01-setup,raw/gkp-discover-03-booking-systems.csv,1191
ob_002133,kw_002109,,discover,country,United Kingdom,English,Google Search,2025-08-01,2026-07-31,encoded_band,50,10,100,0,0,Unknown,,,,GBP,returned,2026-09-08,2026-09-08-01-setup,raw/gkp-discover-03-booking-systems.csv,1192
ob_002134,kw_002110,,discover,country,United Kingdom,English,Google Search,2025-08-01,2026-07-31,encoded_band,50,10,100,0,0,Low,3,,,GBP,returned,2026-09-08,2026-09-08-01-setup,raw/gkp-discover-03-booking-systems.csv,1193
ob_002135,kw_002111,,discover,country,United Kingdom,English,Google Search,2025-08-01,2026-07-31,encoded_band,0,0,0,0,0,Unknown,,,,GBP,zero,2026-09-08,2026-09-08-01-setup,raw/gkp-discover-03-booking-systems.csv,1194
ob_002136,kw_002112,,discover,country,United Kingdom,English,Google Search,2025-08-01,2026-07-31,encoded_band,50,10,100,0,0,Unknown,,,,GBP,returned,2026-09-08,2026-09-08-01-setup,raw/gkp-discover-03-booking-systems.csv,1195
ob_002137,kw_002113,,discover,country,United Kingdom,English,Google Search,2025-08-01,2026-07-31,encoded_band,50,10,100,-1,-1,Unknown,,,,GBP,returned,2026-09-08,2026-09-08-01-setup,raw/gkp-discover-03-booking-systems.csv,1196
ob_002138,kw_002114,,discover,country,United Kingdom,English,Google Search,2025-08-01,2026-07-31,encoded_band,50,10,100,-1,-1,Unknown,,,,GBP,returned,2026-09-08,2026-09-08-01-setup,raw/gkp-discover-03-booking-systems.csv,1197
ob_002139,kw_002115,,discover,country,United Kingdom,English,Google Search,2025-08-01,2026-07-31,encoded_band,50,10,100,-1,0,Unknown,,,,GBP,returned,2026-09-08,2026-09-08-01-setup,raw/gkp-discover-03-booking-systems.csv,1198
ob_002140,kw_002116,,discover,country,United Kingdom,English,Google Search,2025-08-01,2026-07-31,encoded_band,50,10,100,0,-1,Unknown,,,,GBP,returned,2026-09-08,2026-09-08-01-setup,raw/gkp-discover-03-booking-systems.csv,1199
ob_002141,kw_002117,,discover,country,United Kingdom,English,Google Search,2025-08-01,2026-07-31,encoded_band,50,10,100,0,0,Unknown,,,,GBP,returned,2026-09-08,2026-09-08-01-setup,raw/gkp-discover-03-booking-systems.csv,1200
ob_002142,kw_002118,,discover,country,United Kingdom,English,Google Search,2025-08-01,2026-07-31,encoded_band,50,10,100,0,-0.9,Medium,50,2.22,10.59,GBP,returned,2026-09-08,2026-09-08-01-setup,raw/gkp-discover-03-booking-systems.csv,1201
ob_002143,kw_002119,,discover,country,United Kingdom,English,Google Search,2025-08-01,2026-07-31,encoded_band,50,10,100,0,-1,Unknown,,,,GBP,returned,2026-09-08,2026-09-08-01-setup,raw/gkp-discover-03-booking-systems.csv,1202
ob_002144,kw_002120,,discover,country,United Kingdom,English,Google Search,2025-08-01,2026-07-31,encoded_band,0,0,0,0,0,Unknown,,,,GBP,zero,2026-09-08,2026-09-08-01-setup,raw/gkp-discover-03-booking-systems.csv,1203
ob_002145,kw_002121,,discover,country,United Kingdom,English,Google Search,2025-08-01,2026-07-31,encoded_band,50,10,100,0,-1,Unknown,,,,GBP,returned,2026-09-08,2026-09-08-01-setup,raw/gkp-discover-03-booking-systems.csv,1204
ob_002146,kw_002122,,discover,country,United Kingdom,English,Google Search,2025-08-01,2026-07-31,encoded_band,50,10,100,-1,-1,Unknown,,,,GBP,returned,2026-09-08,2026-09-08-01-setup,raw/gkp-discover-03-booking-systems.csv,1205
ob_002147,kw_002123,,discover,country,United Kingdom,English,Google Search,2025-08-01,2026-07-31,encoded_band,50,10,100,-1,0,Unknown,,,,GBP,returned,2026-09-08,2026-09-08-01-setup,raw/gkp-discover-03-booking-systems.csv,1206
ob_002148,kw_002124,,discover,country,United Kingdom,English,Google Search,2025-08-01,2026-07-31,encoded_band,50,10,100,-1,0,Unknown,,,,GBP,returned,2026-09-08,2026-09-08-01-setup,raw/gkp-discover-03-booking-systems.csv,1207
ob_002149,kw_002125,,discover,country,United Kingdom,English,Google Search,2025-08-01,2026-07-31,encoded_band,0,0,0,0,0,Unknown,,,,GBP,zero,2026-09-08,2026-09-08-01-setup,raw/gkp-discover-03-booking-systems.csv,1208
ob_002150,kw_002126,,discover,country,United Kingdom,English,Google Search,2025-08-01,2026-07-31,encoded_band,,,,,,Unknown,,,,GBP,absent,2026-09-08,2026-09-08-01-setup,raw/gkp-discover-03-booking-systems.csv,1209
ob_002151,kw_002127,,discover,country,United Kingdom,English,Google Search,2025-08-01,2026-07-31,encoded_band,50,10,100,0,0,Unknown,,,,GBP,returned,2026-09-08,2026-09-08-01-setup,raw/gkp-discover-03-booking-systems.csv,1210
ob_002152,kw_002128,,discover,country,United Kingdom,English,Google Search,2025-08-01,2026-07-31,encoded_band,0,0,0,0,0,Unknown,,,,GBP,zero,2026-09-08,2026-09-08-01-setup,raw/gkp-discover-03-booking-systems.csv,1211
ob_002153,kw_002129,,discover,country,United Kingdom,English,Google Search,2025-08-01,2026-07-31,encoded_band,50,10,100,,0,High,86,,,GBP,returned,2026-09-08,2026-09-08-01-setup,raw/gkp-discover-03-booking-systems.csv,1212
ob_002154,kw_002130,,discover,country,United Kingdom,English,Google Search,2025-08-01,2026-07-31,encoded_band,50,10,100,-1,-1,Unknown,,,,GBP,returned,2026-09-08,2026-09-08-01-setup,raw/gkp-discover-03-booking-systems.csv,1213
ob_002155,kw_002131,,discover,country,United Kingdom,English,Google Search,2025-08-01,2026-07-31,encoded_band,0,0,0,0,0,Unknown,,,,GBP,zero,2026-09-08,2026-09-08-01-setup,raw/gkp-discover-03-booking-systems.csv,1214
ob_002156,kw_002132,,discover,country,United Kingdom,English,Google Search,2025-08-01,2026-07-31,encoded_band,50,10,100,0,0,Unknown,,,,GBP,returned,2026-09-08,2026-09-08-01-setup,raw/gkp-discover-03-booking-systems.csv,1215
ob_002157,kw_002133,,discover,country,United Kingdom,English,Google Search,2025-08-01,2026-07-31,encoded_band,0,0,0,0,0,Unknown,,,,GBP,zero,2026-09-08,2026-09-08-01-setup,raw/gkp-discover-03-booking-systems.csv,1216
ob_002158,kw_002134,,discover,country,United Kingdom,English,Google Search,2025-08-01,2026-07-31,encoded_band,50,10,100,0,0,High,68,10.7,25.52,GBP,returned,2026-09-08,2026-09-08-01-setup,raw/gkp-discover-03-booking-systems.csv,1217
ob_002159,kw_002135,,discover,country,United Kingdom,English,Google Search,2025-08-01,2026-07-31,encoded_band,50,10,100,0,-1,Unknown,,,,GBP,returned,2026-09-08,2026-09-08-01-setup,raw/gkp-discover-03-booking-systems.csv,1218
ob_002160,kw_002136,,discover,country,United Kingdom,English,Google Search,2025-08-01,2026-07-31,encoded_band,50,10,100,-1,-1,Unknown,,,,GBP,returned,2026-09-08,2026-09-08-01-setup,raw/gkp-discover-03-booking-systems.csv,1219
ob_002161,kw_002137,,discover,country,United Kingdom,English,Google Search,2025-08-01,2026-07-31,encoded_band,0,0,0,0,0,Unknown,,,,GBP,zero,2026-09-08,2026-09-08-01-setup,raw/gkp-discover-03-booking-systems.csv,1220
ob_002162,kw_002138,,discover,country,United Kingdom,English,Google Search,2025-08-01,2026-07-31,encoded_band,50,10,100,0,-1,Unknown,,,,GBP,returned,2026-09-08,2026-09-08-01-setup,raw/gkp-discover-03-booking-systems.csv,1221
ob_002163,kw_002139,,discover,country,United Kingdom,English,Google Search,2025-08-01,2026-07-31,encoded_band,50,10,100,0,0,Unknown,,,,GBP,returned,2026-09-08,2026-09-08-01-setup,raw/gkp-discover-03-booking-systems.csv,1222
ob_002164,kw_002140,,discover,country,United Kingdom,English,Google Search,2025-08-01,2026-07-31,encoded_band,50,10,100,0,0,Low,0,,,GBP,returned,2026-09-08,2026-09-08-01-setup,raw/gkp-discover-03-booking-systems.csv,1223
ob_002165,kw_002141,,discover,country,United Kingdom,English,Google Search,2025-08-01,2026-07-31,encoded_band,50,10,100,0,-1,Unknown,,,,GBP,returned,2026-09-08,2026-09-08-01-setup,raw/gkp-discover-03-booking-systems.csv,1224
ob_002166,kw_002142,,discover,country,United Kingdom,English,Google Search,2025-08-01,2026-07-31,encoded_band,50,10,100,0,0,Unknown,,,,GBP,returned,2026-09-08,2026-09-08-01-setup,raw/gkp-discover-03-booking-systems.csv,1225
ob_002167,kw_002143,,discover,country,United Kingdom,English,Google Search,2025-08-01,2026-07-31,encoded_band,50,10,100,,0,Low,0,,,GBP,returned,2026-09-08,2026-09-08-01-setup,raw/gkp-discover-03-booking-systems.csv,1226
ob_002168,kw_002144,,discover,country,United Kingdom,English,Google Search,2025-08-01,2026-07-31,encoded_band,50,10,100,0,0,Low,7,,,GBP,returned,2026-09-08,2026-09-08-01-setup,raw/gkp-discover-03-booking-systems.csv,1227
ob_002169,kw_002145,,discover,country,United Kingdom,English,Google Search,2025-08-01,2026-07-31,encoded_band,50,10,100,,0,Low,0,,,GBP,returned,2026-09-08,2026-09-08-01-setup,raw/gkp-discover-03-booking-systems.csv,1228
ob_002170,kw_002146,,discover,country,United Kingdom,English,Google Search,2025-08-01,2026-07-31,encoded_band,50,10,100,0,-1,Unknown,,,,GBP,returned,2026-09-08,2026-09-08-01-setup,raw/gkp-discover-03-booking-systems.csv,1229
ob_002171,kw_002147,,discover,country,United Kingdom,English,Google Search,2025-08-01,2026-07-31,encoded_band,,,,,,Unknown,,,,GBP,absent,2026-09-08,2026-09-08-01-setup,raw/gkp-discover-03-booking-systems.csv,1230
ob_002172,kw_002148,,discover,country,United Kingdom,English,Google Search,2025-08-01,2026-07-31,encoded_band,0,0,0,0,0,Unknown,,,,GBP,zero,2026-09-08,2026-09-08-01-setup,raw/gkp-discover-03-booking-systems.csv,1231
ob_002173,kw_002149,,discover,country,United Kingdom,English,Google Search,2025-08-01,2026-07-31,encoded_band,50,10,100,,,Low,0,,,GBP,returned,2026-09-08,2026-09-08-01-setup,raw/gkp-discover-03-booking-systems.csv,1232
ob_002174,kw_002150,,discover,country,United Kingdom,English,Google Search,2025-08-01,2026-07-31,encoded_band,50,10,100,0,-1,Unknown,,,,GBP,returned,2026-09-08,2026-09-08-01-setup,raw/gkp-discover-03-booking-systems.csv,1233
ob_002175,kw_002151,,discover,country,United Kingdom,English,Google Search,2025-08-01,2026-07-31,encoded_band,50,10,100,0,0,Unknown,,,,GBP,returned,2026-09-08,2026-09-08-01-setup,raw/gkp-discover-03-booking-systems.csv,1234
ob_002176,kw_002152,,discover,country,United Kingdom,English,Google Search,2025-08-01,2026-07-31,encoded_band,50,10,100,0,0,Unknown,,,,GBP,returned,2026-09-08,2026-09-08-01-setup,raw/gkp-discover-03-booking-systems.csv,1235
ob_002177,kw_002153,,discover,country,United Kingdom,English,Google Search,2025-08-01,2026-07-31,encoded_band,50,10,100,0,0,Unknown,,,,GBP,returned,2026-09-08,2026-09-08-01-setup,raw/gkp-discover-03-booking-systems.csv,1236
ob_002178,kw_002154,,discover,country,United Kingdom,English,Google Search,2025-08-01,2026-07-31,encoded_band,50,10,100,0,-1,Unknown,,,,GBP,returned,2026-09-08,2026-09-08-01-setup,raw/gkp-discover-03-booking-systems.csv,1237
ob_002179,kw_002155,,discover,country,United Kingdom,English,Google Search,2025-08-01,2026-07-31,encoded_band,50,10,100,0,-1,Unknown,,,,GBP,returned,2026-09-08,2026-09-08-01-setup,raw/gkp-discover-03-booking-systems.csv,1238
ob_002180,kw_002156,,discover,country,United Kingdom,English,Google Search,2025-08-01,2026-07-31,encoded_band,50,10,100,,,Low,0,,,GBP,returned,2026-09-08,2026-09-08-01-setup,raw/gkp-discover-03-booking-systems.csv,1239
ob_002181,kw_002157,,discover,country,United Kingdom,English,Google Search,2025-08-01,2026-07-31,encoded_band,50,10,100,0,0,Unknown,,,,GBP,returned,2026-09-08,2026-09-08-01-setup,raw/gkp-discover-03-booking-systems.csv,1240
ob_002182,kw_002158,,discover,country,United Kingdom,English,Google Search,2025-08-01,2026-07-31,encoded_band,50,10,100,0,0,Unknown,,,,GBP,returned,2026-09-08,2026-09-08-01-setup,raw/gkp-discover-03-booking-systems.csv,1241
ob_002183,kw_002159,,discover,country,United Kingdom,English,Google Search,2025-08-01,2026-07-31,encoded_band,50,10,100,0,0,Unknown,,,,GBP,returned,2026-09-08,2026-09-08-01-setup,raw/gkp-discover-03-booking-systems.csv,1242
ob_002184,kw_002160,,discover,country,United Kingdom,English,Google Search,2025-08-01,2026-07-31,encoded_band,50,10,100,0,0,Low,0,,,GBP,returned,2026-09-08,2026-09-08-01-setup,raw/gkp-discover-03-booking-systems.csv,1243
ob_002185,kw_002161,,discover,country,United Kingdom,English,Google Search,2025-08-01,2026-07-31,encoded_band,0,0,0,0,0,Unknown,,,,GBP,zero,2026-09-08,2026-09-08-01-setup,raw/gkp-discover-03-booking-systems.csv,1244
ob_002186,kw_002162,,discover,country,United Kingdom,English,Google Search,2025-08-01,2026-07-31,encoded_band,50,10,100,0,0,Medium,51,4.17,26.34,GBP,returned,2026-09-08,2026-09-08-01-setup,raw/gkp-discover-03-booking-systems.csv,1245
ob_002187,kw_002163,,discover,country,United Kingdom,English,Google Search,2025-08-01,2026-07-31,encoded_band,50,10,100,0,0,Unknown,,,,GBP,returned,2026-09-08,2026-09-08-01-setup,raw/gkp-discover-03-booking-systems.csv,1246
ob_002188,kw_002164,,discover,country,United Kingdom,English,Google Search,2025-08-01,2026-07-31,encoded_band,50,10,100,,,Low,0,,,GBP,returned,2026-09-08,2026-09-08-01-setup,raw/gkp-discover-03-booking-systems.csv,1247
ob_002189,kw_002165,,discover,country,United Kingdom,English,Google Search,2025-08-01,2026-07-31,encoded_band,50,10,100,-1,-1,Unknown,,,,GBP,returned,2026-09-08,2026-09-08-01-setup,raw/gkp-discover-03-booking-systems.csv,1248
ob_002190,kw_002166,,discover,country,United Kingdom,English,Google Search,2025-08-01,2026-07-31,encoded_band,50,10,100,0,0,Unknown,,,,GBP,returned,2026-09-08,2026-09-08-01-setup,raw/gkp-discover-03-booking-systems.csv,1249
ob_002191,kw_002167,,discover,country,United Kingdom,English,Google Search,2025-08-01,2026-07-31,encoded_band,50,10,100,0,0,Low,0,,,GBP,returned,2026-09-08,2026-09-08-01-setup,raw/gkp-discover-03-booking-systems.csv,1250
ob_002192,kw_002168,,discover,country,United Kingdom,English,Google Search,2025-08-01,2026-07-31,encoded_band,50,10,100,0,0,Unknown,,,,GBP,returned,2026-09-08,2026-09-08-01-setup,raw/gkp-discover-03-booking-systems.csv,1251
ob_002193,kw_002169,,discover,country,United Kingdom,English,Google Search,2025-08-01,2026-07-31,encoded_band,50,10,100,-1,0,Unknown,,,,GBP,returned,2026-09-08,2026-09-08-01-setup,raw/gkp-discover-03-booking-systems.csv,1252
ob_002194,kw_002170,,discover,country,United Kingdom,English,Google Search,2025-08-01,2026-07-31,encoded_band,0,0,0,0,0,Unknown,,,,GBP,zero,2026-09-08,2026-09-08-01-setup,raw/gkp-discover-03-booking-systems.csv,1253
ob_002195,kw_002171,,discover,country,United Kingdom,English,Google Search,2025-08-01,2026-07-31,encoded_band,50,10,100,0,0,Unknown,,,,GBP,returned,2026-09-08,2026-09-08-01-setup,raw/gkp-discover-03-booking-systems.csv,1254
ob_002196,kw_002172,,discover,country,United Kingdom,English,Google Search,2025-08-01,2026-07-31,encoded_band,50,10,100,-1,0,Unknown,,,,GBP,returned,2026-09-08,2026-09-08-01-setup,raw/gkp-discover-03-booking-systems.csv,1255
ob_002197,kw_002173,,discover,country,United Kingdom,English,Google Search,2025-08-01,2026-07-31,encoded_band,50,10,100,0,0,Low,0,,,GBP,returned,2026-09-08,2026-09-08-01-setup,raw/gkp-discover-03-booking-systems.csv,1256
ob_002198,kw_002174,,discover,country,United Kingdom,English,Google Search,2025-08-01,2026-07-31,encoded_band,50,10,100,,0,High,86,,,GBP,returned,2026-09-08,2026-09-08-01-setup,raw/gkp-discover-03-booking-systems.csv,1257
ob_002199,kw_002175,,discover,country,United Kingdom,English,Google Search,2025-08-01,2026-07-31,encoded_band,50,10,100,,0,Low,0,,,GBP,returned,2026-09-08,2026-09-08-01-setup,raw/gkp-discover-03-booking-systems.csv,1258
ob_002200,kw_002176,,discover,country,United Kingdom,English,Google Search,2025-08-01,2026-07-31,encoded_band,50,10,100,0,,Medium,50,,,GBP,returned,2026-09-08,2026-09-08-01-setup,raw/gkp-discover-03-booking-systems.csv,1259
ob_002201,kw_002177,,discover,country,United Kingdom,English,Google Search,2025-08-01,2026-07-31,encoded_band,50,10,100,0,0,Unknown,,,,GBP,returned,2026-09-08,2026-09-08-01-setup,raw/gkp-discover-03-booking-systems.csv,1260
ob_002202,kw_002178,,discover,country,United Kingdom,English,Google Search,2025-08-01,2026-07-31,encoded_band,50,10,100,0,-1,Unknown,,,,GBP,returned,2026-09-08,2026-09-08-01-setup,raw/gkp-discover-03-booking-systems.csv,1261
ob_002203,kw_002179,,discover,country,United Kingdom,English,Google Search,2025-08-01,2026-07-31,encoded_band,50,10,100,0,0,Unknown,,,,GBP,returned,2026-09-08,2026-09-08-01-setup,raw/gkp-discover-03-booking-systems.csv,1262
ob_002204,kw_002180,,discover,country,United Kingdom,English,Google Search,2025-08-01,2026-07-31,encoded_band,0,0,0,0,0,Unknown,,,,GBP,zero,2026-09-08,2026-09-08-01-setup,raw/gkp-discover-03-booking-systems.csv,1263
ob_002205,kw_002181,,discover,country,United Kingdom,English,Google Search,2025-08-01,2026-07-31,encoded_band,50,10,100,0,0,Unknown,,,,GBP,returned,2026-09-08,2026-09-08-01-setup,raw/gkp-discover-03-booking-systems.csv,1264
ob_002206,kw_002182,,discover,country,United Kingdom,English,Google Search,2025-08-01,2026-07-31,encoded_band,50,10,100,0,-1,Unknown,,,,GBP,returned,2026-09-08,2026-09-08-01-setup,raw/gkp-discover-03-booking-systems.csv,1265
ob_002207,kw_002183,,discover,country,United Kingdom,English,Google Search,2025-08-01,2026-07-31,encoded_band,,,,,,Unknown,,,,GBP,absent,2026-09-08,2026-09-08-01-setup,raw/gkp-discover-03-booking-systems.csv,1266
ob_002208,kw_002184,,discover,country,United Kingdom,English,Google Search,2025-08-01,2026-07-31,encoded_band,,,,,,Unknown,,,,GBP,absent,2026-09-08,2026-09-08-01-setup,raw/gkp-discover-03-booking-systems.csv,1267
ob_002209,kw_002185,,discover,country,United Kingdom,English,Google Search,2025-08-01,2026-07-31,encoded_band,50,10,100,,,Low,0,,,GBP,returned,2026-09-08,2026-09-08-01-setup,raw/gkp-discover-03-booking-systems.csv,1268
ob_002210,kw_002186,,discover,country,United Kingdom,English,Google Search,2025-08-01,2026-07-31,encoded_band,0,0,0,0,0,Unknown,,,,GBP,zero,2026-09-08,2026-09-08-01-setup,raw/gkp-discover-03-booking-systems.csv,1269
ob_002211,kw_002187,,discover,country,United Kingdom,English,Google Search,2025-08-01,2026-07-31,encoded_band,50,10,100,0,,Low,0,,,GBP,returned,2026-09-08,2026-09-08-01-setup,raw/gkp-discover-03-booking-systems.csv,1270
ob_002212,kw_002188,,discover,country,United Kingdom,English,Google Search,2025-08-01,2026-07-31,encoded_band,50,10,100,-1,0,Unknown,,,,GBP,returned,2026-09-08,2026-09-08-01-setup,raw/gkp-discover-03-booking-systems.csv,1271
ob_002213,kw_002189,,discover,country,United Kingdom,English,Google Search,2025-08-01,2026-07-31,encoded_band,50,10,100,0,0,Unknown,,,,GBP,returned,2026-09-08,2026-09-08-01-setup,raw/gkp-discover-03-booking-systems.csv,1272
ob_002214,kw_002190,,discover,country,United Kingdom,English,Google Search,2025-08-01,2026-07-31,encoded_band,,,,,,Unknown,,,,GBP,absent,2026-09-08,2026-09-08-01-setup,raw/gkp-discover-03-booking-systems.csv,1273
ob_002215,kw_002191,,discover,country,United Kingdom,English,Google Search,2025-08-01,2026-07-31,encoded_band,50,10,100,-1,-1,Unknown,,,,GBP,returned,2026-09-08,2026-09-08-01-setup,raw/gkp-discover-03-booking-systems.csv,1274
ob_002216,kw_002192,,discover,country,United Kingdom,English,Google Search,2025-08-01,2026-07-31,encoded_band,50,10,100,-1,0,Unknown,,,,GBP,returned,2026-09-08,2026-09-08-01-setup,raw/gkp-discover-03-booking-systems.csv,1275
ob_002217,kw_002193,,discover,country,United Kingdom,English,Google Search,2025-08-01,2026-07-31,encoded_band,50,10,100,0,0,Unknown,,,,GBP,returned,2026-09-08,2026-09-08-01-setup,raw/gkp-discover-03-booking-systems.csv,1276
ob_002218,kw_002194,,discover,country,United Kingdom,English,Google Search,2025-08-01,2026-07-31,encoded_band,50,10,100,0,-1,Unknown,,,,GBP,returned,2026-09-08,2026-09-08-01-setup,raw/gkp-discover-03-booking-systems.csv,1277
ob_002219,kw_002195,,discover,country,United Kingdom,English,Google Search,2025-08-01,2026-07-31,encoded_band,50,10,100,0,0,Low,3,,,GBP,returned,2026-09-08,2026-09-08-01-setup,raw/gkp-discover-03-booking-systems.csv,1278
ob_002220,kw_002196,,discover,country,United Kingdom,English,Google Search,2025-08-01,2026-07-31,encoded_band,50,10,100,,0,High,86,,,GBP,returned,2026-09-08,2026-09-08-01-setup,raw/gkp-discover-03-booking-systems.csv,1279
ob_002221,kw_002197,,discover,country,United Kingdom,English,Google Search,2025-08-01,2026-07-31,encoded_band,0,0,0,0,0,Unknown,,,,GBP,zero,2026-09-08,2026-09-08-01-setup,raw/gkp-discover-03-booking-systems.csv,1280
ob_002222,kw_002198,,discover,country,United Kingdom,English,Google Search,2025-08-01,2026-07-31,encoded_band,50,10,100,-1,0,Unknown,,,,GBP,returned,2026-09-08,2026-09-08-01-setup,raw/gkp-discover-03-booking-systems.csv,1281
ob_002223,kw_002199,,discover,country,United Kingdom,English,Google Search,2025-08-01,2026-07-31,encoded_band,50,10,100,0,0,Unknown,,,,GBP,returned,2026-09-08,2026-09-08-01-setup,raw/gkp-discover-03-booking-systems.csv,1282
ob_002224,kw_002200,,discover,country,United Kingdom,English,Google Search,2025-08-01,2026-07-31,encoded_band,50,10,100,-1,0,Unknown,,,,GBP,returned,2026-09-08,2026-09-08-01-setup,raw/gkp-discover-03-booking-systems.csv,1283
ob_002225,kw_002201,,discover,country,United Kingdom,English,Google Search,2025-08-01,2026-07-31,encoded_band,50,10,100,0,0,Low,0,,,GBP,returned,2026-09-08,2026-09-08-01-setup,raw/gkp-discover-03-booking-systems.csv,1284
ob_002226,kw_002202,,discover,country,United Kingdom,English,Google Search,2025-08-01,2026-07-31,encoded_band,50,10,100,-1,0,Unknown,,,,GBP,returned,2026-09-08,2026-09-08-01-setup,raw/gkp-discover-03-booking-systems.csv,1285
ob_002227,kw_002203,,discover,country,United Kingdom,English,Google Search,2025-08-01,2026-07-31,encoded_band,0,0,0,0,0,Unknown,,,,GBP,zero,2026-09-08,2026-09-08-01-setup,raw/gkp-discover-03-booking-systems.csv,1286
ob_002228,kw_002204,,discover,country,United Kingdom,English,Google Search,2025-08-01,2026-07-31,encoded_band,50,10,100,0,-1,Unknown,,,,GBP,returned,2026-09-08,2026-09-08-01-setup,raw/gkp-discover-03-booking-systems.csv,1287
ob_002229,kw_002205,,discover,country,United Kingdom,English,Google Search,2025-08-01,2026-07-31,encoded_band,50,10,100,0,0,Unknown,,,,GBP,returned,2026-09-08,2026-09-08-01-setup,raw/gkp-discover-03-booking-systems.csv,1288
ob_002230,kw_002206,,discover,country,United Kingdom,English,Google Search,2025-08-01,2026-07-31,encoded_band,50,10,100,0,-1,Unknown,,,,GBP,returned,2026-09-08,2026-09-08-01-setup,raw/gkp-discover-03-booking-systems.csv,1289
ob_002231,kw_002207,,discover,country,United Kingdom,English,Google Search,2025-08-01,2026-07-31,encoded_band,50,10,100,,,High,86,,,GBP,returned,2026-09-08,2026-09-08-01-setup,raw/gkp-discover-03-booking-systems.csv,1290
ob_002232,kw_002208,,discover,country,United Kingdom,English,Google Search,2025-08-01,2026-07-31,encoded_band,0,0,0,0,0,Unknown,,,,GBP,zero,2026-09-08,2026-09-08-01-setup,raw/gkp-discover-03-booking-systems.csv,1291
ob_002233,kw_002209,,discover,country,United Kingdom,English,Google Search,2025-08-01,2026-07-31,encoded_band,50,10,100,-1,0,Unknown,,,,GBP,returned,2026-09-08,2026-09-08-01-setup,raw/gkp-discover-03-booking-systems.csv,1292
ob_002234,kw_002210,,discover,country,United Kingdom,English,Google Search,2025-08-01,2026-07-31,encoded_band,0,0,0,0,0,Unknown,,,,GBP,zero,2026-09-08,2026-09-08-01-setup,raw/gkp-discover-03-booking-systems.csv,1293
ob_002235,kw_002211,,discover,country,United Kingdom,English,Google Search,2025-08-01,2026-07-31,encoded_band,50,10,100,,0,Low,0,,,GBP,returned,2026-09-08,2026-09-08-01-setup,raw/gkp-discover-03-booking-systems.csv,1294
ob_002236,kw_002212,,discover,country,United Kingdom,English,Google Search,2025-08-01,2026-07-31,encoded_band,50,10,100,0,-1,Unknown,,,,GBP,returned,2026-09-08,2026-09-08-01-setup,raw/gkp-discover-03-booking-systems.csv,1295
ob_002237,kw_002213,,discover,country,United Kingdom,English,Google Search,2025-08-01,2026-07-31,encoded_band,,,,,,Unknown,,,,GBP,absent,2026-09-08,2026-09-08-01-setup,raw/gkp-discover-03-booking-systems.csv,1296
ob_002238,kw_002214,,discover,country,United Kingdom,English,Google Search,2025-08-01,2026-07-31,encoded_band,0,0,0,0,0,Unknown,,,,GBP,zero,2026-09-08,2026-09-08-01-setup,raw/gkp-discover-03-booking-systems.csv,1297
ob_002239,kw_002215,,discover,country,United Kingdom,English,Google Search,2025-08-01,2026-07-31,encoded_band,50,10,100,0,-1,Unknown,,,,GBP,returned,2026-09-08,2026-09-08-01-setup,raw/gkp-discover-03-booking-systems.csv,1298
ob_002240,kw_002216,,discover,country,United Kingdom,English,Google Search,2025-08-01,2026-07-31,encoded_band,50,10,100,0,0,Unknown,,,,GBP,returned,2026-09-08,2026-09-08-01-setup,raw/gkp-discover-03-booking-systems.csv,1299
ob_002241,kw_002217,,discover,country,United Kingdom,English,Google Search,2025-08-01,2026-07-31,encoded_band,50,10,100,0,0,Unknown,,,,GBP,returned,2026-09-08,2026-09-08-01-setup,raw/gkp-discover-03-booking-systems.csv,1300
ob_002242,kw_002218,,discover,country,United Kingdom,English,Google Search,2025-08-01,2026-07-31,encoded_band,50,10,100,0,0,High,82,8.12,18.54,GBP,returned,2026-09-08,2026-09-08-01-setup,raw/gkp-discover-03-booking-systems.csv,1301
ob_002243,kw_002219,,discover,country,United Kingdom,English,Google Search,2025-08-01,2026-07-31,encoded_band,50,10,100,0,,Low,0,,,GBP,returned,2026-09-08,2026-09-08-01-setup,raw/gkp-discover-03-booking-systems.csv,1302
ob_002244,kw_002220,,discover,country,United Kingdom,English,Google Search,2025-08-01,2026-07-31,encoded_band,50,10,100,0,0,Unknown,,,,GBP,returned,2026-09-08,2026-09-08-01-setup,raw/gkp-discover-03-booking-systems.csv,1303
ob_002245,kw_002221,,discover,country,United Kingdom,English,Google Search,2025-08-01,2026-07-31,encoded_band,50,10,100,-1,-1,Unknown,,,,GBP,returned,2026-09-08,2026-09-08-01-setup,raw/gkp-discover-03-booking-systems.csv,1304
ob_002246,kw_002222,,discover,country,United Kingdom,English,Google Search,2025-08-01,2026-07-31,encoded_band,50,10,100,,0,Low,0,,,GBP,returned,2026-09-08,2026-09-08-01-setup,raw/gkp-discover-03-booking-systems.csv,1305
ob_002247,kw_002223,,discover,country,United Kingdom,English,Google Search,2025-08-01,2026-07-31,encoded_band,0,0,0,0,-1,Unknown,,,,GBP,zero,2026-09-08,2026-09-08-01-setup,raw/gkp-discover-03-booking-systems.csv,1306
ob_002248,kw_002224,,discover,country,United Kingdom,English,Google Search,2025-08-01,2026-07-31,encoded_band,0,0,0,0,0,Unknown,,,,GBP,zero,2026-09-08,2026-09-08-01-setup,raw/gkp-discover-03-booking-systems.csv,1307
ob_002249,kw_002225,,discover,country,United Kingdom,English,Google Search,2025-08-01,2026-07-31,encoded_band,0,0,0,0,0,Unknown,,,,GBP,zero,2026-09-08,2026-09-08-01-setup,raw/gkp-discover-03-booking-systems.csv,1308
ob_002250,kw_002226,,discover,country,United Kingdom,English,Google Search,2025-08-01,2026-07-31,encoded_band,0,0,0,0,0,Unknown,,,,GBP,zero,2026-09-08,2026-09-08-01-setup,raw/gkp-discover-03-booking-systems.csv,1309
ob_002251,kw_002227,,discover,country,United Kingdom,English,Google Search,2025-08-01,2026-07-31,encoded_band,50,10,100,,0,Low,0,,,GBP,returned,2026-09-08,2026-09-08-01-setup,raw/gkp-discover-03-booking-systems.csv,1310
ob_002252,kw_002228,,discover,country,United Kingdom,English,Google Search,2025-08-01,2026-07-31,encoded_band,50,10,100,0,0,Unknown,,,,GBP,returned,2026-09-08,2026-09-08-01-setup,raw/gkp-discover-03-booking-systems.csv,1311
ob_002253,kw_002229,,discover,country,United Kingdom,English,Google Search,2025-08-01,2026-07-31,encoded_band,50,10,100,,,Low,0,,,GBP,returned,2026-09-08,2026-09-08-01-setup,raw/gkp-discover-03-booking-systems.csv,1312
ob_002254,kw_002230,,discover,country,United Kingdom,English,Google Search,2025-08-01,2026-07-31,encoded_band,0,0,0,0,0,Unknown,,,,GBP,zero,2026-09-08,2026-09-08-01-setup,raw/gkp-discover-03-booking-systems.csv,1313
ob_002255,kw_002231,,discover,country,United Kingdom,English,Google Search,2025-08-01,2026-07-31,encoded_band,50,10,100,0,0,Low,0,,,GBP,returned,2026-09-08,2026-09-08-01-setup,raw/gkp-discover-03-booking-systems.csv,1314
ob_002256,kw_002232,,discover,country,United Kingdom,English,Google Search,2025-08-01,2026-07-31,encoded_band,50,10,100,-1,-1,Unknown,,,,GBP,returned,2026-09-08,2026-09-08-01-setup,raw/gkp-discover-03-booking-systems.csv,1315
ob_002257,kw_002233,,discover,country,United Kingdom,English,Google Search,2025-08-01,2026-07-31,encoded_band,0,0,0,0,0,Unknown,,,,GBP,zero,2026-09-08,2026-09-08-01-setup,raw/gkp-discover-03-booking-systems.csv,1316
ob_002258,kw_002234,,discover,country,United Kingdom,English,Google Search,2025-08-01,2026-07-31,encoded_band,50,10,100,0,0,Unknown,,,,GBP,returned,2026-09-08,2026-09-08-01-setup,raw/gkp-discover-03-booking-systems.csv,1317
ob_002259,kw_002235,,discover,country,United Kingdom,English,Google Search,2025-08-01,2026-07-31,encoded_band,50,10,100,0,-1,Unknown,,,,GBP,returned,2026-09-08,2026-09-08-01-setup,raw/gkp-discover-03-booking-systems.csv,1318
ob_002260,kw_002236,,discover,country,United Kingdom,English,Google Search,2025-08-01,2026-07-31,encoded_band,50,10,100,0,0,Unknown,,,,GBP,returned,2026-09-08,2026-09-08-01-setup,raw/gkp-discover-03-booking-systems.csv,1319
ob_002261,kw_002237,,discover,country,United Kingdom,English,Google Search,2025-08-01,2026-07-31,encoded_band,50,10,100,0,,Low,29,,,GBP,returned,2026-09-08,2026-09-08-01-setup,raw/gkp-discover-03-booking-systems.csv,1320
ob_002262,kw_002238,,discover,country,United Kingdom,English,Google Search,2025-08-01,2026-07-31,encoded_band,50,10,100,,0,High,76,5.5,23,GBP,returned,2026-09-08,2026-09-08-01-setup,raw/gkp-discover-03-booking-systems.csv,1321
ob_002263,kw_002239,,discover,country,United Kingdom,English,Google Search,2025-08-01,2026-07-31,encoded_band,50,10,100,-1,0,Unknown,,,,GBP,returned,2026-09-08,2026-09-08-01-setup,raw/gkp-discover-03-booking-systems.csv,1322
ob_002264,kw_002240,,discover,country,United Kingdom,English,Google Search,2025-08-01,2026-07-31,encoded_band,0,0,0,0,0,Unknown,,,,GBP,zero,2026-09-08,2026-09-08-01-setup,raw/gkp-discover-03-booking-systems.csv,1323
ob_002265,kw_002241,,discover,country,United Kingdom,English,Google Search,2025-08-01,2026-07-31,encoded_band,0,0,0,0,0,Unknown,,,,GBP,zero,2026-09-08,2026-09-08-01-setup,raw/gkp-discover-03-booking-systems.csv,1324
ob_002266,kw_002242,,discover,country,United Kingdom,English,Google Search,2025-08-01,2026-07-31,encoded_band,0,0,0,0,0,Unknown,,,,GBP,zero,2026-09-08,2026-09-08-01-setup,raw/gkp-discover-03-booking-systems.csv,1325
ob_002267,kw_002243,,discover,country,United Kingdom,English,Google Search,2025-08-01,2026-07-31,encoded_band,50,10,100,0,0,Unknown,,,,GBP,returned,2026-09-08,2026-09-08-01-setup,raw/gkp-discover-03-booking-systems.csv,1326
ob_002268,kw_002244,,discover,country,United Kingdom,English,Google Search,2025-08-01,2026-07-31,encoded_band,50,10,100,-1,-1,Unknown,,,,GBP,returned,2026-09-08,2026-09-08-01-setup,raw/gkp-discover-03-booking-systems.csv,1327
ob_002269,kw_002245,,discover,country,United Kingdom,English,Google Search,2025-08-01,2026-07-31,encoded_band,50,10,100,,,Low,0,,,GBP,returned,2026-09-08,2026-09-08-01-setup,raw/gkp-discover-03-booking-systems.csv,1328
ob_002270,kw_002246,,discover,country,United Kingdom,English,Google Search,2025-08-01,2026-07-31,encoded_band,50,10,100,0,0,Unknown,,,,GBP,returned,2026-09-08,2026-09-08-01-setup,raw/gkp-discover-03-booking-systems.csv,1329
ob_002271,kw_002247,,discover,country,United Kingdom,English,Google Search,2025-08-01,2026-07-31,encoded_band,50,10,100,-1,0,Unknown,,,,GBP,returned,2026-09-08,2026-09-08-01-setup,raw/gkp-discover-03-booking-systems.csv,1330
ob_002272,kw_002248,,discover,country,United Kingdom,English,Google Search,2025-08-01,2026-07-31,encoded_band,50,10,100,0,-1,Unknown,,,,GBP,returned,2026-09-08,2026-09-08-01-setup,raw/gkp-discover-03-booking-systems.csv,1331
ob_002273,kw_002249,,discover,country,United Kingdom,English,Google Search,2025-08-01,2026-07-31,encoded_band,50,10,100,0,,High,86,,,GBP,returned,2026-09-08,2026-09-08-01-setup,raw/gkp-discover-03-booking-systems.csv,1332
ob_002274,kw_002250,,discover,country,United Kingdom,English,Google Search,2025-08-01,2026-07-31,encoded_band,50,10,100,,0,High,79,,,GBP,returned,2026-09-08,2026-09-08-01-setup,raw/gkp-discover-03-booking-systems.csv,1333
ob_002275,kw_002251,,discover,country,United Kingdom,English,Google Search,2025-08-01,2026-07-31,encoded_band,0,0,0,0,0,Unknown,,,,GBP,zero,2026-09-08,2026-09-08-01-setup,raw/gkp-discover-03-booking-systems.csv,1334
ob_002276,kw_002252,,discover,country,United Kingdom,English,Google Search,2025-08-01,2026-07-31,encoded_band,500,100,1000,0,-0.9,Low,21,24.36,66.11,GBP,returned,2026-09-08,2026-09-08-01-setup,raw/gkp-discover-03-booking-systems.csv,1335
ob_002277,kw_002253,,discover,country,United Kingdom,English,Google Search,2025-08-01,2026-07-31,encoded_band,50,10,100,0,0,Unknown,,,,GBP,returned,2026-09-08,2026-09-08-01-setup,raw/gkp-discover-03-booking-systems.csv,1336
ob_002278,kw_002254,,discover,country,United Kingdom,English,Google Search,2025-08-01,2026-07-31,encoded_band,50,10,100,-1,-1,Unknown,,,,GBP,returned,2026-09-08,2026-09-08-01-setup,raw/gkp-discover-03-booking-systems.csv,1337
ob_002279,kw_002255,,discover,country,United Kingdom,English,Google Search,2025-08-01,2026-07-31,encoded_band,50,10,100,0,0,Unknown,,,,GBP,returned,2026-09-08,2026-09-08-01-setup,raw/gkp-discover-03-booking-systems.csv,1338
ob_002280,kw_002256,,discover,country,United Kingdom,English,Google Search,2025-08-01,2026-07-31,encoded_band,50,10,100,0,0,Low,0,,,GBP,returned,2026-09-08,2026-09-08-01-setup,raw/gkp-discover-03-booking-systems.csv,1339
ob_002281,kw_002257,,discover,country,United Kingdom,English,Google Search,2025-08-01,2026-07-31,encoded_band,50,10,100,-1,-1,Unknown,,,,GBP,returned,2026-09-08,2026-09-08-01-setup,raw/gkp-discover-03-booking-systems.csv,1340
ob_002282,kw_002258,,discover,country,United Kingdom,English,Google Search,2025-08-01,2026-07-31,encoded_band,,,,,,Unknown,,,,GBP,absent,2026-09-08,2026-09-08-01-setup,raw/gkp-discover-03-booking-systems.csv,1341
ob_002283,kw_002259,,discover,country,United Kingdom,English,Google Search,2025-08-01,2026-07-31,encoded_band,0,0,0,0,0,Unknown,,,,GBP,zero,2026-09-08,2026-09-08-01-setup,raw/gkp-discover-03-booking-systems.csv,1342
ob_002284,kw_002260,,discover,country,United Kingdom,English,Google Search,2025-08-01,2026-07-31,encoded_band,50,10,100,0,0,Low,0,,,GBP,returned,2026-09-08,2026-09-08-01-setup,raw/gkp-discover-03-booking-systems.csv,1343
ob_002285,kw_002261,,discover,country,United Kingdom,English,Google Search,2025-08-01,2026-07-31,encoded_band,50,10,100,0,0,Low,0,,,GBP,returned,2026-09-08,2026-09-08-01-setup,raw/gkp-discover-03-booking-systems.csv,1344
ob_002286,kw_002262,,discover,country,United Kingdom,English,Google Search,2025-08-01,2026-07-31,encoded_band,50,10,100,0,0,Unknown,,,,GBP,returned,2026-09-08,2026-09-08-01-setup,raw/gkp-discover-03-booking-systems.csv,1345
ob_002287,kw_002263,,discover,country,United Kingdom,English,Google Search,2025-08-01,2026-07-31,encoded_band,,,,,,Unknown,,,,GBP,absent,2026-09-08,2026-09-08-01-setup,raw/gkp-discover-03-booking-systems.csv,1346
ob_002288,kw_002264,,discover,country,United Kingdom,English,Google Search,2025-08-01,2026-07-31,encoded_band,50,10,100,0,-1,Unknown,,,,GBP,returned,2026-09-08,2026-09-08-01-setup,raw/gkp-discover-03-booking-systems.csv,1347
ob_002289,kw_002265,,discover,country,United Kingdom,English,Google Search,2025-08-01,2026-07-31,encoded_band,0,0,0,0,0,Unknown,,,,GBP,zero,2026-09-08,2026-09-08-01-setup,raw/gkp-discover-03-booking-systems.csv,1348
ob_002290,kw_002266,,discover,country,United Kingdom,English,Google Search,2025-08-01,2026-07-31,encoded_band,0,0,0,0,0,Unknown,,,,GBP,zero,2026-09-08,2026-09-08-01-setup,raw/gkp-discover-03-booking-systems.csv,1349
ob_002291,kw_002267,,discover,country,United Kingdom,English,Google Search,2025-08-01,2026-07-31,encoded_band,,,,,,Unknown,,,,GBP,absent,2026-09-08,2026-09-08-01-setup,raw/gkp-discover-03-booking-systems.csv,1350
ob_002292,kw_002268,,discover,country,United Kingdom,English,Google Search,2025-08-01,2026-07-31,encoded_band,50,10,100,0,0,Unknown,,,,GBP,returned,2026-09-08,2026-09-08-01-setup,raw/gkp-discover-03-booking-systems.csv,1351
ob_002293,kw_002269,,discover,country,United Kingdom,English,Google Search,2025-08-01,2026-07-31,encoded_band,0,0,0,0,0,Unknown,,,,GBP,zero,2026-09-08,2026-09-08-01-setup,raw/gkp-discover-03-booking-systems.csv,1352
ob_002294,kw_002270,,discover,country,United Kingdom,English,Google Search,2025-08-01,2026-07-31,encoded_band,50,10,100,0,0,Unknown,,,,GBP,returned,2026-09-08,2026-09-08-01-setup,raw/gkp-discover-03-booking-systems.csv,1353
ob_002295,kw_002271,,discover,country,United Kingdom,English,Google Search,2025-08-01,2026-07-31,encoded_band,0,0,0,0,0,Unknown,,,,GBP,zero,2026-09-08,2026-09-08-01-setup,raw/gkp-discover-03-booking-systems.csv,1354
ob_002296,kw_002272,,discover,country,United Kingdom,English,Google Search,2025-08-01,2026-07-31,encoded_band,50,10,100,0,-1,Unknown,,,,GBP,returned,2026-09-08,2026-09-08-01-setup,raw/gkp-discover-03-booking-systems.csv,1355
ob_002297,kw_002273,,discover,country,United Kingdom,English,Google Search,2025-08-01,2026-07-31,encoded_band,50,10,100,,,Low,0,,,GBP,returned,2026-09-08,2026-09-08-01-setup,raw/gkp-discover-03-booking-systems.csv,1356
ob_002298,kw_002274,,discover,country,United Kingdom,English,Google Search,2025-08-01,2026-07-31,encoded_band,50,10,100,0,0,Unknown,,,,GBP,returned,2026-09-08,2026-09-08-01-setup,raw/gkp-discover-03-booking-systems.csv,1357
ob_002299,kw_002275,,discover,country,United Kingdom,English,Google Search,2025-08-01,2026-07-31,encoded_band,0,0,0,0,0,Unknown,,,,GBP,zero,2026-09-08,2026-09-08-01-setup,raw/gkp-discover-03-booking-systems.csv,1358
ob_002300,kw_002276,,discover,country,United Kingdom,English,Google Search,2025-08-01,2026-07-31,encoded_band,50,10,100,0,0,Unknown,,,,GBP,returned,2026-09-08,2026-09-08-01-setup,raw/gkp-discover-03-booking-systems.csv,1359
ob_002301,kw_002277,,discover,country,United Kingdom,English,Google Search,2025-08-01,2026-07-31,encoded_band,0,0,0,0,0,Unknown,,,,GBP,zero,2026-09-08,2026-09-08-01-setup,raw/gkp-discover-03-booking-systems.csv,1360
ob_002302,kw_002278,,discover,country,United Kingdom,English,Google Search,2025-08-01,2026-07-31,encoded_band,50,10,100,0,-1,Unknown,,,,GBP,returned,2026-09-08,2026-09-08-01-setup,raw/gkp-discover-03-booking-systems.csv,1361
ob_002303,kw_002279,,discover,country,United Kingdom,English,Google Search,2025-08-01,2026-07-31,encoded_band,50,10,100,0,0,High,86,,,GBP,returned,2026-09-08,2026-09-08-01-setup,raw/gkp-discover-03-booking-systems.csv,1362
ob_002304,kw_002280,,discover,country,United Kingdom,English,Google Search,2025-08-01,2026-07-31,encoded_band,50,10,100,0,0,Unknown,,,,GBP,returned,2026-09-08,2026-09-08-01-setup,raw/gkp-discover-03-booking-systems.csv,1363
ob_002305,kw_002281,,discover,country,United Kingdom,English,Google Search,2025-08-01,2026-07-31,encoded_band,50,10,100,-1,-1,Unknown,,,,GBP,returned,2026-09-08,2026-09-08-01-setup,raw/gkp-discover-03-booking-systems.csv,1364
ob_002306,kw_002282,,discover,country,United Kingdom,English,Google Search,2025-08-01,2026-07-31,encoded_band,50,10,100,0,0,Unknown,,,,GBP,returned,2026-09-08,2026-09-08-01-setup,raw/gkp-discover-03-booking-systems.csv,1365
ob_002307,kw_002283,,discover,country,United Kingdom,English,Google Search,2025-08-01,2026-07-31,encoded_band,50,10,100,0,0,Unknown,,,,GBP,returned,2026-09-08,2026-09-08-01-setup,raw/gkp-discover-03-booking-systems.csv,1366
ob_002308,kw_002284,,discover,country,United Kingdom,English,Google Search,2025-08-01,2026-07-31,encoded_band,50,10,100,0,-1,Unknown,,,,GBP,returned,2026-09-08,2026-09-08-01-setup,raw/gkp-discover-03-booking-systems.csv,1367
ob_002309,kw_002285,,discover,country,United Kingdom,English,Google Search,2025-08-01,2026-07-31,encoded_band,50,10,100,,0,Low,0,,,GBP,returned,2026-09-08,2026-09-08-01-setup,raw/gkp-discover-03-booking-systems.csv,1368
ob_002310,kw_002286,,discover,country,United Kingdom,English,Google Search,2025-08-01,2026-07-31,encoded_band,50,10,100,-1,0,Unknown,,,,GBP,returned,2026-09-08,2026-09-08-01-setup,raw/gkp-discover-03-booking-systems.csv,1369
ob_002311,kw_002287,,discover,country,United Kingdom,English,Google Search,2025-08-01,2026-07-31,encoded_band,50,10,100,,0,Medium,57,,,GBP,returned,2026-09-08,2026-09-08-01-setup,raw/gkp-discover-03-booking-systems.csv,1370
ob_002312,kw_002288,,discover,country,United Kingdom,English,Google Search,2025-08-01,2026-07-31,encoded_band,0,0,0,0,0,Unknown,,,,GBP,zero,2026-09-08,2026-09-08-01-setup,raw/gkp-discover-03-booking-systems.csv,1371
ob_002313,kw_002289,,discover,country,United Kingdom,English,Google Search,2025-08-01,2026-07-31,encoded_band,50,10,100,0,0,Unknown,,,,GBP,returned,2026-09-08,2026-09-08-01-setup,raw/gkp-discover-03-booking-systems.csv,1372
ob_002314,kw_002290,,discover,country,United Kingdom,English,Google Search,2025-08-01,2026-07-31,encoded_band,50,10,100,0,0,High,76,3.37,13.38,GBP,returned,2026-09-08,2026-09-08-01-setup,raw/gkp-discover-03-booking-systems.csv,1373
ob_002315,kw_002291,,discover,country,United Kingdom,English,Google Search,2025-08-01,2026-07-31,encoded_band,50,10,100,0,0,Unknown,,,,GBP,returned,2026-09-08,2026-09-08-01-setup,raw/gkp-discover-03-booking-systems.csv,1374
ob_002316,kw_002292,,discover,country,United Kingdom,English,Google Search,2025-08-01,2026-07-31,encoded_band,500,100,1000,-0.9,0,Low,6,0.87,6.26,GBP,returned,2026-09-08,2026-09-08-01-setup,raw/gkp-discover-03-booking-systems.csv,1375
ob_002317,kw_002293,,discover,country,United Kingdom,English,Google Search,2025-08-01,2026-07-31,encoded_band,0,0,0,0,0,Unknown,,,,GBP,zero,2026-09-08,2026-09-08-01-setup,raw/gkp-discover-03-booking-systems.csv,1376
ob_002318,kw_002294,,discover,country,United Kingdom,English,Google Search,2025-08-01,2026-07-31,encoded_band,0,0,0,0,0,Unknown,,,,GBP,zero,2026-09-08,2026-09-08-01-setup,raw/gkp-discover-03-booking-systems.csv,1377
ob_002319,kw_002295,,discover,country,United Kingdom,English,Google Search,2025-08-01,2026-07-31,encoded_band,500,100,1000,-0.9,-0.9,Medium,51,8.47,33.5,GBP,returned,2026-09-08,2026-09-08-01-setup,raw/gkp-discover-03-booking-systems.csv,1378
ob_002320,kw_002296,,discover,country,United Kingdom,English,Google Search,2025-08-01,2026-07-31,encoded_band,500,100,1000,-0.9,-0.9,Medium,51,8.47,33.5,GBP,returned,2026-09-08,2026-09-08-01-setup,raw/gkp-discover-03-booking-systems.csv,1379
ob_002321,kw_002297,,discover,country,United Kingdom,English,Google Search,2025-08-01,2026-07-31,encoded_band,0,0,0,0,0,Unknown,,,,GBP,zero,2026-09-08,2026-09-08-01-setup,raw/gkp-discover-03-booking-systems.csv,1380
ob_002322,kw_002298,,discover,country,United Kingdom,English,Google Search,2025-08-01,2026-07-31,encoded_band,50,10,100,0,0,Unknown,,,,GBP,returned,2026-09-08,2026-09-08-01-setup,raw/gkp-discover-03-booking-systems.csv,1381
ob_002323,kw_002299,,discover,country,United Kingdom,English,Google Search,2025-08-01,2026-07-31,encoded_band,50,10,100,,,High,71,,,GBP,returned,2026-09-08,2026-09-08-01-setup,raw/gkp-discover-03-booking-systems.csv,1382
ob_002324,kw_002300,,discover,country,United Kingdom,English,Google Search,2025-08-01,2026-07-31,encoded_band,50,10,100,0,0,Unknown,,,,GBP,returned,2026-09-08,2026-09-08-01-setup,raw/gkp-discover-03-booking-systems.csv,1383
ob_002325,kw_002301,,discover,country,United Kingdom,English,Google Search,2025-08-01,2026-07-31,encoded_band,500,100,1000,0,-0.9,Low,21,24.36,66.11,GBP,returned,2026-09-08,2026-09-08-01-setup,raw/gkp-discover-03-booking-systems.csv,1384
ob_002326,kw_002302,,discover,country,United Kingdom,English,Google Search,2025-08-01,2026-07-31,encoded_band,0,0,0,0,0,Unknown,,,,GBP,zero,2026-09-08,2026-09-08-01-setup,raw/gkp-discover-03-booking-systems.csv,1385
ob_002327,kw_002303,,discover,country,United Kingdom,English,Google Search,2025-08-01,2026-07-31,encoded_band,50,10,100,0,0,Medium,43,,,GBP,returned,2026-09-08,2026-09-08-01-setup,raw/gkp-discover-03-booking-systems.csv,1386
ob_002328,kw_002304,,discover,country,United Kingdom,English,Google Search,2025-08-01,2026-07-31,encoded_band,50,10,100,0,0,Low,0,,,GBP,returned,2026-09-08,2026-09-08-01-setup,raw/gkp-discover-03-booking-systems.csv,1387
ob_002329,kw_002305,,discover,country,United Kingdom,English,Google Search,2025-08-01,2026-07-31,encoded_band,0,0,0,0,0,Unknown,,,,GBP,zero,2026-09-08,2026-09-08-01-setup,raw/gkp-discover-03-booking-systems.csv,1388
ob_002330,kw_002306,,discover,country,United Kingdom,English,Google Search,2025-08-01,2026-07-31,encoded_band,50,10,100,0,0,Medium,43,,,GBP,returned,2026-09-08,2026-09-08-01-setup,raw/gkp-discover-03-booking-systems.csv,1389
ob_002331,kw_002307,,discover,country,United Kingdom,English,Google Search,2025-08-01,2026-07-31,encoded_band,50,10,100,0,0,Low,31,,,GBP,returned,2026-09-08,2026-09-08-01-setup,raw/gkp-discover-03-booking-systems.csv,1390
ob_002332,kw_002308,,discover,country,United Kingdom,English,Google Search,2025-08-01,2026-07-31,encoded_band,50,10,100,-1,-1,Unknown,,,,GBP,returned,2026-09-08,2026-09-08-01-setup,raw/gkp-discover-03-booking-systems.csv,1391
ob_002333,kw_002309,,discover,country,United Kingdom,English,Google Search,2025-08-01,2026-07-31,encoded_band,50,10,100,0,-1,Unknown,,,,GBP,returned,2026-09-08,2026-09-08-01-setup,raw/gkp-discover-03-booking-systems.csv,1392
ob_002334,kw_002310,,discover,country,United Kingdom,English,Google Search,2025-08-01,2026-07-31,encoded_band,50,10,100,0,,High,86,,,GBP,returned,2026-09-08,2026-09-08-01-setup,raw/gkp-discover-03-booking-systems.csv,1393
ob_002335,kw_002311,,discover,country,United Kingdom,English,Google Search,2025-08-01,2026-07-31,encoded_band,50,10,100,0,0,Unknown,,,,GBP,returned,2026-09-08,2026-09-08-01-setup,raw/gkp-discover-03-booking-systems.csv,1394
ob_002336,kw_002312,,discover,country,United Kingdom,English,Google Search,2025-08-01,2026-07-31,encoded_band,,,,,,Unknown,,,,GBP,absent,2026-09-08,2026-09-08-01-setup,raw/gkp-discover-03-booking-systems.csv,1395
ob_002337,kw_002313,,discover,country,United Kingdom,English,Google Search,2025-08-01,2026-07-31,encoded_band,50,10,100,,,High,86,,,GBP,returned,2026-09-08,2026-09-08-01-setup,raw/gkp-discover-03-booking-systems.csv,1396
ob_002338,kw_002314,,discover,country,United Kingdom,English,Google Search,2025-08-01,2026-07-31,encoded_band,50,10,100,0,0,Low,0,,,GBP,returned,2026-09-08,2026-09-08-01-setup,raw/gkp-discover-03-booking-systems.csv,1397
ob_002339,kw_002315,,discover,country,United Kingdom,English,Google Search,2025-08-01,2026-07-31,encoded_band,50,10,100,0,-1,Unknown,,,,GBP,returned,2026-09-08,2026-09-08-01-setup,raw/gkp-discover-03-booking-systems.csv,1398
ob_002340,kw_002316,,discover,country,United Kingdom,English,Google Search,2025-08-01,2026-07-31,encoded_band,50,10,100,0,0,Unknown,,,,GBP,returned,2026-09-08,2026-09-08-01-setup,raw/gkp-discover-03-booking-systems.csv,1399
ob_002341,kw_002317,,discover,country,United Kingdom,English,Google Search,2025-08-01,2026-07-31,encoded_band,,,,,,Unknown,,,,GBP,absent,2026-09-08,2026-09-08-01-setup,raw/gkp-discover-03-booking-systems.csv,1400
ob_002342,kw_002318,,discover,country,United Kingdom,English,Google Search,2025-08-01,2026-07-31,encoded_band,0,0,0,0,0,Unknown,,,,GBP,zero,2026-09-08,2026-09-08-01-setup,raw/gkp-discover-03-booking-systems.csv,1401
ob_002343,kw_002319,,discover,country,United Kingdom,English,Google Search,2025-08-01,2026-07-31,encoded_band,0,0,0,0,0,Unknown,,,,GBP,zero,2026-09-08,2026-09-08-01-setup,raw/gkp-discover-03-booking-systems.csv,1402
ob_002344,kw_002320,,discover,country,United Kingdom,English,Google Search,2025-08-01,2026-07-31,encoded_band,0,0,0,0,-1,Unknown,,,,GBP,zero,2026-09-08,2026-09-08-01-setup,raw/gkp-discover-03-booking-systems.csv,1403
ob_002345,kw_002321,,discover,country,United Kingdom,English,Google Search,2025-08-01,2026-07-31,encoded_band,50,10,100,,0,Low,0,,,GBP,returned,2026-09-08,2026-09-08-01-setup,raw/gkp-discover-03-booking-systems.csv,1404
ob_002346,kw_002322,,discover,country,United Kingdom,English,Google Search,2025-08-01,2026-07-31,encoded_band,50,10,100,0,0,Low,7,,,GBP,returned,2026-09-08,2026-09-08-01-setup,raw/gkp-discover-03-booking-systems.csv,1405
ob_002347,kw_002323,,discover,country,United Kingdom,English,Google Search,2025-08-01,2026-07-31,encoded_band,50,10,100,-1,-1,Unknown,,,,GBP,returned,2026-09-08,2026-09-08-01-setup,raw/gkp-discover-03-booking-systems.csv,1406
ob_002348,kw_002324,,discover,country,United Kingdom,English,Google Search,2025-08-01,2026-07-31,encoded_band,50,10,100,-1,-1,Unknown,,,,GBP,returned,2026-09-08,2026-09-08-01-setup,raw/gkp-discover-03-booking-systems.csv,1407
ob_002349,kw_002325,,discover,country,United Kingdom,English,Google Search,2025-08-01,2026-07-31,encoded_band,50,10,100,,0,Low,24,,,GBP,returned,2026-09-08,2026-09-08-01-setup,raw/gkp-discover-03-booking-systems.csv,1408
ob_002350,kw_002326,,discover,country,United Kingdom,English,Google Search,2025-08-01,2026-07-31,encoded_band,50,10,100,0,0,Unknown,,,,GBP,returned,2026-09-08,2026-09-08-01-setup,raw/gkp-discover-03-booking-systems.csv,1409
ob_002351,kw_002327,,discover,country,United Kingdom,English,Google Search,2025-08-01,2026-07-31,encoded_band,50,10,100,0,0,Unknown,,,,GBP,returned,2026-09-08,2026-09-08-01-setup,raw/gkp-discover-03-booking-systems.csv,1410
ob_002352,kw_002328,,discover,country,United Kingdom,English,Google Search,2025-08-01,2026-07-31,encoded_band,50,10,100,0,0,Medium,53,6.18,27.06,GBP,returned,2026-09-08,2026-09-08-01-setup,raw/gkp-discover-03-booking-systems.csv,1411
ob_002353,kw_002329,,discover,country,United Kingdom,English,Google Search,2025-08-01,2026-07-31,encoded_band,50,10,100,0,0,Unknown,,,,GBP,returned,2026-09-08,2026-09-08-01-setup,raw/gkp-discover-03-booking-systems.csv,1412
ob_002354,kw_002330,,discover,country,United Kingdom,English,Google Search,2025-08-01,2026-07-31,encoded_band,500,100,1000,0,-0.9,High,68,4.75,20.97,GBP,returned,2026-09-08,2026-09-08-01-setup,raw/gkp-discover-03-booking-systems.csv,1413
ob_002355,kw_002331,,discover,country,United Kingdom,English,Google Search,2025-08-01,2026-07-31,encoded_band,500,100,1000,0,-0.9,High,68,4.75,20.97,GBP,returned,2026-09-08,2026-09-08-01-setup,raw/gkp-discover-03-booking-systems.csv,1414
ob_002356,kw_002332,,discover,country,United Kingdom,English,Google Search,2025-08-01,2026-07-31,encoded_band,50,10,100,0,-1,Unknown,,,,GBP,returned,2026-09-08,2026-09-08-01-setup,raw/gkp-discover-03-booking-systems.csv,1415
ob_002357,kw_002333,,discover,country,United Kingdom,English,Google Search,2025-08-01,2026-07-31,encoded_band,50,10,100,0,0,Unknown,,,,GBP,returned,2026-09-08,2026-09-08-01-setup,raw/gkp-discover-03-booking-systems.csv,1416
ob_002358,kw_002334,,discover,country,United Kingdom,English,Google Search,2025-08-01,2026-07-31,encoded_band,50,10,100,0,0,Unknown,,,,GBP,returned,2026-09-08,2026-09-08-01-setup,raw/gkp-discover-03-booking-systems.csv,1417
ob_002359,kw_002335,,discover,country,United Kingdom,English,Google Search,2025-08-01,2026-07-31,encoded_band,50,10,100,0,0,Medium,64,,,GBP,returned,2026-09-08,2026-09-08-01-setup,raw/gkp-discover-03-booking-systems.csv,1418
ob_002360,kw_002336,,discover,country,United Kingdom,English,Google Search,2025-08-01,2026-07-31,encoded_band,50,10,100,,,High,86,,,GBP,returned,2026-09-08,2026-09-08-01-setup,raw/gkp-discover-03-booking-systems.csv,1419
ob_002361,kw_002337,,discover,country,United Kingdom,English,Google Search,2025-08-01,2026-07-31,encoded_band,50,10,100,0,0,Unknown,,,,GBP,returned,2026-09-08,2026-09-08-01-setup,raw/gkp-discover-03-booking-systems.csv,1420
ob_002362,kw_002338,,discover,country,United Kingdom,English,Google Search,2025-08-01,2026-07-31,encoded_band,,,,,,Unknown,,,,GBP,absent,2026-09-08,2026-09-08-01-setup,raw/gkp-discover-03-booking-systems.csv,1421
ob_002363,kw_002339,,discover,country,United Kingdom,English,Google Search,2025-08-01,2026-07-31,encoded_band,50,10,100,0,0,Unknown,,,,GBP,returned,2026-09-08,2026-09-08-01-setup,raw/gkp-discover-03-booking-systems.csv,1422
ob_002364,kw_002340,,discover,country,United Kingdom,English,Google Search,2025-08-01,2026-07-31,encoded_band,50,10,100,0,0,Low,0,,,GBP,returned,2026-09-08,2026-09-08-01-setup,raw/gkp-discover-03-booking-systems.csv,1423
ob_002365,kw_002341,,discover,country,United Kingdom,English,Google Search,2025-08-01,2026-07-31,encoded_band,50,10,100,-1,-1,Unknown,,,,GBP,returned,2026-09-08,2026-09-08-01-setup,raw/gkp-discover-03-booking-systems.csv,1424
ob_002366,kw_002342,,discover,country,United Kingdom,English,Google Search,2025-08-01,2026-07-31,encoded_band,50,10,100,-1,0,Unknown,,,,GBP,returned,2026-09-08,2026-09-08-01-setup,raw/gkp-discover-03-booking-systems.csv,1425
ob_002367,kw_002343,,discover,country,United Kingdom,English,Google Search,2025-08-01,2026-07-31,encoded_band,50,10,100,-1,0,Unknown,,,,GBP,returned,2026-09-08,2026-09-08-01-setup,raw/gkp-discover-03-booking-systems.csv,1426
ob_002368,kw_002344,,discover,country,United Kingdom,English,Google Search,2025-08-01,2026-07-31,encoded_band,0,0,0,0,0,Unknown,,,,GBP,zero,2026-09-08,2026-09-08-01-setup,raw/gkp-discover-03-booking-systems.csv,1427
ob_002369,kw_002345,,discover,country,United Kingdom,English,Google Search,2025-08-01,2026-07-31,encoded_band,0,0,0,0,0,Unknown,,,,GBP,zero,2026-09-08,2026-09-08-01-setup,raw/gkp-discover-03-booking-systems.csv,1428
ob_002370,kw_002346,,discover,country,United Kingdom,English,Google Search,2025-08-01,2026-07-31,encoded_band,50,10,100,0,0,High,86,,,GBP,returned,2026-09-08,2026-09-08-01-setup,raw/gkp-discover-03-booking-systems.csv,1429
ob_002371,kw_002347,,discover,country,United Kingdom,English,Google Search,2025-08-01,2026-07-31,encoded_band,,,,,,Unknown,,,,GBP,absent,2026-09-08,2026-09-08-01-setup,raw/gkp-discover-03-booking-systems.csv,1430
ob_002372,kw_002348,,discover,country,United Kingdom,English,Google Search,2025-08-01,2026-07-31,encoded_band,50,10,100,0,-1,Unknown,,,,GBP,returned,2026-09-08,2026-09-08-01-setup,raw/gkp-discover-03-booking-systems.csv,1431
ob_002373,kw_002349,,discover,country,United Kingdom,English,Google Search,2025-08-01,2026-07-31,encoded_band,50,10,100,0,0,Unknown,,,,GBP,returned,2026-09-08,2026-09-08-01-setup,raw/gkp-discover-03-booking-systems.csv,1432
ob_002374,kw_002350,,discover,country,United Kingdom,English,Google Search,2025-08-01,2026-07-31,encoded_band,0,0,0,0,0,Unknown,,,,GBP,zero,2026-09-08,2026-09-08-01-setup,raw/gkp-discover-03-booking-systems.csv,1433
ob_002375,kw_002351,,discover,country,United Kingdom,English,Google Search,2025-08-01,2026-07-31,encoded_band,50,10,100,0,0,Unknown,,,,GBP,returned,2026-09-08,2026-09-08-01-setup,raw/gkp-discover-03-booking-systems.csv,1434
ob_002376,kw_002352,,discover,country,United Kingdom,English,Google Search,2025-08-01,2026-07-31,encoded_band,50,10,100,0,0,Low,0,,,GBP,returned,2026-09-08,2026-09-08-01-setup,raw/gkp-discover-03-booking-systems.csv,1435
ob_002377,kw_002353,,discover,country,United Kingdom,English,Google Search,2025-08-01,2026-07-31,encoded_band,0,0,0,0,0,Unknown,,,,GBP,zero,2026-09-08,2026-09-08-01-setup,raw/gkp-discover-03-booking-systems.csv,1436
ob_002378,kw_002354,,discover,country,United Kingdom,English,Google Search,2025-08-01,2026-07-31,encoded_band,50,10,100,0,0,Low,0,,,GBP,returned,2026-09-08,2026-09-08-01-setup,raw/gkp-discover-03-booking-systems.csv,1437
ob_002379,kw_002355,,discover,country,United Kingdom,English,Google Search,2025-08-01,2026-07-31,encoded_band,50,10,100,0,0,Unknown,,,,GBP,returned,2026-09-08,2026-09-08-01-setup,raw/gkp-discover-03-booking-systems.csv,1438
ob_002380,kw_002356,,discover,country,United Kingdom,English,Google Search,2025-08-01,2026-07-31,encoded_band,0,0,0,0,0,Unknown,,,,GBP,zero,2026-09-08,2026-09-08-01-setup,raw/gkp-discover-03-booking-systems.csv,1439
ob_002381,kw_002357,,discover,country,United Kingdom,English,Google Search,2025-08-01,2026-07-31,encoded_band,50,10,100,0,0,Low,0,,,GBP,returned,2026-09-08,2026-09-08-01-setup,raw/gkp-discover-03-booking-systems.csv,1440
ob_002382,kw_002358,,discover,country,United Kingdom,English,Google Search,2025-08-01,2026-07-31,encoded_band,50,10,100,-1,-1,Unknown,,,,GBP,returned,2026-09-08,2026-09-08-01-setup,raw/gkp-discover-03-booking-systems.csv,1441
ob_002383,kw_002359,,discover,country,United Kingdom,English,Google Search,2025-08-01,2026-07-31,encoded_band,50,10,100,0,0,Low,0,,,GBP,returned,2026-09-08,2026-09-08-01-setup,raw/gkp-discover-03-booking-systems.csv,1442
ob_002384,kw_002360,,discover,country,United Kingdom,English,Google Search,2025-08-01,2026-07-31,encoded_band,50,10,100,-1,-1,Unknown,,,,GBP,returned,2026-09-08,2026-09-08-01-setup,raw/gkp-discover-03-booking-systems.csv,1443
ob_002385,kw_002361,,discover,country,United Kingdom,English,Google Search,2025-08-01,2026-07-31,encoded_band,50,10,100,0,0,Unknown,,,,GBP,returned,2026-09-08,2026-09-08-01-setup,raw/gkp-discover-03-booking-systems.csv,1444
ob_002386,kw_002362,,discover,country,United Kingdom,English,Google Search,2025-08-01,2026-07-31,encoded_band,50,10,100,0,0,Unknown,,,,GBP,returned,2026-09-08,2026-09-08-01-setup,raw/gkp-discover-03-booking-systems.csv,1445
ob_002387,kw_002363,,discover,country,United Kingdom,English,Google Search,2025-08-01,2026-07-31,encoded_band,0,0,0,0,0,Unknown,,,,GBP,zero,2026-09-08,2026-09-08-01-setup,raw/gkp-discover-03-booking-systems.csv,1446
ob_002388,kw_002364,,discover,country,United Kingdom,English,Google Search,2025-08-01,2026-07-31,encoded_band,,,,,,Unknown,,,,GBP,absent,2026-09-08,2026-09-08-01-setup,raw/gkp-discover-03-booking-systems.csv,1447
ob_002389,kw_002365,,discover,country,United Kingdom,English,Google Search,2025-08-01,2026-07-31,encoded_band,50,10,100,0,0,High,76,5.44,23.68,GBP,returned,2026-09-08,2026-09-08-01-setup,raw/gkp-discover-04-ai-for-business.csv,1
ob_002390,kw_002366,,discover,country,United Kingdom,English,Google Search,2025-08-01,2026-07-31,encoded_band,50,10,100,-0.9,0,Medium,43,5.16,19.86,GBP,returned,2026-09-08,2026-09-08-01-setup,raw/gkp-discover-04-ai-for-business.csv,2
ob_002391,kw_002367,,discover,country,United Kingdom,English,Google Search,2025-08-01,2026-07-31,encoded_band,50,10,100,0,0,Low,3,,,GBP,returned,2026-09-08,2026-09-08-01-setup,raw/gkp-discover-04-ai-for-business.csv,3
ob_002392,kw_002368,,discover,country,United Kingdom,English,Google Search,2025-08-01,2026-07-31,encoded_band,500,100,1000,0,0,Medium,51,5.77,23.59,GBP,returned,2026-09-08,2026-09-08-01-setup,raw/gkp-discover-04-ai-for-business.csv,4
ob_002393,kw_002369,,discover,country,United Kingdom,English,Google Search,2025-08-01,2026-07-31,encoded_band,500,100,1000,0,0,Medium,55,8.63,33.86,GBP,returned,2026-09-08,2026-09-08-01-setup,raw/gkp-discover-04-ai-for-business.csv,5
ob_002394,kw_002370,,discover,country,United Kingdom,English,Google Search,2025-08-01,2026-07-31,encoded_band,50,10,100,0,0,Medium,49,3.28,14.6,GBP,returned,2026-09-08,2026-09-08-01-setup,raw/gkp-discover-04-ai-for-business.csv,6
ob_002395,kw_002371,,discover,country,United Kingdom,English,Google Search,2025-08-01,2026-07-31,encoded_band,50,10,100,0,,Low,14,,,GBP,returned,2026-09-08,2026-09-08-01-setup,raw/gkp-discover-04-ai-for-business.csv,7
ob_002396,kw_002372,,discover,country,United Kingdom,English,Google Search,2025-08-01,2026-07-31,encoded_band,50,10,100,0,0,Low,17,,,GBP,returned,2026-09-08,2026-09-08-01-setup,raw/gkp-discover-04-ai-for-business.csv,8
ob_002397,kw_002373,,discover,country,United Kingdom,English,Google Search,2025-08-01,2026-07-31,encoded_band,50,10,100,,0,High,86,,,GBP,returned,2026-09-08,2026-09-08-01-setup,raw/gkp-discover-04-ai-for-business.csv,9
ob_002398,kw_002374,,discover,country,United Kingdom,English,Google Search,2025-08-01,2026-07-31,encoded_band,50,10,100,0,0,Unknown,,,,GBP,returned,2026-09-08,2026-09-08-01-setup,raw/gkp-discover-04-ai-for-business.csv,10
ob_002399,kw_002375,,discover,country,United Kingdom,English,Google Search,2025-08-01,2026-07-31,encoded_band,50,10,100,0,0,Low,10,,,GBP,returned,2026-09-08,2026-09-08-01-setup,raw/gkp-discover-04-ai-for-business.csv,11
ob_002400,kw_002376,,discover,country,United Kingdom,English,Google Search,2025-08-01,2026-07-31,encoded_band,50,10,100,0,0,Medium,53,4.69,21.47,GBP,returned,2026-09-08,2026-09-08-01-setup,raw/gkp-discover-04-ai-for-business.csv,12
ob_002401,kw_002377,,discover,country,United Kingdom,English,Google Search,2025-08-01,2026-07-31,encoded_band,0,0,0,0,0,Unknown,,,,GBP,zero,2026-09-08,2026-09-08-01-setup,raw/gkp-discover-04-ai-for-business.csv,13
ob_002402,kw_002378,,discover,country,United Kingdom,English,Google Search,2025-08-01,2026-07-31,encoded_band,50,10,100,0,,Low,14,,,GBP,returned,2026-09-08,2026-09-08-01-setup,raw/gkp-discover-04-ai-for-business.csv,14
ob_002403,kw_002379,,discover,country,United Kingdom,English,Google Search,2025-08-01,2026-07-31,encoded_band,50,10,100,-1,0,Unknown,,,,GBP,returned,2026-09-08,2026-09-08-01-setup,raw/gkp-discover-04-ai-for-business.csv,15
ob_002404,kw_002380,,discover,country,United Kingdom,English,Google Search,2025-08-01,2026-07-31,encoded_band,,,,,,Unknown,,,,GBP,absent,2026-09-08,2026-09-08-01-setup,raw/gkp-discover-04-ai-for-business.csv,16
ob_002405,kw_002381,,discover,country,United Kingdom,English,Google Search,2025-08-01,2026-07-31,encoded_band,,,,,,Unknown,,,,GBP,absent,2026-09-08,2026-09-08-01-setup,raw/gkp-discover-04-ai-for-business.csv,17
ob_002406,kw_002382,,discover,country,United Kingdom,English,Google Search,2025-08-01,2026-07-31,encoded_band,500,100,1000,-0.9,-0.9,Medium,39,5.56,29.86,GBP,returned,2026-09-08,2026-09-08-01-setup,raw/gkp-discover-04-ai-for-business.csv,18
ob_002407,kw_002383,,discover,country,United Kingdom,English,Google Search,2025-08-01,2026-07-31,encoded_band,500,100,1000,0,0,Low,27,2.9,17.5,GBP,returned,2026-09-08,2026-09-08-01-setup,raw/gkp-discover-05-fractional-marketing.csv,1
ob_002408,kw_002384,,discover,country,United Kingdom,English,Google Search,2025-08-01,2026-07-31,encoded_band,500,100,1000,0,0,Medium,53,2.47,22.04,GBP,returned,2026-09-08,2026-09-08-01-setup,raw/gkp-discover-05-fractional-marketing.csv,2
ob_002409,kw_002385,,discover,country,United Kingdom,English,Google Search,2025-08-01,2026-07-31,encoded_band,50,10,100,0,0,Low,20,1.27,4.56,GBP,returned,2026-09-08,2026-09-08-01-setup,raw/gkp-discover-05-fractional-marketing.csv,3
ob_002410,kw_002386,,discover,country,United Kingdom,English,Google Search,2025-08-01,2026-07-31,encoded_band,50,10,100,0,0,Medium,36,4.92,26.09,GBP,returned,2026-09-08,2026-09-08-01-setup,raw/gkp-discover-05-fractional-marketing.csv,4
ob_002411,kw_002387,,discover,country,United Kingdom,English,Google Search,2025-08-01,2026-07-31,encoded_band,50,10,100,0,0,Medium,36,,,GBP,returned,2026-09-08,2026-09-08-01-setup,raw/gkp-discover-05-fractional-marketing.csv,5
ob_002412,kw_002388,,discover,country,United Kingdom,English,Google Search,2025-08-01,2026-07-31,encoded_band,0,0,0,0,-1,Unknown,,,,GBP,zero,2026-09-08,2026-09-08-01-setup,raw/gkp-discover-05-fractional-marketing.csv,6
ob_002413,kw_002389,,discover,country,United Kingdom,English,Google Search,2025-08-01,2026-07-31,encoded_band,500,100,1000,0,0,Medium,36,2.22,23.87,GBP,returned,2026-09-08,2026-09-08-01-setup,raw/gkp-discover-05-fractional-marketing.csv,7
ob_002414,kw_002390,,discover,country,United Kingdom,English,Google Search,2025-08-01,2026-07-31,encoded_band,50,10,100,,0,Low,29,,,GBP,returned,2026-09-08,2026-09-08-01-setup,raw/gkp-discover-05-fractional-marketing.csv,8
ob_002415,kw_002391,,discover,country,United Kingdom,English,Google Search,2025-08-01,2026-07-31,encoded_band,50,10,100,0,0,Medium,43,,,GBP,returned,2026-09-08,2026-09-08-01-setup,raw/gkp-discover-05-fractional-marketing.csv,9
ob_002416,kw_002392,,discover,country,United Kingdom,English,Google Search,2025-08-01,2026-07-31,encoded_band,50,10,100,0,-1,Unknown,,,,GBP,returned,2026-09-08,2026-09-08-01-setup,raw/gkp-discover-05-fractional-marketing.csv,10
ob_002417,kw_002393,,discover,country,United Kingdom,English,Google Search,2025-08-01,2026-07-31,encoded_band,500,100,1000,0,0,Low,8,0.05,0.59,GBP,returned,2026-09-08,2026-09-08-01-setup,raw/gkp-discover-05-fractional-marketing.csv,11
ob_002418,kw_002394,,discover,country,United Kingdom,English,Google Search,2025-08-01,2026-07-31,encoded_band,50,10,100,0,0,Low,9,,,GBP,returned,2026-09-08,2026-09-08-01-setup,raw/gkp-discover-05-fractional-marketing.csv,12
ob_002419,kw_002395,,discover,country,United Kingdom,English,Google Search,2025-08-01,2026-07-31,encoded_band,50,10,100,-1,0,Unknown,,,,GBP,returned,2026-09-08,2026-09-08-01-setup,raw/gkp-discover-05-fractional-marketing.csv,13
ob_002420,kw_002396,,discover,country,United Kingdom,English,Google Search,2025-08-01,2026-07-31,encoded_band,50,10,100,0,0,Low,14,,,GBP,returned,2026-09-08,2026-09-08-01-setup,raw/gkp-discover-05-fractional-marketing.csv,14
ob_002421,kw_002397,,discover,country,United Kingdom,English,Google Search,2025-08-01,2026-07-31,encoded_band,50,10,100,0,0,Low,4,0.05,0.13,GBP,returned,2026-09-08,2026-09-08-01-setup,raw/gkp-discover-05-fractional-marketing.csv,15
ob_002422,kw_002398,,discover,country,United Kingdom,English,Google Search,2025-08-01,2026-07-31,encoded_band,50,10,100,0,-1,Unknown,,,,GBP,returned,2026-09-08,2026-09-08-01-setup,raw/gkp-discover-05-fractional-marketing.csv,16
ob_002423,kw_002399,,discover,country,United Kingdom,English,Google Search,2025-08-01,2026-07-31,encoded_band,50,10,100,-1,-1,Unknown,,,,GBP,returned,2026-09-08,2026-09-08-01-setup,raw/gkp-discover-05-fractional-marketing.csv,17
ob_002424,kw_002400,,discover,country,United Kingdom,English,Google Search,2025-08-01,2026-07-31,encoded_band,50,10,100,0,0,Low,9,0.04,0.18,GBP,returned,2026-09-08,2026-09-08-01-setup,raw/gkp-discover-05-fractional-marketing.csv,18
ob_002425,kw_002401,,discover,country,United Kingdom,English,Google Search,2025-08-01,2026-07-31,encoded_band,500,100,1000,0,0,Low,17,0.39,4.77,GBP,returned,2026-09-08,2026-09-08-01-setup,raw/gkp-discover-05-fractional-marketing.csv,19
ob_002426,kw_002402,,discover,country,United Kingdom,English,Google Search,2025-08-01,2026-07-31,encoded_band,50,10,100,0,0,Low,9,0.04,0.18,GBP,returned,2026-09-08,2026-09-08-01-setup,raw/gkp-discover-05-fractional-marketing.csv,20
ob_002427,kw_002403,,discover,country,United Kingdom,English,Google Search,2025-08-01,2026-07-31,encoded_band,,,,,,Unknown,,,,GBP,absent,2026-09-08,2026-09-08-01-setup,raw/gkp-discover-05-fractional-marketing.csv,21
ob_002428,kw_002404,,discover,country,United Kingdom,English,Google Search,2025-08-01,2026-07-31,encoded_band,500,100,1000,0,0,Low,31,1.97,12.62,GBP,returned,2026-09-08,2026-09-08-01-setup,raw/gkp-discover-06-professional-services-web.csv,1
ob_002429,kw_002405,,discover,country,United Kingdom,English,Google Search,2025-08-01,2026-07-31,encoded_band,500,100,1000,-0.9,0,Medium,45,2.96,20.76,GBP,returned,2026-09-08,2026-09-08-01-setup,raw/gkp-discover-06-professional-services-web.csv,2
ob_002430,kw_002406,,discover,country,United Kingdom,English,Google Search,2025-08-01,2026-07-31,encoded_band,50,10,100,0,0,High,100,,,GBP,returned,2026-09-08,2026-09-08-01-setup,raw/gkp-discover-06-professional-services-web.csv,3
ob_002431,kw_002407,,discover,country,United Kingdom,English,Google Search,2025-08-01,2026-07-31,encoded_band,50,10,100,-1,-1,Unknown,,,,GBP,returned,2026-09-08,2026-09-08-01-setup,raw/gkp-discover-06-professional-services-web.csv,4
ob_002432,kw_002408,,discover,country,United Kingdom,English,Google Search,2025-08-01,2026-07-31,encoded_band,500,100,1000,0,0,Medium,55,9.89,24.45,GBP,returned,2026-09-08,2026-09-08-01-setup,raw/gkp-discover-06-professional-services-web.csv,5
ob_002433,kw_002409,,discover,country,United Kingdom,English,Google Search,2025-08-01,2026-07-31,encoded_band,50,10,100,0,0,Low,3,,,GBP,returned,2026-09-08,2026-09-08-01-setup,raw/gkp-discover-06-professional-services-web.csv,6
ob_002434,kw_002410,,discover,country,United Kingdom,English,Google Search,2025-08-01,2026-07-31,encoded_band,50,10,100,0,0,Medium,57,2.57,5.92,GBP,returned,2026-09-08,2026-09-08-01-setup,raw/gkp-discover-06-professional-services-web.csv,7
ob_002435,kw_002411,,discover,country,United Kingdom,English,Google Search,2025-08-01,2026-07-31,encoded_band,50,10,100,0,0,Unknown,,,,GBP,returned,2026-09-08,2026-09-08-01-setup,raw/gkp-discover-06-professional-services-web.csv,8
ob_002436,kw_002412,,discover,country,United Kingdom,English,Google Search,2025-08-01,2026-07-31,encoded_band,50,10,100,0,0,Medium,57,4.69,14.5,GBP,returned,2026-09-08,2026-09-08-01-setup,raw/gkp-discover-06-professional-services-web.csv,9
ob_002437,kw_002413,,discover,country,United Kingdom,English,Google Search,2025-08-01,2026-07-31,encoded_band,500,100,1000,0,-0.9,Medium,65,2.51,7.22,GBP,returned,2026-09-08,2026-09-08-01-setup,raw/gkp-discover-06-professional-services-web.csv,10
ob_002438,kw_002414,,discover,country,United Kingdom,English,Google Search,2025-08-01,2026-07-31,encoded_band,50,10,100,0,0,Low,32,3.3,24.15,GBP,returned,2026-09-08,2026-09-08-01-setup,raw/gkp-discover-06-professional-services-web.csv,11
ob_002439,kw_002415,,discover,country,United Kingdom,English,Google Search,2025-08-01,2026-07-31,encoded_band,50,10,100,0,0,Low,29,,,GBP,returned,2026-09-08,2026-09-08-01-setup,raw/gkp-discover-06-professional-services-web.csv,12
ob_002440,kw_002416,,discover,country,United Kingdom,English,Google Search,2025-08-01,2026-07-31,encoded_band,50,10,100,-0.9,0,Low,0,,,GBP,returned,2026-09-08,2026-09-08-01-setup,raw/gkp-discover-06-professional-services-web.csv,13
ob_002441,kw_002417,,discover,country,United Kingdom,English,Google Search,2025-08-01,2026-07-31,encoded_band,50,10,100,0,0,Low,14,,,GBP,returned,2026-09-08,2026-09-08-01-setup,raw/gkp-discover-06-professional-services-web.csv,14
ob_002442,kw_002418,,discover,country,United Kingdom,English,Google Search,2025-08-01,2026-07-31,encoded_band,50,10,100,0,0,Low,31,1.6,7.71,GBP,returned,2026-09-08,2026-09-08-01-setup,raw/gkp-discover-06-professional-services-web.csv,15
ob_002443,kw_002419,,discover,country,United Kingdom,English,Google Search,2025-08-01,2026-07-31,encoded_band,50,10,100,,0,High,71,,,GBP,returned,2026-09-08,2026-09-08-01-setup,raw/gkp-discover-06-professional-services-web.csv,16
ob_002444,kw_002420,,discover,country,United Kingdom,English,Google Search,2025-08-01,2026-07-31,encoded_band,50,10,100,0,0,Medium,41,1.46,5.35,GBP,returned,2026-09-08,2026-09-08-01-setup,raw/gkp-discover-06-professional-services-web.csv,17
ob_002445,kw_002421,,discover,country,United Kingdom,English,Google Search,2025-08-01,2026-07-31,encoded_band,50,10,100,0,-1,Unknown,,,,GBP,returned,2026-09-08,2026-09-08-01-setup,raw/gkp-discover-06-professional-services-web.csv,18
ob_002446,kw_002422,,discover,country,United Kingdom,English,Google Search,2025-08-01,2026-07-31,encoded_band,50,10,100,0,0,Low,29,,,GBP,returned,2026-09-08,2026-09-08-01-setup,raw/gkp-discover-06-professional-services-web.csv,19
ob_002447,kw_002423,,discover,country,United Kingdom,English,Google Search,2025-08-01,2026-07-31,encoded_band,50,10,100,-0.9,0,Medium,39,1.38,6.05,GBP,returned,2026-09-08,2026-09-08-01-setup,raw/gkp-discover-06-professional-services-web.csv,20
ob_002448,kw_002424,,discover,country,United Kingdom,English,Google Search,2025-08-01,2026-07-31,encoded_band,50,10,100,0,0,Medium,46,0.93,11.29,GBP,returned,2026-09-08,2026-09-08-01-setup,raw/gkp-discover-06-professional-services-web.csv,21
ob_002449,kw_002425,,discover,country,United Kingdom,English,Google Search,2025-08-01,2026-07-31,encoded_band,50,10,100,0,0,Low,0,,,GBP,returned,2026-09-08,2026-09-08-01-setup,raw/gkp-discover-06-professional-services-web.csv,22
ob_002450,kw_002426,,discover,country,United Kingdom,English,Google Search,2025-08-01,2026-07-31,encoded_band,50,10,100,-1,-1,Unknown,,,,GBP,returned,2026-09-08,2026-09-08-01-setup,raw/gkp-discover-06-professional-services-web.csv,23
ob_002451,kw_002427,,discover,country,United Kingdom,English,Google Search,2025-08-01,2026-07-31,encoded_band,50,10,100,0,0,Unknown,,,,GBP,returned,2026-09-08,2026-09-08-01-setup,raw/gkp-discover-06-professional-services-web.csv,24
ob_002452,kw_002428,,discover,country,United Kingdom,English,Google Search,2025-08-01,2026-07-31,encoded_band,50,10,100,0,0,Low,24,0.68,10.21,GBP,returned,2026-09-08,2026-09-08-01-setup,raw/gkp-discover-06-professional-services-web.csv,25
ob_002453,kw_002429,,discover,country,United Kingdom,English,Google Search,2025-08-01,2026-07-31,encoded_band,50,10,100,0,0,Medium,65,1.81,8.33,GBP,returned,2026-09-08,2026-09-08-01-setup,raw/gkp-discover-06-professional-services-web.csv,26
ob_002454,kw_002430,,discover,country,United Kingdom,English,Google Search,2025-08-01,2026-07-31,encoded_band,50,10,100,0,0,High,86,,,GBP,returned,2026-09-08,2026-09-08-01-setup,raw/gkp-discover-06-professional-services-web.csv,27
ob_002455,kw_002431,,discover,country,United Kingdom,English,Google Search,2025-08-01,2026-07-31,encoded_band,50,10,100,0,0,Low,25,15.28,36.45,GBP,returned,2026-09-08,2026-09-08-01-setup,raw/gkp-discover-06-professional-services-web.csv,28
ob_002456,kw_002432,,discover,country,United Kingdom,English,Google Search,2025-08-01,2026-07-31,encoded_band,50,10,100,0,0,Low,17,3.46,9.12,GBP,returned,2026-09-08,2026-09-08-01-setup,raw/gkp-discover-06-professional-services-web.csv,29
ob_002457,kw_002433,,discover,country,United Kingdom,English,Google Search,2025-08-01,2026-07-31,encoded_band,50,10,100,0,-1,Unknown,,,,GBP,returned,2026-09-08,2026-09-08-01-setup,raw/gkp-discover-06-professional-services-web.csv,30
ob_002458,kw_002434,,discover,country,United Kingdom,English,Google Search,2025-08-01,2026-07-31,encoded_band,50,10,100,0,0,Medium,58,2.39,9.83,GBP,returned,2026-09-08,2026-09-08-01-setup,raw/gkp-discover-06-professional-services-web.csv,31
ob_002459,kw_002435,,discover,country,United Kingdom,English,Google Search,2025-08-01,2026-07-31,encoded_band,0,0,0,0,-1,Unknown,,,,GBP,zero,2026-09-08,2026-09-08-01-setup,raw/gkp-discover-06-professional-services-web.csv,32
ob_002460,kw_002436,,discover,country,United Kingdom,English,Google Search,2025-08-01,2026-07-31,encoded_band,50,10,100,0,0,Low,17,,,GBP,returned,2026-09-08,2026-09-08-01-setup,raw/gkp-discover-06-professional-services-web.csv,33
ob_002461,kw_002437,,discover,country,United Kingdom,English,Google Search,2025-08-01,2026-07-31,encoded_band,50,10,100,0,0,Low,0,,,GBP,returned,2026-09-08,2026-09-08-01-setup,raw/gkp-discover-06-professional-services-web.csv,34
ob_002462,kw_002438,,discover,country,United Kingdom,English,Google Search,2025-08-01,2026-07-31,encoded_band,500,100,1000,0,0,Low,17,1.26,7.3,GBP,returned,2026-09-08,2026-09-08-01-setup,raw/gkp-discover-06-professional-services-web.csv,35
ob_002463,kw_002439,,discover,country,United Kingdom,English,Google Search,2025-08-01,2026-07-31,encoded_band,50,10,100,-1,-1,Unknown,,,,GBP,returned,2026-09-08,2026-09-08-01-setup,raw/gkp-discover-06-professional-services-web.csv,36
ob_002464,kw_002440,,discover,country,United Kingdom,English,Google Search,2025-08-01,2026-07-31,encoded_band,50,10,100,0,0,Medium,58,2.39,9.83,GBP,returned,2026-09-08,2026-09-08-01-setup,raw/gkp-discover-06-professional-services-web.csv,37
ob_002465,kw_002441,,discover,country,United Kingdom,English,Google Search,2025-08-01,2026-07-31,encoded_band,50,10,100,0,0,Unknown,,,,GBP,returned,2026-09-08,2026-09-08-01-setup,raw/gkp-discover-06-professional-services-web.csv,38
ob_002466,kw_002442,,discover,country,United Kingdom,English,Google Search,2025-08-01,2026-07-31,encoded_band,50,10,100,0,,Low,14,,,GBP,returned,2026-09-08,2026-09-08-01-setup,raw/gkp-discover-06-professional-services-web.csv,39
ob_002467,kw_002443,,discover,country,United Kingdom,English,Google Search,2025-08-01,2026-07-31,encoded_band,50,10,100,0,0,Medium,57,4.69,14.5,GBP,returned,2026-09-08,2026-09-08-01-setup,raw/gkp-discover-06-professional-services-web.csv,40
ob_002468,kw_002444,,discover,country,United Kingdom,English,Google Search,2025-08-01,2026-07-31,encoded_band,50,10,100,,0,High,86,,,GBP,returned,2026-09-08,2026-09-08-01-setup,raw/gkp-discover-06-professional-services-web.csv,41
ob_002469,kw_002445,,discover,country,United Kingdom,English,Google Search,2025-08-01,2026-07-31,encoded_band,50,10,100,0,-1,Unknown,,,,GBP,returned,2026-09-08,2026-09-08-01-setup,raw/gkp-discover-06-professional-services-web.csv,42
ob_002470,kw_002446,,discover,country,United Kingdom,English,Google Search,2025-08-01,2026-07-31,encoded_band,50,10,100,0,0,Medium,36,2.78,8.71,GBP,returned,2026-09-08,2026-09-08-01-setup,raw/gkp-discover-06-professional-services-web.csv,43
ob_002471,kw_002447,,discover,country,United Kingdom,English,Google Search,2025-08-01,2026-07-31,encoded_band,50,10,100,-1,-1,Unknown,,,,GBP,returned,2026-09-08,2026-09-08-01-setup,raw/gkp-discover-06-professional-services-web.csv,44
ob_002472,kw_002448,,discover,country,United Kingdom,English,Google Search,2025-08-01,2026-07-31,encoded_band,50,10,100,0,0,Low,2,,,GBP,returned,2026-09-08,2026-09-08-01-setup,raw/gkp-discover-06-professional-services-web.csv,45
ob_002473,kw_002449,,discover,country,United Kingdom,English,Google Search,2025-08-01,2026-07-31,encoded_band,50,10,100,0,0,Unknown,,,,GBP,returned,2026-09-08,2026-09-08-01-setup,raw/gkp-discover-06-professional-services-web.csv,46
ob_002474,kw_002450,,discover,country,United Kingdom,English,Google Search,2025-08-01,2026-07-31,encoded_band,500,100,1000,-0.9,-0.9,Medium,34,5.49,18.58,GBP,returned,2026-09-08,2026-09-08-01-setup,raw/gkp-discover-06-professional-services-web.csv,47
ob_002475,kw_002451,,discover,country,United Kingdom,English,Google Search,2025-08-01,2026-07-31,encoded_band,50,10,100,,0,Low,0,,,GBP,returned,2026-09-08,2026-09-08-01-setup,raw/gkp-discover-06-professional-services-web.csv,48
ob_002476,kw_002452,,discover,country,United Kingdom,English,Google Search,2025-08-01,2026-07-31,encoded_band,50,10,100,0,0,Medium,52,1.34,9.65,GBP,returned,2026-09-08,2026-09-08-01-setup,raw/gkp-discover-06-professional-services-web.csv,49
ob_002477,kw_002453,,discover,country,United Kingdom,English,Google Search,2025-08-01,2026-07-31,encoded_band,50,10,100,0,0,Low,0,,,GBP,returned,2026-09-08,2026-09-08-01-setup,raw/gkp-discover-06-professional-services-web.csv,50
ob_002478,kw_002454,,discover,country,United Kingdom,English,Google Search,2025-08-01,2026-07-31,encoded_band,50,10,100,0,-1,Unknown,,,,GBP,returned,2026-09-08,2026-09-08-01-setup,raw/gkp-discover-06-professional-services-web.csv,51
ob_002479,kw_002455,,discover,country,United Kingdom,English,Google Search,2025-08-01,2026-07-31,encoded_band,500,100,1000,-0.9,-0.9,Medium,34,5.49,18.58,GBP,returned,2026-09-08,2026-09-08-01-setup,raw/gkp-discover-06-professional-services-web.csv,52
ob_002480,kw_002456,,discover,country,United Kingdom,English,Google Search,2025-08-01,2026-07-31,encoded_band,50,10,100,-1,0,Unknown,,,,GBP,returned,2026-09-08,2026-09-08-01-setup,raw/gkp-discover-06-professional-services-web.csv,53
ob_002481,kw_002457,,discover,country,United Kingdom,English,Google Search,2025-08-01,2026-07-31,encoded_band,50,10,100,0,0,Low,8,,,GBP,returned,2026-09-08,2026-09-08-01-setup,raw/gkp-discover-06-professional-services-web.csv,54
ob_002482,kw_002458,,discover,country,United Kingdom,English,Google Search,2025-08-01,2026-07-31,encoded_band,50,10,100,-1,-1,Unknown,,,,GBP,returned,2026-09-08,2026-09-08-01-setup,raw/gkp-discover-06-professional-services-web.csv,55
ob_002483,kw_002459,,discover,country,United Kingdom,English,Google Search,2025-08-01,2026-07-31,encoded_band,50,10,100,0,0,Low,29,,,GBP,returned,2026-09-08,2026-09-08-01-setup,raw/gkp-discover-06-professional-services-web.csv,56
ob_002484,kw_002460,,discover,country,United Kingdom,English,Google Search,2025-08-01,2026-07-31,encoded_band,50,10,100,0,-1,Unknown,,,,GBP,returned,2026-09-08,2026-09-08-01-setup,raw/gkp-discover-06-professional-services-web.csv,57
ob_002485,kw_002461,,discover,country,United Kingdom,English,Google Search,2025-08-01,2026-07-31,encoded_band,50,10,100,0,0,Low,7,,,GBP,returned,2026-09-08,2026-09-08-01-setup,raw/gkp-discover-06-professional-services-web.csv,58
ob_002486,kw_002462,,discover,country,United Kingdom,English,Google Search,2025-08-01,2026-07-31,encoded_band,50,10,100,,0,Low,0,,,GBP,returned,2026-09-08,2026-09-08-01-setup,raw/gkp-discover-06-professional-services-web.csv,59
ob_002487,kw_002463,,discover,country,United Kingdom,English,Google Search,2025-08-01,2026-07-31,encoded_band,50,10,100,-1,-1,Unknown,,,,GBP,returned,2026-09-08,2026-09-08-01-setup,raw/gkp-discover-06-professional-services-web.csv,60
ob_002488,kw_002464,,discover,country,United Kingdom,English,Google Search,2025-08-01,2026-07-31,encoded_band,5000,1000,10000,-0.9,-0.9,Low,29,2.54,14.03,GBP,returned,2026-09-08,2026-09-08-01-setup,raw/gkp-discover-06-professional-services-web.csv,61
ob_002489,kw_002465,,discover,country,United Kingdom,English,Google Search,2025-08-01,2026-07-31,encoded_band,50,10,100,0,0,High,71,,,GBP,returned,2026-09-08,2026-09-08-01-setup,raw/gkp-discover-06-professional-services-web.csv,62
ob_002490,kw_002466,,discover,country,United Kingdom,English,Google Search,2025-08-01,2026-07-31,encoded_band,50,10,100,0,0,Medium,36,,,GBP,returned,2026-09-08,2026-09-08-01-setup,raw/gkp-discover-06-professional-services-web.csv,63
ob_002491,kw_002467,,discover,country,United Kingdom,English,Google Search,2025-08-01,2026-07-31,encoded_band,50,10,100,0,0,Low,29,,,GBP,returned,2026-09-08,2026-09-08-01-setup,raw/gkp-discover-06-professional-services-web.csv,64
ob_002492,kw_002468,,discover,country,United Kingdom,English,Google Search,2025-08-01,2026-07-31,encoded_band,50,10,100,0,0,Medium,49,0.88,1.71,GBP,returned,2026-09-08,2026-09-08-01-setup,raw/gkp-discover-06-professional-services-web.csv,65
ob_002493,kw_002469,,discover,country,United Kingdom,English,Google Search,2025-08-01,2026-07-31,encoded_band,50,10,100,,0,Low,14,,,GBP,returned,2026-09-08,2026-09-08-01-setup,raw/gkp-discover-06-professional-services-web.csv,66
ob_002494,kw_002470,,discover,country,United Kingdom,English,Google Search,2025-08-01,2026-07-31,encoded_band,50,10,100,0,0,Low,32,3.3,24.15,GBP,returned,2026-09-08,2026-09-08-01-setup,raw/gkp-discover-06-professional-services-web.csv,67
ob_002495,kw_002471,,discover,country,United Kingdom,English,Google Search,2025-08-01,2026-07-31,encoded_band,50,10,100,0,0,High,86,,,GBP,returned,2026-09-08,2026-09-08-01-setup,raw/gkp-discover-06-professional-services-web.csv,68
ob_002496,kw_002472,,discover,country,United Kingdom,English,Google Search,2025-08-01,2026-07-31,encoded_band,50,10,100,0,0,Unknown,,,,GBP,returned,2026-09-08,2026-09-08-01-setup,raw/gkp-discover-06-professional-services-web.csv,69
ob_002497,kw_002473,,discover,country,United Kingdom,English,Google Search,2025-08-01,2026-07-31,encoded_band,50,10,100,0,0,Medium,49,2.34,9.39,GBP,returned,2026-09-08,2026-09-08-01-setup,raw/gkp-discover-06-professional-services-web.csv,70
ob_002498,kw_002474,,discover,country,United Kingdom,English,Google Search,2025-08-01,2026-07-31,encoded_band,50,10,100,0,0,Low,0,,,GBP,returned,2026-09-08,2026-09-08-01-setup,raw/gkp-discover-06-professional-services-web.csv,71
ob_002499,kw_002475,,discover,country,United Kingdom,English,Google Search,2025-08-01,2026-07-31,encoded_band,50,10,100,-1,-1,Unknown,,,,GBP,returned,2026-09-08,2026-09-08-01-setup,raw/gkp-discover-06-professional-services-web.csv,72
ob_002500,kw_002476,,discover,country,United Kingdom,English,Google Search,2025-08-01,2026-07-31,encoded_band,50,10,100,0,0,Unknown,,,,GBP,returned,2026-09-08,2026-09-08-01-setup,raw/gkp-discover-06-professional-services-web.csv,73
ob_002501,kw_002477,,discover,country,United Kingdom,English,Google Search,2025-08-01,2026-07-31,encoded_band,50,10,100,0,0,Unknown,,,,GBP,returned,2026-09-08,2026-09-08-01-setup,raw/gkp-discover-06-professional-services-web.csv,74
ob_002502,kw_002478,,discover,country,United Kingdom,English,Google Search,2025-08-01,2026-07-31,encoded_band,50,10,100,0,0,Low,0,,,GBP,returned,2026-09-08,2026-09-08-01-setup,raw/gkp-discover-06-professional-services-web.csv,75
ob_002503,kw_002479,,discover,country,United Kingdom,English,Google Search,2025-08-01,2026-07-31,encoded_band,50,10,100,,0,Low,0,,,GBP,returned,2026-09-08,2026-09-08-01-setup,raw/gkp-discover-06-professional-services-web.csv,76
ob_002504,kw_002480,,discover,country,United Kingdom,English,Google Search,2025-08-01,2026-07-31,encoded_band,50,10,100,,0,Low,17,,,GBP,returned,2026-09-08,2026-09-08-01-setup,raw/gkp-discover-06-professional-services-web.csv,77
ob_002505,kw_002481,,discover,country,United Kingdom,English,Google Search,2025-08-01,2026-07-31,encoded_band,50,10,100,,0,High,86,,,GBP,returned,2026-09-08,2026-09-08-01-setup,raw/gkp-discover-06-professional-services-web.csv,78
ob_002506,kw_002482,,discover,country,United Kingdom,English,Google Search,2025-08-01,2026-07-31,encoded_band,50,10,100,9,0,Low,23,1.56,6.84,GBP,returned,2026-09-08,2026-09-08-01-setup,raw/gkp-discover-06-professional-services-web.csv,79
ob_002507,kw_002483,,discover,country,United Kingdom,English,Google Search,2025-08-01,2026-07-31,encoded_band,50,10,100,-1,-1,Unknown,,,,GBP,returned,2026-09-08,2026-09-08-01-setup,raw/gkp-discover-06-professional-services-web.csv,80
ob_002508,kw_002484,,discover,country,United Kingdom,English,Google Search,2025-08-01,2026-07-31,encoded_band,50,10,100,0,0,High,86,,,GBP,returned,2026-09-08,2026-09-08-01-setup,raw/gkp-discover-06-professional-services-web.csv,81
ob_002509,kw_002485,,discover,country,United Kingdom,English,Google Search,2025-08-01,2026-07-31,encoded_band,50,10,100,0,-1,Unknown,,,,GBP,returned,2026-09-08,2026-09-08-01-setup,raw/gkp-discover-06-professional-services-web.csv,82
ob_002510,kw_002486,,discover,country,United Kingdom,English,Google Search,2025-08-01,2026-07-31,encoded_band,50,10,100,0,0,Low,14,,,GBP,returned,2026-09-08,2026-09-08-01-setup,raw/gkp-discover-06-professional-services-web.csv,83
ob_002511,kw_002487,,discover,country,United Kingdom,English,Google Search,2025-08-01,2026-07-31,encoded_band,50,10,100,-1,-1,Unknown,,,,GBP,returned,2026-09-08,2026-09-08-01-setup,raw/gkp-discover-06-professional-services-web.csv,84
ob_002512,kw_002488,,discover,country,United Kingdom,English,Google Search,2025-08-01,2026-07-31,encoded_band,50,10,100,0,0,Unknown,,,,GBP,returned,2026-09-08,2026-09-08-01-setup,raw/gkp-discover-06-professional-services-web.csv,85
ob_002513,kw_002489,,discover,country,United Kingdom,English,Google Search,2025-08-01,2026-07-31,encoded_band,50,10,100,0,0,Medium,43,,,GBP,returned,2026-09-08,2026-09-08-01-setup,raw/gkp-discover-06-professional-services-web.csv,86
ob_002514,kw_002490,,discover,country,United Kingdom,English,Google Search,2025-08-01,2026-07-31,encoded_band,50,10,100,,0,Low,0,,,GBP,returned,2026-09-08,2026-09-08-01-setup,raw/gkp-discover-06-professional-services-web.csv,87
ob_002515,kw_002491,,discover,country,United Kingdom,English,Google Search,2025-08-01,2026-07-31,encoded_band,50,10,100,0,0,Low,17,3.46,9.12,GBP,returned,2026-09-08,2026-09-08-01-setup,raw/gkp-discover-06-professional-services-web.csv,88
ob_002516,kw_002492,,discover,country,United Kingdom,English,Google Search,2025-08-01,2026-07-31,encoded_band,50,10,100,-1,-1,Unknown,,,,GBP,returned,2026-09-08,2026-09-08-01-setup,raw/gkp-discover-06-professional-services-web.csv,89
ob_002517,kw_002493,,discover,country,United Kingdom,English,Google Search,2025-08-01,2026-07-31,encoded_band,50,10,100,0,-1,Unknown,,,,GBP,returned,2026-09-08,2026-09-08-01-setup,raw/gkp-discover-06-professional-services-web.csv,90
ob_002518,kw_002494,,discover,country,United Kingdom,English,Google Search,2025-08-01,2026-07-31,encoded_band,50,10,100,-1,-1,Unknown,,,,GBP,returned,2026-09-08,2026-09-08-01-setup,raw/gkp-discover-06-professional-services-web.csv,91
ob_002519,kw_002495,,discover,country,United Kingdom,English,Google Search,2025-08-01,2026-07-31,encoded_band,50,10,100,0,0,Low,0,,,GBP,returned,2026-09-08,2026-09-08-01-setup,raw/gkp-discover-06-professional-services-web.csv,92
ob_002520,kw_002496,,discover,country,United Kingdom,English,Google Search,2025-08-01,2026-07-31,encoded_band,50,10,100,-1,0,Unknown,,,,GBP,returned,2026-09-08,2026-09-08-01-setup,raw/gkp-discover-06-professional-services-web.csv,93
ob_002521,kw_002497,,discover,country,United Kingdom,English,Google Search,2025-08-01,2026-07-31,encoded_band,50,10,100,-1,-1,Unknown,,,,GBP,returned,2026-09-08,2026-09-08-01-setup,raw/gkp-discover-06-professional-services-web.csv,94
ob_002522,kw_002498,,discover,country,United Kingdom,English,Google Search,2025-08-01,2026-07-31,encoded_band,50,10,100,0,0,Medium,65,4.41,20.76,GBP,returned,2026-09-08,2026-09-08-01-setup,raw/gkp-discover-06-professional-services-web.csv,95
ob_002523,kw_002499,,discover,country,United Kingdom,English,Google Search,2025-08-01,2026-07-31,encoded_band,50,10,100,0,0,Medium,65,1.81,8.33,GBP,returned,2026-09-08,2026-09-08-01-setup,raw/gkp-discover-06-professional-services-web.csv,96
ob_002524,kw_002500,,discover,country,United Kingdom,English,Google Search,2025-08-01,2026-07-31,encoded_band,50,10,100,0,0,Unknown,,,,GBP,returned,2026-09-08,2026-09-08-01-setup,raw/gkp-discover-06-professional-services-web.csv,97
ob_002525,kw_002501,,discover,country,United Kingdom,English,Google Search,2025-08-01,2026-07-31,encoded_band,50,10,100,,0,Low,1,,,GBP,returned,2026-09-08,2026-09-08-01-setup,raw/gkp-discover-06-professional-services-web.csv,98
ob_002526,kw_002502,,discover,country,United Kingdom,English,Google Search,2025-08-01,2026-07-31,encoded_band,50,10,100,-1,-1,Unknown,,,,GBP,returned,2026-09-08,2026-09-08-01-setup,raw/gkp-discover-06-professional-services-web.csv,99
ob_002527,kw_002503,,discover,country,United Kingdom,English,Google Search,2025-08-01,2026-07-31,encoded_band,50,10,100,-1,0,Unknown,,,,GBP,returned,2026-09-08,2026-09-08-01-setup,raw/gkp-discover-06-professional-services-web.csv,100
ob_002528,kw_002504,,discover,country,United Kingdom,English,Google Search,2025-08-01,2026-07-31,encoded_band,500,100,1000,0,0,Medium,44,2.37,3.84,GBP,returned,2026-09-08,2026-09-08-01-setup,raw/gkp-discover-06-professional-services-web.csv,101
ob_002529,kw_002505,,discover,country,United Kingdom,English,Google Search,2025-08-01,2026-07-31,encoded_band,50,10,100,,,Low,0,,,GBP,returned,2026-09-08,2026-09-08-01-setup,raw/gkp-discover-06-professional-services-web.csv,102
ob_002530,kw_002506,,discover,country,United Kingdom,English,Google Search,2025-08-01,2026-07-31,encoded_band,50,10,100,,,High,71,,,GBP,returned,2026-09-08,2026-09-08-01-setup,raw/gkp-discover-06-professional-services-web.csv,103
ob_002531,kw_002507,,discover,country,United Kingdom,English,Google Search,2025-08-01,2026-07-31,encoded_band,50,10,100,0,0,Unknown,,,,GBP,returned,2026-09-08,2026-09-08-01-setup,raw/gkp-discover-06-professional-services-web.csv,104
ob_002532,kw_002508,,discover,country,United Kingdom,English,Google Search,2025-08-01,2026-07-31,encoded_band,50,10,100,0,,Low,7,,,GBP,returned,2026-09-08,2026-09-08-01-setup,raw/gkp-discover-06-professional-services-web.csv,105
ob_002533,kw_002509,,discover,country,United Kingdom,English,Google Search,2025-08-01,2026-07-31,encoded_band,50,10,100,0,0,Unknown,,,,GBP,returned,2026-09-08,2026-09-08-01-setup,raw/gkp-discover-06-professional-services-web.csv,106
ob_002534,kw_002510,,discover,country,United Kingdom,English,Google Search,2025-08-01,2026-07-31,encoded_band,0,0,0,0,0,Unknown,,,,GBP,zero,2026-09-08,2026-09-08-01-setup,raw/gkp-discover-06-professional-services-web.csv,107
ob_002535,kw_002511,,discover,country,United Kingdom,English,Google Search,2025-08-01,2026-07-31,encoded_band,50,10,100,0,0,Unknown,,,,GBP,returned,2026-09-08,2026-09-08-01-setup,raw/gkp-discover-06-professional-services-web.csv,108
ob_002536,kw_002512,,discover,country,United Kingdom,English,Google Search,2025-08-01,2026-07-31,encoded_band,50,10,100,-1,0,Unknown,,,,GBP,returned,2026-09-08,2026-09-08-01-setup,raw/gkp-discover-06-professional-services-web.csv,109
ob_002537,kw_002513,,discover,country,United Kingdom,English,Google Search,2025-08-01,2026-07-31,encoded_band,50,10,100,0,0,Unknown,,,,GBP,returned,2026-09-08,2026-09-08-01-setup,raw/gkp-discover-06-professional-services-web.csv,110
ob_002538,kw_002514,,discover,country,United Kingdom,English,Google Search,2025-08-01,2026-07-31,encoded_band,500,100,1000,0,0,Low,2,,,GBP,returned,2026-09-08,2026-09-08-01-setup,raw/gkp-discover-06-professional-services-web.csv,111
ob_002539,kw_002515,,discover,country,United Kingdom,English,Google Search,2025-08-01,2026-07-31,encoded_band,500,100,1000,-0.9,-0.9,Low,15,4.91,20.09,GBP,returned,2026-09-08,2026-09-08-01-setup,raw/gkp-discover-06-professional-services-web.csv,112
ob_002540,kw_002516,,discover,country,United Kingdom,English,Google Search,2025-08-01,2026-07-31,encoded_band,50,10,100,0,0,Unknown,,,,GBP,returned,2026-09-08,2026-09-08-01-setup,raw/gkp-discover-06-professional-services-web.csv,113
ob_002541,kw_002517,,discover,country,United Kingdom,English,Google Search,2025-08-01,2026-07-31,encoded_band,50,10,100,0,0,Unknown,,,,GBP,returned,2026-09-08,2026-09-08-01-setup,raw/gkp-discover-06-professional-services-web.csv,114
ob_002542,kw_002518,,discover,country,United Kingdom,English,Google Search,2025-08-01,2026-07-31,encoded_band,50,10,100,0,0,Unknown,,,,GBP,returned,2026-09-08,2026-09-08-01-setup,raw/gkp-discover-06-professional-services-web.csv,115
ob_002543,kw_002519,,discover,country,United Kingdom,English,Google Search,2025-08-01,2026-07-31,encoded_band,50,10,100,-1,0,Unknown,,,,GBP,returned,2026-09-08,2026-09-08-01-setup,raw/gkp-discover-06-professional-services-web.csv,116
ob_002544,kw_002520,,discover,country,United Kingdom,English,Google Search,2025-08-01,2026-07-31,encoded_band,50,10,100,,0,Low,0,,,GBP,returned,2026-09-08,2026-09-08-01-setup,raw/gkp-discover-06-professional-services-web.csv,117
ob_002545,kw_002521,,discover,country,United Kingdom,English,Google Search,2025-08-01,2026-07-31,encoded_band,50,10,100,0,0,High,86,,,GBP,returned,2026-09-08,2026-09-08-01-setup,raw/gkp-discover-06-professional-services-web.csv,118
ob_002546,kw_002522,,discover,country,United Kingdom,English,Google Search,2025-08-01,2026-07-31,encoded_band,50,10,100,0,,Medium,43,,,GBP,returned,2026-09-08,2026-09-08-01-setup,raw/gkp-discover-06-professional-services-web.csv,119
ob_002547,kw_002523,,discover,country,United Kingdom,English,Google Search,2025-08-01,2026-07-31,encoded_band,50,10,100,0,-1,Unknown,,,,GBP,returned,2026-09-08,2026-09-08-01-setup,raw/gkp-discover-06-professional-services-web.csv,120
ob_002548,kw_002524,,discover,country,United Kingdom,English,Google Search,2025-08-01,2026-07-31,encoded_band,0,0,0,0,-1,Unknown,,,,GBP,zero,2026-09-08,2026-09-08-01-setup,raw/gkp-discover-06-professional-services-web.csv,121
ob_002549,kw_002525,,discover,country,United Kingdom,English,Google Search,2025-08-01,2026-07-31,encoded_band,50,10,100,0,,Low,14,,,GBP,returned,2026-09-08,2026-09-08-01-setup,raw/gkp-discover-06-professional-services-web.csv,122
ob_002550,kw_002526,,discover,country,United Kingdom,English,Google Search,2025-08-01,2026-07-31,encoded_band,50,10,100,0,0,Low,0,,,GBP,returned,2026-09-08,2026-09-08-01-setup,raw/gkp-discover-06-professional-services-web.csv,123
ob_002551,kw_002527,,discover,country,United Kingdom,English,Google Search,2025-08-01,2026-07-31,encoded_band,50,10,100,-1,0,Unknown,,,,GBP,returned,2026-09-08,2026-09-08-01-setup,raw/gkp-discover-06-professional-services-web.csv,124
ob_002552,kw_002528,,discover,country,United Kingdom,English,Google Search,2025-08-01,2026-07-31,encoded_band,50,10,100,0,0,Unknown,,,,GBP,returned,2026-09-08,2026-09-08-01-setup,raw/gkp-discover-06-professional-services-web.csv,125
ob_002553,kw_002529,,discover,country,United Kingdom,English,Google Search,2025-08-01,2026-07-31,encoded_band,50,10,100,0,-1,Unknown,,,,GBP,returned,2026-09-08,2026-09-08-01-setup,raw/gkp-discover-06-professional-services-web.csv,126
ob_002554,kw_002530,,discover,country,United Kingdom,English,Google Search,2025-08-01,2026-07-31,encoded_band,0,0,0,0,0,Unknown,,,,GBP,zero,2026-09-08,2026-09-08-01-setup,raw/gkp-discover-06-professional-services-web.csv,127
ob_002555,kw_002531,,discover,country,United Kingdom,English,Google Search,2025-08-01,2026-07-31,encoded_band,50,10,100,,0,Low,0,,,GBP,returned,2026-09-08,2026-09-08-01-setup,raw/gkp-discover-06-professional-services-web.csv,128
ob_002556,kw_002532,,discover,country,United Kingdom,English,Google Search,2025-08-01,2026-07-31,encoded_band,50,10,100,0,0,Low,16,,,GBP,returned,2026-09-08,2026-09-08-01-setup,raw/gkp-discover-06-professional-services-web.csv,129
ob_002557,kw_002533,,discover,country,United Kingdom,English,Google Search,2025-08-01,2026-07-31,encoded_band,50,10,100,,0,Low,6,,,GBP,returned,2026-09-08,2026-09-08-01-setup,raw/gkp-discover-06-professional-services-web.csv,130
ob_002558,kw_002534,,discover,country,United Kingdom,English,Google Search,2025-08-01,2026-07-31,encoded_band,50,10,100,0,0,Low,10,7.48,20.46,GBP,returned,2026-09-08,2026-09-08-01-setup,raw/gkp-discover-06-professional-services-web.csv,131
ob_002559,kw_002535,,discover,country,United Kingdom,English,Google Search,2025-08-01,2026-07-31,encoded_band,50,10,100,0,0,Unknown,,,,GBP,returned,2026-09-08,2026-09-08-01-setup,raw/gkp-discover-06-professional-services-web.csv,132
ob_002560,kw_002536,,discover,country,United Kingdom,English,Google Search,2025-08-01,2026-07-31,encoded_band,50,10,100,0,-1,Unknown,,,,GBP,returned,2026-09-08,2026-09-08-01-setup,raw/gkp-discover-06-professional-services-web.csv,133
ob_002561,kw_002537,,discover,country,United Kingdom,English,Google Search,2025-08-01,2026-07-31,encoded_band,50,10,100,,0,Low,0,,,GBP,returned,2026-09-08,2026-09-08-01-setup,raw/gkp-discover-06-professional-services-web.csv,134
ob_002562,kw_002538,,discover,country,United Kingdom,English,Google Search,2025-08-01,2026-07-31,encoded_band,50,10,100,0,0,Low,5,,,GBP,returned,2026-09-08,2026-09-08-01-setup,raw/gkp-discover-06-professional-services-web.csv,135
ob_002563,kw_002539,,discover,country,United Kingdom,English,Google Search,2025-08-01,2026-07-31,encoded_band,50,10,100,0,-1,Unknown,,,,GBP,returned,2026-09-08,2026-09-08-01-setup,raw/gkp-discover-06-professional-services-web.csv,136
ob_002564,kw_002540,,discover,country,United Kingdom,English,Google Search,2025-08-01,2026-07-31,encoded_band,50,10,100,0,0,High,71,,,GBP,returned,2026-09-08,2026-09-08-01-setup,raw/gkp-discover-06-professional-services-web.csv,137
ob_002565,kw_002541,,discover,country,United Kingdom,English,Google Search,2025-08-01,2026-07-31,encoded_band,50,10,100,0,0,High,71,,,GBP,returned,2026-09-08,2026-09-08-01-setup,raw/gkp-discover-06-professional-services-web.csv,138
ob_002566,kw_002542,,discover,country,United Kingdom,English,Google Search,2025-08-01,2026-07-31,encoded_band,50,10,100,0,0,Unknown,,,,GBP,returned,2026-09-08,2026-09-08-01-setup,raw/gkp-discover-06-professional-services-web.csv,139
ob_002567,kw_002543,,discover,country,United Kingdom,English,Google Search,2025-08-01,2026-07-31,encoded_band,50,10,100,-1,0,Unknown,,,,GBP,returned,2026-09-08,2026-09-08-01-setup,raw/gkp-discover-06-professional-services-web.csv,140
ob_002568,kw_002544,,discover,country,United Kingdom,English,Google Search,2025-08-01,2026-07-31,encoded_band,50,10,100,0,0,Medium,37,,,GBP,returned,2026-09-08,2026-09-08-01-setup,raw/gkp-discover-06-professional-services-web.csv,141
ob_002569,kw_002545,,discover,country,United Kingdom,English,Google Search,2025-08-01,2026-07-31,encoded_band,50,10,100,0,0,Unknown,,,,GBP,returned,2026-09-08,2026-09-08-01-setup,raw/gkp-discover-06-professional-services-web.csv,142
ob_002570,kw_002546,,discover,country,United Kingdom,English,Google Search,2025-08-01,2026-07-31,encoded_band,50,10,100,0,,Medium,43,,,GBP,returned,2026-09-08,2026-09-08-01-setup,raw/gkp-discover-06-professional-services-web.csv,143
ob_002571,kw_002547,,discover,country,United Kingdom,English,Google Search,2025-08-01,2026-07-31,encoded_band,50,10,100,0,0,Unknown,,,,GBP,returned,2026-09-08,2026-09-08-01-setup,raw/gkp-discover-06-professional-services-web.csv,144
ob_002572,kw_002548,,discover,country,United Kingdom,English,Google Search,2025-08-01,2026-07-31,encoded_band,50,10,100,0,0,Unknown,,,,GBP,returned,2026-09-08,2026-09-08-01-setup,raw/gkp-discover-06-professional-services-web.csv,145
ob_002573,kw_002549,,discover,country,United Kingdom,English,Google Search,2025-08-01,2026-07-31,encoded_band,50,10,100,,0,Low,0,,,GBP,returned,2026-09-08,2026-09-08-01-setup,raw/gkp-discover-06-professional-services-web.csv,146
ob_002574,kw_002550,,discover,country,United Kingdom,English,Google Search,2025-08-01,2026-07-31,encoded_band,50,10,100,0,-1,Unknown,,,,GBP,returned,2026-09-08,2026-09-08-01-setup,raw/gkp-discover-06-professional-services-web.csv,147
ob_002575,kw_002551,,discover,country,United Kingdom,English,Google Search,2025-08-01,2026-07-31,encoded_band,50,10,100,,,Low,0,,,GBP,returned,2026-09-08,2026-09-08-01-setup,raw/gkp-discover-06-professional-services-web.csv,148
ob_002576,kw_002552,,discover,country,United Kingdom,English,Google Search,2025-08-01,2026-07-31,encoded_band,0,0,0,0,0,Unknown,,,,GBP,zero,2026-09-08,2026-09-08-01-setup,raw/gkp-discover-06-professional-services-web.csv,149
ob_002577,kw_002553,,discover,country,United Kingdom,English,Google Search,2025-08-01,2026-07-31,encoded_band,50,10,100,0,0,Medium,37,,,GBP,returned,2026-09-08,2026-09-08-01-setup,raw/gkp-discover-06-professional-services-web.csv,150
ob_002578,kw_002554,,discover,country,United Kingdom,English,Google Search,2025-08-01,2026-07-31,encoded_band,50,10,100,-1,-1,Unknown,,,,GBP,returned,2026-09-08,2026-09-08-01-setup,raw/gkp-discover-06-professional-services-web.csv,151
ob_002579,kw_002555,,discover,country,United Kingdom,English,Google Search,2025-08-01,2026-07-31,encoded_band,50,10,100,,0,Low,0,,,GBP,returned,2026-09-08,2026-09-08-01-setup,raw/gkp-discover-06-professional-services-web.csv,152
ob_002580,kw_002556,,discover,country,United Kingdom,English,Google Search,2025-08-01,2026-07-31,encoded_band,50,10,100,,0,Medium,64,,,GBP,returned,2026-09-08,2026-09-08-01-setup,raw/gkp-discover-06-professional-services-web.csv,153
ob_002581,kw_002557,,discover,country,United Kingdom,English,Google Search,2025-08-01,2026-07-31,encoded_band,500,100,1000,0,0,Low,11,9.89,29.64,GBP,returned,2026-09-08,2026-09-08-01-setup,raw/gkp-discover-06-professional-services-web.csv,154
ob_002582,kw_002558,,discover,country,United Kingdom,English,Google Search,2025-08-01,2026-07-31,encoded_band,50,10,100,0,,Low,14,,,GBP,returned,2026-09-08,2026-09-08-01-setup,raw/gkp-discover-06-professional-services-web.csv,155
ob_002583,kw_002559,,discover,country,United Kingdom,English,Google Search,2025-08-01,2026-07-31,encoded_band,50,10,100,0,0,Unknown,,,,GBP,returned,2026-09-08,2026-09-08-01-setup,raw/gkp-discover-06-professional-services-web.csv,156
ob_002584,kw_002560,,discover,country,United Kingdom,English,Google Search,2025-08-01,2026-07-31,encoded_band,50,10,100,,0,Low,0,,,GBP,returned,2026-09-08,2026-09-08-01-setup,raw/gkp-discover-06-professional-services-web.csv,157
ob_002585,kw_002561,,discover,country,United Kingdom,English,Google Search,2025-08-01,2026-07-31,encoded_band,50,10,100,,,High,86,,,GBP,returned,2026-09-08,2026-09-08-01-setup,raw/gkp-discover-06-professional-services-web.csv,158
ob_002586,kw_002562,,discover,country,United Kingdom,English,Google Search,2025-08-01,2026-07-31,encoded_band,50,10,100,0,0,Low,0,,,GBP,returned,2026-09-08,2026-09-08-01-setup,raw/gkp-discover-06-professional-services-web.csv,159
ob_002587,kw_002563,,discover,country,United Kingdom,English,Google Search,2025-08-01,2026-07-31,encoded_band,0,0,0,0,0,Unknown,,,,GBP,zero,2026-09-08,2026-09-08-01-setup,raw/gkp-discover-06-professional-services-web.csv,160
ob_002588,kw_002564,,discover,country,United Kingdom,English,Google Search,2025-08-01,2026-07-31,encoded_band,50,10,100,0,0,Medium,35,0.79,6,GBP,returned,2026-09-08,2026-09-08-01-setup,raw/gkp-discover-06-professional-services-web.csv,161
ob_002589,kw_002565,,discover,country,United Kingdom,English,Google Search,2025-08-01,2026-07-31,encoded_band,50,10,100,-1,0,Unknown,,,,GBP,returned,2026-09-08,2026-09-08-01-setup,raw/gkp-discover-06-professional-services-web.csv,162
ob_002590,kw_002566,,discover,country,United Kingdom,English,Google Search,2025-08-01,2026-07-31,encoded_band,50,10,100,0,-0.9,Low,8,2.26,7.46,GBP,returned,2026-09-08,2026-09-08-01-setup,raw/gkp-discover-06-professional-services-web.csv,163
ob_002591,kw_002567,,discover,country,United Kingdom,English,Google Search,2025-08-01,2026-07-31,encoded_band,50,10,100,0,-1,Unknown,,,,GBP,returned,2026-09-08,2026-09-08-01-setup,raw/gkp-discover-06-professional-services-web.csv,164
ob_002592,kw_002568,,discover,country,United Kingdom,English,Google Search,2025-08-01,2026-07-31,encoded_band,50,10,100,0,,High,86,,,GBP,returned,2026-09-08,2026-09-08-01-setup,raw/gkp-discover-06-professional-services-web.csv,165
ob_002593,kw_002569,,discover,country,United Kingdom,English,Google Search,2025-08-01,2026-07-31,encoded_band,50,10,100,0,-1,Unknown,,,,GBP,returned,2026-09-08,2026-09-08-01-setup,raw/gkp-discover-06-professional-services-web.csv,166
ob_002594,kw_002570,,discover,country,United Kingdom,English,Google Search,2025-08-01,2026-07-31,encoded_band,50,10,100,0,0,Medium,65,1.81,8.33,GBP,returned,2026-09-08,2026-09-08-01-setup,raw/gkp-discover-06-professional-services-web.csv,167
ob_002595,kw_002571,,discover,country,United Kingdom,English,Google Search,2025-08-01,2026-07-31,encoded_band,50,10,100,-1,0,Unknown,,,,GBP,returned,2026-09-08,2026-09-08-01-setup,raw/gkp-discover-06-professional-services-web.csv,168
ob_002596,kw_002572,,discover,country,United Kingdom,English,Google Search,2025-08-01,2026-07-31,encoded_band,50,10,100,0,0,Low,0,,,GBP,returned,2026-09-08,2026-09-08-01-setup,raw/gkp-discover-06-professional-services-web.csv,169
ob_002597,kw_002573,,discover,country,United Kingdom,English,Google Search,2025-08-01,2026-07-31,encoded_band,50,10,100,0,0,Unknown,,,,GBP,returned,2026-09-08,2026-09-08-01-setup,raw/gkp-discover-06-professional-services-web.csv,170
ob_002598,kw_002574,,discover,country,United Kingdom,English,Google Search,2025-08-01,2026-07-31,encoded_band,50,10,100,0,0,Low,0,,,GBP,returned,2026-09-08,2026-09-08-01-setup,raw/gkp-discover-06-professional-services-web.csv,171
ob_002599,kw_002575,,discover,country,United Kingdom,English,Google Search,2025-08-01,2026-07-31,encoded_band,0,0,0,0,0,Unknown,,,,GBP,zero,2026-09-08,2026-09-08-01-setup,raw/gkp-discover-06-professional-services-web.csv,172
ob_002600,kw_002576,,discover,country,United Kingdom,English,Google Search,2025-08-01,2026-07-31,encoded_band,50,10,100,0,0,Low,0,,,GBP,returned,2026-09-08,2026-09-08-01-setup,raw/gkp-discover-06-professional-services-web.csv,173
ob_002601,kw_002577,,discover,country,United Kingdom,English,Google Search,2025-08-01,2026-07-31,encoded_band,50,10,100,,,Low,0,,,GBP,returned,2026-09-08,2026-09-08-01-setup,raw/gkp-discover-06-professional-services-web.csv,174
ob_002602,kw_002578,,discover,country,United Kingdom,English,Google Search,2025-08-01,2026-07-31,encoded_band,50,10,100,,0,Low,0,,,GBP,returned,2026-09-08,2026-09-08-01-setup,raw/gkp-discover-06-professional-services-web.csv,175
ob_002603,kw_002579,,discover,country,United Kingdom,English,Google Search,2025-08-01,2026-07-31,encoded_band,50,10,100,0,0,Unknown,,,,GBP,returned,2026-09-08,2026-09-08-01-setup,raw/gkp-discover-06-professional-services-web.csv,176
ob_002604,kw_002580,,discover,country,United Kingdom,English,Google Search,2025-08-01,2026-07-31,encoded_band,50,10,100,-1,-1,Unknown,,,,GBP,returned,2026-09-08,2026-09-08-01-setup,raw/gkp-discover-06-professional-services-web.csv,177
ob_002605,kw_002581,,discover,country,United Kingdom,English,Google Search,2025-08-01,2026-07-31,encoded_band,50,10,100,0,0,Low,0,,,GBP,returned,2026-09-08,2026-09-08-01-setup,raw/gkp-discover-06-professional-services-web.csv,178
ob_002606,kw_002582,,discover,country,United Kingdom,English,Google Search,2025-08-01,2026-07-31,encoded_band,50,10,100,0,0,Low,25,15.28,36.45,GBP,returned,2026-09-08,2026-09-08-01-setup,raw/gkp-discover-06-professional-services-web.csv,179
ob_002607,kw_002583,,discover,country,United Kingdom,English,Google Search,2025-08-01,2026-07-31,encoded_band,50,10,100,0,0,Medium,44,0.99,5.56,GBP,returned,2026-09-08,2026-09-08-01-setup,raw/gkp-discover-06-professional-services-web.csv,180
ob_002608,kw_002584,,discover,country,United Kingdom,English,Google Search,2025-08-01,2026-07-31,encoded_band,50,10,100,-1,-1,Unknown,,,,GBP,returned,2026-09-08,2026-09-08-01-setup,raw/gkp-discover-06-professional-services-web.csv,181
ob_002609,kw_002585,,discover,country,United Kingdom,English,Google Search,2025-08-01,2026-07-31,encoded_band,50,10,100,-1,-1,Unknown,,,,GBP,returned,2026-09-08,2026-09-08-01-setup,raw/gkp-discover-06-professional-services-web.csv,182
ob_002610,kw_002586,,discover,country,United Kingdom,English,Google Search,2025-08-01,2026-07-31,encoded_band,0,0,0,0,0,Unknown,,,,GBP,zero,2026-09-08,2026-09-08-01-setup,raw/gkp-discover-06-professional-services-web.csv,183
ob_002611,kw_002587,,discover,country,United Kingdom,English,Google Search,2025-08-01,2026-07-31,encoded_band,50,10,100,-1,-1,Unknown,,,,GBP,returned,2026-09-08,2026-09-08-01-setup,raw/gkp-discover-06-professional-services-web.csv,184
ob_002612,kw_002588,,discover,country,United Kingdom,English,Google Search,2025-08-01,2026-07-31,encoded_band,50,10,100,-1,0,Unknown,,,,GBP,returned,2026-09-08,2026-09-08-01-setup,raw/gkp-discover-06-professional-services-web.csv,185
ob_002613,kw_002589,,discover,country,United Kingdom,English,Google Search,2025-08-01,2026-07-31,encoded_band,50,10,100,-1,-1,Unknown,,,,GBP,returned,2026-09-08,2026-09-08-01-setup,raw/gkp-discover-06-professional-services-web.csv,186
ob_002614,kw_002590,,discover,country,United Kingdom,English,Google Search,2025-08-01,2026-07-31,encoded_band,50,10,100,-1,-1,Unknown,,,,GBP,returned,2026-09-08,2026-09-08-01-setup,raw/gkp-discover-06-professional-services-web.csv,187
ob_002615,kw_002591,,discover,country,United Kingdom,English,Google Search,2025-08-01,2026-07-31,encoded_band,50,10,100,0,0,Low,24,,,GBP,returned,2026-09-08,2026-09-08-01-setup,raw/gkp-discover-06-professional-services-web.csv,188
ob_002616,kw_002592,,discover,country,United Kingdom,English,Google Search,2025-08-01,2026-07-31,encoded_band,0,0,0,0,0,Unknown,,,,GBP,zero,2026-09-08,2026-09-08-01-setup,raw/gkp-discover-06-professional-services-web.csv,189
ob_002617,kw_002593,,discover,country,United Kingdom,English,Google Search,2025-08-01,2026-07-31,encoded_band,50,10,100,0,0,High,86,0.85,7.45,GBP,returned,2026-09-08,2026-09-08-01-setup,raw/gkp-discover-06-professional-services-web.csv,190
ob_002618,kw_002594,,discover,country,United Kingdom,English,Google Search,2025-08-01,2026-07-31,encoded_band,50,10,100,0,0,Unknown,,,,GBP,returned,2026-09-08,2026-09-08-01-setup,raw/gkp-discover-06-professional-services-web.csv,191
ob_002619,kw_002595,,discover,country,United Kingdom,English,Google Search,2025-08-01,2026-07-31,encoded_band,50,10,100,0,0,Unknown,,,,GBP,returned,2026-09-08,2026-09-08-01-setup,raw/gkp-discover-06-professional-services-web.csv,192
ob_002620,kw_002596,,discover,country,United Kingdom,English,Google Search,2025-08-01,2026-07-31,encoded_band,500,100,1000,-0.9,-0.9,Low,0,,,GBP,returned,2026-09-08,2026-09-08-01-setup,raw/gkp-discover-06-professional-services-web.csv,193
ob_002621,kw_002597,,discover,country,United Kingdom,English,Google Search,2025-08-01,2026-07-31,encoded_band,50,10,100,-1,0,Unknown,,,,GBP,returned,2026-09-08,2026-09-08-01-setup,raw/gkp-discover-06-professional-services-web.csv,194
ob_002622,kw_002598,,discover,country,United Kingdom,English,Google Search,2025-08-01,2026-07-31,encoded_band,50,10,100,0,0,Low,0,,,GBP,returned,2026-09-08,2026-09-08-01-setup,raw/gkp-discover-06-professional-services-web.csv,195
ob_002623,kw_002599,,discover,country,United Kingdom,English,Google Search,2025-08-01,2026-07-31,encoded_band,50,10,100,0,0,Unknown,,,,GBP,returned,2026-09-08,2026-09-08-01-setup,raw/gkp-discover-06-professional-services-web.csv,196
ob_002624,kw_002600,,discover,country,United Kingdom,English,Google Search,2025-08-01,2026-07-31,encoded_band,50,10,100,-1,0,Unknown,,,,GBP,returned,2026-09-08,2026-09-08-01-setup,raw/gkp-discover-06-professional-services-web.csv,197
ob_002625,kw_002601,,discover,country,United Kingdom,English,Google Search,2025-08-01,2026-07-31,encoded_band,50,10,100,-0.9,0,Medium,39,1.38,6.05,GBP,returned,2026-09-08,2026-09-08-01-setup,raw/gkp-discover-06-professional-services-web.csv,198
ob_002626,kw_002602,,discover,country,United Kingdom,English,Google Search,2025-08-01,2026-07-31,encoded_band,0,0,0,0,0,Unknown,,,,GBP,zero,2026-09-08,2026-09-08-01-setup,raw/gkp-discover-06-professional-services-web.csv,199
ob_002627,kw_002603,,discover,country,United Kingdom,English,Google Search,2025-08-01,2026-07-31,encoded_band,50,10,100,0,0,Low,21,,,GBP,returned,2026-09-08,2026-09-08-01-setup,raw/gkp-discover-06-professional-services-web.csv,200
ob_002628,kw_002604,,discover,country,United Kingdom,English,Google Search,2025-08-01,2026-07-31,encoded_band,50,10,100,0,0,High,86,,,GBP,returned,2026-09-08,2026-09-08-01-setup,raw/gkp-discover-06-professional-services-web.csv,201
ob_002629,kw_002605,,discover,country,United Kingdom,English,Google Search,2025-08-01,2026-07-31,encoded_band,50,10,100,0,-1,Unknown,,,,GBP,returned,2026-09-08,2026-09-08-01-setup,raw/gkp-discover-06-professional-services-web.csv,202
ob_002630,kw_002606,,discover,country,United Kingdom,English,Google Search,2025-08-01,2026-07-31,encoded_band,50,10,100,0,-1,Unknown,,,,GBP,returned,2026-09-08,2026-09-08-01-setup,raw/gkp-discover-06-professional-services-web.csv,203
ob_002631,kw_002607,,discover,country,United Kingdom,English,Google Search,2025-08-01,2026-07-31,encoded_band,50,10,100,0,0,Unknown,,,,GBP,returned,2026-09-08,2026-09-08-01-setup,raw/gkp-discover-06-professional-services-web.csv,204
ob_002632,kw_002608,,discover,country,United Kingdom,English,Google Search,2025-08-01,2026-07-31,encoded_band,50,10,100,0,0,Unknown,,,,GBP,returned,2026-09-08,2026-09-08-01-setup,raw/gkp-discover-06-professional-services-web.csv,205
ob_002633,kw_002609,,discover,country,United Kingdom,English,Google Search,2025-08-01,2026-07-31,encoded_band,50,10,100,0,0,Unknown,,,,GBP,returned,2026-09-08,2026-09-08-01-setup,raw/gkp-discover-06-professional-services-web.csv,206
ob_002634,kw_002610,,discover,country,United Kingdom,English,Google Search,2025-08-01,2026-07-31,encoded_band,50,10,100,0,-1,Unknown,,,,GBP,returned,2026-09-08,2026-09-08-01-setup,raw/gkp-discover-06-professional-services-web.csv,207
ob_002635,kw_002611,,discover,country,United Kingdom,English,Google Search,2025-08-01,2026-07-31,encoded_band,0,0,0,0,0,Unknown,,,,GBP,zero,2026-09-08,2026-09-08-01-setup,raw/gkp-discover-06-professional-services-web.csv,208
ob_002636,kw_002612,,discover,country,United Kingdom,English,Google Search,2025-08-01,2026-07-31,encoded_band,50,10,100,0,-1,Unknown,,,,GBP,returned,2026-09-08,2026-09-08-01-setup,raw/gkp-discover-06-professional-services-web.csv,209
ob_002637,kw_002613,,discover,country,United Kingdom,English,Google Search,2025-08-01,2026-07-31,encoded_band,50,10,100,0,0,Unknown,,,,GBP,returned,2026-09-08,2026-09-08-01-setup,raw/gkp-discover-06-professional-services-web.csv,210
ob_002638,kw_002614,,discover,country,United Kingdom,English,Google Search,2025-08-01,2026-07-31,encoded_band,50,10,100,0,0,Unknown,,,,GBP,returned,2026-09-08,2026-09-08-01-setup,raw/gkp-discover-06-professional-services-web.csv,211
ob_002639,kw_002615,,discover,country,United Kingdom,English,Google Search,2025-08-01,2026-07-31,encoded_band,50,10,100,0,0,Unknown,,,,GBP,returned,2026-09-08,2026-09-08-01-setup,raw/gkp-discover-06-professional-services-web.csv,212
ob_002640,kw_002616,,discover,country,United Kingdom,English,Google Search,2025-08-01,2026-07-31,encoded_band,0,0,0,0,0,Unknown,,,,GBP,zero,2026-09-08,2026-09-08-01-setup,raw/gkp-discover-06-professional-services-web.csv,213
ob_002641,kw_002617,,discover,country,United Kingdom,English,Google Search,2025-08-01,2026-07-31,encoded_band,50,10,100,,,Low,29,,,GBP,returned,2026-09-08,2026-09-08-01-setup,raw/gkp-discover-06-professional-services-web.csv,214
ob_002642,kw_002618,,discover,country,United Kingdom,English,Google Search,2025-08-01,2026-07-31,encoded_band,50,10,100,0,0,Low,10,,,GBP,returned,2026-09-08,2026-09-08-01-setup,raw/gkp-discover-06-professional-services-web.csv,215
ob_002643,kw_002619,,discover,country,United Kingdom,English,Google Search,2025-08-01,2026-07-31,encoded_band,50,10,100,-1,-1,Unknown,,,,GBP,returned,2026-09-08,2026-09-08-01-setup,raw/gkp-discover-06-professional-services-web.csv,216
ob_002644,kw_002620,,discover,country,United Kingdom,English,Google Search,2025-08-01,2026-07-31,encoded_band,50,10,100,0,0,Low,0,,,GBP,returned,2026-09-08,2026-09-08-01-setup,raw/gkp-discover-06-professional-services-web.csv,217
ob_002645,kw_002621,,discover,country,United Kingdom,English,Google Search,2025-08-01,2026-07-31,encoded_band,50,10,100,-1,-1,Unknown,,,,GBP,returned,2026-09-08,2026-09-08-01-setup,raw/gkp-discover-06-professional-services-web.csv,218
ob_002646,kw_002622,,discover,country,United Kingdom,English,Google Search,2025-08-01,2026-07-31,encoded_band,0,0,0,0,-1,Unknown,,,,GBP,zero,2026-09-08,2026-09-08-01-setup,raw/gkp-discover-06-professional-services-web.csv,219
ob_002647,kw_002623,,discover,country,United Kingdom,English,Google Search,2025-08-01,2026-07-31,encoded_band,50,10,100,-1,0,Unknown,,,,GBP,returned,2026-09-08,2026-09-08-01-setup,raw/gkp-discover-06-professional-services-web.csv,220
ob_002648,kw_002624,,discover,country,United Kingdom,English,Google Search,2025-08-01,2026-07-31,encoded_band,50,10,100,0,0,Unknown,,,,GBP,returned,2026-09-08,2026-09-08-01-setup,raw/gkp-discover-06-professional-services-web.csv,221
ob_002649,kw_002625,,discover,country,United Kingdom,English,Google Search,2025-08-01,2026-07-31,encoded_band,50,10,100,,,Low,0,,,GBP,returned,2026-09-08,2026-09-08-01-setup,raw/gkp-discover-06-professional-services-web.csv,222
ob_002650,kw_002626,,discover,country,United Kingdom,English,Google Search,2025-08-01,2026-07-31,encoded_band,50,10,100,0,-1,Unknown,,,,GBP,returned,2026-09-08,2026-09-08-01-setup,raw/gkp-discover-06-professional-services-web.csv,223
ob_002651,kw_002627,,discover,country,United Kingdom,English,Google Search,2025-08-01,2026-07-31,encoded_band,50,10,100,0,0,Low,21,4.44,6.97,GBP,returned,2026-09-08,2026-09-08-01-setup,raw/gkp-discover-06-professional-services-web.csv,224
ob_002652,kw_002628,,discover,country,United Kingdom,English,Google Search,2025-08-01,2026-07-31,encoded_band,50,10,100,0,0,Unknown,,,,GBP,returned,2026-09-08,2026-09-08-01-setup,raw/gkp-discover-06-professional-services-web.csv,225
ob_002653,kw_002629,,discover,country,United Kingdom,English,Google Search,2025-08-01,2026-07-31,encoded_band,0,0,0,0,0,Unknown,,,,GBP,zero,2026-09-08,2026-09-08-01-setup,raw/gkp-discover-06-professional-services-web.csv,226
ob_002654,kw_002630,,discover,country,United Kingdom,English,Google Search,2025-08-01,2026-07-31,encoded_band,50,10,100,0,0,Low,6,,,GBP,returned,2026-09-08,2026-09-08-01-setup,raw/gkp-discover-06-professional-services-web.csv,227
ob_002655,kw_002631,,discover,country,United Kingdom,English,Google Search,2025-08-01,2026-07-31,encoded_band,50,10,100,0,0,Unknown,,,,GBP,returned,2026-09-08,2026-09-08-01-setup,raw/gkp-discover-06-professional-services-web.csv,228
ob_002656,kw_002632,,discover,country,United Kingdom,English,Google Search,2025-08-01,2026-07-31,encoded_band,50,10,100,0,0,Low,14,,,GBP,returned,2026-09-08,2026-09-08-01-setup,raw/gkp-discover-06-professional-services-web.csv,229
ob_002657,kw_002633,,discover,country,United Kingdom,English,Google Search,2025-08-01,2026-07-31,encoded_band,0,0,0,0,0,Unknown,,,,GBP,zero,2026-09-08,2026-09-08-01-setup,raw/gkp-discover-06-professional-services-web.csv,230
ob_002658,kw_002634,,discover,country,United Kingdom,English,Google Search,2025-08-01,2026-07-31,encoded_band,50,10,100,0,-1,Unknown,,,,GBP,returned,2026-09-08,2026-09-08-01-setup,raw/gkp-discover-06-professional-services-web.csv,231
ob_002659,kw_002635,,discover,country,United Kingdom,English,Google Search,2025-08-01,2026-07-31,encoded_band,50,10,100,0,0,Low,32,1.09,6.66,GBP,returned,2026-09-08,2026-09-08-01-setup,raw/gkp-discover-06-professional-services-web.csv,232
ob_002660,kw_002636,,discover,country,United Kingdom,English,Google Search,2025-08-01,2026-07-31,encoded_band,50,10,100,0,0,Unknown,,,,GBP,returned,2026-09-08,2026-09-08-01-setup,raw/gkp-discover-06-professional-services-web.csv,233
ob_002661,kw_002637,,discover,country,United Kingdom,English,Google Search,2025-08-01,2026-07-31,encoded_band,50,10,100,0,0,Unknown,,,,GBP,returned,2026-09-08,2026-09-08-01-setup,raw/gkp-discover-06-professional-services-web.csv,234
ob_002662,kw_002638,,discover,country,United Kingdom,English,Google Search,2025-08-01,2026-07-31,encoded_band,0,0,0,0,0,Unknown,,,,GBP,zero,2026-09-08,2026-09-08-01-setup,raw/gkp-discover-06-professional-services-web.csv,235
ob_002663,kw_002639,,discover,country,United Kingdom,English,Google Search,2025-08-01,2026-07-31,encoded_band,50,10,100,0,0,Unknown,,,,GBP,returned,2026-09-08,2026-09-08-01-setup,raw/gkp-discover-06-professional-services-web.csv,236
ob_002664,kw_002640,,discover,country,United Kingdom,English,Google Search,2025-08-01,2026-07-31,encoded_band,50,10,100,0,0,Low,14,,,GBP,returned,2026-09-08,2026-09-08-01-setup,raw/gkp-discover-06-professional-services-web.csv,237
ob_002665,kw_002641,,discover,country,United Kingdom,English,Google Search,2025-08-01,2026-07-31,encoded_band,50,10,100,0,0,Low,14,,,GBP,returned,2026-09-08,2026-09-08-01-setup,raw/gkp-discover-06-professional-services-web.csv,238
ob_002666,kw_002642,,discover,country,United Kingdom,English,Google Search,2025-08-01,2026-07-31,encoded_band,0,0,0,0,0,Unknown,,,,GBP,zero,2026-09-08,2026-09-08-01-setup,raw/gkp-discover-06-professional-services-web.csv,239
ob_002667,kw_002643,,discover,country,United Kingdom,English,Google Search,2025-08-01,2026-07-31,encoded_band,0,0,0,0,0,Unknown,,,,GBP,zero,2026-09-08,2026-09-08-01-setup,raw/gkp-discover-06-professional-services-web.csv,240
ob_002668,kw_002644,,discover,country,United Kingdom,English,Google Search,2025-08-01,2026-07-31,encoded_band,50,10,100,0,0,Unknown,,,,GBP,returned,2026-09-08,2026-09-08-01-setup,raw/gkp-discover-06-professional-services-web.csv,241
ob_002669,kw_002645,,discover,country,United Kingdom,English,Google Search,2025-08-01,2026-07-31,encoded_band,50,10,100,0,0,Low,21,,,GBP,returned,2026-09-08,2026-09-08-01-setup,raw/gkp-discover-06-professional-services-web.csv,242
ob_002670,kw_002646,,discover,country,United Kingdom,English,Google Search,2025-08-01,2026-07-31,encoded_band,50,10,100,0,0,Low,0,,,GBP,returned,2026-09-08,2026-09-08-01-setup,raw/gkp-discover-06-professional-services-web.csv,243
ob_002671,kw_002647,,discover,country,United Kingdom,English,Google Search,2025-08-01,2026-07-31,encoded_band,50,10,100,-1,0,Unknown,,,,GBP,returned,2026-09-08,2026-09-08-01-setup,raw/gkp-discover-06-professional-services-web.csv,244
ob_002672,kw_002648,,discover,country,United Kingdom,English,Google Search,2025-08-01,2026-07-31,encoded_band,50,10,100,0,0,Low,23,,,GBP,returned,2026-09-08,2026-09-08-01-setup,raw/gkp-discover-06-professional-services-web.csv,245
ob_002673,kw_002649,,discover,country,United Kingdom,English,Google Search,2025-08-01,2026-07-31,encoded_band,50,10,100,0,0,Low,23,,,GBP,returned,2026-09-08,2026-09-08-01-setup,raw/gkp-discover-06-professional-services-web.csv,246
ob_002674,kw_002650,,discover,country,United Kingdom,English,Google Search,2025-08-01,2026-07-31,encoded_band,50,10,100,0,0,Low,0,,,GBP,returned,2026-09-08,2026-09-08-01-setup,raw/gkp-discover-06-professional-services-web.csv,247
ob_002675,kw_002651,,discover,country,United Kingdom,English,Google Search,2025-08-01,2026-07-31,encoded_band,50,10,100,0,0,Unknown,,,,GBP,returned,2026-09-08,2026-09-08-01-setup,raw/gkp-discover-06-professional-services-web.csv,248
ob_002676,kw_002652,,discover,country,United Kingdom,English,Google Search,2025-08-01,2026-07-31,encoded_band,50,10,100,0,0,Unknown,,,,GBP,returned,2026-09-08,2026-09-08-01-setup,raw/gkp-discover-06-professional-services-web.csv,249
ob_002677,kw_002653,,discover,country,United Kingdom,English,Google Search,2025-08-01,2026-07-31,encoded_band,50,10,100,0,0,Low,0,,,GBP,returned,2026-09-08,2026-09-08-01-setup,raw/gkp-discover-06-professional-services-web.csv,250
ob_002678,kw_002654,,discover,country,United Kingdom,English,Google Search,2025-08-01,2026-07-31,encoded_band,50,10,100,0,0,Low,0,,,GBP,returned,2026-09-08,2026-09-08-01-setup,raw/gkp-discover-06-professional-services-web.csv,251
ob_002679,kw_002655,,discover,country,United Kingdom,English,Google Search,2025-08-01,2026-07-31,encoded_band,50,10,100,0,0,Low,0,,,GBP,returned,2026-09-08,2026-09-08-01-setup,raw/gkp-discover-06-professional-services-web.csv,252
ob_002680,kw_002656,,discover,country,United Kingdom,English,Google Search,2025-08-01,2026-07-31,encoded_band,0,0,0,0,0,Unknown,,,,GBP,zero,2026-09-08,2026-09-08-01-setup,raw/gkp-discover-06-professional-services-web.csv,253
ob_002681,kw_002657,,discover,country,United Kingdom,English,Google Search,2025-08-01,2026-07-31,encoded_band,50,10,100,0,0,Low,0,,,GBP,returned,2026-09-08,2026-09-08-01-setup,raw/gkp-discover-06-professional-services-web.csv,254
ob_002682,kw_002658,,discover,country,United Kingdom,English,Google Search,2025-08-01,2026-07-31,encoded_band,50,10,100,0,0,Unknown,,,,GBP,returned,2026-09-08,2026-09-08-01-setup,raw/gkp-discover-06-professional-services-web.csv,255
ob_002683,kw_002659,,discover,country,United Kingdom,English,Google Search,2025-08-01,2026-07-31,encoded_band,50,10,100,0,0,Unknown,,,,GBP,returned,2026-09-08,2026-09-08-01-setup,raw/gkp-discover-06-professional-services-web.csv,256
ob_002684,kw_002660,,discover,country,United Kingdom,English,Google Search,2025-08-01,2026-07-31,encoded_band,50,10,100,0,,Low,0,,,GBP,returned,2026-09-08,2026-09-08-01-setup,raw/gkp-discover-06-professional-services-web.csv,257
ob_002685,kw_002661,,discover,country,United Kingdom,English,Google Search,2025-08-01,2026-07-31,encoded_band,50,10,100,,0,Low,0,,,GBP,returned,2026-09-08,2026-09-08-01-setup,raw/gkp-discover-06-professional-services-web.csv,258
ob_002686,kw_002662,,discover,country,United Kingdom,English,Google Search,2025-08-01,2026-07-31,encoded_band,0,0,0,0,0,Unknown,,,,GBP,zero,2026-09-08,2026-09-08-01-setup,raw/gkp-discover-06-professional-services-web.csv,259
ob_002687,kw_002663,,discover,country,United Kingdom,English,Google Search,2025-08-01,2026-07-31,encoded_band,500,100,1000,-0.9,0,Medium,45,2.96,20.76,GBP,returned,2026-09-08,2026-09-08-01-setup,raw/gkp-discover-06-professional-services-web.csv,260
ob_002688,kw_002664,,discover,country,United Kingdom,English,Google Search,2025-08-01,2026-07-31,encoded_band,50,10,100,0,-1,Unknown,,,,GBP,returned,2026-09-08,2026-09-08-01-setup,raw/gkp-discover-06-professional-services-web.csv,261
ob_002689,kw_002665,,discover,country,United Kingdom,English,Google Search,2025-08-01,2026-07-31,encoded_band,50,10,100,0,0,Unknown,,,,GBP,returned,2026-09-08,2026-09-08-01-setup,raw/gkp-discover-06-professional-services-web.csv,262
ob_002690,kw_002666,,discover,country,United Kingdom,English,Google Search,2025-08-01,2026-07-31,encoded_band,50,10,100,-0.9,0,Low,0,,,GBP,returned,2026-09-08,2026-09-08-01-setup,raw/gkp-discover-06-professional-services-web.csv,263
ob_002691,kw_002667,,discover,country,United Kingdom,English,Google Search,2025-08-01,2026-07-31,encoded_band,0,0,0,0,0,Unknown,,,,GBP,zero,2026-09-08,2026-09-08-01-setup,raw/gkp-discover-06-professional-services-web.csv,264
ob_002692,kw_002668,,discover,country,United Kingdom,English,Google Search,2025-08-01,2026-07-31,encoded_band,50,10,100,0,0,Medium,43,,,GBP,returned,2026-09-08,2026-09-08-01-setup,raw/gkp-discover-06-professional-services-web.csv,265
ob_002693,kw_002669,,discover,country,United Kingdom,English,Google Search,2025-08-01,2026-07-31,encoded_band,0,0,0,0,0,Unknown,,,,GBP,zero,2026-09-08,2026-09-08-01-setup,raw/gkp-discover-06-professional-services-web.csv,266
ob_002694,kw_002670,,discover,country,United Kingdom,English,Google Search,2025-08-01,2026-07-31,encoded_band,50,10,100,0,0,Low,16,,,GBP,returned,2026-09-08,2026-09-08-01-setup,raw/gkp-discover-06-professional-services-web.csv,267
ob_002695,kw_002671,,discover,country,United Kingdom,English,Google Search,2025-08-01,2026-07-31,encoded_band,50,10,100,0,0,Low,0,,,GBP,returned,2026-09-08,2026-09-08-01-setup,raw/gkp-discover-06-professional-services-web.csv,268
ob_002696,kw_002672,,discover,country,United Kingdom,English,Google Search,2025-08-01,2026-07-31,encoded_band,0,0,0,0,0,Unknown,,,,GBP,zero,2026-09-08,2026-09-08-01-setup,raw/gkp-discover-06-professional-services-web.csv,269
ob_002697,kw_002673,,discover,country,United Kingdom,English,Google Search,2025-08-01,2026-07-31,encoded_band,0,0,0,0,0,Unknown,,,,GBP,zero,2026-09-08,2026-09-08-01-setup,raw/gkp-discover-06-professional-services-web.csv,270
ob_002698,kw_002674,,discover,country,United Kingdom,English,Google Search,2025-08-01,2026-07-31,encoded_band,50,10,100,,,Low,0,,,GBP,returned,2026-09-08,2026-09-08-01-setup,raw/gkp-discover-06-professional-services-web.csv,271
ob_002699,kw_002675,,discover,country,United Kingdom,English,Google Search,2025-08-01,2026-07-31,encoded_band,50,10,100,0,0,High,86,,,GBP,returned,2026-09-08,2026-09-08-01-setup,raw/gkp-discover-06-professional-services-web.csv,272
ob_002700,kw_002676,,discover,country,United Kingdom,English,Google Search,2025-08-01,2026-07-31,encoded_band,50,10,100,0,0,High,86,,,GBP,returned,2026-09-08,2026-09-08-01-setup,raw/gkp-discover-06-professional-services-web.csv,273
ob_002701,kw_002677,,discover,country,United Kingdom,English,Google Search,2025-08-01,2026-07-31,encoded_band,50,10,100,0,0,Unknown,,,,GBP,returned,2026-09-08,2026-09-08-01-setup,raw/gkp-discover-06-professional-services-web.csv,274
ob_002702,kw_002678,,discover,country,United Kingdom,English,Google Search,2025-08-01,2026-07-31,encoded_band,0,0,0,0,0,Unknown,,,,GBP,zero,2026-09-08,2026-09-08-01-setup,raw/gkp-discover-06-professional-services-web.csv,275
ob_002703,kw_002679,,discover,country,United Kingdom,English,Google Search,2025-08-01,2026-07-31,encoded_band,50,10,100,0,0,Unknown,,,,GBP,returned,2026-09-08,2026-09-08-01-setup,raw/gkp-discover-06-professional-services-web.csv,276
ob_002704,kw_002680,,discover,country,United Kingdom,English,Google Search,2025-08-01,2026-07-31,encoded_band,50,10,100,-1,-1,Unknown,,,,GBP,returned,2026-09-08,2026-09-08-01-setup,raw/gkp-discover-06-professional-services-web.csv,277
ob_002705,kw_002681,,discover,country,United Kingdom,English,Google Search,2025-08-01,2026-07-31,encoded_band,50,10,100,0,-1,Unknown,,,,GBP,returned,2026-09-08,2026-09-08-01-setup,raw/gkp-discover-06-professional-services-web.csv,278
ob_002706,kw_002682,,discover,country,United Kingdom,English,Google Search,2025-08-01,2026-07-31,encoded_band,50,10,100,-1,0,Unknown,,,,GBP,returned,2026-09-08,2026-09-08-01-setup,raw/gkp-discover-06-professional-services-web.csv,279
ob_002707,kw_002683,,discover,country,United Kingdom,English,Google Search,2025-08-01,2026-07-31,encoded_band,500,100,1000,0,9,Low,12,17.54,29.97,GBP,returned,2026-09-08,2026-09-08-01-setup,raw/gkp-discover-06-professional-services-web.csv,280
ob_002708,kw_002684,,discover,country,United Kingdom,English,Google Search,2025-08-01,2026-07-31,encoded_band,50,10,100,0,-1,Unknown,,,,GBP,returned,2026-09-08,2026-09-08-01-setup,raw/gkp-discover-06-professional-services-web.csv,281
ob_002709,kw_002685,,discover,country,United Kingdom,English,Google Search,2025-08-01,2026-07-31,encoded_band,50,10,100,0,0,Low,19,,,GBP,returned,2026-09-08,2026-09-08-01-setup,raw/gkp-discover-06-professional-services-web.csv,282
ob_002710,kw_002686,,discover,country,United Kingdom,English,Google Search,2025-08-01,2026-07-31,encoded_band,50,10,100,,0,Medium,36,,,GBP,returned,2026-09-08,2026-09-08-01-setup,raw/gkp-discover-06-professional-services-web.csv,283
ob_002711,kw_002687,,discover,country,United Kingdom,English,Google Search,2025-08-01,2026-07-31,encoded_band,50,10,100,,,Low,0,,,GBP,returned,2026-09-08,2026-09-08-01-setup,raw/gkp-discover-06-professional-services-web.csv,284
ob_002712,kw_002688,,discover,country,United Kingdom,English,Google Search,2025-08-01,2026-07-31,encoded_band,0,0,0,0,0,Unknown,,,,GBP,zero,2026-09-08,2026-09-08-01-setup,raw/gkp-discover-06-professional-services-web.csv,285
ob_002713,kw_002689,,discover,country,United Kingdom,English,Google Search,2025-08-01,2026-07-31,encoded_band,50,10,100,,0,Low,0,,,GBP,returned,2026-09-08,2026-09-08-01-setup,raw/gkp-discover-06-professional-services-web.csv,286
ob_002714,kw_002690,,discover,country,United Kingdom,English,Google Search,2025-08-01,2026-07-31,encoded_band,0,0,0,0,0,Unknown,,,,GBP,zero,2026-09-08,2026-09-08-01-setup,raw/gkp-discover-06-professional-services-web.csv,287
ob_002715,kw_002691,,discover,country,United Kingdom,English,Google Search,2025-08-01,2026-07-31,encoded_band,0,0,0,0,0,Unknown,,,,GBP,zero,2026-09-08,2026-09-08-01-setup,raw/gkp-discover-06-professional-services-web.csv,288
ob_002716,kw_002692,,discover,country,United Kingdom,English,Google Search,2025-08-01,2026-07-31,encoded_band,50,10,100,,0,Low,7,,,GBP,returned,2026-09-08,2026-09-08-01-setup,raw/gkp-discover-06-professional-services-web.csv,289
ob_002717,kw_002693,,discover,country,United Kingdom,English,Google Search,2025-08-01,2026-07-31,encoded_band,50,10,100,0,0,Low,0,,,GBP,returned,2026-09-08,2026-09-08-01-setup,raw/gkp-discover-06-professional-services-web.csv,290
ob_002718,kw_002694,,discover,country,United Kingdom,English,Google Search,2025-08-01,2026-07-31,encoded_band,0,0,0,0,0,Unknown,,,,GBP,zero,2026-09-08,2026-09-08-01-setup,raw/gkp-discover-06-professional-services-web.csv,291
ob_002719,kw_002695,,discover,country,United Kingdom,English,Google Search,2025-08-01,2026-07-31,encoded_band,0,0,0,0,0,Unknown,,,,GBP,zero,2026-09-08,2026-09-08-01-setup,raw/gkp-discover-06-professional-services-web.csv,292
ob_002720,kw_002696,,discover,country,United Kingdom,English,Google Search,2025-08-01,2026-07-31,encoded_band,50,10,100,,,Low,0,,,GBP,returned,2026-09-08,2026-09-08-01-setup,raw/gkp-discover-06-professional-services-web.csv,293
ob_002721,kw_002697,,discover,country,United Kingdom,English,Google Search,2025-08-01,2026-07-31,encoded_band,50,10,100,0,0,Low,0,,,GBP,returned,2026-09-08,2026-09-08-01-setup,raw/gkp-discover-06-professional-services-web.csv,294
ob_002722,kw_002698,,discover,country,United Kingdom,English,Google Search,2025-08-01,2026-07-31,encoded_band,50,10,100,0,0,Low,11,,,GBP,returned,2026-09-08,2026-09-08-01-setup,raw/gkp-discover-06-professional-services-web.csv,295
ob_002723,kw_002699,,discover,country,United Kingdom,English,Google Search,2025-08-01,2026-07-31,encoded_band,50,10,100,-1,-1,Unknown,,,,GBP,returned,2026-09-08,2026-09-08-01-setup,raw/gkp-discover-06-professional-services-web.csv,296
ob_002724,kw_002700,,discover,country,United Kingdom,English,Google Search,2025-08-01,2026-07-31,encoded_band,50,10,100,-1,-1,Unknown,,,,GBP,returned,2026-09-08,2026-09-08-01-setup,raw/gkp-discover-06-professional-services-web.csv,297
ob_002725,kw_002701,,discover,country,United Kingdom,English,Google Search,2025-08-01,2026-07-31,encoded_band,50,10,100,-1,0,Unknown,,,,GBP,returned,2026-09-08,2026-09-08-01-setup,raw/gkp-discover-06-professional-services-web.csv,298
ob_002726,kw_002702,,discover,country,United Kingdom,English,Google Search,2025-08-01,2026-07-31,encoded_band,50,10,100,0,-1,Unknown,,,,GBP,returned,2026-09-08,2026-09-08-01-setup,raw/gkp-discover-06-professional-services-web.csv,299
ob_002727,kw_002703,,discover,country,United Kingdom,English,Google Search,2025-08-01,2026-07-31,encoded_band,50,10,100,0,0,Unknown,,,,GBP,returned,2026-09-08,2026-09-08-01-setup,raw/gkp-discover-06-professional-services-web.csv,300
ob_002728,kw_002704,,discover,country,United Kingdom,English,Google Search,2025-08-01,2026-07-31,encoded_band,0,0,0,0,0,Unknown,,,,GBP,zero,2026-09-08,2026-09-08-01-setup,raw/gkp-discover-06-professional-services-web.csv,301
ob_002729,kw_002705,,discover,country,United Kingdom,English,Google Search,2025-08-01,2026-07-31,encoded_band,50,10,100,0,0,Unknown,,,,GBP,returned,2026-09-08,2026-09-08-01-setup,raw/gkp-discover-06-professional-services-web.csv,302
ob_002730,kw_002706,,discover,country,United Kingdom,English,Google Search,2025-08-01,2026-07-31,encoded_band,50,10,100,,0,Low,0,,,GBP,returned,2026-09-08,2026-09-08-01-setup,raw/gkp-discover-06-professional-services-web.csv,303
ob_002731,kw_002707,,discover,country,United Kingdom,English,Google Search,2025-08-01,2026-07-31,encoded_band,50,10,100,0,-1,Unknown,,,,GBP,returned,2026-09-08,2026-09-08-01-setup,raw/gkp-discover-06-professional-services-web.csv,304
ob_002732,kw_002708,,discover,country,United Kingdom,English,Google Search,2025-08-01,2026-07-31,encoded_band,50,10,100,-1,-1,Unknown,,,,GBP,returned,2026-09-08,2026-09-08-01-setup,raw/gkp-discover-06-professional-services-web.csv,305
ob_002733,kw_002709,,discover,country,United Kingdom,English,Google Search,2025-08-01,2026-07-31,encoded_band,0,0,0,0,0,Unknown,,,,GBP,zero,2026-09-08,2026-09-08-01-setup,raw/gkp-discover-06-professional-services-web.csv,306
ob_002734,kw_002710,,discover,country,United Kingdom,English,Google Search,2025-08-01,2026-07-31,encoded_band,0,0,0,0,-1,Unknown,,,,GBP,zero,2026-09-08,2026-09-08-01-setup,raw/gkp-discover-06-professional-services-web.csv,307
ob_002735,kw_002711,,discover,country,United Kingdom,English,Google Search,2025-08-01,2026-07-31,encoded_band,0,0,0,0,0,Unknown,,,,GBP,zero,2026-09-08,2026-09-08-01-setup,raw/gkp-discover-06-professional-services-web.csv,308
ob_002736,kw_002712,,discover,country,United Kingdom,English,Google Search,2025-08-01,2026-07-31,encoded_band,50,10,100,0,0,Low,0,,,GBP,returned,2026-09-08,2026-09-08-01-setup,raw/gkp-discover-06-professional-services-web.csv,309
ob_002737,kw_002713,,discover,country,United Kingdom,English,Google Search,2025-08-01,2026-07-31,encoded_band,50,10,100,,,Medium,57,,,GBP,returned,2026-09-08,2026-09-08-01-setup,raw/gkp-discover-06-professional-services-web.csv,310
ob_002738,kw_002714,,discover,country,United Kingdom,English,Google Search,2025-08-01,2026-07-31,encoded_band,50,10,100,0,0,Unknown,,,,GBP,returned,2026-09-08,2026-09-08-01-setup,raw/gkp-discover-06-professional-services-web.csv,311
ob_002739,kw_002715,,discover,country,United Kingdom,English,Google Search,2025-08-01,2026-07-31,encoded_band,0,0,0,0,0,Unknown,,,,GBP,zero,2026-09-08,2026-09-08-01-setup,raw/gkp-discover-06-professional-services-web.csv,312
ob_002740,kw_002716,,discover,country,United Kingdom,English,Google Search,2025-08-01,2026-07-31,encoded_band,50,10,100,0,-1,Unknown,,,,GBP,returned,2026-09-08,2026-09-08-01-setup,raw/gkp-discover-06-professional-services-web.csv,313
ob_002741,kw_002717,,discover,country,United Kingdom,English,Google Search,2025-08-01,2026-07-31,encoded_band,50,10,100,0,0,Unknown,,,,GBP,returned,2026-09-08,2026-09-08-01-setup,raw/gkp-discover-06-professional-services-web.csv,314
ob_002742,kw_002718,,discover,country,United Kingdom,English,Google Search,2025-08-01,2026-07-31,encoded_band,50,10,100,-1,-1,Unknown,,,,GBP,returned,2026-09-08,2026-09-08-01-setup,raw/gkp-discover-06-professional-services-web.csv,315
ob_002743,kw_002719,,discover,country,United Kingdom,English,Google Search,2025-08-01,2026-07-31,encoded_band,50,10,100,0,0,Low,2,,,GBP,returned,2026-09-08,2026-09-08-01-setup,raw/gkp-discover-06-professional-services-web.csv,316
ob_002744,kw_002720,,discover,country,United Kingdom,English,Google Search,2025-08-01,2026-07-31,encoded_band,50,10,100,0,0,Low,0,,,GBP,returned,2026-09-08,2026-09-08-01-setup,raw/gkp-discover-06-professional-services-web.csv,317
ob_002745,kw_002721,,discover,country,United Kingdom,English,Google Search,2025-08-01,2026-07-31,encoded_band,50,10,100,-1,0,Unknown,,,,GBP,returned,2026-09-08,2026-09-08-01-setup,raw/gkp-discover-06-professional-services-web.csv,318
ob_002746,kw_002722,,discover,country,United Kingdom,English,Google Search,2025-08-01,2026-07-31,encoded_band,50,10,100,0,0,Low,0,,,GBP,returned,2026-09-08,2026-09-08-01-setup,raw/gkp-discover-06-professional-services-web.csv,319
ob_002747,kw_002723,,discover,country,United Kingdom,English,Google Search,2025-08-01,2026-07-31,encoded_band,50,10,100,0,0,Low,0,,,GBP,returned,2026-09-08,2026-09-08-01-setup,raw/gkp-discover-06-professional-services-web.csv,320
ob_002748,kw_002724,,discover,country,United Kingdom,English,Google Search,2025-08-01,2026-07-31,encoded_band,50,10,100,0,0,Low,0,,,GBP,returned,2026-09-08,2026-09-08-01-setup,raw/gkp-discover-06-professional-services-web.csv,321
ob_002749,kw_002725,,discover,country,United Kingdom,English,Google Search,2025-08-01,2026-07-31,encoded_band,50,10,100,0,0,Low,5,,,GBP,returned,2026-09-08,2026-09-08-01-setup,raw/gkp-discover-06-professional-services-web.csv,322
ob_002750,kw_002726,,discover,country,United Kingdom,English,Google Search,2025-08-01,2026-07-31,encoded_band,50,10,100,0,0,Low,0,,,GBP,returned,2026-09-08,2026-09-08-01-setup,raw/gkp-discover-06-professional-services-web.csv,323
ob_002751,kw_002727,,discover,country,United Kingdom,English,Google Search,2025-08-01,2026-07-31,encoded_band,50,10,100,0,0,Low,23,,,GBP,returned,2026-09-08,2026-09-08-01-setup,raw/gkp-discover-06-professional-services-web.csv,324
ob_002752,kw_002728,,discover,country,United Kingdom,English,Google Search,2025-08-01,2026-07-31,encoded_band,,,,,,Unknown,,,,GBP,absent,2026-09-08,2026-09-08-01-setup,raw/gkp-discover-06-professional-services-web.csv,325
ob_002753,kw_002729,,discover,country,United Kingdom,English,Google Search,2025-08-01,2026-07-31,encoded_band,50,10,100,,,Medium,57,,,GBP,returned,2026-09-08,2026-09-08-01-setup,raw/gkp-discover-06-professional-services-web.csv,326
ob_002754,kw_002730,,discover,country,United Kingdom,English,Google Search,2025-08-01,2026-07-31,encoded_band,0,0,0,0,0,Unknown,,,,GBP,zero,2026-09-08,2026-09-08-01-setup,raw/gkp-discover-06-professional-services-web.csv,327
ob_002755,kw_002731,,discover,country,United Kingdom,English,Google Search,2025-08-01,2026-07-31,encoded_band,50,10,100,-1,0,Unknown,,,,GBP,returned,2026-09-08,2026-09-08-01-setup,raw/gkp-discover-06-professional-services-web.csv,328
ob_002756,kw_002732,,discover,country,United Kingdom,English,Google Search,2025-08-01,2026-07-31,encoded_band,50,10,100,,0,Low,17,,,GBP,returned,2026-09-08,2026-09-08-01-setup,raw/gkp-discover-06-professional-services-web.csv,329
ob_002757,kw_002733,,discover,country,United Kingdom,English,Google Search,2025-08-01,2026-07-31,encoded_band,50,10,100,,0,Low,0,,,GBP,returned,2026-09-08,2026-09-08-01-setup,raw/gkp-discover-06-professional-services-web.csv,330
ob_002758,kw_002734,,discover,country,United Kingdom,English,Google Search,2025-08-01,2026-07-31,encoded_band,50,10,100,0,0,Low,10,,,GBP,returned,2026-09-08,2026-09-08-01-setup,raw/gkp-discover-06-professional-services-web.csv,331
ob_002759,kw_002735,,discover,country,United Kingdom,English,Google Search,2025-08-01,2026-07-31,encoded_band,50,10,100,0,0,Low,10,,,GBP,returned,2026-09-08,2026-09-08-01-setup,raw/gkp-discover-06-professional-services-web.csv,332
ob_002760,kw_002736,,discover,country,United Kingdom,English,Google Search,2025-08-01,2026-07-31,encoded_band,50,10,100,0,0,Low,14,,,GBP,returned,2026-09-08,2026-09-08-01-setup,raw/gkp-discover-06-professional-services-web.csv,333
ob_002761,kw_002737,,discover,country,United Kingdom,English,Google Search,2025-08-01,2026-07-31,encoded_band,50,10,100,-1,0,Unknown,,,,GBP,returned,2026-09-08,2026-09-08-01-setup,raw/gkp-discover-06-professional-services-web.csv,334
ob_002762,kw_002738,,discover,country,United Kingdom,English,Google Search,2025-08-01,2026-07-31,encoded_band,500,100,1000,0,0,Low,1,1.23,6.84,GBP,returned,2026-09-08,2026-09-08-01-setup,raw/gkp-discover-06-professional-services-web.csv,335
ob_002763,kw_002739,,discover,country,United Kingdom,English,Google Search,2025-08-01,2026-07-31,encoded_band,500,100,1000,9,0,Low,8,3.93,5.16,GBP,returned,2026-09-08,2026-09-08-01-setup,raw/gkp-discover-06-professional-services-web.csv,336
ob_002764,kw_002740,,discover,country,United Kingdom,English,Google Search,2025-08-01,2026-07-31,encoded_band,50,10,100,0,0,Unknown,,,,GBP,returned,2026-09-08,2026-09-08-01-setup,raw/gkp-discover-06-professional-services-web.csv,337
ob_002765,kw_002741,,discover,country,United Kingdom,English,Google Search,2025-08-01,2026-07-31,encoded_band,0,0,0,0,0,Unknown,,,,GBP,zero,2026-09-08,2026-09-08-01-setup,raw/gkp-discover-06-professional-services-web.csv,338
ob_002766,kw_002742,,discover,country,United Kingdom,English,Google Search,2025-08-01,2026-07-31,encoded_band,50,10,100,0,0,Unknown,,,,GBP,returned,2026-09-08,2026-09-08-01-setup,raw/gkp-discover-06-professional-services-web.csv,339
ob_002767,kw_002743,,discover,country,United Kingdom,English,Google Search,2025-08-01,2026-07-31,encoded_band,50,10,100,0,0,Unknown,,,,GBP,returned,2026-09-08,2026-09-08-01-setup,raw/gkp-discover-06-professional-services-web.csv,340
ob_002768,kw_002744,,discover,country,United Kingdom,English,Google Search,2025-08-01,2026-07-31,encoded_band,0,0,0,0,0,Unknown,,,,GBP,zero,2026-09-08,2026-09-08-01-setup,raw/gkp-discover-06-professional-services-web.csv,341
ob_002769,kw_002745,,discover,country,United Kingdom,English,Google Search,2025-08-01,2026-07-31,encoded_band,50,10,100,0,0,Unknown,,,,GBP,returned,2026-09-08,2026-09-08-01-setup,raw/gkp-discover-06-professional-services-web.csv,342
ob_002770,kw_002746,,discover,country,United Kingdom,English,Google Search,2025-08-01,2026-07-31,encoded_band,50,10,100,,0,High,86,,,GBP,returned,2026-09-08,2026-09-08-01-setup,raw/gkp-discover-06-professional-services-web.csv,343
ob_002771,kw_002747,,discover,country,United Kingdom,English,Google Search,2025-08-01,2026-07-31,encoded_band,50,10,100,-1,-1,Unknown,,,,GBP,returned,2026-09-08,2026-09-08-01-setup,raw/gkp-discover-06-professional-services-web.csv,344
ob_002772,kw_002748,,discover,country,United Kingdom,English,Google Search,2025-08-01,2026-07-31,encoded_band,50,10,100,,,High,71,,,GBP,returned,2026-09-08,2026-09-08-01-setup,raw/gkp-discover-06-professional-services-web.csv,345
ob_002773,kw_002749,,discover,country,United Kingdom,English,Google Search,2025-08-01,2026-07-31,encoded_band,50,10,100,0,0,Unknown,,,,GBP,returned,2026-09-08,2026-09-08-01-setup,raw/gkp-discover-06-professional-services-web.csv,346
ob_002774,kw_002750,,discover,country,United Kingdom,English,Google Search,2025-08-01,2026-07-31,encoded_band,50,10,100,,,Low,0,,,GBP,returned,2026-09-08,2026-09-08-01-setup,raw/gkp-discover-06-professional-services-web.csv,347
ob_002775,kw_002751,,discover,country,United Kingdom,English,Google Search,2025-08-01,2026-07-31,encoded_band,50,10,100,0,0,Unknown,,,,GBP,returned,2026-09-08,2026-09-08-01-setup,raw/gkp-discover-06-professional-services-web.csv,348
ob_002776,kw_002752,,discover,country,United Kingdom,English,Google Search,2025-08-01,2026-07-31,encoded_band,,,,,,Unknown,,,,GBP,absent,2026-09-08,2026-09-08-01-setup,raw/gkp-discover-06-professional-services-web.csv,349
ob_002777,kw_002753,,discover,country,United Kingdom,English,Google Search,2025-08-01,2026-07-31,encoded_band,50,10,100,0,0,Low,29,,,GBP,returned,2026-09-08,2026-09-08-01-setup,raw/gkp-discover-06-professional-services-web.csv,350
ob_002778,kw_002754,,discover,country,United Kingdom,English,Google Search,2025-08-01,2026-07-31,encoded_band,50,10,100,0,-1,Unknown,,,,GBP,returned,2026-09-08,2026-09-08-01-setup,raw/gkp-discover-06-professional-services-web.csv,351
ob_002779,kw_002755,,discover,country,United Kingdom,English,Google Search,2025-08-01,2026-07-31,encoded_band,50,10,100,0,-1,Unknown,,,,GBP,returned,2026-09-08,2026-09-08-01-setup,raw/gkp-discover-06-professional-services-web.csv,352
ob_002780,kw_002756,,discover,country,United Kingdom,English,Google Search,2025-08-01,2026-07-31,encoded_band,0,0,0,0,0,Unknown,,,,GBP,zero,2026-09-08,2026-09-08-01-setup,raw/gkp-discover-06-professional-services-web.csv,353
ob_002781,kw_002757,,discover,country,United Kingdom,English,Google Search,2025-08-01,2026-07-31,encoded_band,50,10,100,0,0,Low,0,,,GBP,returned,2026-09-08,2026-09-08-01-setup,raw/gkp-discover-06-professional-services-web.csv,354
ob_002782,kw_002758,,discover,country,United Kingdom,English,Google Search,2025-08-01,2026-07-31,encoded_band,0,0,0,0,0,Unknown,,,,GBP,zero,2026-09-08,2026-09-08-01-setup,raw/gkp-discover-06-professional-services-web.csv,355
ob_002783,kw_002759,,discover,country,United Kingdom,English,Google Search,2025-08-01,2026-07-31,encoded_band,,,,,,Unknown,,,,GBP,absent,2026-09-08,2026-09-08-01-setup,raw/gkp-discover-06-professional-services-web.csv,356
ob_002784,kw_002760,,discover,country,United Kingdom,English,Google Search,2025-08-01,2026-07-31,encoded_band,,,,,,Unknown,,,,GBP,absent,2026-09-08,2026-09-08-01-setup,raw/gkp-discover-06-professional-services-web.csv,357
ob_002785,kw_002761,,discover,country,United Kingdom,English,Google Search,2025-08-01,2026-07-31,encoded_band,,,,,,Unknown,,,,GBP,absent,2026-09-08,2026-09-08-01-setup,raw/gkp-discover-06-professional-services-web.csv,358
ob_002786,kw_002762,,discover,country,United Kingdom,English,Google Search,2025-08-01,2026-07-31,encoded_band,50,10,100,0,0,Medium,34,1.5,3.68,GBP,returned,2026-09-08,2026-09-08-01-setup,raw/gkp-discover-07-hospitality-websites.csv,1
ob_002787,kw_002763,,discover,country,United Kingdom,English,Google Search,2025-08-01,2026-07-31,encoded_band,500,100,1000,0,0,Medium,42,5.42,10.54,GBP,returned,2026-09-08,2026-09-08-01-setup,raw/gkp-discover-07-hospitality-websites.csv,2
ob_002788,kw_002764,,discover,country,United Kingdom,English,Google Search,2025-08-01,2026-07-31,encoded_band,50,10,100,-1,0,Unknown,,,,GBP,returned,2026-09-08,2026-09-08-01-setup,raw/gkp-discover-07-hospitality-websites.csv,3
ob_002789,kw_002765,,discover,country,United Kingdom,English,Google Search,2025-08-01,2026-07-31,encoded_band,50,10,100,0,,Medium,57,,,GBP,returned,2026-09-08,2026-09-08-01-setup,raw/gkp-discover-07-hospitality-websites.csv,4
ob_002790,kw_002766,,discover,country,United Kingdom,English,Google Search,2025-08-01,2026-07-31,encoded_band,50,10,100,0,-1,Unknown,,,,GBP,returned,2026-09-08,2026-09-08-01-setup,raw/gkp-discover-07-hospitality-websites.csv,5
ob_002791,kw_002767,,discover,country,United Kingdom,English,Google Search,2025-08-01,2026-07-31,encoded_band,500,100,1000,0,0,Medium,42,5.42,10.54,GBP,returned,2026-09-08,2026-09-08-01-setup,raw/gkp-discover-07-hospitality-websites.csv,6
ob_002792,kw_002768,,discover,country,United Kingdom,English,Google Search,2025-08-01,2026-07-31,encoded_band,50,10,100,,,High,79,,,GBP,returned,2026-09-08,2026-09-08-01-setup,raw/gkp-discover-07-hospitality-websites.csv,7
ob_002793,kw_002769,,discover,country,United Kingdom,English,Google Search,2025-08-01,2026-07-31,encoded_band,50,10,100,0,0,Medium,58,1.98,5.68,GBP,returned,2026-09-08,2026-09-08-01-setup,raw/gkp-discover-07-hospitality-websites.csv,8
ob_002794,kw_002770,,discover,country,United Kingdom,English,Google Search,2025-08-01,2026-07-31,encoded_band,50,10,100,-0.9,0,Low,14,1.75,6.81,GBP,returned,2026-09-08,2026-09-08-01-setup,raw/gkp-discover-07-hospitality-websites.csv,9
ob_002795,kw_002771,,discover,country,United Kingdom,English,Google Search,2025-08-01,2026-07-31,encoded_band,50,10,100,0,0,Low,17,,,GBP,returned,2026-09-08,2026-09-08-01-setup,raw/gkp-discover-07-hospitality-websites.csv,10
ob_002796,kw_002772,,discover,country,United Kingdom,English,Google Search,2025-08-01,2026-07-31,encoded_band,50,10,100,,0,Low,0,,,GBP,returned,2026-09-08,2026-09-08-01-setup,raw/gkp-discover-07-hospitality-websites.csv,11
ob_002797,kw_002773,,discover,country,United Kingdom,English,Google Search,2025-08-01,2026-07-31,encoded_band,50,10,100,0,0,Unknown,,,,GBP,returned,2026-09-08,2026-09-08-01-setup,raw/gkp-discover-07-hospitality-websites.csv,12
ob_002798,kw_002774,,discover,country,United Kingdom,English,Google Search,2025-08-01,2026-07-31,encoded_band,50,10,100,-1,-1,Unknown,,,,GBP,returned,2026-09-08,2026-09-08-01-setup,raw/gkp-discover-07-hospitality-websites.csv,13
ob_002799,kw_002775,,discover,country,United Kingdom,English,Google Search,2025-08-01,2026-07-31,encoded_band,50,10,100,0,0,Medium,34,1.5,3.68,GBP,returned,2026-09-08,2026-09-08-01-setup,raw/gkp-discover-07-hospitality-websites.csv,14
ob_002800,kw_002776,,discover,country,United Kingdom,English,Google Search,2025-08-01,2026-07-31,encoded_band,500,100,1000,0,0,Medium,42,5.42,10.54,GBP,returned,2026-09-08,2026-09-08-01-setup,raw/gkp-discover-07-hospitality-websites.csv,15
ob_002801,kw_002777,,discover,country,United Kingdom,English,Google Search,2025-08-01,2026-07-31,encoded_band,50,10,100,0,0,Low,24,2.51,4.11,GBP,returned,2026-09-08,2026-09-08-01-setup,raw/gkp-discover-07-hospitality-websites.csv,16
ob_002802,kw_002778,,discover,country,United Kingdom,English,Google Search,2025-08-01,2026-07-31,encoded_band,,,,,,Unknown,,,,GBP,absent,2026-09-08,2026-09-08-01-setup,raw/gkp-discover-07-hospitality-websites.csv,17
ob_002803,kw_002779,,discover,country,United Kingdom,English,Google Search,2025-08-01,2026-07-31,encoded_band,,,,,,Unknown,,,,GBP,absent,2026-09-08,2026-09-08-01-setup,raw/gkp-discover-07-hospitality-websites.csv,18
ob_002804,kw_002780,,discover,country,United Kingdom,English,Google Search,2025-08-01,2026-07-31,encoded_band,,,,,,Unknown,,,,GBP,absent,2026-09-08,2026-09-08-01-setup,raw/gkp-discover-07-hospitality-websites.csv,19
ob_002805,kw_002781,,discover,country,United Kingdom,English,Google Search,2025-08-01,2026-07-31,encoded_band,50,10,100,0,0,Medium,53,,,GBP,returned,2026-09-08,2026-09-08-01-setup,raw/gkp-discover-08-christmas-pub.csv,1
ob_002806,kw_002782,,discover,country,United Kingdom,English,Google Search,2025-08-01,2026-07-31,encoded_band,50,10,100,0,0,Low,0,,,GBP,returned,2026-09-08,2026-09-08-01-setup,raw/gkp-discover-08-christmas-pub.csv,2
ob_002807,kw_002783,,discover,country,United Kingdom,English,Google Search,2025-08-01,2026-07-31,encoded_band,50,10,100,,0,Medium,43,,,GBP,returned,2026-09-08,2026-09-08-01-setup,raw/gkp-discover-08-christmas-pub.csv,3
ob_002808,kw_002784,,discover,country,United Kingdom,English,Google Search,2025-08-01,2026-07-31,encoded_band,500,100,1000,0,0,High,100,0.6,2.27,GBP,returned,2026-09-08,2026-09-08-01-setup,raw/gkp-discover-08-christmas-pub.csv,4
ob_002809,kw_002785,,discover,country,United Kingdom,English,Google Search,2025-08-01,2026-07-31,encoded_band,50,10,100,0,0,Unknown,,,,GBP,returned,2026-09-08,2026-09-08-01-setup,raw/gkp-discover-08-christmas-pub.csv,5
ob_002810,kw_002786,,discover,country,United Kingdom,English,Google Search,2025-08-01,2026-07-31,encoded_band,50,10,100,0,0,Low,21,1.06,6.24,GBP,returned,2026-09-08,2026-09-08-01-setup,raw/gkp-discover-08-christmas-pub.csv,6
ob_002811,kw_002787,,discover,country,United Kingdom,English,Google Search,2025-08-01,2026-07-31,encoded_band,50,10,100,,0,Low,2,,,GBP,returned,2026-09-08,2026-09-08-01-setup,raw/gkp-discover-08-christmas-pub.csv,7
ob_002812,kw_002788,,discover,country,United Kingdom,English,Google Search,2025-08-01,2026-07-31,encoded_band,50,10,100,,,Low,31,,,GBP,returned,2026-09-08,2026-09-08-01-setup,raw/gkp-discover-08-christmas-pub.csv,8
ob_002813,kw_002789,,discover,country,United Kingdom,English,Google Search,2025-08-01,2026-07-31,encoded_band,50,10,100,0,0,Low,13,,,GBP,returned,2026-09-08,2026-09-08-01-setup,raw/gkp-discover-08-christmas-pub.csv,9
ob_002814,kw_002790,,discover,country,United Kingdom,English,Google Search,2025-08-01,2026-07-31,encoded_band,50,10,100,-1,-1,Unknown,,,,GBP,returned,2026-09-08,2026-09-08-01-setup,raw/gkp-discover-08-christmas-pub.csv,10
ob_002815,kw_002791,,discover,country,United Kingdom,English,Google Search,2025-08-01,2026-07-31,encoded_band,500,100,1000,0,0,Low,6,,,GBP,returned,2026-09-08,2026-09-08-01-setup,raw/gkp-discover-08-christmas-pub.csv,11
ob_002816,kw_002792,,discover,country,United Kingdom,English,Google Search,2025-08-01,2026-07-31,encoded_band,500,100,1000,0,0,High,100,0.6,2.27,GBP,returned,2026-09-08,2026-09-08-01-setup,raw/gkp-discover-08-christmas-pub.csv,12
ob_002817,kw_002793,,discover,country,United Kingdom,English,Google Search,2025-08-01,2026-07-31,encoded_band,50,10,100,0,0,Low,7,,,GBP,returned,2026-09-08,2026-09-08-01-setup,raw/gkp-discover-08-christmas-pub.csv,13
ob_002818,kw_002794,,discover,country,United Kingdom,English,Google Search,2025-08-01,2026-07-31,encoded_band,50,10,100,0,0,Low,21,1.06,6.24,GBP,returned,2026-09-08,2026-09-08-01-setup,raw/gkp-discover-08-christmas-pub.csv,14
ob_002819,kw_002795,,discover,country,United Kingdom,English,Google Search,2025-08-01,2026-07-31,encoded_band,50,10,100,0,,Low,0,,,GBP,returned,2026-09-08,2026-09-08-01-setup,raw/gkp-discover-08-christmas-pub.csv,15
ob_002820,kw_002796,,discover,country,United Kingdom,English,Google Search,2025-08-01,2026-07-31,encoded_band,50,10,100,0,0,Low,7,,,GBP,returned,2026-09-08,2026-09-08-01-setup,raw/gkp-discover-08-christmas-pub.csv,16
ob_002821,kw_002797,,discover,country,United Kingdom,English,Google Search,2025-08-01,2026-07-31,encoded_band,50,10,100,0,0,Low,13,,,GBP,returned,2026-09-08,2026-09-08-01-setup,raw/gkp-discover-08-christmas-pub.csv,17
ob_002822,kw_002798,,discover,country,United Kingdom,English,Google Search,2025-08-01,2026-07-31,encoded_band,50,10,100,,0,Low,25,,,GBP,returned,2026-09-08,2026-09-08-01-setup,raw/gkp-discover-08-christmas-pub.csv,18
ob_002823,kw_002799,,discover,country,United Kingdom,English,Google Search,2025-08-01,2026-07-31,encoded_band,0,0,0,0,0,Unknown,,,,GBP,zero,2026-09-08,2026-09-08-01-setup,raw/gkp-discover-08-christmas-pub.csv,19
ob_002824,kw_002800,,discover,country,United Kingdom,English,Google Search,2025-08-01,2026-07-31,encoded_band,50,10,100,,,Low,0,,,GBP,returned,2026-09-08,2026-09-08-01-setup,raw/gkp-discover-08-christmas-pub.csv,20
ob_002825,kw_002801,,discover,country,United Kingdom,English,Google Search,2025-08-01,2026-07-31,encoded_band,500,100,1000,0,0,Low,0,,,GBP,returned,2026-09-08,2026-09-08-01-setup,raw/gkp-discover-08-christmas-pub.csv,21
ob_002826,kw_002802,,discover,country,United Kingdom,English,Google Search,2025-08-01,2026-07-31,encoded_band,50,10,100,,,High,100,,,GBP,returned,2026-09-08,2026-09-08-01-setup,raw/gkp-discover-08-christmas-pub.csv,22
ob_002827,kw_002803,,discover,country,United Kingdom,English,Google Search,2025-08-01,2026-07-31,encoded_band,50,10,100,0,-1,Unknown,,,,GBP,returned,2026-09-08,2026-09-08-01-setup,raw/gkp-discover-08-christmas-pub.csv,23
ob_002828,kw_002804,,discover,country,United Kingdom,English,Google Search,2025-08-01,2026-07-31,encoded_band,500,100,1000,0,0,Low,0,,,GBP,returned,2026-09-08,2026-09-08-01-setup,raw/gkp-discover-08-christmas-pub.csv,24
ob_002829,kw_002805,,discover,country,United Kingdom,English,Google Search,2025-08-01,2026-07-31,encoded_band,500,100,1000,0,0,Low,0,,,GBP,returned,2026-09-08,2026-09-08-01-setup,raw/gkp-discover-08-christmas-pub.csv,25
ob_002830,kw_002806,,discover,country,United Kingdom,English,Google Search,2025-08-01,2026-07-31,encoded_band,0,0,0,0,0,Unknown,,,,GBP,zero,2026-09-08,2026-09-08-01-setup,raw/gkp-discover-08-christmas-pub.csv,26
ob_002831,kw_002807,,discover,country,United Kingdom,English,Google Search,2025-08-01,2026-07-31,encoded_band,50,10,100,0,0,Unknown,,,,GBP,returned,2026-09-08,2026-09-08-01-setup,raw/gkp-discover-08-christmas-pub.csv,27
ob_002832,kw_002808,,discover,country,United Kingdom,English,Google Search,2025-08-01,2026-07-31,encoded_band,50,10,100,,,Low,0,,,GBP,returned,2026-09-08,2026-09-08-01-setup,raw/gkp-discover-08-christmas-pub.csv,28
ob_002833,kw_002809,,discover,country,United Kingdom,English,Google Search,2025-08-01,2026-07-31,encoded_band,50,10,100,0,0,Unknown,,,,GBP,returned,2026-09-08,2026-09-08-01-setup,raw/gkp-discover-08-christmas-pub.csv,29
ob_002834,kw_002810,,discover,country,United Kingdom,English,Google Search,2025-08-01,2026-07-31,encoded_band,50,10,100,,0,Low,0,,,GBP,returned,2026-09-08,2026-09-08-01-setup,raw/gkp-discover-08-christmas-pub.csv,30
ob_002835,kw_002811,,discover,country,United Kingdom,English,Google Search,2025-08-01,2026-07-31,encoded_band,0,0,0,0,0,Unknown,,,,GBP,zero,2026-09-08,2026-09-08-01-setup,raw/gkp-discover-08-christmas-pub.csv,31
ob_002836,kw_002812,,discover,country,United Kingdom,English,Google Search,2025-08-01,2026-07-31,encoded_band,50,10,100,-1,0,Unknown,,,,GBP,returned,2026-09-08,2026-09-08-01-setup,raw/gkp-discover-08-christmas-pub.csv,32
ob_002837,kw_002813,,discover,country,United Kingdom,English,Google Search,2025-08-01,2026-07-31,encoded_band,50,10,100,,0,Low,0,,,GBP,returned,2026-09-08,2026-09-08-01-setup,raw/gkp-discover-08-christmas-pub.csv,33
ob_002838,kw_002814,,discover,country,United Kingdom,English,Google Search,2025-08-01,2026-07-31,encoded_band,50,10,100,0,,Low,8,,,GBP,returned,2026-09-08,2026-09-08-01-setup,raw/gkp-discover-08-christmas-pub.csv,34
ob_002839,kw_002815,,discover,country,United Kingdom,English,Google Search,2025-08-01,2026-07-31,encoded_band,50,10,100,0,0,High,100,,,GBP,returned,2026-09-08,2026-09-08-01-setup,raw/gkp-discover-08-christmas-pub.csv,35
ob_002840,kw_002816,,discover,country,United Kingdom,English,Google Search,2025-08-01,2026-07-31,encoded_band,50,10,100,0,-1,Unknown,,,,GBP,returned,2026-09-08,2026-09-08-01-setup,raw/gkp-discover-08-christmas-pub.csv,36
ob_002841,kw_002817,,discover,country,United Kingdom,English,Google Search,2025-08-01,2026-07-31,encoded_band,50,10,100,0,0,Low,29,,,GBP,returned,2026-09-08,2026-09-08-01-setup,raw/gkp-discover-08-christmas-pub.csv,37
ob_002842,kw_002818,,discover,country,United Kingdom,English,Google Search,2025-08-01,2026-07-31,encoded_band,50,10,100,0,0,Low,0,,,GBP,returned,2026-09-08,2026-09-08-01-setup,raw/gkp-discover-08-christmas-pub.csv,38
ob_002843,kw_002819,,discover,country,United Kingdom,English,Google Search,2025-08-01,2026-07-31,encoded_band,50,10,100,0,0,Low,0,,,GBP,returned,2026-09-08,2026-09-08-01-setup,raw/gkp-discover-08-christmas-pub.csv,39
ob_002844,kw_002820,,discover,country,United Kingdom,English,Google Search,2025-08-01,2026-07-31,encoded_band,50,10,100,0,0,Low,21,1.06,6.24,GBP,returned,2026-09-08,2026-09-08-01-setup,raw/gkp-discover-08-christmas-pub.csv,40
ob_002845,kw_002821,,discover,country,United Kingdom,English,Google Search,2025-08-01,2026-07-31,encoded_band,50,10,100,,0,Low,0,,,GBP,returned,2026-09-08,2026-09-08-01-setup,raw/gkp-discover-08-christmas-pub.csv,41
ob_002846,kw_002822,,discover,country,United Kingdom,English,Google Search,2025-08-01,2026-07-31,encoded_band,50,10,100,0,0,Medium,53,,,GBP,returned,2026-09-08,2026-09-08-01-setup,raw/gkp-discover-08-christmas-pub.csv,42
ob_002847,kw_002823,,discover,country,United Kingdom,English,Google Search,2025-08-01,2026-07-31,encoded_band,500,100,1000,0,0,Low,0,,,GBP,returned,2026-09-08,2026-09-08-01-setup,raw/gkp-discover-08-christmas-pub.csv,43
ob_002848,kw_002824,,discover,country,United Kingdom,English,Google Search,2025-08-01,2026-07-31,encoded_band,500,100,1000,0,0,High,100,0.6,2.27,GBP,returned,2026-09-08,2026-09-08-01-setup,raw/gkp-discover-08-christmas-pub.csv,44
ob_002849,kw_002825,,discover,country,United Kingdom,English,Google Search,2025-08-01,2026-07-31,encoded_band,500,100,1000,0,0,Low,3,,,GBP,returned,2026-09-08,2026-09-08-01-setup,raw/gkp-discover-08-christmas-pub.csv,45
ob_002850,kw_002826,,discover,country,United Kingdom,English,Google Search,2025-08-01,2026-07-31,encoded_band,500,100,1000,0,0,Low,6,,,GBP,returned,2026-09-08,2026-09-08-01-setup,raw/gkp-discover-08-christmas-pub.csv,46
ob_002851,kw_002827,,discover,country,United Kingdom,English,Google Search,2025-08-01,2026-07-31,encoded_band,50,10,100,0,0,Low,0,,,GBP,returned,2026-09-08,2026-09-08-01-setup,raw/gkp-discover-08-christmas-pub.csv,47
ob_002852,kw_002828,,discover,country,United Kingdom,English,Google Search,2025-08-01,2026-07-31,encoded_band,50,10,100,0,0,Low,2,,,GBP,returned,2026-09-08,2026-09-08-01-setup,raw/gkp-discover-08-christmas-pub.csv,48
ob_002853,kw_002829,,discover,country,United Kingdom,English,Google Search,2025-08-01,2026-07-31,encoded_band,50,10,100,0,0,Low,0,,,GBP,returned,2026-09-08,2026-09-08-01-setup,raw/gkp-discover-08-christmas-pub.csv,49
ob_002854,kw_002830,,discover,country,United Kingdom,English,Google Search,2025-08-01,2026-07-31,encoded_band,50,10,100,0,0,Low,0,,,GBP,returned,2026-09-08,2026-09-08-01-setup,raw/gkp-discover-08-christmas-pub.csv,50
ob_002855,kw_002831,,discover,country,United Kingdom,English,Google Search,2025-08-01,2026-07-31,encoded_band,50,10,100,0,0,Low,2,,,GBP,returned,2026-09-08,2026-09-08-01-setup,raw/gkp-discover-08-christmas-pub.csv,51
ob_002856,kw_002832,,discover,country,United Kingdom,English,Google Search,2025-08-01,2026-07-31,encoded_band,500,100,1000,0,0,Low,3,,,GBP,returned,2026-09-08,2026-09-08-01-setup,raw/gkp-discover-08-christmas-pub.csv,52
ob_002857,kw_002833,,discover,country,United Kingdom,English,Google Search,2025-08-01,2026-07-31,encoded_band,500,100,1000,0,0,Low,4,0.65,1.37,GBP,returned,2026-09-08,2026-09-08-01-setup,raw/gkp-discover-08-christmas-pub.csv,53
ob_002858,kw_002834,,discover,country,United Kingdom,English,Google Search,2025-08-01,2026-07-31,encoded_band,500,100,1000,0,0,Low,6,,,GBP,returned,2026-09-08,2026-09-08-01-setup,raw/gkp-discover-08-christmas-pub.csv,54
ob_002859,kw_002835,,discover,country,United Kingdom,English,Google Search,2025-08-01,2026-07-31,encoded_band,50,10,100,,0,Low,14,,,GBP,returned,2026-09-08,2026-09-08-01-setup,raw/gkp-discover-08-christmas-pub.csv,55
ob_002860,kw_002836,,discover,country,United Kingdom,English,Google Search,2025-08-01,2026-07-31,encoded_band,50,10,100,,,Low,0,,,GBP,returned,2026-09-08,2026-09-08-01-setup,raw/gkp-discover-08-christmas-pub.csv,56
ob_002861,kw_002837,,discover,country,United Kingdom,English,Google Search,2025-08-01,2026-07-31,encoded_band,50,10,100,0,0,Low,0,,,GBP,returned,2026-09-08,2026-09-08-01-setup,raw/gkp-discover-08-christmas-pub.csv,57
ob_002862,kw_002838,,discover,country,United Kingdom,English,Google Search,2025-08-01,2026-07-31,encoded_band,50,10,100,,0,Low,0,,,GBP,returned,2026-09-08,2026-09-08-01-setup,raw/gkp-discover-08-christmas-pub.csv,58
ob_002863,kw_002839,,discover,country,United Kingdom,English,Google Search,2025-08-01,2026-07-31,encoded_band,50,10,100,0,0,Low,0,,,GBP,returned,2026-09-08,2026-09-08-01-setup,raw/gkp-discover-08-christmas-pub.csv,59
ob_002864,kw_002840,,discover,country,United Kingdom,English,Google Search,2025-08-01,2026-07-31,encoded_band,50,10,100,-1,-1,Unknown,,,,GBP,returned,2026-09-08,2026-09-08-01-setup,raw/gkp-discover-08-christmas-pub.csv,60
ob_002865,kw_002841,,discover,country,United Kingdom,English,Google Search,2025-08-01,2026-07-31,encoded_band,50,10,100,,0,Low,0,,,GBP,returned,2026-09-08,2026-09-08-01-setup,raw/gkp-discover-08-christmas-pub.csv,61
ob_002866,kw_002842,,discover,country,United Kingdom,English,Google Search,2025-08-01,2026-07-31,encoded_band,50,10,100,0,0,Unknown,,,,GBP,returned,2026-09-08,2026-09-08-01-setup,raw/gkp-discover-08-christmas-pub.csv,62
ob_002867,kw_002843,,discover,country,United Kingdom,English,Google Search,2025-08-01,2026-07-31,encoded_band,500,100,1000,0,0,Low,6,,,GBP,returned,2026-09-08,2026-09-08-01-setup,raw/gkp-discover-08-christmas-pub.csv,63
ob_002868,kw_002844,,discover,country,United Kingdom,English,Google Search,2025-08-01,2026-07-31,encoded_band,500,100,1000,0,0,Low,0,,,GBP,returned,2026-09-08,2026-09-08-01-setup,raw/gkp-discover-08-christmas-pub.csv,64
ob_002869,kw_002845,,discover,country,United Kingdom,English,Google Search,2025-08-01,2026-07-31,encoded_band,50,10,100,,0,Low,0,,,GBP,returned,2026-09-08,2026-09-08-01-setup,raw/gkp-discover-08-christmas-pub.csv,65
ob_002870,kw_002846,,discover,country,United Kingdom,English,Google Search,2025-08-01,2026-07-31,encoded_band,,,,,,Unknown,,,,GBP,absent,2026-09-08,2026-09-08-01-setup,raw/gkp-discover-08-christmas-pub.csv,66
ob_002871,kw_002847,,discover,country,United Kingdom,English,Google Search,2025-08-01,2026-07-31,encoded_band,,,,,,Unknown,,,,GBP,absent,2026-09-08,2026-09-08-01-setup,raw/gkp-discover-08-christmas-pub.csv,67
ob_002872,kw_002848,,discover,country,United Kingdom,English,Google Search,2025-08-01,2026-07-31,encoded_band,5000,1000,10000,0,0,Medium,62,0.91,4.33,GBP,returned,2026-09-08,2026-09-08-01-setup,raw/gkp-discover-09-site.csv,1
ob_002873,kw_002849,,discover,country,United Kingdom,English,Google Search,2025-08-01,2026-07-31,encoded_band,500,100,1000,0,0,Medium,66,2.96,12.35,GBP,returned,2026-09-08,2026-09-08-01-setup,raw/gkp-discover-09-site.csv,2
ob_002874,kw_002850,,discover,country,United Kingdom,English,Google Search,2025-08-01,2026-07-31,encoded_band,500,100,1000,0,0,Medium,57,4.04,13.8,GBP,returned,2026-09-08,2026-09-08-01-setup,raw/gkp-discover-09-site.csv,3
ob_002875,kw_002851,,discover,country,United Kingdom,English,Google Search,2025-08-01,2026-07-31,encoded_band,5000,1000,10000,0,0,High,73,4.71,17.93,GBP,returned,2026-09-08,2026-09-08-01-setup,raw/gkp-discover-09-site.csv,4
ob_002876,kw_002852,,discover,country,United Kingdom,English,Google Search,2025-08-01,2026-07-31,encoded_band,50,10,100,0,0,High,71,3.89,11.89,GBP,returned,2026-09-08,2026-09-08-01-setup,raw/gkp-discover-09-site.csv,5
ob_002877,kw_002853,,discover,country,United Kingdom,English,Google Search,2025-08-01,2026-07-31,encoded_band,500,100,1000,0,0,High,75,4.12,14.69,GBP,returned,2026-09-08,2026-09-08-01-setup,raw/gkp-discover-09-site.csv,6
ob_002878,kw_002854,,discover,country,United Kingdom,English,Google Search,2025-08-01,2026-07-31,encoded_band,50,10,100,0,0,High,69,2.29,6.6,GBP,returned,2026-09-08,2026-09-08-01-setup,raw/gkp-discover-09-site.csv,7
ob_002879,kw_002855,,discover,country,United Kingdom,English,Google Search,2025-08-01,2026-07-31,encoded_band,50,10,100,0,-0.9,High,67,3,10.98,GBP,returned,2026-09-08,2026-09-08-01-setup,raw/gkp-discover-09-site.csv,8
ob_002880,kw_002856,,discover,country,United Kingdom,English,Google Search,2025-08-01,2026-07-31,encoded_band,50,10,100,0,-0.9,Medium,64,9.12,34.34,GBP,returned,2026-09-08,2026-09-08-01-setup,raw/gkp-discover-09-site.csv,9
ob_002881,kw_002857,,discover,country,United Kingdom,English,Google Search,2025-08-01,2026-07-31,encoded_band,5000,1000,10000,0,0,High,72,2.72,9.36,GBP,returned,2026-09-08,2026-09-08-01-setup,raw/gkp-discover-09-site.csv,10
ob_002882,kw_002858,,discover,country,United Kingdom,English,Google Search,2025-08-01,2026-07-31,encoded_band,50,10,100,0,0,High,73,3.72,12.93,GBP,returned,2026-09-08,2026-09-08-01-setup,raw/gkp-discover-09-site.csv,11
ob_002883,kw_002859,,discover,country,United Kingdom,English,Google Search,2025-08-01,2026-07-31,encoded_band,500,100,1000,0,0,Medium,64,0.63,2.91,GBP,returned,2026-09-08,2026-09-08-01-setup,raw/gkp-discover-09-site.csv,12
ob_002884,kw_002860,,discover,country,United Kingdom,English,Google Search,2025-08-01,2026-07-31,encoded_band,5000,1000,10000,0,0,High,72,2.72,9.36,GBP,returned,2026-09-08,2026-09-08-01-setup,raw/gkp-discover-09-site.csv,13
ob_002885,kw_002861,,discover,country,United Kingdom,English,Google Search,2025-08-01,2026-07-31,encoded_band,500,100,1000,0,-0.9,Medium,66,6.68,19.65,GBP,returned,2026-09-08,2026-09-08-01-setup,raw/gkp-discover-09-site.csv,14
ob_002886,kw_002862,,discover,country,United Kingdom,English,Google Search,2025-08-01,2026-07-31,encoded_band,500,100,1000,0,0,High,94,0.23,4.43,GBP,returned,2026-09-08,2026-09-08-01-setup,raw/gkp-discover-09-site.csv,15
ob_002887,kw_002863,,discover,country,United Kingdom,English,Google Search,2025-08-01,2026-07-31,encoded_band,50,10,100,0,0,High,79,2.97,7.76,GBP,returned,2026-09-08,2026-09-08-01-setup,raw/gkp-discover-09-site.csv,16
ob_002888,kw_002864,,discover,country,United Kingdom,English,Google Search,2025-08-01,2026-07-31,encoded_band,50,10,100,0,,Low,21,,,GBP,returned,2026-09-08,2026-09-08-01-setup,raw/gkp-discover-09-site.csv,17
ob_002889,kw_002865,,discover,country,United Kingdom,English,Google Search,2025-08-01,2026-07-31,encoded_band,500,100,1000,0,-0.9,Medium,66,6.68,19.65,GBP,returned,2026-09-08,2026-09-08-01-setup,raw/gkp-discover-09-site.csv,18
ob_002890,kw_002866,,discover,country,United Kingdom,English,Google Search,2025-08-01,2026-07-31,encoded_band,500,100,1000,0,-0.9,Medium,66,6.68,19.65,GBP,returned,2026-09-08,2026-09-08-01-setup,raw/gkp-discover-09-site.csv,19
ob_002891,kw_002867,,discover,country,United Kingdom,English,Google Search,2025-08-01,2026-07-31,encoded_band,50,10,100,0,-0.9,High,69,2.44,8.23,GBP,returned,2026-09-08,2026-09-08-01-setup,raw/gkp-discover-09-site.csv,20
ob_002892,kw_002868,,discover,country,United Kingdom,English,Google Search,2025-08-01,2026-07-31,encoded_band,50,10,100,0,0,Medium,61,6.77,14.89,GBP,returned,2026-09-08,2026-09-08-01-setup,raw/gkp-discover-09-site.csv,21
ob_002893,kw_002869,,discover,country,United Kingdom,English,Google Search,2025-08-01,2026-07-31,encoded_band,500,100,1000,0,0,Medium,51,2.26,7.68,GBP,returned,2026-09-08,2026-09-08-01-setup,raw/gkp-discover-09-site.csv,22
ob_002894,kw_002870,,discover,country,United Kingdom,English,Google Search,2025-08-01,2026-07-31,encoded_band,500,100,1000,0,0,High,81,4.8,16.14,GBP,returned,2026-09-08,2026-09-08-01-setup,raw/gkp-discover-09-site.csv,23
ob_002895,kw_002871,,discover,country,United Kingdom,English,Google Search,2025-08-01,2026-07-31,encoded_band,50,10,100,0,0,High,81,2.62,8.41,GBP,returned,2026-09-08,2026-09-08-01-setup,raw/gkp-discover-09-site.csv,24
ob_002896,kw_002872,,discover,country,United Kingdom,English,Google Search,2025-08-01,2026-07-31,encoded_band,5000,1000,10000,0,0,High,78,4.2,13.46,GBP,returned,2026-09-08,2026-09-08-01-setup,raw/gkp-discover-09-site.csv,25
ob_002897,kw_002873,,discover,country,United Kingdom,English,Google Search,2025-08-01,2026-07-31,encoded_band,50,10,100,0,0,Medium,55,1.72,7.66,GBP,returned,2026-09-08,2026-09-08-01-setup,raw/gkp-discover-09-site.csv,26
ob_002898,kw_002874,,discover,country,United Kingdom,English,Google Search,2025-08-01,2026-07-31,encoded_band,50,10,100,0,0,High,83,4.68,17.13,GBP,returned,2026-09-08,2026-09-08-01-setup,raw/gkp-discover-09-site.csv,27
ob_002899,kw_002875,,discover,country,United Kingdom,English,Google Search,2025-08-01,2026-07-31,encoded_band,50,10,100,0,0,High,72,3.66,10.36,GBP,returned,2026-09-08,2026-09-08-01-setup,raw/gkp-discover-09-site.csv,28
ob_002900,kw_002876,,discover,country,United Kingdom,English,Google Search,2025-08-01,2026-07-31,encoded_band,50,10,100,0,0,Medium,61,6.77,14.89,GBP,returned,2026-09-08,2026-09-08-01-setup,raw/gkp-discover-09-site.csv,29
ob_002901,kw_002877,,discover,country,United Kingdom,English,Google Search,2025-08-01,2026-07-31,encoded_band,500,100,1000,0,0,Medium,50,3.23,11.94,GBP,returned,2026-09-08,2026-09-08-01-setup,raw/gkp-discover-09-site.csv,30
ob_002902,kw_002878,,discover,country,United Kingdom,English,Google Search,2025-08-01,2026-07-31,encoded_band,50,10,100,-1,-1,Unknown,,,,GBP,returned,2026-09-08,2026-09-08-01-setup,raw/gkp-discover-09-site.csv,31
ob_002903,kw_002879,,discover,country,United Kingdom,English,Google Search,2025-08-01,2026-07-31,encoded_band,50,10,100,0,0,High,78,3.81,16.26,GBP,returned,2026-09-08,2026-09-08-01-setup,raw/gkp-discover-09-site.csv,32
ob_002904,kw_002880,,discover,country,United Kingdom,English,Google Search,2025-08-01,2026-07-31,encoded_band,50,10,100,0,0,High,78,3.49,11.77,GBP,returned,2026-09-08,2026-09-08-01-setup,raw/gkp-discover-09-site.csv,33
ob_002905,kw_002881,,discover,country,United Kingdom,English,Google Search,2025-08-01,2026-07-31,encoded_band,500,100,1000,0,-0.9,High,74,4.38,14.64,GBP,returned,2026-09-08,2026-09-08-01-setup,raw/gkp-discover-09-site.csv,34
ob_002906,kw_002882,,discover,country,United Kingdom,English,Google Search,2025-08-01,2026-07-31,encoded_band,50,10,100,0,0,High,73,4.51,22.43,GBP,returned,2026-09-08,2026-09-08-01-setup,raw/gkp-discover-09-site.csv,35
ob_002907,kw_002883,,discover,country,United Kingdom,English,Google Search,2025-08-01,2026-07-31,encoded_band,500,100,1000,0,0,High,81,5.24,19.01,GBP,returned,2026-09-08,2026-09-08-01-setup,raw/gkp-discover-09-site.csv,36
ob_002908,kw_002884,,discover,country,United Kingdom,English,Google Search,2025-08-01,2026-07-31,encoded_band,50,10,100,0,0,High,83,4.1,12.52,GBP,returned,2026-09-08,2026-09-08-01-setup,raw/gkp-discover-09-site.csv,37
ob_002909,kw_002885,,discover,country,United Kingdom,English,Google Search,2025-08-01,2026-07-31,encoded_band,500,100,1000,0,0,Medium,50,6.81,22.05,GBP,returned,2026-09-08,2026-09-08-01-setup,raw/gkp-discover-09-site.csv,38
ob_002910,kw_002886,,discover,country,United Kingdom,English,Google Search,2025-08-01,2026-07-31,encoded_band,500,100,1000,0,0,High,69,6.91,22.17,GBP,returned,2026-09-08,2026-09-08-01-setup,raw/gkp-discover-09-site.csv,39
ob_002911,kw_002887,,discover,country,United Kingdom,English,Google Search,2025-08-01,2026-07-31,encoded_band,50,10,100,0,0,Medium,61,6.77,14.89,GBP,returned,2026-09-08,2026-09-08-01-setup,raw/gkp-discover-09-site.csv,40
ob_002912,kw_002888,,discover,country,United Kingdom,English,Google Search,2025-08-01,2026-07-31,encoded_band,500,100,1000,0,0,High,81,4.92,15.4,GBP,returned,2026-09-08,2026-09-08-01-setup,raw/gkp-discover-09-site.csv,41
ob_002913,kw_002889,,discover,country,United Kingdom,English,Google Search,2025-08-01,2026-07-31,encoded_band,500,100,1000,0,0,Medium,47,1.62,5.39,GBP,returned,2026-09-08,2026-09-08-01-setup,raw/gkp-discover-09-site.csv,42
ob_002914,kw_002890,,discover,country,United Kingdom,English,Google Search,2025-08-01,2026-07-31,encoded_band,50,10,100,0,0,High,77,4.2,15.03,GBP,returned,2026-09-08,2026-09-08-01-setup,raw/gkp-discover-09-site.csv,43
ob_002915,kw_002891,,discover,country,United Kingdom,English,Google Search,2025-08-01,2026-07-31,encoded_band,50,10,100,0,0,Medium,37,7.92,15.39,GBP,returned,2026-09-08,2026-09-08-01-setup,raw/gkp-discover-09-site.csv,44
ob_002916,kw_002892,,discover,country,United Kingdom,English,Google Search,2025-08-01,2026-07-31,encoded_band,50,10,100,0,0,High,76,2.54,18.86,GBP,returned,2026-09-08,2026-09-08-01-setup,raw/gkp-discover-09-site.csv,45
ob_002917,kw_002893,,discover,country,United Kingdom,English,Google Search,2025-08-01,2026-07-31,encoded_band,50,10,100,0,0,High,73,3.72,12.93,GBP,returned,2026-09-08,2026-09-08-01-setup,raw/gkp-discover-09-site.csv,46
ob_002918,kw_002894,,discover,country,United Kingdom,English,Google Search,2025-08-01,2026-07-31,encoded_band,50,10,100,0,0,High,76,3.22,15.92,GBP,returned,2026-09-08,2026-09-08-01-setup,raw/gkp-discover-09-site.csv,47
ob_002919,kw_002895,,discover,country,United Kingdom,English,Google Search,2025-08-01,2026-07-31,encoded_band,50,10,100,0,0,High,76,3.69,9.22,GBP,returned,2026-09-08,2026-09-08-01-setup,raw/gkp-discover-09-site.csv,48
ob_002920,kw_002896,,discover,country,United Kingdom,English,Google Search,2025-08-01,2026-07-31,encoded_band,500,100,1000,0,0,High,74,4.89,15.65,GBP,returned,2026-09-08,2026-09-08-01-setup,raw/gkp-discover-09-site.csv,49
ob_002921,kw_002897,,discover,country,United Kingdom,English,Google Search,2025-08-01,2026-07-31,encoded_band,50,10,100,0,0,High,85,4.82,13.89,GBP,returned,2026-09-08,2026-09-08-01-setup,raw/gkp-discover-09-site.csv,50
ob_002922,kw_002898,,discover,country,United Kingdom,English,Google Search,2025-08-01,2026-07-31,encoded_band,50,10,100,0,0,High,82,3.89,18.67,GBP,returned,2026-09-08,2026-09-08-01-setup,raw/gkp-discover-09-site.csv,51
ob_002923,kw_002899,,discover,country,United Kingdom,English,Google Search,2025-08-01,2026-07-31,encoded_band,50,10,100,0,0,High,77,3.78,13.02,GBP,returned,2026-09-08,2026-09-08-01-setup,raw/gkp-discover-09-site.csv,52
ob_002924,kw_002900,,discover,country,United Kingdom,English,Google Search,2025-08-01,2026-07-31,encoded_band,50,10,100,0,0,High,78,4.25,11.52,GBP,returned,2026-09-08,2026-09-08-01-setup,raw/gkp-discover-09-site.csv,53
ob_002925,kw_002901,,discover,country,United Kingdom,English,Google Search,2025-08-01,2026-07-31,encoded_band,50,10,100,0,0,Medium,52,2.85,10.04,GBP,returned,2026-09-08,2026-09-08-01-setup,raw/gkp-discover-09-site.csv,54
ob_002926,kw_002902,,discover,country,United Kingdom,English,Google Search,2025-08-01,2026-07-31,encoded_band,50,10,100,0,0,High,83,4.18,12.8,GBP,returned,2026-09-08,2026-09-08-01-setup,raw/gkp-discover-09-site.csv,55
ob_002927,kw_002903,,discover,country,United Kingdom,English,Google Search,2025-08-01,2026-07-31,encoded_band,50,10,100,0,0,High,79,4.65,12.76,GBP,returned,2026-09-08,2026-09-08-01-setup,raw/gkp-discover-09-site.csv,56
ob_002928,kw_002904,,discover,country,United Kingdom,English,Google Search,2025-08-01,2026-07-31,encoded_band,50,10,100,0,0,High,77,4.24,13.18,GBP,returned,2026-09-08,2026-09-08-01-setup,raw/gkp-discover-09-site.csv,57
ob_002929,kw_002905,,discover,country,United Kingdom,English,Google Search,2025-08-01,2026-07-31,encoded_band,50,10,100,0,0,High,74,4.98,15.91,GBP,returned,2026-09-08,2026-09-08-01-setup,raw/gkp-discover-09-site.csv,58
ob_002930,kw_002906,,discover,country,United Kingdom,English,Google Search,2025-08-01,2026-07-31,encoded_band,50,10,100,0,0,High,78,5.77,16.25,GBP,returned,2026-09-08,2026-09-08-01-setup,raw/gkp-discover-09-site.csv,59
ob_002931,kw_002907,,discover,country,United Kingdom,English,Google Search,2025-08-01,2026-07-31,encoded_band,50,10,100,0,0,High,76,3.29,18.36,GBP,returned,2026-09-08,2026-09-08-01-setup,raw/gkp-discover-09-site.csv,60
ob_002932,kw_002908,,discover,country,United Kingdom,English,Google Search,2025-08-01,2026-07-31,encoded_band,50,10,100,0,0,High,83,3.8,15.98,GBP,returned,2026-09-08,2026-09-08-01-setup,raw/gkp-discover-09-site.csv,61
ob_002933,kw_002909,,discover,country,United Kingdom,English,Google Search,2025-08-01,2026-07-31,encoded_band,50,10,100,0,0,High,83,9.43,40.12,GBP,returned,2026-09-08,2026-09-08-01-setup,raw/gkp-discover-09-site.csv,62
ob_002934,kw_002910,,discover,country,United Kingdom,English,Google Search,2025-08-01,2026-07-31,encoded_band,50,10,100,0,0,High,71,3.76,12.38,GBP,returned,2026-09-08,2026-09-08-01-setup,raw/gkp-discover-09-site.csv,63
ob_002935,kw_002911,,discover,country,United Kingdom,English,Google Search,2025-08-01,2026-07-31,encoded_band,50,10,100,0,0,High,78,4.61,17.86,GBP,returned,2026-09-08,2026-09-08-01-setup,raw/gkp-discover-09-site.csv,64
ob_002936,kw_002912,,discover,country,United Kingdom,English,Google Search,2025-08-01,2026-07-31,encoded_band,50,10,100,0,0,High,77,3.78,13.02,GBP,returned,2026-09-08,2026-09-08-01-setup,raw/gkp-discover-09-site.csv,65
ob_002937,kw_002913,,discover,country,United Kingdom,English,Google Search,2025-08-01,2026-07-31,encoded_band,50,10,100,0,0,Medium,44,2.56,12.36,GBP,returned,2026-09-08,2026-09-08-01-setup,raw/gkp-discover-09-site.csv,66
ob_002938,kw_002914,,discover,country,United Kingdom,English,Google Search,2025-08-01,2026-07-31,encoded_band,500,100,1000,0,9,Medium,50,3.96,10.74,GBP,returned,2026-09-08,2026-09-08-01-setup,raw/gkp-discover-09-site.csv,67
ob_002939,kw_002915,,discover,country,United Kingdom,English,Google Search,2025-08-01,2026-07-31,encoded_band,50,10,100,0,0,High,83,2.6,7.33,GBP,returned,2026-09-08,2026-09-08-01-setup,raw/gkp-discover-09-site.csv,68
ob_002940,kw_002916,,discover,country,United Kingdom,English,Google Search,2025-08-01,2026-07-31,encoded_band,50,10,100,0,0,High,84,3.46,10.96,GBP,returned,2026-09-08,2026-09-08-01-setup,raw/gkp-discover-09-site.csv,69
ob_002941,kw_002917,,discover,country,United Kingdom,English,Google Search,2025-08-01,2026-07-31,encoded_band,50,10,100,0,0,High,81,3.92,11.34,GBP,returned,2026-09-08,2026-09-08-01-setup,raw/gkp-discover-09-site.csv,70
ob_002942,kw_002918,,discover,country,United Kingdom,English,Google Search,2025-08-01,2026-07-31,encoded_band,500,100,1000,-0.9,-0.9,Medium,43,6.07,22.76,GBP,returned,2026-09-08,2026-09-08-01-setup,raw/gkp-discover-09-site.csv,71
ob_002943,kw_002919,,discover,country,United Kingdom,English,Google Search,2025-08-01,2026-07-31,encoded_band,500,100,1000,0,0,Low,32,3.83,15.24,GBP,returned,2026-09-08,2026-09-08-01-setup,raw/gkp-discover-09-site.csv,72
ob_002944,kw_002920,,discover,country,United Kingdom,English,Google Search,2025-08-01,2026-07-31,encoded_band,50,10,100,0,0,High,86,5.91,14.82,GBP,returned,2026-09-08,2026-09-08-01-setup,raw/gkp-discover-09-site.csv,73
ob_002945,kw_002921,,discover,country,United Kingdom,English,Google Search,2025-08-01,2026-07-31,encoded_band,50,10,100,0,0,High,83,9.43,40.12,GBP,returned,2026-09-08,2026-09-08-01-setup,raw/gkp-discover-09-site.csv,74
ob_002946,kw_002922,,discover,country,United Kingdom,English,Google Search,2025-08-01,2026-07-31,encoded_band,50,10,100,0,0,Medium,57,1.76,12.93,GBP,returned,2026-09-08,2026-09-08-01-setup,raw/gkp-discover-09-site.csv,75
ob_002947,kw_002923,,discover,country,United Kingdom,English,Google Search,2025-08-01,2026-07-31,encoded_band,50,10,100,0,0,High,83,2.32,14.37,GBP,returned,2026-09-08,2026-09-08-01-setup,raw/gkp-discover-09-site.csv,76
ob_002948,kw_002924,,discover,country,United Kingdom,English,Google Search,2025-08-01,2026-07-31,encoded_band,50,10,100,0,0,Medium,61,6.49,35.81,GBP,returned,2026-09-08,2026-09-08-01-setup,raw/gkp-discover-09-site.csv,77
ob_002949,kw_002925,,discover,country,United Kingdom,English,Google Search,2025-08-01,2026-07-31,encoded_band,50,10,100,0,0,High,78,3.89,14.8,GBP,returned,2026-09-08,2026-09-08-01-setup,raw/gkp-discover-09-site.csv,78
ob_002950,kw_002926,,discover,country,United Kingdom,English,Google Search,2025-08-01,2026-07-31,encoded_band,50,10,100,0,0,High,86,5.51,14.65,GBP,returned,2026-09-08,2026-09-08-01-setup,raw/gkp-discover-09-site.csv,79
ob_002951,kw_002927,,discover,country,United Kingdom,English,Google Search,2025-08-01,2026-07-31,encoded_band,5000,1000,10000,9,9,Low,10,4.12,17.78,GBP,returned,2026-09-08,2026-09-08-01-setup,raw/gkp-discover-09-site.csv,80
ob_002952,kw_002928,,discover,country,United Kingdom,English,Google Search,2025-08-01,2026-07-31,encoded_band,500,100,1000,0,0,Medium,60,2.58,11.97,GBP,returned,2026-09-08,2026-09-08-01-setup,raw/gkp-discover-09-site.csv,81
ob_002953,kw_002929,,discover,country,United Kingdom,English,Google Search,2025-08-01,2026-07-31,encoded_band,50,10,100,0,0,High,67,3.18,13.37,GBP,returned,2026-09-08,2026-09-08-01-setup,raw/gkp-discover-09-site.csv,82
ob_002954,kw_002930,,discover,country,United Kingdom,English,Google Search,2025-08-01,2026-07-31,encoded_band,50,10,100,0,0,High,83,5.74,20.46,GBP,returned,2026-09-08,2026-09-08-01-setup,raw/gkp-discover-09-site.csv,83
ob_002955,kw_002931,,discover,country,United Kingdom,English,Google Search,2025-08-01,2026-07-31,encoded_band,50,10,100,0,0,Medium,52,2.85,10.04,GBP,returned,2026-09-08,2026-09-08-01-setup,raw/gkp-discover-09-site.csv,84
ob_002956,kw_002932,,discover,country,United Kingdom,English,Google Search,2025-08-01,2026-07-31,encoded_band,50,10,100,0,0,Low,0,,,GBP,returned,2026-09-08,2026-09-08-01-setup,raw/gkp-discover-09-site.csv,85
ob_002957,kw_002933,,discover,country,United Kingdom,English,Google Search,2025-08-01,2026-07-31,encoded_band,500,100,1000,0,-0.9,High,70,3.54,11.97,GBP,returned,2026-09-08,2026-09-08-01-setup,raw/gkp-discover-09-site.csv,86
ob_002958,kw_002934,,discover,country,United Kingdom,English,Google Search,2025-08-01,2026-07-31,encoded_band,50,10,100,0,0,High,78,2.7,7.8,GBP,returned,2026-09-08,2026-09-08-01-setup,raw/gkp-discover-09-site.csv,87
ob_002959,kw_002935,,discover,country,United Kingdom,English,Google Search,2025-08-01,2026-07-31,encoded_band,500,100,1000,0,0,Medium,47,3.56,26.53,GBP,returned,2026-09-08,2026-09-08-01-setup,raw/gkp-discover-09-site.csv,88
ob_002960,kw_002936,,discover,country,United Kingdom,English,Google Search,2025-08-01,2026-07-31,encoded_band,50,10,100,0,0,High,86,,,GBP,returned,2026-09-08,2026-09-08-01-setup,raw/gkp-discover-09-site.csv,89
ob_002961,kw_002937,,discover,country,United Kingdom,English,Google Search,2025-08-01,2026-07-31,encoded_band,500,100,1000,0,0,High,73,2.04,8.35,GBP,returned,2026-09-08,2026-09-08-01-setup,raw/gkp-discover-09-site.csv,90
ob_002962,kw_002938,,discover,country,United Kingdom,English,Google Search,2025-08-01,2026-07-31,encoded_band,50,10,100,-1,-1,Unknown,,,,GBP,returned,2026-09-08,2026-09-08-01-setup,raw/gkp-discover-09-site.csv,91
ob_002963,kw_002939,,discover,country,United Kingdom,English,Google Search,2025-08-01,2026-07-31,encoded_band,50,10,100,0,0,High,69,1.77,6.1,GBP,returned,2026-09-08,2026-09-08-01-setup,raw/gkp-discover-09-site.csv,92
ob_002964,kw_002940,,discover,country,United Kingdom,English,Google Search,2025-08-01,2026-07-31,encoded_band,500,100,1000,0,0,High,71,4.15,13.02,GBP,returned,2026-09-08,2026-09-08-01-setup,raw/gkp-discover-09-site.csv,93
ob_002965,kw_002941,,discover,country,United Kingdom,English,Google Search,2025-08-01,2026-07-31,encoded_band,50,10,100,,0,Medium,43,,,GBP,returned,2026-09-08,2026-09-08-01-setup,raw/gkp-discover-09-site.csv,94
ob_002966,kw_002942,,discover,country,United Kingdom,English,Google Search,2025-08-01,2026-07-31,encoded_band,500,100,1000,0,0,Low,20,1.71,6.33,GBP,returned,2026-09-08,2026-09-08-01-setup,raw/gkp-discover-09-site.csv,95
ob_002967,kw_002943,,discover,country,United Kingdom,English,Google Search,2025-08-01,2026-07-31,encoded_band,500,100,1000,0,0,High,78,3.45,14.87,GBP,returned,2026-09-08,2026-09-08-01-setup,raw/gkp-discover-09-site.csv,96
ob_002968,kw_002944,,discover,country,United Kingdom,English,Google Search,2025-08-01,2026-07-31,encoded_band,50,10,100,0,0,High,81,3.88,7.04,GBP,returned,2026-09-08,2026-09-08-01-setup,raw/gkp-discover-09-site.csv,97
ob_002969,kw_002945,,discover,country,United Kingdom,English,Google Search,2025-08-01,2026-07-31,encoded_band,500,100,1000,0,0,High,73,2.04,8.35,GBP,returned,2026-09-08,2026-09-08-01-setup,raw/gkp-discover-09-site.csv,98
ob_002970,kw_002946,,discover,country,United Kingdom,English,Google Search,2025-08-01,2026-07-31,encoded_band,500,100,1000,0,0,High,78,3.45,14.87,GBP,returned,2026-09-08,2026-09-08-01-setup,raw/gkp-discover-09-site.csv,99
ob_002971,kw_002947,,discover,country,United Kingdom,English,Google Search,2025-08-01,2026-07-31,encoded_band,500,100,1000,0,0,Low,2,0.88,2.93,GBP,returned,2026-09-08,2026-09-08-01-setup,raw/gkp-discover-09-site.csv,100
ob_002972,kw_002948,,discover,country,United Kingdom,English,Google Search,2025-08-01,2026-07-31,encoded_band,50,10,100,0,0,High,86,,,GBP,returned,2026-09-08,2026-09-08-01-setup,raw/gkp-discover-09-site.csv,101
ob_002973,kw_002949,,discover,country,United Kingdom,English,Google Search,2025-08-01,2026-07-31,encoded_band,50,10,100,-0.9,0,Medium,34,1.57,7.67,GBP,returned,2026-09-08,2026-09-08-01-setup,raw/gkp-discover-09-site.csv,102
ob_002974,kw_002950,,discover,country,United Kingdom,English,Google Search,2025-08-01,2026-07-31,encoded_band,50,10,100,0,0,High,67,1.68,9.23,GBP,returned,2026-09-08,2026-09-08-01-setup,raw/gkp-discover-09-site.csv,103
ob_002975,kw_002951,,discover,country,United Kingdom,English,Google Search,2025-08-01,2026-07-31,encoded_band,50,10,100,,0,High,86,1.01,6.38,GBP,returned,2026-09-08,2026-09-08-01-setup,raw/gkp-discover-09-site.csv,104
ob_002976,kw_002952,,discover,country,United Kingdom,English,Google Search,2025-08-01,2026-07-31,encoded_band,50,10,100,0,0,Medium,53,1.07,5.06,GBP,returned,2026-09-08,2026-09-08-01-setup,raw/gkp-discover-09-site.csv,105
ob_002977,kw_002953,,discover,country,United Kingdom,English,Google Search,2025-08-01,2026-07-31,encoded_band,50,10,100,0,0,Medium,41,4.24,10.91,GBP,returned,2026-09-08,2026-09-08-01-setup,raw/gkp-discover-09-site.csv,106
ob_002978,kw_002954,,discover,country,United Kingdom,English,Google Search,2025-08-01,2026-07-31,encoded_band,50,10,100,0,0,High,79,1.92,11.31,GBP,returned,2026-09-08,2026-09-08-01-setup,raw/gkp-discover-09-site.csv,107
ob_002979,kw_002955,,discover,country,United Kingdom,English,Google Search,2025-08-01,2026-07-31,encoded_band,50,10,100,0,0,High,84,6.66,34.78,GBP,returned,2026-09-08,2026-09-08-01-setup,raw/gkp-discover-09-site.csv,108
ob_002980,kw_002956,,discover,country,United Kingdom,English,Google Search,2025-08-01,2026-07-31,encoded_band,50,10,100,0,0,Unknown,,,,GBP,returned,2026-09-08,2026-09-08-01-setup,raw/gkp-discover-09-site.csv,109
ob_002981,kw_002957,,discover,country,United Kingdom,English,Google Search,2025-08-01,2026-07-31,encoded_band,50,10,100,0,0,High,76,2.86,7.38,GBP,returned,2026-09-08,2026-09-08-01-setup,raw/gkp-discover-09-site.csv,110
ob_002982,kw_002958,,discover,country,United Kingdom,English,Google Search,2025-08-01,2026-07-31,encoded_band,50,10,100,0,0,High,81,6.75,20.64,GBP,returned,2026-09-08,2026-09-08-01-setup,raw/gkp-discover-09-site.csv,111
ob_002983,kw_002959,,discover,country,United Kingdom,English,Google Search,2025-08-01,2026-07-31,encoded_band,50,10,100,-1,0,Unknown,,,,GBP,returned,2026-09-08,2026-09-08-01-setup,raw/gkp-discover-09-site.csv,112
ob_002984,kw_002960,,discover,country,United Kingdom,English,Google Search,2025-08-01,2026-07-31,encoded_band,50,10,100,0,0,High,86,2.43,19.37,GBP,returned,2026-09-08,2026-09-08-01-setup,raw/gkp-discover-09-site.csv,113
ob_002985,kw_002961,,discover,country,United Kingdom,English,Google Search,2025-08-01,2026-07-31,encoded_band,50,10,100,0,0,Medium,36,,,GBP,returned,2026-09-08,2026-09-08-01-setup,raw/gkp-discover-09-site.csv,114
ob_002986,kw_002962,,discover,country,United Kingdom,English,Google Search,2025-08-01,2026-07-31,encoded_band,50,10,100,0,0,High,78,3.81,16.26,GBP,returned,2026-09-08,2026-09-08-01-setup,raw/gkp-discover-09-site.csv,115
ob_002987,kw_002963,,discover,country,United Kingdom,English,Google Search,2025-08-01,2026-07-31,encoded_band,50,10,100,0,0,Low,0,,,GBP,returned,2026-09-08,2026-09-08-01-setup,raw/gkp-discover-09-site.csv,116
ob_002988,kw_002964,,discover,country,United Kingdom,English,Google Search,2025-08-01,2026-07-31,encoded_band,50,10,100,0,0,High,83,2.93,13.5,GBP,returned,2026-09-08,2026-09-08-01-setup,raw/gkp-discover-09-site.csv,117
ob_002989,kw_002965,,discover,country,United Kingdom,English,Google Search,2025-08-01,2026-07-31,encoded_band,5000,1000,10000,0,0,High,76,3.75,13.59,GBP,returned,2026-09-08,2026-09-08-01-setup,raw/gkp-discover-09-site.csv,118
ob_002990,kw_002966,,discover,country,United Kingdom,English,Google Search,2025-08-01,2026-07-31,encoded_band,50,10,100,0,0,Low,14,,,GBP,returned,2026-09-08,2026-09-08-01-setup,raw/gkp-discover-09-site.csv,119
ob_002991,kw_002967,,discover,country,United Kingdom,English,Google Search,2025-08-01,2026-07-31,encoded_band,50,10,100,0,0,Medium,59,2.42,8.01,GBP,returned,2026-09-08,2026-09-08-01-setup,raw/gkp-discover-09-site.csv,120
ob_002992,kw_002968,,discover,country,United Kingdom,English,Google Search,2025-08-01,2026-07-31,encoded_band,500,100,1000,0,0,Medium,45,6.35,83.52,GBP,returned,2026-09-08,2026-09-08-01-setup,raw/gkp-discover-09-site.csv,121
ob_002993,kw_002969,,discover,country,United Kingdom,English,Google Search,2025-08-01,2026-07-31,encoded_band,50,10,100,-1,-1,Unknown,,,,GBP,returned,2026-09-08,2026-09-08-01-setup,raw/gkp-discover-09-site.csv,122
ob_002994,kw_002970,,discover,country,United Kingdom,English,Google Search,2025-08-01,2026-07-31,encoded_band,50,10,100,0,0,High,68,5.4,20.59,GBP,returned,2026-09-08,2026-09-08-01-setup,raw/gkp-discover-09-site.csv,123
ob_002995,kw_002971,,discover,country,United Kingdom,English,Google Search,2025-08-01,2026-07-31,encoded_band,50,10,100,0,0,Low,29,,,GBP,returned,2026-09-08,2026-09-08-01-setup,raw/gkp-discover-09-site.csv,124
ob_002996,kw_002972,,discover,country,United Kingdom,English,Google Search,2025-08-01,2026-07-31,encoded_band,50,10,100,0,0,Low,18,,,GBP,returned,2026-09-08,2026-09-08-01-setup,raw/gkp-discover-09-site.csv,125
ob_002997,kw_002973,,discover,country,United Kingdom,English,Google Search,2025-08-01,2026-07-31,encoded_band,50,10,100,0,-1,Unknown,,,,GBP,returned,2026-09-08,2026-09-08-01-setup,raw/gkp-discover-09-site.csv,126
ob_002998,kw_002974,,discover,country,United Kingdom,English,Google Search,2025-08-01,2026-07-31,encoded_band,50,10,100,0,0,Medium,61,4.64,19.51,GBP,returned,2026-09-08,2026-09-08-01-setup,raw/gkp-discover-09-site.csv,127
ob_002999,kw_002975,,discover,country,United Kingdom,English,Google Search,2025-08-01,2026-07-31,encoded_band,50,10,100,0,0,Low,32,,,GBP,returned,2026-09-08,2026-09-08-01-setup,raw/gkp-discover-09-site.csv,128
ob_003000,kw_002976,,discover,country,United Kingdom,English,Google Search,2025-08-01,2026-07-31,encoded_band,50,10,100,0,0,Medium,50,0.88,6.47,GBP,returned,2026-09-08,2026-09-08-01-setup,raw/gkp-discover-09-site.csv,129
ob_003001,kw_002977,,discover,country,United Kingdom,English,Google Search,2025-08-01,2026-07-31,encoded_band,50,10,100,0,0,Low,9,2.56,11.18,GBP,returned,2026-09-08,2026-09-08-01-setup,raw/gkp-discover-09-site.csv,130
ob_003002,kw_002978,,discover,country,United Kingdom,English,Google Search,2025-08-01,2026-07-31,encoded_band,50,10,100,0,0,High,75,1.67,8.53,GBP,returned,2026-09-08,2026-09-08-01-setup,raw/gkp-discover-09-site.csv,131
ob_003003,kw_002979,,discover,country,United Kingdom,English,Google Search,2025-08-01,2026-07-31,encoded_band,50,10,100,,0,Low,5,,,GBP,returned,2026-09-08,2026-09-08-01-setup,raw/gkp-discover-09-site.csv,132
ob_003004,kw_002980,,discover,country,United Kingdom,English,Google Search,2025-08-01,2026-07-31,encoded_band,500,100,1000,0,0,Low,15,1.36,5.84,GBP,returned,2026-09-08,2026-09-08-01-setup,raw/gkp-discover-09-site.csv,133
ob_003005,kw_002981,,discover,country,United Kingdom,English,Google Search,2025-08-01,2026-07-31,encoded_band,50,10,100,0,0,Low,5,,,GBP,returned,2026-09-08,2026-09-08-01-setup,raw/gkp-discover-09-site.csv,134
ob_003006,kw_002982,,discover,country,United Kingdom,English,Google Search,2025-08-01,2026-07-31,encoded_band,50,10,100,0,0,High,86,,,GBP,returned,2026-09-08,2026-09-08-01-setup,raw/gkp-discover-09-site.csv,135
ob_003007,kw_002983,,discover,country,United Kingdom,English,Google Search,2025-08-01,2026-07-31,encoded_band,50,10,100,0,0,Medium,35,1.6,9.91,GBP,returned,2026-09-08,2026-09-08-01-setup,raw/gkp-discover-09-site.csv,136
ob_003008,kw_002984,,discover,country,United Kingdom,English,Google Search,2025-08-01,2026-07-31,encoded_band,50,10,100,0,0,Low,6,,,GBP,returned,2026-09-08,2026-09-08-01-setup,raw/gkp-discover-09-site.csv,137
ob_003009,kw_002985,,discover,country,United Kingdom,English,Google Search,2025-08-01,2026-07-31,encoded_band,50,10,100,-1,0,Unknown,,,,GBP,returned,2026-09-08,2026-09-08-01-setup,raw/gkp-discover-09-site.csv,138
ob_003010,kw_002986,,discover,country,United Kingdom,English,Google Search,2025-08-01,2026-07-31,encoded_band,50,10,100,0,0,Low,31,,,GBP,returned,2026-09-08,2026-09-08-01-setup,raw/gkp-discover-09-site.csv,139
ob_003011,kw_002987,,discover,country,United Kingdom,English,Google Search,2025-08-01,2026-07-31,encoded_band,500,100,1000,0,0,High,94,0.23,4.43,GBP,returned,2026-09-08,2026-09-08-01-setup,raw/gkp-discover-09-site.csv,140
ob_003012,kw_002988,,discover,country,United Kingdom,English,Google Search,2025-08-01,2026-07-31,encoded_band,50,10,100,0,0,Low,6,,,GBP,returned,2026-09-08,2026-09-08-01-setup,raw/gkp-discover-09-site.csv,141
ob_003013,kw_002989,,discover,country,United Kingdom,English,Google Search,2025-08-01,2026-07-31,encoded_band,5000,1000,10000,0,0,Low,4,1.6,5.94,GBP,returned,2026-09-08,2026-09-08-01-setup,raw/gkp-discover-09-site.csv,142
ob_003014,kw_002990,,discover,country,United Kingdom,English,Google Search,2025-08-01,2026-07-31,encoded_band,50,10,100,0,-0.9,Low,3,,,GBP,returned,2026-09-08,2026-09-08-01-setup,raw/gkp-discover-09-site.csv,143
ob_003015,kw_002991,,discover,country,United Kingdom,English,Google Search,2025-08-01,2026-07-31,encoded_band,50,10,100,0,0,Medium,54,5.39,14.46,GBP,returned,2026-09-08,2026-09-08-01-setup,raw/gkp-discover-09-site.csv,144
ob_003016,kw_002992,,discover,country,United Kingdom,English,Google Search,2025-08-01,2026-07-31,encoded_band,50,10,100,0,0,Low,2,,,GBP,returned,2026-09-08,2026-09-08-01-setup,raw/gkp-discover-09-site.csv,145
ob_003017,kw_002993,,discover,country,United Kingdom,English,Google Search,2025-08-01,2026-07-31,encoded_band,50,10,100,0,0,Low,0,,,GBP,returned,2026-09-08,2026-09-08-01-setup,raw/gkp-discover-09-site.csv,146
ob_003018,kw_002994,,discover,country,United Kingdom,English,Google Search,2025-08-01,2026-07-31,encoded_band,50,10,100,0,0,Low,6,,,GBP,returned,2026-09-08,2026-09-08-01-setup,raw/gkp-discover-09-site.csv,147
ob_003019,kw_002995,,discover,country,United Kingdom,English,Google Search,2025-08-01,2026-07-31,encoded_band,50,10,100,0,-1,Unknown,,,,GBP,returned,2026-09-08,2026-09-08-01-setup,raw/gkp-discover-09-site.csv,148
ob_003020,kw_002996,,discover,country,United Kingdom,English,Google Search,2025-08-01,2026-07-31,encoded_band,50,10,100,,,Low,0,,,GBP,returned,2026-09-08,2026-09-08-01-setup,raw/gkp-discover-09-site.csv,149
ob_003021,kw_002997,,discover,country,United Kingdom,English,Google Search,2025-08-01,2026-07-31,encoded_band,50000,10000,100000,0,-0.9,Low,5,1.23,8.37,GBP,returned,2026-09-08,2026-09-08-01-setup,raw/gkp-discover-09-site.csv,150
ob_003022,kw_002998,,discover,country,United Kingdom,English,Google Search,2025-08-01,2026-07-31,encoded_band,50000,10000,100000,0,-0.9,Low,5,1.23,8.37,GBP,returned,2026-09-08,2026-09-08-01-setup,raw/gkp-discover-09-site.csv,151
ob_003023,kw_002999,,discover,country,United Kingdom,English,Google Search,2025-08-01,2026-07-31,encoded_band,50,10,100,-1,-1,Unknown,,,,GBP,returned,2026-09-08,2026-09-08-01-setup,raw/gkp-discover-09-site.csv,152
ob_003024,kw_003000,,discover,country,United Kingdom,English,Google Search,2025-08-01,2026-07-31,encoded_band,50,10,100,,0,Medium,57,,,GBP,returned,2026-09-08,2026-09-08-01-setup,raw/gkp-discover-09-site.csv,153
ob_003025,kw_003001,,discover,country,United Kingdom,English,Google Search,2025-08-01,2026-07-31,encoded_band,50,10,100,,,Low,21,,,GBP,returned,2026-09-08,2026-09-08-01-setup,raw/gkp-discover-09-site.csv,154
ob_003026,kw_003002,,discover,country,United Kingdom,English,Google Search,2025-08-01,2026-07-31,encoded_band,50,10,100,0,,Low,0,,,GBP,returned,2026-09-08,2026-09-08-01-setup,raw/gkp-discover-09-site.csv,155
ob_003027,kw_003003,,discover,country,United Kingdom,English,Google Search,2025-08-01,2026-07-31,encoded_band,50,10,100,0,0,Medium,59,0.51,1.63,GBP,returned,2026-09-08,2026-09-08-01-setup,raw/gkp-discover-09-site.csv,156
ob_003028,kw_003004,,discover,country,United Kingdom,English,Google Search,2025-08-01,2026-07-31,encoded_band,50,10,100,0,0,Low,0,,,GBP,returned,2026-09-08,2026-09-08-01-setup,raw/gkp-discover-09-site.csv,157
ob_003029,kw_003005,,discover,country,United Kingdom,English,Google Search,2025-08-01,2026-07-31,encoded_band,500,100,1000,0,0,Medium,57,4.04,13.8,GBP,returned,2026-09-08,2026-09-08-01-setup,raw/gkp-discover-09-site.csv,158
ob_003030,kw_003006,,discover,country,United Kingdom,English,Google Search,2025-08-01,2026-07-31,encoded_band,50,10,100,0,0,High,71,,,GBP,returned,2026-09-08,2026-09-08-01-setup,raw/gkp-discover-09-site.csv,159
ob_003031,kw_003007,,discover,country,United Kingdom,English,Google Search,2025-08-01,2026-07-31,encoded_band,50,10,100,0,0,Low,0,,,GBP,returned,2026-09-08,2026-09-08-01-setup,raw/gkp-discover-09-site.csv,160
ob_003032,kw_003008,,discover,country,United Kingdom,English,Google Search,2025-08-01,2026-07-31,encoded_band,500,100,1000,0,0,High,68,,,GBP,returned,2026-09-08,2026-09-08-01-setup,raw/gkp-discover-09-site.csv,161
ob_003033,kw_003009,,discover,country,United Kingdom,English,Google Search,2025-08-01,2026-07-31,encoded_band,5000,1000,10000,-0.9,-0.9,Low,30,6.95,19.86,GBP,returned,2026-09-08,2026-09-08-01-setup,raw/gkp-discover-09-site.csv,162
ob_003034,kw_003010,,discover,country,United Kingdom,English,Google Search,2025-08-01,2026-07-31,encoded_band,50,10,100,0,0,Low,14,,,GBP,returned,2026-09-08,2026-09-08-01-setup,raw/gkp-discover-09-site.csv,163
ob_003035,kw_003011,,discover,country,United Kingdom,English,Google Search,2025-08-01,2026-07-31,encoded_band,50,10,100,0,0,Medium,59,2.42,8.01,GBP,returned,2026-09-08,2026-09-08-01-setup,raw/gkp-discover-09-site.csv,164
ob_003036,kw_003012,,discover,country,United Kingdom,English,Google Search,2025-08-01,2026-07-31,encoded_band,50,10,100,0,0,Low,9,0.88,6.12,GBP,returned,2026-09-08,2026-09-08-01-setup,raw/gkp-discover-09-site.csv,165
ob_003037,kw_003013,,discover,country,United Kingdom,English,Google Search,2025-08-01,2026-07-31,encoded_band,50,10,100,0,0,High,96,2.26,16.03,GBP,returned,2026-09-08,2026-09-08-01-setup,raw/gkp-discover-09-site.csv,166
ob_003038,kw_003014,,discover,country,United Kingdom,English,Google Search,2025-08-01,2026-07-31,encoded_band,5000,1000,10000,0,0,High,78,5.07,18.56,GBP,returned,2026-09-08,2026-09-08-01-setup,raw/gkp-discover-09-site.csv,167
ob_003039,kw_003015,,discover,country,United Kingdom,English,Google Search,2025-08-01,2026-07-31,encoded_band,500,100,1000,0,9,Low,0,,,GBP,returned,2026-09-08,2026-09-08-01-setup,raw/gkp-discover-09-site.csv,168
ob_003040,kw_003016,,discover,country,United Kingdom,English,Google Search,2025-08-01,2026-07-31,encoded_band,50,10,100,,0,Low,3,,,GBP,returned,2026-09-08,2026-09-08-01-setup,raw/gkp-discover-09-site.csv,169
ob_003041,kw_003017,,discover,country,United Kingdom,English,Google Search,2025-08-01,2026-07-31,encoded_band,500,100,1000,0,0,Low,3,,,GBP,returned,2026-09-08,2026-09-08-01-setup,raw/gkp-discover-09-site.csv,170
ob_003042,kw_003018,,discover,country,United Kingdom,English,Google Search,2025-08-01,2026-07-31,encoded_band,50,10,100,0,0,Low,16,1.06,9.92,GBP,returned,2026-09-08,2026-09-08-01-setup,raw/gkp-discover-09-site.csv,171
ob_003043,kw_003019,,discover,country,United Kingdom,English,Google Search,2025-08-01,2026-07-31,encoded_band,50,10,100,0,0,Low,3,,,GBP,returned,2026-09-08,2026-09-08-01-setup,raw/gkp-discover-09-site.csv,172
ob_003044,kw_003020,,discover,country,United Kingdom,English,Google Search,2025-08-01,2026-07-31,encoded_band,50,10,100,0,0,Low,0,,,GBP,returned,2026-09-08,2026-09-08-01-setup,raw/gkp-discover-09-site.csv,173
ob_003045,kw_003021,,discover,country,United Kingdom,English,Google Search,2025-08-01,2026-07-31,encoded_band,50,10,100,0,0,High,83,3.31,12.04,GBP,returned,2026-09-08,2026-09-08-01-setup,raw/gkp-discover-09-site.csv,174
ob_003046,kw_003022,,discover,country,United Kingdom,English,Google Search,2025-08-01,2026-07-31,encoded_band,500,100,1000,0,0,Low,21,0.64,5.15,GBP,returned,2026-09-08,2026-09-08-01-setup,raw/gkp-discover-09-site.csv,175
ob_003047,kw_003023,,discover,country,United Kingdom,English,Google Search,2025-08-01,2026-07-31,encoded_band,50,10,100,0,0,Low,0,,,GBP,returned,2026-09-08,2026-09-08-01-setup,raw/gkp-discover-09-site.csv,176
ob_003048,kw_003024,,discover,country,United Kingdom,English,Google Search,2025-08-01,2026-07-31,encoded_band,500,100,1000,0,0,Medium,50,6.81,22.05,GBP,returned,2026-09-08,2026-09-08-01-setup,raw/gkp-discover-09-site.csv,177
ob_003049,kw_003025,,discover,country,United Kingdom,English,Google Search,2025-08-01,2026-07-31,encoded_band,50,10,100,,0,Low,0,,,GBP,returned,2026-09-08,2026-09-08-01-setup,raw/gkp-discover-09-site.csv,178
ob_003050,kw_003026,,discover,country,United Kingdom,English,Google Search,2025-08-01,2026-07-31,encoded_band,50,10,100,-0.9,0,Medium,37,7.38,28.62,GBP,returned,2026-09-08,2026-09-08-01-setup,raw/gkp-discover-09-site.csv,179
ob_003051,kw_003027,,discover,country,United Kingdom,English,Google Search,2025-08-01,2026-07-31,encoded_band,50,10,100,0,-0.9,High,75,3.03,11.34,GBP,returned,2026-09-08,2026-09-08-01-setup,raw/gkp-discover-09-site.csv,180
ob_003052,kw_003028,,discover,country,United Kingdom,English,Google Search,2025-08-01,2026-07-31,encoded_band,50,10,100,0,0,Medium,63,1.83,5.47,GBP,returned,2026-09-08,2026-09-08-01-setup,raw/gkp-discover-09-site.csv,181
ob_003053,kw_003029,,discover,country,United Kingdom,English,Google Search,2025-08-01,2026-07-31,encoded_band,50,10,100,0,0,Low,0,,,GBP,returned,2026-09-08,2026-09-08-01-setup,raw/gkp-discover-09-site.csv,182
ob_003054,kw_003030,,discover,country,United Kingdom,English,Google Search,2025-08-01,2026-07-31,encoded_band,50,10,100,0,,Medium,43,,,GBP,returned,2026-09-08,2026-09-08-01-setup,raw/gkp-discover-09-site.csv,183
ob_003055,kw_003031,,discover,country,United Kingdom,English,Google Search,2025-08-01,2026-07-31,encoded_band,0,0,0,0,0,Unknown,,,,GBP,zero,2026-09-08,2026-09-08-01-setup,raw/gkp-discover-09-site.csv,184
ob_003056,kw_003032,,discover,country,United Kingdom,English,Google Search,2025-08-01,2026-07-31,encoded_band,50,10,100,,0,Low,0,,,GBP,returned,2026-09-08,2026-09-08-01-setup,raw/gkp-discover-09-site.csv,185
ob_003057,kw_003033,,discover,country,United Kingdom,English,Google Search,2025-08-01,2026-07-31,encoded_band,50,10,100,0,0,Medium,43,,,GBP,returned,2026-09-08,2026-09-08-01-setup,raw/gkp-discover-09-site.csv,186
ob_003058,kw_003034,,discover,country,United Kingdom,English,Google Search,2025-08-01,2026-07-31,encoded_band,50,10,100,-1,-1,Unknown,,,,GBP,returned,2026-09-08,2026-09-08-01-setup,raw/gkp-discover-09-site.csv,187
ob_003059,kw_003035,,discover,country,United Kingdom,English,Google Search,2025-08-01,2026-07-31,encoded_band,50,10,100,0,0,Low,31,1.31,3.04,GBP,returned,2026-09-08,2026-09-08-01-setup,raw/gkp-discover-09-site.csv,188
ob_003060,kw_003036,,discover,country,United Kingdom,English,Google Search,2025-08-01,2026-07-31,encoded_band,50,10,100,0,0,Low,13,,,GBP,returned,2026-09-08,2026-09-08-01-setup,raw/gkp-discover-09-site.csv,189
ob_003061,kw_003037,,discover,country,United Kingdom,English,Google Search,2025-08-01,2026-07-31,encoded_band,50,10,100,0,0,Low,14,,,GBP,returned,2026-09-08,2026-09-08-01-setup,raw/gkp-discover-09-site.csv,190
ob_003062,kw_003038,,discover,country,United Kingdom,English,Google Search,2025-08-01,2026-07-31,encoded_band,50,10,100,,,High,86,,,GBP,returned,2026-09-08,2026-09-08-01-setup,raw/gkp-discover-09-site.csv,191
ob_003063,kw_003039,,discover,country,United Kingdom,English,Google Search,2025-08-01,2026-07-31,encoded_band,50,10,100,0,0,Low,32,1.97,6.2,GBP,returned,2026-09-08,2026-09-08-01-setup,raw/gkp-discover-09-site.csv,192
ob_003064,kw_003040,,discover,country,United Kingdom,English,Google Search,2025-08-01,2026-07-31,encoded_band,50,10,100,0,0,Low,16,1.52,3.26,GBP,returned,2026-09-08,2026-09-08-01-setup,raw/gkp-discover-09-site.csv,193
ob_003065,kw_003041,,discover,country,United Kingdom,English,Google Search,2025-08-01,2026-07-31,encoded_band,50,10,100,0,0,Low,0,,,GBP,returned,2026-09-08,2026-09-08-01-setup,raw/gkp-discover-09-site.csv,194
ob_003066,kw_003042,,discover,country,United Kingdom,English,Google Search,2025-08-01,2026-07-31,encoded_band,50,10,100,0,0,Low,17,1.13,5.27,GBP,returned,2026-09-08,2026-09-08-01-setup,raw/gkp-discover-09-site.csv,195
ob_003067,kw_003043,,discover,country,United Kingdom,English,Google Search,2025-08-01,2026-07-31,encoded_band,50,10,100,0,0,Unknown,,,,GBP,returned,2026-09-08,2026-09-08-01-setup,raw/gkp-discover-09-site.csv,196
ob_003068,kw_003044,,discover,country,United Kingdom,English,Google Search,2025-08-01,2026-07-31,encoded_band,50,10,100,0,0,Low,0,,,GBP,returned,2026-09-08,2026-09-08-01-setup,raw/gkp-discover-09-site.csv,197
ob_003069,kw_003045,,discover,country,United Kingdom,English,Google Search,2025-08-01,2026-07-31,encoded_band,50,10,100,0,,Low,0,,,GBP,returned,2026-09-08,2026-09-08-01-setup,raw/gkp-discover-09-site.csv,198
ob_003070,kw_003046,,discover,country,United Kingdom,English,Google Search,2025-08-01,2026-07-31,encoded_band,50,10,100,0,0,Low,0,,,GBP,returned,2026-09-08,2026-09-08-01-setup,raw/gkp-discover-09-site.csv,199
ob_003071,kw_003047,,discover,country,United Kingdom,English,Google Search,2025-08-01,2026-07-31,encoded_band,500,100,1000,0,0,Medium,47,1.62,5.39,GBP,returned,2026-09-08,2026-09-08-01-setup,raw/gkp-discover-09-site.csv,200
ob_003072,kw_003048,,discover,country,United Kingdom,English,Google Search,2025-08-01,2026-07-31,encoded_band,50,10,100,0,,Low,0,,,GBP,returned,2026-09-08,2026-09-08-01-setup,raw/gkp-discover-09-site.csv,201
ob_003073,kw_003049,,discover,country,United Kingdom,English,Google Search,2025-08-01,2026-07-31,encoded_band,50,10,100,0,0,Low,7,,,GBP,returned,2026-09-08,2026-09-08-01-setup,raw/gkp-discover-09-site.csv,202
ob_003074,kw_003050,,discover,country,United Kingdom,English,Google Search,2025-08-01,2026-07-31,encoded_band,50,10,100,0,0,Unknown,,,,GBP,returned,2026-09-08,2026-09-08-01-setup,raw/gkp-discover-09-site.csv,203
ob_003075,kw_003051,,discover,country,United Kingdom,English,Google Search,2025-08-01,2026-07-31,encoded_band,50,10,100,0,0,Unknown,,,,GBP,returned,2026-09-08,2026-09-08-01-setup,raw/gkp-discover-09-site.csv,204
ob_003076,kw_003052,,discover,country,United Kingdom,English,Google Search,2025-08-01,2026-07-31,encoded_band,50,10,100,0,0,Low,7,,,GBP,returned,2026-09-08,2026-09-08-01-setup,raw/gkp-discover-09-site.csv,205
ob_003077,kw_003053,,discover,country,United Kingdom,English,Google Search,2025-08-01,2026-07-31,encoded_band,50,10,100,0,0,Low,14,,,GBP,returned,2026-09-08,2026-09-08-01-setup,raw/gkp-discover-09-site.csv,206
ob_003078,kw_003054,,discover,country,United Kingdom,English,Google Search,2025-08-01,2026-07-31,encoded_band,50,10,100,-1,-1,Unknown,,,,GBP,returned,2026-09-08,2026-09-08-01-setup,raw/gkp-discover-09-site.csv,207
ob_003079,kw_003055,,discover,country,United Kingdom,English,Google Search,2025-08-01,2026-07-31,encoded_band,50,10,100,0,0,Unknown,,,,GBP,returned,2026-09-08,2026-09-08-01-setup,raw/gkp-discover-09-site.csv,208
ob_003080,kw_003056,,discover,country,United Kingdom,English,Google Search,2025-08-01,2026-07-31,encoded_band,500,100,1000,0,9,Medium,50,3.96,10.74,GBP,returned,2026-09-08,2026-09-08-01-setup,raw/gkp-discover-09-site.csv,209
ob_003081,kw_003057,,discover,country,United Kingdom,English,Google Search,2025-08-01,2026-07-31,encoded_band,50,10,100,,0,Medium,57,,,GBP,returned,2026-09-08,2026-09-08-01-setup,raw/gkp-discover-09-site.csv,210
ob_003082,kw_003058,,discover,country,United Kingdom,English,Google Search,2025-08-01,2026-07-31,encoded_band,50,10,100,0,0,Low,29,,,GBP,returned,2026-09-08,2026-09-08-01-setup,raw/gkp-discover-09-site.csv,211
ob_003083,kw_003059,,discover,country,United Kingdom,English,Google Search,2025-08-01,2026-07-31,encoded_band,50,10,100,0,0,Medium,36,,,GBP,returned,2026-09-08,2026-09-08-01-setup,raw/gkp-discover-09-site.csv,212
ob_003084,kw_003060,,discover,country,United Kingdom,English,Google Search,2025-08-01,2026-07-31,encoded_band,50,10,100,,,Low,0,,,GBP,returned,2026-09-08,2026-09-08-01-setup,raw/gkp-discover-09-site.csv,213
ob_003085,kw_003061,,discover,country,United Kingdom,English,Google Search,2025-08-01,2026-07-31,encoded_band,50,10,100,0,0,Low,0,,,GBP,returned,2026-09-08,2026-09-08-01-setup,raw/gkp-discover-09-site.csv,214
ob_003086,kw_003062,,discover,country,United Kingdom,English,Google Search,2025-08-01,2026-07-31,encoded_band,50,10,100,0,0,Low,0,,,GBP,returned,2026-09-08,2026-09-08-01-setup,raw/gkp-discover-09-site.csv,215
ob_003087,kw_003063,,discover,country,United Kingdom,English,Google Search,2025-08-01,2026-07-31,encoded_band,50,10,100,0,0,Low,1,,,GBP,returned,2026-09-08,2026-09-08-01-setup,raw/gkp-discover-09-site.csv,216
ob_003088,kw_003064,,discover,country,United Kingdom,English,Google Search,2025-08-01,2026-07-31,encoded_band,50,10,100,0,0,Low,7,,,GBP,returned,2026-09-08,2026-09-08-01-setup,raw/gkp-discover-09-site.csv,217
ob_003089,kw_003065,,discover,country,United Kingdom,English,Google Search,2025-08-01,2026-07-31,encoded_band,50,10,100,0,,Low,0,,,GBP,returned,2026-09-08,2026-09-08-01-setup,raw/gkp-discover-09-site.csv,218
ob_003090,kw_003066,,discover,country,United Kingdom,English,Google Search,2025-08-01,2026-07-31,encoded_band,50,10,100,0,0,Low,1,,,GBP,returned,2026-09-08,2026-09-08-01-setup,raw/gkp-discover-09-site.csv,219
ob_003091,kw_003067,,discover,country,United Kingdom,English,Google Search,2025-08-01,2026-07-31,encoded_band,50,10,100,0,0,Low,10,,,GBP,returned,2026-09-08,2026-09-08-01-setup,raw/gkp-discover-09-site.csv,220
ob_003092,kw_003068,,discover,country,United Kingdom,English,Google Search,2025-08-01,2026-07-31,encoded_band,50,10,100,0,0,Medium,51,7.65,18.5,GBP,returned,2026-09-08,2026-09-08-01-setup,raw/gkp-discover-09-site.csv,221
ob_003093,kw_003069,,discover,country,United Kingdom,English,Google Search,2025-08-01,2026-07-31,encoded_band,500,100,1000,0,0,High,73,7.38,29.27,GBP,returned,2026-09-08,2026-09-08-01-setup,raw/gkp-discover-10-solutions-hub.csv,1
ob_003094,kw_003070,,discover,country,United Kingdom,English,Google Search,2025-08-01,2026-07-31,encoded_band,500,100,1000,0,0,Medium,57,3.69,15.81,GBP,returned,2026-09-08,2026-09-08-01-setup,raw/gkp-discover-10-solutions-hub.csv,2
ob_003095,kw_003071,,discover,country,United Kingdom,English,Google Search,2025-08-01,2026-07-31,encoded_band,50,10,100,0,-0.9,Low,25,0.59,8.03,GBP,returned,2026-09-08,2026-09-08-01-setup,raw/gkp-discover-10-solutions-hub.csv,3
ob_003096,kw_000974,,discover,country,United Kingdom,English,Google Search,2025-08-01,2026-07-31,encoded_band,500,100,1000,0,-0.9,High,68,4.74,20.96,GBP,returned,2026-09-08,2026-09-08-01-setup,raw/gkp-discover-10-solutions-hub.csv,4
ob_003097,kw_003072,,discover,country,United Kingdom,English,Google Search,2025-08-01,2026-07-31,encoded_band,500,100,1000,0,0,High,68,1.66,5.98,GBP,returned,2026-09-08,2026-09-08-01-setup,raw/gkp-discover-10-solutions-hub.csv,5
ob_003098,kw_003073,,discover,country,United Kingdom,English,Google Search,2025-08-01,2026-07-31,encoded_band,50,10,100,0,0,Low,25,5.11,13.23,GBP,returned,2026-09-08,2026-09-08-01-setup,raw/gkp-discover-10-solutions-hub.csv,6
ob_003099,kw_003074,,discover,country,United Kingdom,English,Google Search,2025-08-01,2026-07-31,encoded_band,500,100,1000,-0.9,-0.9,Medium,46,4.64,12.99,GBP,returned,2026-09-08,2026-09-08-01-setup,raw/gkp-discover-10-solutions-hub.csv,7
ob_003100,kw_000948,,discover,country,United Kingdom,English,Google Search,2025-08-01,2026-07-31,encoded_band,50,10,100,0,0,Medium,48,4.99,24.68,GBP,returned,2026-09-08,2026-09-08-01-setup,raw/gkp-discover-10-solutions-hub.csv,8
ob_003101,kw_001602,,discover,country,United Kingdom,English,Google Search,2025-08-01,2026-07-31,encoded_band,50,10,100,0,0,High,87,,,GBP,returned,2026-09-08,2026-09-08-01-setup,raw/gkp-discover-10-solutions-hub.csv,9
ob_003102,kw_003075,,discover,country,United Kingdom,English,Google Search,2025-08-01,2026-07-31,encoded_band,50,10,100,0,0,Medium,60,4.25,23.1,GBP,returned,2026-09-08,2026-09-08-01-setup,raw/gkp-discover-10-solutions-hub.csv,10
ob_003103,kw_003076,,discover,country,United Kingdom,English,Google Search,2025-08-01,2026-07-31,encoded_band,500,100,1000,0,0,Medium,47,9.5,39.52,GBP,returned,2026-09-08,2026-09-08-01-setup,raw/gkp-discover-10-solutions-hub.csv,11
ob_003104,kw_003077,,discover,country,United Kingdom,English,Google Search,2025-08-01,2026-07-31,encoded_band,50,10,100,0,0,High,86,18.66,33.76,GBP,returned,2026-09-08,2026-09-08-01-setup,raw/gkp-discover-10-solutions-hub.csv,12
ob_003105,kw_003078,,discover,country,United Kingdom,English,Google Search,2025-08-01,2026-07-31,encoded_band,5000,1000,10000,0,0,Medium,49,1.16,15.12,GBP,returned,2026-09-08,2026-09-08-01-setup,raw/gkp-discover-10-solutions-hub.csv,13
ob_003106,kw_002920,,discover,country,United Kingdom,English,Google Search,2025-08-01,2026-07-31,encoded_band,50,10,100,0,0,High,86,5.91,14.82,GBP,returned,2026-09-08,2026-09-08-01-setup,raw/gkp-discover-10-solutions-hub.csv,14
ob_003107,kw_003079,,discover,country,United Kingdom,English,Google Search,2025-08-01,2026-07-31,encoded_band,500,100,1000,0,0,Medium,39,4.33,18.56,GBP,returned,2026-09-08,2026-09-08-01-setup,raw/gkp-discover-10-solutions-hub.csv,15
ob_003108,kw_001185,,discover,country,United Kingdom,English,Google Search,2025-08-01,2026-07-31,encoded_band,50,10,100,0,0,Low,14,,,GBP,returned,2026-09-08,2026-09-08-01-setup,raw/gkp-discover-10-solutions-hub.csv,16
ob_003109,kw_003080,,discover,country,United Kingdom,English,Google Search,2025-08-01,2026-07-31,encoded_band,50,10,100,0,0,Medium,60,7.68,36.49,GBP,returned,2026-09-08,2026-09-08-01-setup,raw/gkp-discover-10-solutions-hub.csv,17
ob_003110,kw_003081,,discover,country,United Kingdom,English,Google Search,2025-08-01,2026-07-31,encoded_band,500,100,1000,0,0,Medium,56,5.45,20.33,GBP,returned,2026-09-08,2026-09-08-01-setup,raw/gkp-discover-10-solutions-hub.csv,18
ob_003111,kw_002909,,discover,country,United Kingdom,English,Google Search,2025-08-01,2026-07-31,encoded_band,50,10,100,0,0,High,83,9.43,40.12,GBP,returned,2026-09-08,2026-09-08-01-setup,raw/gkp-discover-10-solutions-hub.csv,19
ob_003112,kw_000923,,discover,country,United Kingdom,English,Google Search,2025-08-01,2026-07-31,encoded_band,50,10,100,0,0,Low,32,6.2,14,GBP,returned,2026-09-08,2026-09-08-01-setup,raw/gkp-discover-10-solutions-hub.csv,20
ob_003113,kw_003082,,discover,country,United Kingdom,English,Google Search,2025-08-01,2026-07-31,encoded_band,5000,1000,10000,-0.9,-0.9,Low,5,0.97,13.05,GBP,returned,2026-09-08,2026-09-08-01-setup,raw/gkp-discover-10-solutions-hub.csv,21
ob_003114,kw_003083,,discover,country,United Kingdom,English,Google Search,2025-08-01,2026-07-31,encoded_band,5000,1000,10000,-0.9,-0.9,Low,12,1.68,8.84,GBP,returned,2026-09-08,2026-09-08-01-setup,raw/gkp-discover-10-solutions-hub.csv,22
ob_003115,kw_003084,,discover,country,United Kingdom,English,Google Search,2025-08-01,2026-07-31,encoded_band,50,10,100,0,0,High,86,,,GBP,returned,2026-09-08,2026-09-08-01-setup,raw/gkp-discover-10-solutions-hub.csv,23
ob_003116,kw_003085,,discover,country,United Kingdom,English,Google Search,2025-08-01,2026-07-31,encoded_band,50,10,100,0,0,High,86,5.79,38.62,GBP,returned,2026-09-08,2026-09-08-01-setup,raw/gkp-discover-10-solutions-hub.csv,24
ob_003117,kw_003086,,discover,country,United Kingdom,English,Google Search,2025-08-01,2026-07-31,encoded_band,500,100,1000,0,0,Medium,60,16.74,36.9,GBP,returned,2026-09-08,2026-09-08-01-setup,raw/gkp-discover-10-solutions-hub.csv,25
ob_003118,kw_003087,,discover,country,United Kingdom,English,Google Search,2025-08-01,2026-07-31,encoded_band,500,100,1000,0,0,Low,8,3.24,17.79,GBP,returned,2026-09-08,2026-09-08-01-setup,raw/gkp-discover-10-solutions-hub.csv,26
ob_003119,kw_003088,,discover,country,United Kingdom,English,Google Search,2025-08-01,2026-07-31,encoded_band,50,10,100,0,0,Low,0,,,GBP,returned,2026-09-08,2026-09-08-01-setup,raw/gkp-discover-10-solutions-hub.csv,27
ob_003120,kw_003089,,discover,country,United Kingdom,English,Google Search,2025-08-01,2026-07-31,encoded_band,50,10,100,0,0,High,84,6.66,34.78,GBP,returned,2026-09-08,2026-09-08-01-setup,raw/gkp-discover-10-solutions-hub.csv,28
ob_003121,kw_003090,,discover,country,United Kingdom,English,Google Search,2025-08-01,2026-07-31,encoded_band,50,10,100,-1,-1,Unknown,,,,GBP,returned,2026-09-08,2026-09-08-01-setup,raw/gkp-discover-10-solutions-hub.csv,29
ob_003122,kw_003091,,discover,country,United Kingdom,English,Google Search,2025-08-01,2026-07-31,encoded_band,50,10,100,0,0,Medium,53,10.86,41.75,GBP,returned,2026-09-08,2026-09-08-01-setup,raw/gkp-discover-10-solutions-hub.csv,30
ob_003123,kw_003092,,discover,country,United Kingdom,English,Google Search,2025-08-01,2026-07-31,encoded_band,50,10,100,0,0,Medium,54,0.79,11.74,GBP,returned,2026-09-08,2026-09-08-01-setup,raw/gkp-discover-10-solutions-hub.csv,31
ob_003124,kw_003093,,discover,country,United Kingdom,English,Google Search,2025-08-01,2026-07-31,encoded_band,50,10,100,0,0,High,86,,,GBP,returned,2026-09-08,2026-09-08-01-setup,raw/gkp-discover-10-solutions-hub.csv,32
ob_003125,kw_003094,,discover,country,United Kingdom,English,Google Search,2025-08-01,2026-07-31,encoded_band,50,10,100,0,0,High,75,5.34,28.66,GBP,returned,2026-09-08,2026-09-08-01-setup,raw/gkp-discover-10-solutions-hub.csv,33
ob_003126,kw_003095,,discover,country,United Kingdom,English,Google Search,2025-08-01,2026-07-31,encoded_band,50,10,100,0,0,Low,31,6.03,19.51,GBP,returned,2026-09-08,2026-09-08-01-setup,raw/gkp-discover-10-solutions-hub.csv,34
ob_003127,kw_003096,,discover,country,United Kingdom,English,Google Search,2025-08-01,2026-07-31,encoded_band,50,10,100,0,0,High,86,,,GBP,returned,2026-09-08,2026-09-08-01-setup,raw/gkp-discover-10-solutions-hub.csv,35
ob_003128,kw_003097,,discover,country,United Kingdom,English,Google Search,2025-08-01,2026-07-31,encoded_band,500,100,1000,0,0,Medium,57,3.69,15.81,GBP,returned,2026-09-08,2026-09-08-01-setup,raw/gkp-discover-10-solutions-hub.csv,36
ob_003129,kw_001044,,discover,country,United Kingdom,English,Google Search,2025-08-01,2026-07-31,encoded_band,50,10,100,0,0,Low,24,,,GBP,returned,2026-09-08,2026-09-08-01-setup,raw/gkp-discover-10-solutions-hub.csv,37
ob_003130,kw_003098,,discover,country,United Kingdom,English,Google Search,2025-08-01,2026-07-31,encoded_band,50,10,100,0,0,High,86,,,GBP,returned,2026-09-08,2026-09-08-01-setup,raw/gkp-discover-10-solutions-hub.csv,38
ob_003131,kw_003099,,discover,country,United Kingdom,English,Google Search,2025-08-01,2026-07-31,encoded_band,50,10,100,0,0,High,68,3.1,7.38,GBP,returned,2026-09-08,2026-09-08-01-setup,raw/gkp-discover-10-solutions-hub.csv,39
ob_003132,kw_003100,,discover,country,United Kingdom,English,Google Search,2025-08-01,2026-07-31,encoded_band,50,10,100,0,0,Medium,50,7.67,15.13,GBP,returned,2026-09-08,2026-09-08-01-setup,raw/gkp-discover-10-solutions-hub.csv,40
ob_003133,kw_003101,,discover,country,United Kingdom,English,Google Search,2025-08-01,2026-07-31,encoded_band,50,10,100,0,-0.9,Low,25,0.59,8.03,GBP,returned,2026-09-08,2026-09-08-01-setup,raw/gkp-discover-10-solutions-hub.csv,41
ob_003134,kw_003102,,discover,country,United Kingdom,English,Google Search,2025-08-01,2026-07-31,encoded_band,5000,1000,10000,0,0,Medium,50,0.88,4.95,GBP,returned,2026-09-08,2026-09-08-01-setup,raw/gkp-discover-10-solutions-hub.csv,42
ob_003135,kw_003103,,discover,country,United Kingdom,English,Google Search,2025-08-01,2026-07-31,encoded_band,500,100,1000,0,-0.9,Medium,65,3.41,22.34,GBP,returned,2026-09-08,2026-09-08-01-setup,raw/gkp-discover-10-solutions-hub.csv,43
ob_003136,kw_001215,,discover,country,United Kingdom,English,Google Search,2025-08-01,2026-07-31,encoded_band,50,10,100,0,0,Low,1,,,GBP,returned,2026-09-08,2026-09-08-01-setup,raw/gkp-discover-10-solutions-hub.csv,44
ob_003137,kw_003104,,discover,country,United Kingdom,English,Google Search,2025-08-01,2026-07-31,encoded_band,50,10,100,0,0,Low,14,,,GBP,returned,2026-09-08,2026-09-08-01-setup,raw/gkp-discover-10-solutions-hub.csv,45
ob_003138,kw_003105,,discover,country,United Kingdom,English,Google Search,2025-08-01,2026-07-31,encoded_band,5000,1000,10000,0,0,Low,2,1.78,11.37,GBP,returned,2026-09-08,2026-09-08-01-setup,raw/gkp-discover-10-solutions-hub.csv,46
ob_003139,kw_001324,,discover,country,United Kingdom,English,Google Search,2025-08-01,2026-07-31,encoded_band,50,10,100,0,0,Low,7,,,GBP,returned,2026-09-08,2026-09-08-01-setup,raw/gkp-discover-10-solutions-hub.csv,47
ob_003140,kw_003106,,discover,country,United Kingdom,English,Google Search,2025-08-01,2026-07-31,encoded_band,50,10,100,0,0,Low,7,,,GBP,returned,2026-09-08,2026-09-08-01-setup,raw/gkp-discover-10-solutions-hub.csv,48
ob_003141,kw_003107,,discover,country,United Kingdom,English,Google Search,2025-08-01,2026-07-31,encoded_band,50,10,100,0,0,Low,7,2.69,9.54,GBP,returned,2026-09-08,2026-09-08-01-setup,raw/gkp-discover-10-solutions-hub.csv,49
ob_003142,kw_003108,,discover,country,United Kingdom,English,Google Search,2025-08-01,2026-07-31,encoded_band,500,100,1000,0,-0.9,Medium,65,3.41,22.34,GBP,returned,2026-09-08,2026-09-08-01-setup,raw/gkp-discover-10-solutions-hub.csv,50
ob_003143,kw_002913,,discover,country,United Kingdom,English,Google Search,2025-08-01,2026-07-31,encoded_band,50,10,100,0,0,Medium,44,2.56,12.36,GBP,returned,2026-09-08,2026-09-08-01-setup,raw/gkp-discover-10-solutions-hub.csv,51
ob_003144,kw_003109,,discover,country,United Kingdom,English,Google Search,2025-08-01,2026-07-31,encoded_band,50,10,100,0,0,Low,27,1.02,1.97,GBP,returned,2026-09-08,2026-09-08-01-setup,raw/gkp-discover-10-solutions-hub.csv,52
ob_003145,kw_003110,,discover,country,United Kingdom,English,Google Search,2025-08-01,2026-07-31,encoded_band,50,10,100,0,0,Low,9,,,GBP,returned,2026-09-08,2026-09-08-01-setup,raw/gkp-discover-10-solutions-hub.csv,53
ob_003146,kw_003111,,discover,country,United Kingdom,English,Google Search,2025-08-01,2026-07-31,encoded_band,500,100,1000,0,0,High,100,0.83,2.22,GBP,returned,2026-09-08,2026-09-08-01-setup,raw/gkp-discover-10-solutions-hub.csv,54
ob_003147,kw_001487,,discover,country,United Kingdom,English,Google Search,2025-08-01,2026-07-31,encoded_band,50,10,100,,0,High,86,,,GBP,returned,2026-09-08,2026-09-08-01-setup,raw/gkp-discover-10-solutions-hub.csv,55
ob_003148,kw_003112,,discover,country,United Kingdom,English,Google Search,2025-08-01,2026-07-31,encoded_band,50,10,100,0,0,Medium,45,,,GBP,returned,2026-09-08,2026-09-08-01-setup,raw/gkp-discover-10-solutions-hub.csv,56
ob_003149,kw_003113,,discover,country,United Kingdom,English,Google Search,2025-08-01,2026-07-31,encoded_band,5000,1000,10000,0,0,High,99,0.47,4.23,GBP,returned,2026-09-08,2026-09-08-01-setup,raw/gkp-discover-10-solutions-hub.csv,57
ob_003150,kw_003114,,discover,country,United Kingdom,English,Google Search,2025-08-01,2026-07-31,encoded_band,50,10,100,0,-0.9,Low,14,,,GBP,returned,2026-09-08,2026-09-08-01-setup,raw/gkp-discover-10-solutions-hub.csv,58
ob_003151,kw_003115,,discover,country,United Kingdom,English,Google Search,2025-08-01,2026-07-31,encoded_band,50,10,100,0,0,Unknown,,,,GBP,returned,2026-09-08,2026-09-08-01-setup,raw/gkp-discover-10-solutions-hub.csv,59
ob_003152,kw_003116,,discover,country,United Kingdom,English,Google Search,2025-08-01,2026-07-31,encoded_band,50,10,100,0,0,Medium,52,7.24,14.77,GBP,returned,2026-09-08,2026-09-08-01-setup,raw/gkp-discover-10-solutions-hub.csv,60
ob_003153,kw_001428,,discover,country,United Kingdom,English,Google Search,2025-08-01,2026-07-31,encoded_band,500,100,1000,-0.9,-0.9,Medium,43,6.07,22.76,GBP,returned,2026-09-08,2026-09-08-01-setup,raw/gkp-discover-10-solutions-hub.csv,61
ob_003154,kw_003117,,discover,country,United Kingdom,English,Google Search,2025-08-01,2026-07-31,encoded_band,500,100,1000,0,0,Medium,60,1.15,4.98,GBP,returned,2026-09-08,2026-09-08-01-setup,raw/gkp-discover-10-solutions-hub.csv,62
ob_003155,kw_003118,,discover,country,United Kingdom,English,Google Search,2025-08-01,2026-07-31,encoded_band,5000,1000,10000,0,0,Low,10,1.39,4.33,GBP,returned,2026-09-08,2026-09-08-01-setup,raw/gkp-discover-10-solutions-hub.csv,63
ob_003156,kw_003119,,discover,country,United Kingdom,English,Google Search,2025-08-01,2026-07-31,encoded_band,50,10,100,0,0,Low,27,1.98,10.22,GBP,returned,2026-09-08,2026-09-08-01-setup,raw/gkp-discover-10-solutions-hub.csv,64
ob_003157,kw_003120,,discover,country,United Kingdom,English,Google Search,2025-08-01,2026-07-31,encoded_band,50,10,100,-1,-1,Unknown,,,,GBP,returned,2026-09-08,2026-09-08-01-setup,raw/gkp-discover-10-solutions-hub.csv,65
ob_003158,kw_003121,,discover,country,United Kingdom,English,Google Search,2025-08-01,2026-07-31,encoded_band,500,100,1000,0,0,Low,0,,,GBP,returned,2026-09-08,2026-09-08-01-setup,raw/gkp-discover-10-solutions-hub.csv,66
ob_003159,kw_003122,,discover,country,United Kingdom,English,Google Search,2025-08-01,2026-07-31,encoded_band,50,10,100,0,0,Low,17,,,GBP,returned,2026-09-08,2026-09-08-01-setup,raw/gkp-discover-10-solutions-hub.csv,67
ob_003160,kw_003123,,discover,country,United Kingdom,English,Google Search,2025-08-01,2026-07-31,encoded_band,5000,1000,10000,0,0,High,80,5.32,20.69,GBP,returned,2026-09-08,2026-09-08-01-setup,raw/gkp-discover-10-solutions-hub.csv,68
ob_003161,kw_003124,,discover,country,United Kingdom,English,Google Search,2025-08-01,2026-07-31,encoded_band,50,10,100,0,0,Medium,54,,,GBP,returned,2026-09-08,2026-09-08-01-setup,raw/gkp-discover-10-solutions-hub.csv,69
ob_003162,kw_003125,,discover,country,United Kingdom,English,Google Search,2025-08-01,2026-07-31,encoded_band,50,10,100,0,0,Medium,41,18.9,30.42,GBP,returned,2026-09-08,2026-09-08-01-setup,raw/gkp-discover-10-solutions-hub.csv,70
ob_003163,kw_003126,,discover,country,United Kingdom,English,Google Search,2025-08-01,2026-07-31,encoded_band,50,10,100,0,0,Low,28,3.57,8.61,GBP,returned,2026-09-08,2026-09-08-01-setup,raw/gkp-discover-10-solutions-hub.csv,71
ob_003164,kw_003127,,discover,country,United Kingdom,English,Google Search,2025-08-01,2026-07-31,encoded_band,500,100,1000,0,0,Low,24,5.55,22.12,GBP,returned,2026-09-08,2026-09-08-01-setup,raw/gkp-discover-10-solutions-hub.csv,72
ob_003165,kw_003128,,discover,country,United Kingdom,English,Google Search,2025-08-01,2026-07-31,encoded_band,50,10,100,0,0,Low,29,,,GBP,returned,2026-09-08,2026-09-08-01-setup,raw/gkp-discover-10-solutions-hub.csv,73
ob_003166,kw_003129,,discover,country,United Kingdom,English,Google Search,2025-08-01,2026-07-31,encoded_band,5000,1000,10000,0,0,High,74,0.42,3.56,GBP,returned,2026-09-08,2026-09-08-01-setup,raw/gkp-discover-10-solutions-hub.csv,74
ob_003167,kw_003130,,discover,country,United Kingdom,English,Google Search,2025-08-01,2026-07-31,encoded_band,50,10,100,0,0,Medium,43,4.74,21.46,GBP,returned,2026-09-08,2026-09-08-01-setup,raw/gkp-discover-10-solutions-hub.csv,75
ob_003168,kw_003131,,discover,country,United Kingdom,English,Google Search,2025-08-01,2026-07-31,encoded_band,50,10,100,0,0,High,86,4.46,19.25,GBP,returned,2026-09-08,2026-09-08-01-setup,raw/gkp-discover-10-solutions-hub.csv,76
ob_003169,kw_003132,,discover,country,United Kingdom,English,Google Search,2025-08-01,2026-07-31,encoded_band,50,10,100,0,0,Medium,52,,,GBP,returned,2026-09-08,2026-09-08-01-setup,raw/gkp-discover-10-solutions-hub.csv,77
ob_003170,kw_003133,,discover,country,United Kingdom,English,Google Search,2025-08-01,2026-07-31,encoded_band,50,10,100,0,0,Low,9,,,GBP,returned,2026-09-08,2026-09-08-01-setup,raw/gkp-discover-10-solutions-hub.csv,78
ob_003171,kw_003134,,discover,country,United Kingdom,English,Google Search,2025-08-01,2026-07-31,encoded_band,50,10,100,0,0,Low,5,0.58,1.69,GBP,returned,2026-09-08,2026-09-08-01-setup,raw/gkp-discover-10-solutions-hub.csv,79
ob_003172,kw_003135,,discover,country,United Kingdom,English,Google Search,2025-08-01,2026-07-31,encoded_band,50,10,100,0,-0.9,High,72,0.66,1.48,GBP,returned,2026-09-08,2026-09-08-01-setup,raw/gkp-discover-10-solutions-hub.csv,80
ob_003173,kw_003136,,discover,country,United Kingdom,English,Google Search,2025-08-01,2026-07-31,encoded_band,50,10,100,0,0,Unknown,,,,GBP,returned,2026-09-08,2026-09-08-01-setup,raw/gkp-discover-10-solutions-hub.csv,81
ob_003174,kw_003137,,discover,country,United Kingdom,English,Google Search,2025-08-01,2026-07-31,encoded_band,50,10,100,0,0,Low,4,,,GBP,returned,2026-09-08,2026-09-08-01-setup,raw/gkp-discover-10-solutions-hub.csv,82
ob_003175,kw_003138,,discover,country,United Kingdom,English,Google Search,2025-08-01,2026-07-31,encoded_band,500,100,1000,0,0,Medium,36,5.83,26.54,GBP,returned,2026-09-08,2026-09-08-01-setup,raw/gkp-discover-10-solutions-hub.csv,83
ob_003176,kw_003139,,discover,country,United Kingdom,English,Google Search,2025-08-01,2026-07-31,encoded_band,50,10,100,0,0,Unknown,,,,GBP,returned,2026-09-08,2026-09-08-01-setup,raw/gkp-discover-10-solutions-hub.csv,84
ob_003177,kw_003140,,discover,country,United Kingdom,English,Google Search,2025-08-01,2026-07-31,encoded_band,50,10,100,0,0,Low,6,,,GBP,returned,2026-09-08,2026-09-08-01-setup,raw/gkp-discover-10-solutions-hub.csv,85
ob_003178,kw_003141,,discover,country,United Kingdom,English,Google Search,2025-08-01,2026-07-31,encoded_band,5000,1000,10000,0,0,High,95,0.31,3.85,GBP,returned,2026-09-08,2026-09-08-01-setup,raw/gkp-discover-10-solutions-hub.csv,86
ob_003179,kw_003142,,discover,country,United Kingdom,English,Google Search,2025-08-01,2026-07-31,encoded_band,50,10,100,0,,High,86,,,GBP,returned,2026-09-08,2026-09-08-01-setup,raw/gkp-discover-10-solutions-hub.csv,87
ob_003180,kw_003143,,discover,country,United Kingdom,English,Google Search,2025-08-01,2026-07-31,encoded_band,500,100,1000,0,0,High,97,0.18,0.94,GBP,returned,2026-09-08,2026-09-08-01-setup,raw/gkp-discover-10-solutions-hub.csv,88
ob_003181,kw_001723,,discover,country,United Kingdom,English,Google Search,2025-08-01,2026-07-31,encoded_band,50,10,100,0,0,Medium,64,5.3,22.57,GBP,returned,2026-09-08,2026-09-08-01-setup,raw/gkp-discover-10-solutions-hub.csv,89
ob_003182,kw_003144,,discover,country,United Kingdom,English,Google Search,2025-08-01,2026-07-31,encoded_band,50,10,100,0,0,Low,27,,,GBP,returned,2026-09-08,2026-09-08-01-setup,raw/gkp-discover-10-solutions-hub.csv,90
ob_003183,kw_003145,,discover,country,United Kingdom,English,Google Search,2025-08-01,2026-07-31,encoded_band,50,10,100,0,0,Low,4,,,GBP,returned,2026-09-08,2026-09-08-01-setup,raw/gkp-discover-10-solutions-hub.csv,91
ob_003184,kw_003146,,discover,country,United Kingdom,English,Google Search,2025-08-01,2026-07-31,encoded_band,50,10,100,0,0,Low,0,,,GBP,returned,2026-09-08,2026-09-08-01-setup,raw/gkp-discover-10-solutions-hub.csv,92
ob_003185,kw_001915,,discover,country,United Kingdom,English,Google Search,2025-08-01,2026-07-31,encoded_band,50,10,100,0,0,High,82,7.38,14.84,GBP,returned,2026-09-08,2026-09-08-01-setup,raw/gkp-discover-10-solutions-hub.csv,93
ob_003186,kw_003147,,discover,country,United Kingdom,English,Google Search,2025-08-01,2026-07-31,encoded_band,500,100,1000,0,0,Low,2,2.18,7.68,GBP,returned,2026-09-08,2026-09-08-01-setup,raw/gkp-discover-10-solutions-hub.csv,94
ob_003187,kw_003148,,discover,country,United Kingdom,English,Google Search,2025-08-01,2026-07-31,encoded_band,50,10,100,-1,0,Unknown,,,,GBP,returned,2026-09-08,2026-09-08-01-setup,raw/gkp-discover-10-solutions-hub.csv,95
ob_003188,kw_003149,,discover,country,United Kingdom,English,Google Search,2025-08-01,2026-07-31,encoded_band,500,100,1000,0,-0.9,Low,5,1.33,10.26,GBP,returned,2026-09-08,2026-09-08-01-setup,raw/gkp-discover-10-solutions-hub.csv,96
ob_003189,kw_003150,,discover,country,United Kingdom,English,Google Search,2025-08-01,2026-07-31,encoded_band,5000,1000,10000,0,0,High,100,0.58,3.74,GBP,returned,2026-09-08,2026-09-08-01-setup,raw/gkp-discover-10-solutions-hub.csv,97
ob_003190,kw_003151,,discover,country,United Kingdom,English,Google Search,2025-08-01,2026-07-31,encoded_band,50,10,100,0,0,Low,10,,,GBP,returned,2026-09-08,2026-09-08-01-setup,raw/gkp-discover-10-solutions-hub.csv,98
ob_003191,kw_003152,,discover,country,United Kingdom,English,Google Search,2025-08-01,2026-07-31,encoded_band,50,10,100,0,0,Medium,43,,,GBP,returned,2026-09-08,2026-09-08-01-setup,raw/gkp-discover-10-solutions-hub.csv,99
ob_003192,kw_003153,,discover,country,United Kingdom,English,Google Search,2025-08-01,2026-07-31,encoded_band,50,10,100,0,0,High,100,,,GBP,returned,2026-09-08,2026-09-08-01-setup,raw/gkp-discover-10-solutions-hub.csv,100
ob_003193,kw_003154,,discover,country,United Kingdom,English,Google Search,2025-08-01,2026-07-31,encoded_band,50,10,100,0,0,Low,20,4,12.31,GBP,returned,2026-09-08,2026-09-08-01-setup,raw/gkp-discover-10-solutions-hub.csv,101
ob_003194,kw_003155,,discover,country,United Kingdom,English,Google Search,2025-08-01,2026-07-31,encoded_band,500,100,1000,0,0,Low,0,,,GBP,returned,2026-09-08,2026-09-08-01-setup,raw/gkp-discover-10-solutions-hub.csv,102
ob_003195,kw_003156,,discover,country,United Kingdom,English,Google Search,2025-08-01,2026-07-31,encoded_band,50,10,100,0,0,Low,8,2.9,15.73,GBP,returned,2026-09-08,2026-09-08-01-setup,raw/gkp-discover-10-solutions-hub.csv,103
ob_003196,kw_003157,,discover,country,United Kingdom,English,Google Search,2025-08-01,2026-07-31,encoded_band,500,100,1000,0,0,Low,0,,,GBP,returned,2026-09-08,2026-09-08-01-setup,raw/gkp-discover-10-solutions-hub.csv,104
ob_003197,kw_003158,,discover,country,United Kingdom,English,Google Search,2025-08-01,2026-07-31,encoded_band,50000,10000,100000,0,0,Low,14,0.41,2.44,GBP,returned,2026-09-08,2026-09-08-01-setup,raw/gkp-discover-10-solutions-hub.csv,105
ob_003198,kw_003159,,discover,country,United Kingdom,English,Google Search,2025-08-01,2026-07-31,encoded_band,50,10,100,-1,-1,Unknown,,,,GBP,returned,2026-09-08,2026-09-08-01-setup,raw/gkp-discover-10-solutions-hub.csv,106
ob_003199,kw_003160,,discover,country,United Kingdom,English,Google Search,2025-08-01,2026-07-31,encoded_band,50,10,100,0,0,Low,6,,,GBP,returned,2026-09-08,2026-09-08-01-setup,raw/gkp-discover-10-solutions-hub.csv,107
ob_003200,kw_003161,,discover,country,United Kingdom,English,Google Search,2025-08-01,2026-07-31,encoded_band,50,10,100,0,-1,Unknown,,,,GBP,returned,2026-09-08,2026-09-08-01-setup,raw/gkp-discover-10-solutions-hub.csv,108
ob_003201,kw_003162,,discover,country,United Kingdom,English,Google Search,2025-08-01,2026-07-31,encoded_band,50,10,100,0,0,Low,5,,,GBP,returned,2026-09-08,2026-09-08-01-setup,raw/gkp-discover-10-solutions-hub.csv,109
ob_003202,kw_003163,,discover,country,United Kingdom,English,Google Search,2025-08-01,2026-07-31,encoded_band,500,100,1000,0,0,Low,4,0.64,4.3,GBP,returned,2026-09-08,2026-09-08-01-setup,raw/gkp-discover-10-solutions-hub.csv,110
ob_003203,kw_003164,,discover,country,United Kingdom,English,Google Search,2025-08-01,2026-07-31,encoded_band,50,10,100,0,0,High,97,0.97,2.71,GBP,returned,2026-09-08,2026-09-08-01-setup,raw/gkp-discover-10-solutions-hub.csv,111
ob_003204,kw_003165,,discover,country,United Kingdom,English,Google Search,2025-08-01,2026-07-31,encoded_band,50,10,100,0,0,Unknown,,,,GBP,returned,2026-09-08,2026-09-08-01-setup,raw/gkp-discover-10-solutions-hub.csv,112
ob_003205,kw_003166,,discover,country,United Kingdom,English,Google Search,2025-08-01,2026-07-31,encoded_band,50,10,100,0,0,Low,1,,,GBP,returned,2026-09-08,2026-09-08-01-setup,raw/gkp-discover-10-solutions-hub.csv,113
ob_003206,kw_002990,,discover,country,United Kingdom,English,Google Search,2025-08-01,2026-07-31,encoded_band,50,10,100,0,-0.9,Low,3,,,GBP,returned,2026-09-08,2026-09-08-01-setup,raw/gkp-discover-10-solutions-hub.csv,114
ob_003207,kw_002015,,discover,country,United Kingdom,English,Google Search,2025-08-01,2026-07-31,encoded_band,50,10,100,0,0,High,85,12.83,36.34,GBP,returned,2026-09-08,2026-09-08-01-setup,raw/gkp-discover-10-solutions-hub.csv,115
ob_003208,kw_003167,,discover,country,United Kingdom,English,Google Search,2025-08-01,2026-07-31,encoded_band,50,10,100,0,0,Low,11,16.93,36.38,GBP,returned,2026-09-08,2026-09-08-01-setup,raw/gkp-discover-10-solutions-hub.csv,116
ob_003209,kw_003168,,discover,country,United Kingdom,English,Google Search,2025-08-01,2026-07-31,encoded_band,50,10,100,0,0,Low,0,,,GBP,returned,2026-09-08,2026-09-08-01-setup,raw/gkp-discover-10-solutions-hub.csv,117
ob_003210,kw_003169,,discover,country,United Kingdom,English,Google Search,2025-08-01,2026-07-31,encoded_band,50,10,100,0,0,High,89,0.24,59.05,GBP,returned,2026-09-08,2026-09-08-01-setup,raw/gkp-discover-10-solutions-hub.csv,118
ob_003211,kw_003170,,discover,country,United Kingdom,English,Google Search,2025-08-01,2026-07-31,encoded_band,50,10,100,0,0,Low,0,,,GBP,returned,2026-09-08,2026-09-08-01-setup,raw/gkp-discover-10-solutions-hub.csv,119
ob_003212,kw_003171,,discover,country,United Kingdom,English,Google Search,2025-08-01,2026-07-31,encoded_band,50,10,100,0,0,Medium,43,,,GBP,returned,2026-09-08,2026-09-08-01-setup,raw/gkp-discover-10-solutions-hub.csv,120
ob_003213,kw_003172,,discover,country,United Kingdom,English,Google Search,2025-08-01,2026-07-31,encoded_band,500,100,1000,0,0,Medium,50,0.47,10.64,GBP,returned,2026-09-08,2026-09-08-01-setup,raw/gkp-discover-10-solutions-hub.csv,121
ob_003214,kw_003173,,discover,country,United Kingdom,English,Google Search,2025-08-01,2026-07-31,encoded_band,50,10,100,0,0,Low,14,,,GBP,returned,2026-09-08,2026-09-08-01-setup,raw/gkp-discover-10-solutions-hub.csv,122
ob_003215,kw_003174,,discover,country,United Kingdom,English,Google Search,2025-08-01,2026-07-31,encoded_band,50,10,100,0,0,Low,30,,,GBP,returned,2026-09-08,2026-09-08-01-setup,raw/gkp-discover-10-solutions-hub.csv,123
ob_003216,kw_003175,,discover,country,United Kingdom,English,Google Search,2025-08-01,2026-07-31,encoded_band,50,10,100,0,0,Low,3,,,GBP,returned,2026-09-08,2026-09-08-01-setup,raw/gkp-discover-10-solutions-hub.csv,124
ob_003217,kw_003176,,discover,country,United Kingdom,English,Google Search,2025-08-01,2026-07-31,encoded_band,50,10,100,0,0,Low,2,,,GBP,returned,2026-09-08,2026-09-08-01-setup,raw/gkp-discover-10-solutions-hub.csv,125
ob_003218,kw_003177,,discover,country,United Kingdom,English,Google Search,2025-08-01,2026-07-31,encoded_band,50,10,100,0,0,Low,6,,,GBP,returned,2026-09-08,2026-09-08-01-setup,raw/gkp-discover-10-solutions-hub.csv,126
ob_003219,kw_003178,,discover,country,United Kingdom,English,Google Search,2025-08-01,2026-07-31,encoded_band,500,100,1000,0,0,High,100,0.15,4,GBP,returned,2026-09-08,2026-09-08-01-setup,raw/gkp-discover-10-solutions-hub.csv,127
ob_003220,kw_003179,,discover,country,United Kingdom,English,Google Search,2025-08-01,2026-07-31,encoded_band,50,10,100,0,0,Low,0,,,GBP,returned,2026-09-08,2026-09-08-01-setup,raw/gkp-discover-10-solutions-hub.csv,128
ob_003221,kw_003180,,discover,country,United Kingdom,English,Google Search,2025-08-01,2026-07-31,encoded_band,50,10,100,0,0,High,67,,,GBP,returned,2026-09-08,2026-09-08-01-setup,raw/gkp-discover-10-solutions-hub.csv,129
ob_003222,kw_003181,,discover,country,United Kingdom,English,Google Search,2025-08-01,2026-07-31,encoded_band,500,100,1000,-0.9,-0.9,Low,1,,,GBP,returned,2026-09-08,2026-09-08-01-setup,raw/gkp-discover-10-solutions-hub.csv,130
ob_003223,kw_003182,,discover,country,United Kingdom,English,Google Search,2025-08-01,2026-07-31,encoded_band,50,10,100,0,0,Medium,54,,,GBP,returned,2026-09-08,2026-09-08-01-setup,raw/gkp-discover-10-solutions-hub.csv,131
ob_003224,kw_003183,,discover,country,United Kingdom,English,Google Search,2025-08-01,2026-07-31,encoded_band,50,10,100,0,0,Low,1,,,GBP,returned,2026-09-08,2026-09-08-01-setup,raw/gkp-discover-10-solutions-hub.csv,132
ob_003225,kw_003184,,discover,country,United Kingdom,English,Google Search,2025-08-01,2026-07-31,encoded_band,500,100,1000,0,0,Low,12,2.26,16,GBP,returned,2026-09-08,2026-09-08-01-setup,raw/gkp-discover-10-solutions-hub.csv,133
ob_003226,kw_003185,,discover,country,United Kingdom,English,Google Search,2025-08-01,2026-07-31,encoded_band,500,100,1000,0,0,Low,7,0.58,1.72,GBP,returned,2026-09-08,2026-09-08-01-setup,raw/gkp-discover-10-solutions-hub.csv,134
ob_003227,kw_003186,,discover,country,United Kingdom,English,Google Search,2025-08-01,2026-07-31,encoded_band,50,10,100,0,0,High,67,14.54,44.81,GBP,returned,2026-09-08,2026-09-08-01-setup,raw/gkp-discover-10-solutions-hub.csv,135
ob_003228,kw_003187,,discover,country,United Kingdom,English,Google Search,2025-08-01,2026-07-31,encoded_band,50,10,100,-1,-1,Unknown,,,,GBP,returned,2026-09-08,2026-09-08-01-setup,raw/gkp-discover-10-solutions-hub.csv,136
ob_003229,kw_003188,,discover,country,United Kingdom,English,Google Search,2025-08-01,2026-07-31,encoded_band,50,10,100,0,0,Low,0,,,GBP,returned,2026-09-08,2026-09-08-01-setup,raw/gkp-discover-10-solutions-hub.csv,137
ob_003230,kw_003189,,discover,country,United Kingdom,English,Google Search,2025-08-01,2026-07-31,encoded_band,50,10,100,0,0,High,86,,,GBP,returned,2026-09-08,2026-09-08-01-setup,raw/gkp-discover-10-solutions-hub.csv,138
ob_003231,kw_003190,,discover,country,United Kingdom,English,Google Search,2025-08-01,2026-07-31,encoded_band,50,10,100,0,,Medium,50,,,GBP,returned,2026-09-08,2026-09-08-01-setup,raw/gkp-discover-10-solutions-hub.csv,139
ob_003232,kw_003191,,discover,country,United Kingdom,English,Google Search,2025-08-01,2026-07-31,encoded_band,50,10,100,0,0,Low,19,,,GBP,returned,2026-09-08,2026-09-08-01-setup,raw/gkp-discover-10-solutions-hub.csv,140
ob_003233,kw_003192,,discover,country,United Kingdom,English,Google Search,2025-08-01,2026-07-31,encoded_band,50,10,100,0,0,Low,0,,,GBP,returned,2026-09-08,2026-09-08-01-setup,raw/gkp-discover-10-solutions-hub.csv,141
ob_003234,kw_003193,,discover,country,United Kingdom,English,Google Search,2025-08-01,2026-07-31,encoded_band,50,10,100,-1,-1,Unknown,,,,GBP,returned,2026-09-08,2026-09-08-01-setup,raw/gkp-discover-10-solutions-hub.csv,142
ob_003235,kw_003194,,discover,country,United Kingdom,English,Google Search,2025-08-01,2026-07-31,encoded_band,50,10,100,0,0,Low,19,,,GBP,returned,2026-09-08,2026-09-08-01-setup,raw/gkp-discover-10-solutions-hub.csv,143
ob_003236,kw_003195,,discover,country,United Kingdom,English,Google Search,2025-08-01,2026-07-31,encoded_band,50,10,100,0,0,Low,1,,,GBP,returned,2026-09-08,2026-09-08-01-setup,raw/gkp-discover-10-solutions-hub.csv,144
ob_003237,kw_003196,,discover,country,United Kingdom,English,Google Search,2025-08-01,2026-07-31,encoded_band,50,10,100,0,0,Low,17,,,GBP,returned,2026-09-08,2026-09-08-01-setup,raw/gkp-discover-10-solutions-hub.csv,145
ob_003238,kw_003197,,discover,country,United Kingdom,English,Google Search,2025-08-01,2026-07-31,encoded_band,50,10,100,0,0,Low,24,,,GBP,returned,2026-09-08,2026-09-08-01-setup,raw/gkp-discover-10-solutions-hub.csv,146
ob_003239,kw_003198,,discover,country,United Kingdom,English,Google Search,2025-08-01,2026-07-31,encoded_band,50,10,100,-1,-1,Unknown,,,,GBP,returned,2026-09-08,2026-09-08-01-setup,raw/gkp-discover-10-solutions-hub.csv,147
ob_003240,kw_003199,,discover,country,United Kingdom,English,Google Search,2025-08-01,2026-07-31,encoded_band,500,100,1000,0,-0.9,Low,3,1.89,6.19,GBP,returned,2026-09-08,2026-09-08-01-setup,raw/gkp-discover-10-solutions-hub.csv,148
ob_003241,kw_003200,,discover,country,United Kingdom,English,Google Search,2025-08-01,2026-07-31,encoded_band,50,10,100,0,0,Low,0,,,GBP,returned,2026-09-08,2026-09-08-01-setup,raw/gkp-discover-10-solutions-hub.csv,149
ob_003242,kw_003201,,discover,country,United Kingdom,English,Google Search,2025-08-01,2026-07-31,encoded_band,50,10,100,0,0,Unknown,,,,GBP,returned,2026-09-08,2026-09-08-01-setup,raw/gkp-discover-10-solutions-hub.csv,150
ob_003243,kw_003202,,discover,country,United Kingdom,English,Google Search,2025-08-01,2026-07-31,encoded_band,50,10,100,0,0,Low,22,,,GBP,returned,2026-09-08,2026-09-08-01-setup,raw/gkp-discover-10-solutions-hub.csv,151
ob_003244,kw_003203,,discover,country,United Kingdom,English,Google Search,2025-08-01,2026-07-31,encoded_band,50,10,100,0,0,Low,0,,,GBP,returned,2026-09-08,2026-09-08-01-setup,raw/gkp-discover-10-solutions-hub.csv,152
ob_003245,kw_003204,,discover,country,United Kingdom,English,Google Search,2025-08-01,2026-07-31,encoded_band,50,10,100,0,0,Low,2,,,GBP,returned,2026-09-08,2026-09-08-01-setup,raw/gkp-discover-10-solutions-hub.csv,153
ob_003246,kw_003205,,discover,country,United Kingdom,English,Google Search,2025-08-01,2026-07-31,encoded_band,50,10,100,0,0,Low,8,,,GBP,returned,2026-09-08,2026-09-08-01-setup,raw/gkp-discover-10-solutions-hub.csv,154
ob_003247,kw_003206,,discover,country,United Kingdom,English,Google Search,2025-08-01,2026-07-31,encoded_band,500,100,1000,0,0,Low,3,0.58,3.2,GBP,returned,2026-09-08,2026-09-08-01-setup,raw/gkp-discover-10-solutions-hub.csv,155
ob_003248,kw_003207,,discover,country,United Kingdom,English,Google Search,2025-08-01,2026-07-31,encoded_band,50,10,100,0,9,Low,21,0.53,3.09,GBP,returned,2026-09-08,2026-09-08-01-setup,raw/gkp-discover-10-solutions-hub.csv,156
ob_003249,kw_003208,,discover,country,United Kingdom,English,Google Search,2025-08-01,2026-07-31,encoded_band,50,10,100,0,0,Low,0,,,GBP,returned,2026-09-08,2026-09-08-01-setup,raw/gkp-discover-10-solutions-hub.csv,157
ob_003250,kw_003209,,discover,country,United Kingdom,English,Google Search,2025-08-01,2026-07-31,encoded_band,50,10,100,0,0,Low,0,,,GBP,returned,2026-09-08,2026-09-08-01-setup,raw/gkp-discover-10-solutions-hub.csv,158
ob_003251,kw_003210,,discover,country,United Kingdom,English,Google Search,2025-08-01,2026-07-31,encoded_band,50,10,100,0,0,Low,0,,,GBP,returned,2026-09-08,2026-09-08-01-setup,raw/gkp-discover-10-solutions-hub.csv,159
ob_003252,kw_003211,,discover,country,United Kingdom,English,Google Search,2025-08-01,2026-07-31,encoded_band,50,10,100,0,0,Low,0,,,GBP,returned,2026-09-08,2026-09-08-01-setup,raw/gkp-discover-10-solutions-hub.csv,160
ob_003253,kw_003212,,discover,country,United Kingdom,English,Google Search,2025-08-01,2026-07-31,encoded_band,50,10,100,0,0,Low,3,,,GBP,returned,2026-09-08,2026-09-08-01-setup,raw/gkp-discover-10-solutions-hub.csv,161
ob_003254,kw_003213,,discover,country,United Kingdom,English,Google Search,2025-08-01,2026-07-31,encoded_band,5000,1000,10000,0,9,Low,0,0.98,8.91,GBP,returned,2026-09-08,2026-09-08-01-setup,raw/gkp-discover-10-solutions-hub.csv,162
ob_003255,kw_003214,,discover,country,United Kingdom,English,Google Search,2025-08-01,2026-07-31,encoded_band,50,10,100,0,0,Low,23,,,GBP,returned,2026-09-08,2026-09-08-01-setup,raw/gkp-discover-10-solutions-hub.csv,163
ob_003256,kw_003215,,discover,country,United Kingdom,English,Google Search,2025-08-01,2026-07-31,encoded_band,50,10,100,0,0,Low,29,,,GBP,returned,2026-09-08,2026-09-08-01-setup,raw/gkp-discover-10-solutions-hub.csv,164
ob_003257,kw_003216,,discover,country,United Kingdom,English,Google Search,2025-08-01,2026-07-31,encoded_band,50,10,100,-1,-1,Unknown,,,,GBP,returned,2026-09-08,2026-09-08-01-setup,raw/gkp-discover-10-solutions-hub.csv,165
ob_003258,kw_003217,,discover,country,United Kingdom,English,Google Search,2025-08-01,2026-07-31,encoded_band,50,10,100,0,0,Low,32,1.82,8.45,GBP,returned,2026-09-08,2026-09-08-01-setup,raw/gkp-discover-10-solutions-hub.csv,166
ob_003259,kw_003218,,discover,country,United Kingdom,English,Google Search,2025-08-01,2026-07-31,encoded_band,50,10,100,0,0,Medium,48,,,GBP,returned,2026-09-08,2026-09-08-01-setup,raw/gkp-discover-10-solutions-hub.csv,167
ob_003260,kw_003219,,discover,country,United Kingdom,English,Google Search,2025-08-01,2026-07-31,encoded_band,50,10,100,9,9,Low,0,,,GBP,returned,2026-09-08,2026-09-08-01-setup,raw/gkp-discover-10-solutions-hub.csv,168
ob_003261,kw_003220,,discover,country,United Kingdom,English,Google Search,2025-08-01,2026-07-31,encoded_band,50,10,100,0,0,Low,7,,,GBP,returned,2026-09-08,2026-09-08-01-setup,raw/gkp-discover-10-solutions-hub.csv,169
ob_003262,kw_003221,,discover,country,United Kingdom,English,Google Search,2025-08-01,2026-07-31,encoded_band,50,10,100,0,0,Low,0,,,GBP,returned,2026-09-08,2026-09-08-01-setup,raw/gkp-discover-10-solutions-hub.csv,170
ob_003263,kw_003222,,discover,country,United Kingdom,English,Google Search,2025-08-01,2026-07-31,encoded_band,50,10,100,0,0,Low,0,,,GBP,returned,2026-09-08,2026-09-08-01-setup,raw/gkp-discover-10-solutions-hub.csv,171
ob_003264,kw_003223,,discover,country,United Kingdom,English,Google Search,2025-08-01,2026-07-31,encoded_band,50,10,100,0,-1,Unknown,,,,GBP,returned,2026-09-08,2026-09-08-01-setup,raw/gkp-discover-10-solutions-hub.csv,172
ob_003265,kw_003224,,discover,country,United Kingdom,English,Google Search,2025-08-01,2026-07-31,encoded_band,50,10,100,0,0,Low,3,,,GBP,returned,2026-09-08,2026-09-08-01-setup,raw/gkp-discover-10-solutions-hub.csv,173
ob_003266,kw_003225,,discover,country,United Kingdom,English,Google Search,2025-08-01,2026-07-31,encoded_band,50,10,100,-1,0,Unknown,,,,GBP,returned,2026-09-08,2026-09-08-01-setup,raw/gkp-discover-10-solutions-hub.csv,174
ob_003267,kw_003226,,discover,country,United Kingdom,English,Google Search,2025-08-01,2026-07-31,encoded_band,50,10,100,0,0,Unknown,,,,GBP,returned,2026-09-08,2026-09-08-01-setup,raw/gkp-discover-10-solutions-hub.csv,175
ob_003268,kw_003227,,discover,country,United Kingdom,English,Google Search,2025-08-01,2026-07-31,encoded_band,50,10,100,0,-0.9,Low,4,,,GBP,returned,2026-09-08,2026-09-08-01-setup,raw/gkp-discover-10-solutions-hub.csv,176
ob_003269,kw_003228,,discover,country,United Kingdom,English,Google Search,2025-08-01,2026-07-31,encoded_band,500,100,1000,0,0,Low,4,2.3,19.47,GBP,returned,2026-09-08,2026-09-08-01-setup,raw/gkp-discover-10-solutions-hub.csv,177
ob_003270,kw_003229,,discover,country,United Kingdom,English,Google Search,2025-08-01,2026-07-31,encoded_band,50,10,100,0,0,Medium,61,2.74,6.08,GBP,returned,2026-09-08,2026-09-08-01-setup,raw/gkp-discover-10-solutions-hub.csv,178
ob_003271,kw_003230,,discover,country,United Kingdom,English,Google Search,2025-08-01,2026-07-31,encoded_band,50,10,100,0,0,Low,0,,,GBP,returned,2026-09-08,2026-09-08-01-setup,raw/gkp-discover-10-solutions-hub.csv,179
ob_003272,kw_003231,,discover,country,United Kingdom,English,Google Search,2025-08-01,2026-07-31,encoded_band,50,10,100,-1,-1,Unknown,,,,GBP,returned,2026-09-08,2026-09-08-01-setup,raw/gkp-discover-10-solutions-hub.csv,180
ob_003273,kw_003232,,discover,country,United Kingdom,English,Google Search,2025-08-01,2026-07-31,encoded_band,50,10,100,0,0,Low,14,,,GBP,returned,2026-09-08,2026-09-08-01-setup,raw/gkp-discover-10-solutions-hub.csv,181
ob_003274,kw_003233,,discover,country,United Kingdom,English,Google Search,2025-08-01,2026-07-31,encoded_band,50,10,100,0,0,Low,0,,,GBP,returned,2026-09-08,2026-09-08-01-setup,raw/gkp-discover-10-solutions-hub.csv,182
ob_003275,kw_003234,,discover,country,United Kingdom,English,Google Search,2025-08-01,2026-07-31,encoded_band,50,10,100,0,0,Low,1,,,GBP,returned,2026-09-08,2026-09-08-01-setup,raw/gkp-discover-10-solutions-hub.csv,183
ob_003276,kw_003235,,discover,country,United Kingdom,English,Google Search,2025-08-01,2026-07-31,encoded_band,50,10,100,0,0,Medium,51,4.03,14.16,GBP,returned,2026-09-08,2026-09-08-01-setup,raw/gkp-discover-10-solutions-hub.csv,184
ob_003277,kw_003236,,discover,country,United Kingdom,English,Google Search,2025-08-01,2026-07-31,encoded_band,50,10,100,0,0,Low,14,,,GBP,returned,2026-09-08,2026-09-08-01-setup,raw/gkp-discover-10-solutions-hub.csv,185
ob_003278,kw_003237,,discover,country,United Kingdom,English,Google Search,2025-08-01,2026-07-31,encoded_band,50,10,100,-1,-1,Unknown,,,,GBP,returned,2026-09-08,2026-09-08-01-setup,raw/gkp-discover-10-solutions-hub.csv,186
ob_003279,kw_003238,,discover,country,United Kingdom,English,Google Search,2025-08-01,2026-07-31,encoded_band,50,10,100,,,Medium,57,,,GBP,returned,2026-09-08,2026-09-08-01-setup,raw/gkp-discover-10-solutions-hub.csv,187
ob_003280,kw_003239,,discover,country,United Kingdom,English,Google Search,2025-08-01,2026-07-31,encoded_band,50,10,100,0,-1,Unknown,,,,GBP,returned,2026-09-08,2026-09-08-01-setup,raw/gkp-discover-10-solutions-hub.csv,188
ob_003281,kw_003240,,discover,country,United Kingdom,English,Google Search,2025-08-01,2026-07-31,encoded_band,50,10,100,0,0,Unknown,,,,GBP,returned,2026-09-08,2026-09-08-01-setup,raw/gkp-discover-10-solutions-hub.csv,189
ob_003282,kw_003241,,discover,country,United Kingdom,English,Google Search,2025-08-01,2026-07-31,encoded_band,500,100,1000,0,0,Low,8,1.57,9.1,GBP,returned,2026-09-08,2026-09-08-01-setup,raw/gkp-discover-10-solutions-hub.csv,190
ob_003283,kw_003242,,discover,country,United Kingdom,English,Google Search,2025-08-01,2026-07-31,encoded_band,50,10,100,0,0,Low,0,,,GBP,returned,2026-09-08,2026-09-08-01-setup,raw/gkp-discover-10-solutions-hub.csv,191
ob_003284,kw_003243,,discover,country,United Kingdom,English,Google Search,2025-08-01,2026-07-31,encoded_band,50,10,100,0,0,Low,5,,,GBP,returned,2026-09-08,2026-09-08-01-setup,raw/gkp-discover-10-solutions-hub.csv,192
ob_003285,kw_003244,,discover,country,United Kingdom,English,Google Search,2025-08-01,2026-07-31,encoded_band,50,10,100,0,0,Low,0,,,GBP,returned,2026-09-08,2026-09-08-01-setup,raw/gkp-discover-10-solutions-hub.csv,193
ob_003286,kw_003245,,discover,country,United Kingdom,English,Google Search,2025-08-01,2026-07-31,encoded_band,50,10,100,0,0,High,67,0.97,2.85,GBP,returned,2026-09-08,2026-09-08-01-setup,raw/gkp-discover-10-solutions-hub.csv,194
ob_003287,kw_003246,,discover,country,United Kingdom,English,Google Search,2025-08-01,2026-07-31,encoded_band,50,10,100,0,0,Low,0,,,GBP,returned,2026-09-08,2026-09-08-01-setup,raw/gkp-discover-10-solutions-hub.csv,195
ob_003288,kw_003247,,discover,country,United Kingdom,English,Google Search,2025-08-01,2026-07-31,encoded_band,50,10,100,0,0,Low,20,,,GBP,returned,2026-09-08,2026-09-08-01-setup,raw/gkp-discover-10-solutions-hub.csv,196
ob_003289,kw_003248,,discover,country,United Kingdom,English,Google Search,2025-08-01,2026-07-31,encoded_band,50,10,100,0,,Low,0,,,GBP,returned,2026-09-08,2026-09-08-01-setup,raw/gkp-discover-10-solutions-hub.csv,197
ob_003290,kw_003249,,discover,country,United Kingdom,English,Google Search,2025-08-01,2026-07-31,encoded_band,50,10,100,0,0,Low,7,,,GBP,returned,2026-09-08,2026-09-08-01-setup,raw/gkp-discover-10-solutions-hub.csv,198
ob_003291,kw_003250,,discover,country,United Kingdom,English,Google Search,2025-08-01,2026-07-31,encoded_band,50,10,100,0,-1,Unknown,,,,GBP,returned,2026-09-08,2026-09-08-01-setup,raw/gkp-discover-10-solutions-hub.csv,199
ob_003292,kw_003251,,discover,country,United Kingdom,English,Google Search,2025-08-01,2026-07-31,encoded_band,50,10,100,0,0,Unknown,,,,GBP,returned,2026-09-08,2026-09-08-01-setup,raw/gkp-discover-10-solutions-hub.csv,200
ob_003293,kw_003252,,discover,country,United Kingdom,English,Google Search,2025-08-01,2026-07-31,encoded_band,50,10,100,0,0,Low,3,,,GBP,returned,2026-09-08,2026-09-08-01-setup,raw/gkp-discover-10-solutions-hub.csv,201
ob_003294,kw_003032,,discover,country,United Kingdom,English,Google Search,2025-08-01,2026-07-31,encoded_band,50,10,100,,0,Low,0,,,GBP,returned,2026-09-08,2026-09-08-01-setup,raw/gkp-discover-10-solutions-hub.csv,202
ob_003295,kw_003253,,discover,country,United Kingdom,English,Google Search,2025-08-01,2026-07-31,encoded_band,50,10,100,-1,0,Unknown,,,,GBP,returned,2026-09-08,2026-09-08-01-setup,raw/gkp-discover-10-solutions-hub.csv,203
ob_003296,kw_003254,,discover,country,United Kingdom,English,Google Search,2025-08-01,2026-07-31,encoded_band,500,100,1000,0,9,Low,0,,,GBP,returned,2026-09-08,2026-09-08-01-setup,raw/gkp-discover-10-solutions-hub.csv,204
ob_003297,kw_003255,,discover,country,United Kingdom,English,Google Search,2025-08-01,2026-07-31,encoded_band,50,10,100,,0,Low,0,,,GBP,returned,2026-09-08,2026-09-08-01-setup,raw/gkp-discover-10-solutions-hub.csv,205
ob_003298,kw_003256,,discover,country,United Kingdom,English,Google Search,2025-08-01,2026-07-31,encoded_band,50,10,100,0,0,Low,0,,,GBP,returned,2026-09-08,2026-09-08-01-setup,raw/gkp-discover-10-solutions-hub.csv,206
ob_003299,kw_003257,,discover,country,United Kingdom,English,Google Search,2025-08-01,2026-07-31,encoded_band,50,10,100,0,0,Unknown,,,,GBP,returned,2026-09-08,2026-09-08-01-setup,raw/gkp-discover-10-solutions-hub.csv,207
ob_003300,kw_003258,,discover,country,United Kingdom,English,Google Search,2025-08-01,2026-07-31,encoded_band,50,10,100,0,0,Unknown,,,,GBP,returned,2026-09-08,2026-09-08-01-setup,raw/gkp-discover-10-solutions-hub.csv,208
ob_003301,kw_003259,,discover,country,United Kingdom,English,Google Search,2025-08-01,2026-07-31,encoded_band,500,100,1000,0,0,Low,13,0.65,6.63,GBP,returned,2026-09-08,2026-09-08-01-setup,raw/gkp-discover-10-solutions-hub.csv,209
ob_003302,kw_003260,,discover,country,United Kingdom,English,Google Search,2025-08-01,2026-07-31,encoded_band,50,10,100,0,0,Low,0,,,GBP,returned,2026-09-08,2026-09-08-01-setup,raw/gkp-discover-10-solutions-hub.csv,210
ob_003303,kw_003261,,discover,country,United Kingdom,English,Google Search,2025-08-01,2026-07-31,encoded_band,50,10,100,0,0,Low,0,,,GBP,returned,2026-09-08,2026-09-08-01-setup,raw/gkp-discover-10-solutions-hub.csv,211
ob_003304,kw_003262,,discover,country,United Kingdom,English,Google Search,2025-08-01,2026-07-31,encoded_band,500,100,1000,0,0,Low,9,,,GBP,returned,2026-09-08,2026-09-08-01-setup,raw/gkp-discover-10-solutions-hub.csv,212
ob_003305,kw_003263,,discover,country,United Kingdom,English,Google Search,2025-08-01,2026-07-31,encoded_band,50,10,100,0,0,Low,1,,,GBP,returned,2026-09-08,2026-09-08-01-setup,raw/gkp-discover-10-solutions-hub.csv,213
ob_003306,kw_003264,,discover,country,United Kingdom,English,Google Search,2025-08-01,2026-07-31,encoded_band,500,100,1000,9,0,Low,9,4.38,24.07,GBP,returned,2026-09-08,2026-09-08-01-setup,raw/gkp-discover-10-solutions-hub.csv,214
ob_003307,kw_003265,,discover,country,United Kingdom,English,Google Search,2025-08-01,2026-07-31,encoded_band,50,10,100,-1,0,Unknown,,,,GBP,returned,2026-09-08,2026-09-08-01-setup,raw/gkp-discover-10-solutions-hub.csv,215
ob_003308,kw_003266,,discover,country,United Kingdom,English,Google Search,2025-08-01,2026-07-31,encoded_band,500,100,1000,0,0,Low,17,2.34,14.33,GBP,returned,2026-09-08,2026-09-08-01-setup,raw/gkp-discover-10-solutions-hub.csv,216
ob_003309,kw_003267,,discover,country,United Kingdom,English,Google Search,2025-08-01,2026-07-31,encoded_band,500,100,1000,0,0,Low,8,1.57,9.1,GBP,returned,2026-09-08,2026-09-08-01-setup,raw/gkp-discover-10-solutions-hub.csv,217
ob_003310,kw_003268,,discover,country,United Kingdom,English,Google Search,2025-08-01,2026-07-31,encoded_band,500,100,1000,0,0,High,100,0.17,1.9,GBP,returned,2026-09-08,2026-09-08-01-setup,raw/gkp-discover-10-solutions-hub.csv,218
ob_003311,kw_003269,,discover,country,United Kingdom,English,Google Search,2025-08-01,2026-07-31,encoded_band,50,10,100,-1,0,Unknown,,,,GBP,returned,2026-09-08,2026-09-08-01-setup,raw/gkp-discover-10-solutions-hub.csv,219
ob_003312,kw_003270,,discover,country,United Kingdom,English,Google Search,2025-08-01,2026-07-31,encoded_band,50,10,100,,0,Low,0,,,GBP,returned,2026-09-08,2026-09-08-01-setup,raw/gkp-discover-10-solutions-hub.csv,220
ob_003313,kw_003271,,discover,country,United Kingdom,English,Google Search,2025-08-01,2026-07-31,encoded_band,50,10,100,0,0,Low,32,,,GBP,returned,2026-09-08,2026-09-08-01-setup,raw/gkp-discover-10-solutions-hub.csv,221
ob_003314,kw_003272,,discover,country,United Kingdom,English,Google Search,2025-08-01,2026-07-31,encoded_band,50,10,100,,0,Low,0,,,GBP,returned,2026-09-08,2026-09-08-01-setup,raw/gkp-discover-10-solutions-hub.csv,222
ob_003315,kw_003273,,discover,country,United Kingdom,English,Google Search,2025-08-01,2026-07-31,encoded_band,500,100,1000,-0.9,-0.9,Low,11,2.35,7.17,GBP,returned,2026-09-08,2026-09-08-01-setup,raw/gkp-discover-10-solutions-hub.csv,223
ob_003316,kw_000001,,volumes,country,United Kingdom,English,Google Search,2025-08-01,2026-07-31,encoded_band,,,,,,,,,,GBP,absent,2026-09-08,2026-09-08-01-setup,raw/gkp-volumes-01.csv,3
ob_003317,kw_000041,,volumes,country,United Kingdom,English,Google Search,2025-08-01,2026-07-31,encoded_band,,,,,,,,,,GBP,absent,2026-09-08,2026-09-08-01-setup,raw/gkp-volumes-01.csv,4
ob_003318,kw_000036,,volumes,country,United Kingdom,English,Google Search,2025-08-01,2026-07-31,encoded_band,,,,,,,,,,GBP,absent,2026-09-08,2026-09-08-01-setup,raw/gkp-volumes-01.csv,5
ob_003319,kw_000037,,volumes,country,United Kingdom,English,Google Search,2025-08-01,2026-07-31,encoded_band,,,,,,,,,,GBP,absent,2026-09-08,2026-09-08-01-setup,raw/gkp-volumes-01.csv,6
ob_003320,kw_000038,,volumes,country,United Kingdom,English,Google Search,2025-08-01,2026-07-31,encoded_band,,,,,,,,,,GBP,absent,2026-09-08,2026-09-08-01-setup,raw/gkp-volumes-01.csv,7
ob_003321,kw_000019,,volumes,country,United Kingdom,English,Google Search,2025-08-01,2026-07-31,encoded_band,,,,,,,,,,GBP,absent,2026-09-08,2026-09-08-01-setup,raw/gkp-volumes-01.csv,8
ob_003322,kw_000042,,volumes,country,United Kingdom,English,Google Search,2025-08-01,2026-07-31,encoded_band,,,,,,,,,,GBP,absent,2026-09-08,2026-09-08-01-setup,raw/gkp-volumes-01.csv,9
ob_003323,kw_000002,,volumes,country,United Kingdom,English,Google Search,2025-08-01,2026-07-31,encoded_band,,,,,,,,,,GBP,absent,2026-09-08,2026-09-08-01-setup,raw/gkp-volumes-01.csv,10
ob_003324,kw_000011,,volumes,country,United Kingdom,English,Google Search,2025-08-01,2026-07-31,encoded_band,,,,,,,,,,GBP,absent,2026-09-08,2026-09-08-01-setup,raw/gkp-volumes-01.csv,11
ob_003325,kw_000062,,volumes,country,United Kingdom,English,Google Search,2025-08-01,2026-07-31,encoded_band,,,,,,,,,,GBP,absent,2026-09-08,2026-09-08-01-setup,raw/gkp-volumes-01.csv,12
ob_003326,kw_000003,,volumes,country,United Kingdom,English,Google Search,2025-08-01,2026-07-31,encoded_band,,,,,,,,,,GBP,absent,2026-09-08,2026-09-08-01-setup,raw/gkp-volumes-01.csv,13
ob_003327,kw_000004,,volumes,country,United Kingdom,English,Google Search,2025-08-01,2026-07-31,encoded_band,,,,,,,,,,GBP,absent,2026-09-08,2026-09-08-01-setup,raw/gkp-volumes-01.csv,14
ob_003328,kw_000012,,volumes,country,United Kingdom,English,Google Search,2025-08-01,2026-07-31,encoded_band,,,,,,,,,,GBP,absent,2026-09-08,2026-09-08-01-setup,raw/gkp-volumes-01.csv,15
ob_003329,kw_000020,,volumes,country,United Kingdom,English,Google Search,2025-08-01,2026-07-31,encoded_band,,,,,,,,,,GBP,absent,2026-09-08,2026-09-08-01-setup,raw/gkp-volumes-01.csv,16
ob_003330,kw_000056,,volumes,country,United Kingdom,English,Google Search,2025-08-01,2026-07-31,encoded_band,,,,,,,,,,GBP,absent,2026-09-08,2026-09-08-01-setup,raw/gkp-volumes-01.csv,17
ob_003331,kw_000039,,volumes,country,United Kingdom,English,Google Search,2025-08-01,2026-07-31,encoded_band,,,,,,,,,,GBP,absent,2026-09-08,2026-09-08-01-setup,raw/gkp-volumes-01.csv,18
ob_003332,kw_000067,,volumes,country,United Kingdom,English,Google Search,2025-08-01,2026-07-31,encoded_band,,,,,,,,,,GBP,absent,2026-09-08,2026-09-08-01-setup,raw/gkp-volumes-01.csv,19
ob_003333,kw_000005,,volumes,country,United Kingdom,English,Google Search,2025-08-01,2026-07-31,encoded_band,,,,,,,,,,GBP,absent,2026-09-08,2026-09-08-01-setup,raw/gkp-volumes-01.csv,20
ob_003334,kw_000006,,volumes,country,United Kingdom,English,Google Search,2025-08-01,2026-07-31,encoded_band,,,,,,,,,,GBP,absent,2026-09-08,2026-09-08-01-setup,raw/gkp-volumes-01.csv,21
ob_003335,kw_000007,,volumes,country,United Kingdom,English,Google Search,2025-08-01,2026-07-31,encoded_band,,,,,,,,,,GBP,absent,2026-09-08,2026-09-08-01-setup,raw/gkp-volumes-01.csv,22
ob_003336,kw_000047,,volumes,country,United Kingdom,English,Google Search,2025-08-01,2026-07-31,encoded_band,,,,,,,,,,GBP,absent,2026-09-08,2026-09-08-01-setup,raw/gkp-volumes-01.csv,23
ob_003337,kw_000015,,volumes,country,United Kingdom,English,Google Search,2025-08-01,2026-07-31,encoded_band,,,,,,,,,,GBP,absent,2026-09-08,2026-09-08-01-setup,raw/gkp-volumes-01.csv,24
ob_003338,kw_000048,,volumes,country,United Kingdom,English,Google Search,2025-08-01,2026-07-31,encoded_band,,,,,,,,,,GBP,absent,2026-09-08,2026-09-08-01-setup,raw/gkp-volumes-01.csv,25
ob_003339,kw_000049,,volumes,country,United Kingdom,English,Google Search,2025-08-01,2026-07-31,encoded_band,,,,,,,,,,GBP,absent,2026-09-08,2026-09-08-01-setup,raw/gkp-volumes-01.csv,26
ob_003340,kw_000064,,volumes,country,United Kingdom,English,Google Search,2025-08-01,2026-07-31,encoded_band,,,,,,,,,,GBP,absent,2026-09-08,2026-09-08-01-setup,raw/gkp-volumes-01.csv,27
ob_003341,kw_000021,,volumes,country,United Kingdom,English,Google Search,2025-08-01,2026-07-31,encoded_band,,,,,,,,,,GBP,absent,2026-09-08,2026-09-08-01-setup,raw/gkp-volumes-01.csv,28
ob_003342,kw_000024,,volumes,country,United Kingdom,English,Google Search,2025-08-01,2026-07-31,encoded_band,,,,,,,,,,GBP,absent,2026-09-08,2026-09-08-01-setup,raw/gkp-volumes-01.csv,29
ob_003343,kw_000008,,volumes,country,United Kingdom,English,Google Search,2025-08-01,2026-07-31,encoded_band,,,,,,,,,,GBP,absent,2026-09-08,2026-09-08-01-setup,raw/gkp-volumes-01.csv,30
ob_003344,kw_000044,,volumes,country,United Kingdom,English,Google Search,2025-08-01,2026-07-31,encoded_band,,,,,,,,,,GBP,absent,2026-09-08,2026-09-08-01-setup,raw/gkp-volumes-01.csv,31
ob_003345,kw_000034,,volumes,country,United Kingdom,English,Google Search,2025-08-01,2026-07-31,encoded_band,,,,,,,,,,GBP,absent,2026-09-08,2026-09-08-01-setup,raw/gkp-volumes-01.csv,32
ob_003346,kw_000052,,volumes,country,United Kingdom,English,Google Search,2025-08-01,2026-07-31,encoded_band,,,,,,,,,,GBP,absent,2026-09-08,2026-09-08-01-setup,raw/gkp-volumes-01.csv,33
ob_003347,kw_000045,,volumes,country,United Kingdom,English,Google Search,2025-08-01,2026-07-31,encoded_band,,,,,,,,,,GBP,absent,2026-09-08,2026-09-08-01-setup,raw/gkp-volumes-01.csv,34
ob_003348,kw_000046,,volumes,country,United Kingdom,English,Google Search,2025-08-01,2026-07-31,encoded_band,,,,,,,,,,GBP,absent,2026-09-08,2026-09-08-01-setup,raw/gkp-volumes-01.csv,35
ob_003349,kw_000058,,volumes,country,United Kingdom,English,Google Search,2025-08-01,2026-07-31,encoded_band,,,,,,,,,,GBP,absent,2026-09-08,2026-09-08-01-setup,raw/gkp-volumes-01.csv,36
ob_003350,kw_000017,,volumes,country,United Kingdom,English,Google Search,2025-08-01,2026-07-31,encoded_band,,,,,,,,,,GBP,absent,2026-09-08,2026-09-08-01-setup,raw/gkp-volumes-01.csv,37
ob_003351,kw_000009,,volumes,country,United Kingdom,English,Google Search,2025-08-01,2026-07-31,encoded_band,,,,,,,,,,GBP,absent,2026-09-08,2026-09-08-01-setup,raw/gkp-volumes-01.csv,38
ob_003352,kw_000059,,volumes,country,United Kingdom,English,Google Search,2025-08-01,2026-07-31,encoded_band,,,,,,,,,,GBP,absent,2026-09-08,2026-09-08-01-setup,raw/gkp-volumes-01.csv,39
ob_003353,kw_000060,,volumes,country,United Kingdom,English,Google Search,2025-08-01,2026-07-31,encoded_band,,,,,,,,,,GBP,absent,2026-09-08,2026-09-08-01-setup,raw/gkp-volumes-01.csv,40
ob_003354,kw_000065,,volumes,country,United Kingdom,English,Google Search,2025-08-01,2026-07-31,encoded_band,,,,,,,,,,GBP,absent,2026-09-08,2026-09-08-01-setup,raw/gkp-volumes-01.csv,41
ob_003355,kw_000010,,volumes,country,United Kingdom,English,Google Search,2025-08-01,2026-07-31,encoded_band,,,,,,,,,,GBP,absent,2026-09-08,2026-09-08-01-setup,raw/gkp-volumes-01.csv,42
ob_003356,kw_000018,,volumes,country,United Kingdom,English,Google Search,2025-08-01,2026-07-31,encoded_band,,,,,,,,,,GBP,absent,2026-09-08,2026-09-08-01-setup,raw/gkp-volumes-01.csv,43
ob_003357,kw_000066,,volumes,country,United Kingdom,English,Google Search,2025-08-01,2026-07-31,encoded_band,,,,,,,,,,GBP,absent,2026-09-08,2026-09-08-01-setup,raw/gkp-volumes-01.csv,44
ob_003358,kw_000061,,volumes,country,United Kingdom,English,Google Search,2025-08-01,2026-07-31,encoded_band,,,,,,,,,,GBP,absent,2026-09-08,2026-09-08-01-setup,raw/gkp-volumes-01.csv,45
ob_003359,kw_000026,,volumes,country,United Kingdom,English,Google Search,2025-08-01,2026-07-31,encoded_band,,,,,,,,,,GBP,absent,2026-09-08,2026-09-08-01-setup,raw/gkp-volumes-01.csv,46
