url,status,title,title_length,meta_description,meta_description_length,canonical,og_title,og_description,og_image,og_type,h1,h2,h3,word_count,collected_at
https://www.orangejelly.co.uk/,200,Hospitality Marketing That Fills Seats | From a Real Publican,61,Hospitality marketing proven at a real pub. We grew table bookings 403% and food revenue 98% at The Anchor. Packages from £375 + VAT.,133,https://www.orangejelly.co.uk,Hospitality Marketing That Fills Seats | From a Real Publican,Hospitality marketing proven at a real pub. We grew table bookings 403% and food revenue 98% at The Anchor. Packages from £375 + VAT.,https://www.orangejelly.co.uk/images/og-default.jpg,website,Hospitality marketing from a working pub. Proven packages that fill seats.,Seasonal Playbooks | Where Hospitality Growth Gets Stuck | Clear Packages. Honest Pricing. | Everything We Can Help With | Built in a Real Venue | Real Results from The Anchor | Latest Pub Marketing Guides | Areas We Cover | Frequently Asked Questions | Ready to Fill More Seats?,Summer Pub Playbook | Autumn Pub Playbook | Christmas Pub Playbook | Empty Tables Midweek | Pub Struggling? | Empty Pub | Competing with Chains | Pub in Crisis? | No Marketing Budget? | Growth Fix | Momentum Month | Growth Partner | Turnaround Intensive | Summer Pub Marketing: Five Ways to Turn Footfall into Revenue | Autumn Pub Event Ideas: The Playbook for Sept–Nov | Autumn Internationals 2026: Fill Your Pub for the Rugby | Black Friday Ideas for Pubs: Turn It Into Bookings | Beer Festival & Cask Ale Week: A 10-Day Plan for Pubs | The Christmas Pub Playbook: How to Fill December and Ring in the New Year | Coffee Morning Ideas for Pubs: Fundraising That Works | National Vodka Day & Drinks Days: A Pub Calendar | Oktoberfest Ideas for Pubs: How to Host Your Own | Surrey | London | Berkshire | Buckinghamshire | Hampshire | Hertfordshire | Kent | Oxfordshire | Which package is right for my pub? | How quickly can Orange Jelly create momentum? | What makes Orange Jelly different from a typical agency? | Do you offer payment plans? | Orange Jelly,1288,2026-07-07T06:12:25.467642+00:00
https://www.orangejelly.co.uk/licensees-guide/pub-marketing-plan-2026-monthly-guide,200,Your Pub Marketing Plan for 2026: Month-by-Month Guide,54,"Month-by-month pub marketing plan for 2026. What to promote, events to run, social media themes, and how to build momentum across the year.",139,https://www.orangejelly.co.uk/licensees-guide/pub-marketing-plan-2026-monthly-guide,Your Pub Marketing Plan for 2026: Month-by-Month Guide,"Month-by-month pub marketing plan for 2026. What to promote, events to run, social media themes, and how to build momentum across the year.",https://www.orangejelly.co.uk/images/blog/pub-marketing-plan-2026-monthly-guide.svg,article,Your Pub Marketing Plan for 2026: Month-by-Month Guide,How to use this calendar | January: The Reset Month | February: Six Nations and Valentine's Day | March: Mother's Day and Spring Momentum | April: Easter and Outdoor Trade Begins | May: Bank Holidays and Building to Summer | June: Father's Day and Peak Summer Starts | July: Peak Season | August: Last Push of Summer | September: The Autumn Reset | October: Halloween and Bonfire Build-Up | November: Bonfire Night and Christmas Acceleration | December: Deliver and Close Strong | Building momentum across the year | Common mistakes | The bottom line | Keep reading,What to promote | What to plan ahead | Social media focus | What to promote | What to plan ahead | Social media focus | What to promote | What to plan ahead | Social media focus | What to promote | What to plan ahead | Social media focus | What to promote | What to plan ahead | Social media focus | What to promote | What to plan ahead | Social media focus | What to promote | What to plan ahead | Social media focus | What to promote | What to plan ahead | Social media focus | What to promote | What to plan ahead | Social media focus | What to promote | What to plan ahead | Social media focus | What to promote | What to plan ahead | Social media focus | What to promote | What to plan ahead | Social media focus | Weekly planning rhythm | Build your database | Use social media consistently | Track what works | Reclaim hours every week | Want hands-on help? | How we can help | Peter Pitcher | Keep exploring proven tactics | Summer Pub Marketing: Five Ways to Turn Footfall into Revenue | Instagram Marketing for Pubs: Turn Food Photos Into Foot Traffic | Pub Chalkboard & A-Board Ideas That Actually Drive Footfall | Orange Jelly,4079,2026-07-07T06:12:25.467642+00:00
https://www.orangejelly.co.uk/licensees-guide/autumn-rugby-nations-championship-pubs,200,Autumn Internationals 2026: Fill Your Pub for the Rugby,55,"Fill your pub for the autumn internationals, November 2026. Where to watch rugby, fixtures, table bookings and a screen and sound checklist for licensees.",154,https://www.orangejelly.co.uk/licensees-guide/autumn-rugby-nations-championship-pubs,Autumn Internationals 2026: Fill Your Pub for the Rugby,"Fill your pub for the autumn internationals, November 2026. Where to watch rugby, fixtures, table bookings and a screen and sound checklist for licensees.",https://www.orangejelly.co.uk/images/blog/autumn-rugby-nations-championship-pubs.svg,article,Autumn Internationals 2026: Fill Your Pub for the Rugby,Why the autumn internationals fill a pub | The autumn internationals fixtures: November 2026 | Take table bookings before kick-off | Match platters and packages | Your screen and sound checklist | The Finals Weekend angle | Turning rugby crowds into Christmas bookings | Your first move | FAQs | Keep reading,Want hands-on help? | How we can help | Peter Pitcher | Keep exploring proven tactics | Autumn Pub Event Ideas: The Playbook for Sept–Nov | Black Friday Ideas for Pubs: Turn It Into Bookings | Beer Festival & Cask Ale Week: A 10-Day Plan for Pubs | Orange Jelly,2443,2026-07-07T06:12:25.467642+00:00
https://www.orangejelly.co.uk/licensees-guide/pub-new-years-eve-planning-guide,200,"New Year's Eve for Pubs: Planning, Pricing & Promotion",54,"Plan a profitable pub New Year's Eve. Ticketing vs walk-in, pricing psychology, menu planning, entertainment, staffing, and how to convert NYE visitors into January regulars.",174,https://www.orangejelly.co.uk/licensees-guide/pub-new-years-eve-planning-guide,"New Year's Eve for Pubs: Planning, Pricing & Promotion","Plan a profitable pub New Year's Eve. Ticketing vs walk-in, pricing psychology, menu planning, entertainment, staffing, and how to convert NYE visitors into January regulars.",https://www.orangejelly.co.uk/images/blog/pub-new-years-eve-planning-guide.svg,article,"New Year's Eve for Pubs: Planning, Pricing & Promotion",Ticketed event or walk-in: which model fits your pub? | Pricing psychology: perceived value versus price resistance | Menu planning for the busiest night | Entertainment that matches your crowd | Staffing the busiest night of the year | The midnight moment | Converting NYE visitors into January regulars | Your six-week NYE planning timeline | Do not forget Valentine's Day | Common NYE mistakes to avoid | The bottom line | Keep reading,Ticketed entry | Walk-in with pre-booked packages | Pure walk-in | Want hands-on help? | How we can help | Peter Pitcher | Keep exploring proven tactics | Autumn Pub Event Ideas: The Playbook for Sept–Nov | Autumn Internationals 2026: Fill Your Pub for the Rugby | Black Friday Ideas for Pubs: Turn It Into Bookings | Orange Jelly,3000,2026-07-07T06:12:25.467642+00:00
https://www.orangejelly.co.uk/licensees-guide/category/property,200,Property - The Licensee's Guide | Orange Jelly,46,"Location challenges, refurbishment, supplier and brewery relations",66,https://www.orangejelly.co.uk/licensees-guide/category/property,Property - The Licensee's Guide | Orange Jelly,"Location challenges, refurbishment, supplier and brewery relations",https://www.orangejelly.co.uk/images/og-default.jpg,website,Property,,Village Pub in a Dying Village? Survival Strategies That Actually Work | Orange Jelly,233,2026-07-07T06:12:25.467642+00:00
https://www.orangejelly.co.uk/licensees-guide/cashflow-fixes-when-trade-drops,200,Pub Cashflow Fixes When Trade Drops Fast,40,"Immediate cashflow fixes for pubs when trade drops. 13-week forecast, supplier talks, upsells, and emergency sales drives to stabilise your bar.",144,https://www.orangejelly.co.uk/licensees-guide/cashflow-fixes-when-trade-drops,Pub Cashflow Fixes When Trade Drops Fast,"Immediate cashflow fixes for pubs when trade drops. 13-week forecast, supplier talks, upsells, and emergency sales drives to stabilise your bar.",https://www.orangejelly.co.uk/images/blog/cashflow-fixes-when-trade-drops.png,article,Cashflow Fixes: Immediate Steps When Trade Drops Off a Cliff,Step 1: Build the daily cash war room | Step 2: Triage costs by impact | Step 3: Convert stock into cash | Step 4: Sell future value today | Step 5: Focus the team on contribution | Step 6: Protect the marketing that works | Step 7: Talk to the landlord early | Common mistakes | Quick checklist | Mini FAQ | Keep reading,Want hands-on help? | How we can help | Peter Pitcher | Keep exploring proven tactics | How to Attract Families to Your Pub: Activities That Fill Tables | Why Your EPOS Data Is the Key to a Revenue Comeback | Energy Bill Shock? Immediate Ways to Cut Venue Costs | Orange Jelly,1087,2026-07-07T06:12:25.467642+00:00
https://www.orangejelly.co.uk/licensees-guide/category/revenue-growth,200,Revenue & Growth - The Licensee's Guide | Orange Jelly,54,"Cash flow, pricing, sales tactics, and financial planning for pubs",66,https://www.orangejelly.co.uk/licensees-guide/category/revenue-growth,Revenue & Growth - The Licensee's Guide | Orange Jelly,"Cash flow, pricing, sales tactics, and financial planning for pubs",https://www.orangejelly.co.uk/images/og-default.jpg,website,Revenue & Growth,,How to Attract Families to Your Pub: Activities That Fill Tables | Why Your EPOS Data Is the Key to a Revenue Comeback | Energy Bill Shock? Immediate Ways to Cut Venue Costs | Your Drinks Are Making Half The Profit They Should - Here's The Fix | Cashflow Fixes: Immediate Steps When Trade Drops Off a Cliff | Upselling Secrets: Training Scripts That Don't Sound Pushy | Winter's Coming: Your Simple Guide to Turning Cold Weather Into Cash | Survive the Off-Season: Packages That Keep Revenue Coming | Rescue Your Margins: The Drinks Mix That Keeps Money in the Till | Handling Rent and Supplier Negotiations When Cash Is Tight | Cash Flow Crisis Every Month? Breaking the Feast-or-Famine Cycle | Menu Engineering Tricks to Lift Average Spend Fast | Orange Jelly,651,2026-07-07T06:12:25.467642+00:00
https://www.orangejelly.co.uk/licensees-guide/low-budget-pub-marketing-ideas,200,Low Budget Pub Marketing Ideas (Free and Cheap),47,"25 low budget pub marketing ideas that actually work. Free and cheap tactics to fill your pub, tested by a licensee. No agency fees required.",141,https://www.orangejelly.co.uk/licensees-guide/low-budget-pub-marketing-ideas,Low Budget Pub Marketing Ideas (Free and Cheap),"25 low budget pub marketing ideas that actually work. Free and cheap tactics to fill your pub, tested by a licensee. No agency fees required.",https://www.orangejelly.co.uk/images/blog/low-budget-pub-marketing-ideas.webp,article,25 Low Budget Pub Marketing Ideas That Actually Work,Pillar 1: Visibility in the community | Pillar 2: Social proof | Pillar 3: Partnerships | Pillar 4: In-pub conversion | Pillar 5: Retention | Common mistakes | Quick checklist | Mini FAQ | Keep reading,Need help putting this into practice? | How we can help | Peter Pitcher | Keep exploring proven tactics | How to Fill Empty Pub Tables: 15 Strategies That Actually Work | Community Outreach Ideas That Reintroduce Your Pub to the Neighbourhood | Start Planning Christmas Now: 30 Festive Ideas to Secure December Bookings Early | Orange Jelly,903,2026-07-07T06:12:25.467642+00:00
https://www.orangejelly.co.uk/ways-to-work/growth-fix,200,Growth Fix — Solve One Pub Problem Fast | From £375 + VAT,57,Solve one clear pub problem fast. The Growth Fix gives you a focused action plan and one targeted intervention in just 5 hours. From £375 + VAT.,144,https://www.orangejelly.co.uk/ways-to-work/growth-fix,Growth Fix — Solve One Pub Problem Fast | From £375 + VAT,Solve one clear pub problem fast. The Growth Fix gives you a focused action plan and one targeted intervention in just 5 hours. From £375 + VAT.,https://www.orangejelly.co.uk/images/og-default.jpg,website,Growth Fix,What's included | Light-touch support | Available as add-ons | To keep this package focused | How it works | Results from The Anchor | Ready to get started?,Flexible payment options available | Orange Jelly,493,2026-07-07T06:12:25.467642+00:00
https://www.orangejelly.co.uk/licensees-guide/young-people-wont-come-to-your-pub,200,Attract Young People to Your Pub (18-30s Guide),47,"Proven strategies to attract 18-30s to your pub. Instagram moments, events they want, and atmosphere fixes that beat their sofa. No gimmicks.",141,https://www.orangejelly.co.uk/licensees-guide/young-people-wont-come-to-your-pub,Attract Young People to Your Pub (18-30s Guide),"Proven strategies to attract 18-30s to your pub. Instagram moments, events they want, and atmosphere fixes that beat their sofa. No gimmicks.",https://www.orangejelly.co.uk/images/blog/young-people-wont-come-to-your-pub.png,article,Young People Won't Come to Your Pub? Here's How to Change That,"The Real Problem (It's Not What You Think) | Create Instagram-Worthy Moments (Without Being Cringe) | Events They Actually Want | The Non-Alcoholic Revolution | Build a Vibe, Not a Venue | Staff Are Everything | The Community Approach | Digital Presence That Doesn't Try Too Hard | Price It Right | Start Small, Test Everything | The Results You Can Expect | Your Action Plan | Frequently Asked Questions | Keep reading",Won't I alienate my older regulars? | How do I stop it becoming a rowdy student bar? | What if I can't afford renovations? | Should I get on TikTok? | Want hands-on help? | How we can help | Peter Pitcher | Keep exploring proven tactics | Summer Pub Marketing: Five Ways to Turn Footfall into Revenue | Your Pub Marketing Plan for 2026: Month-by-Month Guide | Instagram Marketing for Pubs: Turn Food Photos Into Foot Traffic | Orange Jelly,1710,2026-07-07T06:12:25.467642+00:00
https://www.orangejelly.co.uk/licensees-guide/village-pub-dying-village-survival,200,Village Pub Survival: When Your Village Shrinks,47,"Transform a struggling village pub into a destination. Wider catchment strategies, multi-use spaces, and digital tactics for rural pubs.",136,https://www.orangejelly.co.uk/licensees-guide/village-pub-dying-village-survival,Village Pub Survival: When Your Village Shrinks,"Transform a struggling village pub into a destination. Wider catchment strategies, multi-use spaces, and digital tactics for rural pubs.",https://www.orangejelly.co.uk/images/blog/village-pub-dying-village-survival.png,article,Village Pub in a Dying Village? Survival Strategies That Actually Work,"Step 1: Accept the new reality | Step 2: Become a destination, not a default | Step 3: Build a multi-purpose model | Step 4: Invest in the visitor economy | Step 5: Strengthen digital presence | Step 6: Keep the community heart | Common mistakes | Quick checklist | Mini FAQ | Keep reading",Want hands-on help? | How we can help | Peter Pitcher | Keep exploring proven tactics | Summer Pub Marketing: Five Ways to Turn Footfall into Revenue | Autumn Pub Event Ideas: The Playbook for Sept–Nov | Autumn Internationals 2026: Fill Your Pub for the Rugby | Orange Jelly,877,2026-07-07T06:12:25.467642+00:00
https://www.orangejelly.co.uk/licensees-guide/pub-six-nations-rugby-marketing,200,Six Nations 2026: How to Make the Most of Rugby in Your Pub,59,"How to screen Six Nations rugby in your pub. Setup, food and drink deals, booking systems, social media promotion, and converting match-day visitors into regulars.",163,https://www.orangejelly.co.uk/licensees-guide/pub-six-nations-rugby-marketing,Six Nations 2026: How to Make the Most of Rugby in Your Pub,"How to screen Six Nations rugby in your pub. Setup, food and drink deals, booking systems, social media promotion, and converting match-day visitors into regulars.",https://www.orangejelly.co.uk/images/blog/pub-six-nations-rugby-marketing.svg,article,Six Nations 2026: How to Make the Most of Rugby in Your Pub,Getting your screening setup right | Food and drink deals that protect your GP | Setting up a booking system | Social media promotion | Converting match-day visitors into regulars | Planning beyond the Six Nations | Common mistakes to avoid | The bottom line | Keep reading,"Screens vs projectors | Commercial subscriptions | Room layout for match days | Bundle, do not discount | Drinks to push | Keep it simple | Managing capacity | Three weeks out | Two weeks out | One week out | Match day | Day after | Capture contact details | Follow up within 48 hours | Create a reason to return | Kit and infrastructure | Want hands-on help? | How we can help | Peter Pitcher | Keep exploring proven tactics | Autumn Pub Event Ideas: The Playbook for Sept–Nov | Autumn Internationals 2026: Fill Your Pub for the Rugby | Black Friday Ideas for Pubs: Turn It Into Bookings | Orange Jelly",2634,2026-07-07T06:12:25.467642+00:00
https://www.orangejelly.co.uk/pub-marketing-buckinghamshire,200,Pub Marketing in Buckinghamshire — Grow Your Trade | Orange Jelly,65,"Pub marketing for Buckinghamshire pubs in Aylesbury, High Wycombe, and the Chilterns. Google visibility, events, and social media. Packages from £375 + VAT.",156,https://www.orangejelly.co.uk/pub-marketing-buckinghamshire,Pub Marketing in Buckinghamshire — Grow Your Trade | Orange Jelly,"Pub marketing for Buckinghamshire pubs in Aylesbury, High Wycombe, and the Chilterns. Google visibility, events, and social media. Packages from £375 + VAT.",https://www.orangejelly.co.uk/images/og-default.jpg,website,Pub Marketing for Buckinghamshire Pubs,What works in Buckinghamshire (and what doesn't) | What's working for Buckinghamshire pubs right now | Where to start | Also Serving Pubs Across the South East | Want more customers through the door in Buckinghamshire? | Common Questions,Chilterns walker and family trade | Compete in the gastropub market | Build a midweek rhythm | Christmas and seasonal events | Start with pub marketing fundamentals | Build midweek momentum | See our packages | Can you help food-led pubs compete in Buckinghamshire? | What about village pubs in the Chilterns? | Is Milton Keynes a different market? | Orange Jelly,638,2026-07-07T06:12:25.467642+00:00
https://www.orangejelly.co.uk/pub-marketing-london,200,Pub Marketing in London — Fill Seats in a Busy City | Orange Jelly,66,"Pub marketing for London venues. Local SEO, events, social media, and Google visibility from a working publican. Packages from £375 + VAT.",138,https://www.orangejelly.co.uk/pub-marketing-london,Pub Marketing in London — Fill Seats in a Busy City | Orange Jelly,"Pub marketing for London venues. Local SEO, events, social media, and Google visibility from a working publican. Packages from £375 + VAT.",https://www.orangejelly.co.uk/images/og-default.jpg,website,Pub Marketing for London Pubs,What works in London (and what doesn't) | What's working for London pubs right now | Where to start | Also Serving Pubs Across the South East | Want more customers through the door in London? | Common Questions,Own your postcode on Google | Build daytime revenue | Christmas party machine | Stand out from chains | Start with pub marketing fundamentals | Build midweek momentum | See our packages | Do you work with London pubs specifically? | Can you help us compete with craft beer bars and chains? | How do we make the most of tourist season? | Orange Jelly,666,2026-07-07T06:12:25.467642+00:00
https://www.orangejelly.co.uk/fix-my-pub,200,Fix My Pub — Emergency Turnaround Help From a Working Licensee | Orange Jelly,77,"Pub in crisis or just struggling? I run one myself. Tell me what is wrong and I will show you the fastest fix — diagnosis, reset plan, and hands-on support. Packages from £375 + VAT.",182,https://www.orangejelly.co.uk/fix-my-pub,Fix My Pub — Emergency Turnaround Help From a Working Licensee | Orange Jelly,"Pub in crisis or just struggling? I run one myself. Tell me what is wrong and I will show you the fastest fix — diagnosis, reset plan, and hands-on support. Packages from £375 + VAT.",https://www.orangejelly.co.uk/images/og-default.jpg,website,Pub Struggling? Let's Fix It.,Most Pubs Do Not Need More Ideas. They Need One Clear Priority. | How We Turned The Anchor Around | The Right Package for Your Situation | Common Questions | Ready to Fix What Is Holding Your Pub Back?,"Full Turnaround Needed? | Turnaround Intensive | Just Need a Focused Fix? | Growth Fix | How quickly can you help a struggling pub? | What if my pub just needs a small fix, not a full turnaround? | Do you only work with pubs in crisis? | Orange Jelly",678,2026-07-07T06:12:25.467642+00:00
https://www.orangejelly.co.uk/licensees-guide/instagram-marketing-for-pubs,200,Instagram Marketing for Pubs (What to Post),43,"Instagram marketing for pubs: what to post, when to post, and how to turn food photos into foot traffic. Simple system from a working pub.",138,https://www.orangejelly.co.uk/licensees-guide/instagram-marketing-for-pubs,Instagram Marketing for Pubs (What to Post),"Instagram marketing for pubs: what to post, when to post, and how to turn food photos into foot traffic. Simple system from a working pub.",https://www.orangejelly.co.uk/images/blog/instagram-marketing-for-pubs.png,article,Instagram Marketing for Pubs: Turn Food Photos Into Foot Traffic,Step 1: Set a visual standard | Step 2: Build three content pillars | Step 3: Post with a clear CTA | Step 4: Use stories for urgency | Step 5: Engage locally | Common mistakes | Quick checklist | Mini FAQ | Keep reading,Want hands-on help? | How we can help | Peter Pitcher | Keep exploring proven tactics | Summer Pub Marketing: Five Ways to Turn Footfall into Revenue | Your Pub Marketing Plan for 2026: Month-by-Month Guide | Pub Chalkboard & A-Board Ideas That Actually Drive Footfall | Orange Jelly,866,2026-07-07T06:12:25.467642+00:00
https://www.orangejelly.co.uk/licensees-guide/pub-refurbishment-on-budget,200,Pub Refurbishment on a Budget: Fix First Guide,46,"Budget pub refurbishment priorities under 5K. Lighting, paint, seating, and photo spots that bring customers back. Real costs and DIY solutions.",144,https://www.orangejelly.co.uk/licensees-guide/pub-refurbishment-on-budget,Pub Refurbishment on a Budget: Fix First Guide,"Budget pub refurbishment priorities under 5K. Lighting, paint, seating, and photo spots that bring customers back. Real costs and DIY solutions.",https://www.orangejelly.co.uk/images/blog/pub-refurbishment-on-budget.png,article,Should You Refurb Your Pub? What to Fix First for Under £5K,"Phase 1: Quick wins (under 1,000) | Phase 2: Comfort upgrades (1,000 to 2,500) | Phase 3: Statement moments (2,500 to 5,000) | Where to avoid spending | Common mistakes | Quick checklist | Mini FAQ | Keep reading",Need help putting this into practice? | How we can help | Peter Pitcher | Keep exploring proven tactics | How to Fill Empty Pub Tables: 15 Strategies That Actually Work | Community Outreach Ideas That Reintroduce Your Pub to the Neighbourhood | Start Planning Christmas Now: 30 Festive Ideas to Secure December Bookings Early | Orange Jelly,875,2026-07-07T06:12:25.467642+00:00
https://www.orangejelly.co.uk/pub-marketing-berkshire,200,Pub Marketing for Berkshire Pubs — Proven Systems | Orange Jelly,64,"Pub marketing consultant for Berkshire pubs in Reading, Windsor, Maidenhead, and beyond. Events, social media, and local SEO. Packages from £375 + VAT.",151,https://www.orangejelly.co.uk/pub-marketing-berkshire,Pub Marketing for Berkshire Pubs — Proven Systems | Orange Jelly,"Pub marketing consultant for Berkshire pubs in Reading, Windsor, Maidenhead, and beyond. Events, social media, and local SEO. Packages from £375 + VAT.",https://www.orangejelly.co.uk/images/og-default.jpg,website,Pub Marketing for Berkshire Pubs,What works in Berkshire (and what doesn't) | What's working for Berkshire pubs right now | Where to start | Also Serving Pubs Across the South East | Let's talk about your Berkshire pub | Common Questions,Royal Ascot and event trade | Win the gastropub battle | M4 corridor commuter trade | Function and private hire | Start with pub marketing fundamentals | Build midweek momentum | See our packages | Do you know the Berkshire pub market? | Can you help us make the most of Royal Ascot week? | How do we compete with gastropubs in Windsor and Henley? | Orange Jelly,628,2026-07-07T06:12:25.467642+00:00
https://www.orangejelly.co.uk/licensees-guide/quiet-monday-night-promotions,200,Monday Night Pub Promotions That Actually Work,46,"Monday night pub ideas beyond another quiz. Craft clubs, skill-sharing, and community socials tested at The Anchor that build weekly regulars.",142,https://www.orangejelly.co.uk/licensees-guide/quiet-monday-night-promotions,Monday Night Pub Promotions That Actually Work,"Monday night pub ideas beyond another quiz. Craft clubs, skill-sharing, and community socials tested at The Anchor that build weekly regulars.",https://www.orangejelly.co.uk/images/blog/quiet-monday-night-promotions.png,article,Monday Night Pub Promotions That Actually Work (Not Another Quiz Night),The Monday rule: keep it simple | Four formats that actually work | Marketing rhythm | Common mistakes | Quick checklist | Mini FAQ | Keep reading,Want hands-on help? | How we can help | Peter Pitcher | Keep exploring proven tactics | Autumn Pub Event Ideas: The Playbook for Sept–Nov | Autumn Internationals 2026: Fill Your Pub for the Rugby | Black Friday Ideas for Pubs: Turn It Into Bookings | Orange Jelly,868,2026-07-07T06:12:25.467642+00:00
https://www.orangejelly.co.uk/licensees-guide/premium-pub-positioning,200,Premium Pub Positioning: Go Upmarket Profitably,47,"Position your pub as a premium destination. Craft drinks, chef partnerships, tasting events, and service upgrades that justify higher prices.",141,https://www.orangejelly.co.uk/licensees-guide/premium-pub-positioning,Premium Pub Positioning: Go Upmarket Profitably,"Position your pub as a premium destination. Craft drinks, chef partnerships, tasting events, and service upgrades that justify higher prices.",https://www.orangejelly.co.uk/images/blog/premium-pub-positioning.png,article,Premium Pub Positioning: How to Go Upmarket and Increase Profits,The Premium Paradox: Why Expensive Can Be More Attractive | Understanding the Premium Customer Mindset | The Five Pillars of Premium Positioning | Strategic Implementation: The Transformation Roadmap | Pricing Psychology: The Art of Premium | Premium Marketing: Attracting the Right Customers | Managing the Transition: Common Challenges | Measuring Premium Success | Examples from the Trade: Premium Positioning | FAQs | Your Premium Positioning Action Plan | The Premium Promise | Frequently Asked Questions | Keep reading,"The Premium Pub Customer: | What They're NOT: | 1. Product Excellence: The Non-Negotiable Foundation | 2. Service Sophistication: The Emotional Differentiator | 3. Atmosphere Architecture: Designing Premium Feelings | 4. Experience Engineering: Beyond Food and Drink | 5. Brand Building: Perception Management | Phase 1: Foundation (Months 1-3) | Phase 2: Evolution (Months 4-6) | Phase 3: Establishment (Months 7-12) | The Price-Quality Signal | Justifying Premium Prices | Digital Sophistication | Partnership Positioning | Challenge 1: Existing Customer Resistance | Challenge 2: Staff Capability | Challenge 3: Cash Flow During Transition | Financial Metrics | Quality Metrics | Brand Metrics | The Marksman, London | The Pipe and Glass, Yorkshire | The Sportsman, Kent | Won't I lose all my regular customers? | How much investment is required? | What if there's no premium market locally? | How quickly can I increase prices? | Should I change my pub's name? | What's the biggest mistake in going premium? | Week 1-2: Research and Reality Check | Week 3-4: Strategy Development | Month 2: Foundation Changes | Month 3-6: Build Momentum | Month 6-12: Embed Excellence | How quickly will I see results? | How much will this cost to implement? | Can this work for my type of pub? | Do you offer payment plans? | Do you offer payment plans? | Want hands-on help? | How we can help | Peter Pitcher | Keep exploring proven tactics | Summer Pub Marketing: Five Ways to Turn Footfall into Revenue | Your Pub Marketing Plan for 2026: Month-by-Month Guide | Instagram Marketing for Pubs: Turn Food Photos Into Foot Traffic | Orange Jelly",2481,2026-07-07T06:12:25.467642+00:00
https://www.orangejelly.co.uk/licensees-guide/pub-wages-labour-costs-guide,200,Pub Wages and Labour Costs: What to Pay and How to Control Costs,64,"What to pay pub staff in the UK and how to keep labour costs under 30%. Realistic rates by role, rota tips, and benchmarks from a working licensee.",147,https://www.orangejelly.co.uk/licensees-guide/pub-wages-labour-costs-guide,Pub Wages and Labour Costs: What to Pay and How to Control Costs,"What to pay pub staff in the UK and how to keep labour costs under 30%. Realistic rates by role, rota tips, and benchmarks from a working licensee.",https://www.orangejelly.co.uk/images/blog/pub-wages-labour-costs-guide.svg,article,Pub Wages and Labour Costs: What to Pay and How to Control Costs,The real cost of employing someone | Current UK wage rates for pub roles | Calculating your labour cost percentage | Rota optimisation: where the real gains live | Overtime versus hiring: when to make the call | Tips legislation: what you need to know | Seasonal staffing: flex without chaos | Keeping good people without breaking the budget | Your action plan | Results you can expect | Common objections | The bottom line | Keep reading,Bar staff | Kitchen | Management | The benchmarks | Use EPOS data to match staffing to trade | Stagger shifts | Cross-train your team | The four-week rolling rota | Building a flexible team structure | Adjusting for the quiet months | This week | Within 30 days | Within 90 days | Want hands-on help? | How we can help | Peter Pitcher | Keep exploring proven tactics | Wet-Led vs Food-Led Pubs: Understanding Your Revenue Model | Food Allergies and GDPR: The Compliance Nightmares That Could Close You Down | How Much Profit Does a Pub Make? Realistic Numbers for 2026 | Orange Jelly,3226,2026-07-07T06:12:25.467642+00:00
https://www.orangejelly.co.uk/licensees-guide/win-back-locals-after-slow-trade,200,Win Back Pub Locals After Months of Slow Trade,46,"A reconnection plan to bring locals back to your pub. Personal invites, 30-day return sequences, and trust-rebuilding tactics that work fast.",141,https://www.orangejelly.co.uk/licensees-guide/win-back-locals-after-slow-trade,Win Back Pub Locals After Months of Slow Trade,"A reconnection plan to bring locals back to your pub. Personal invites, 30-day return sequences, and trust-rebuilding tactics that work fast.",https://www.orangejelly.co.uk/images/blog/win-back-locals-after-slow-trade.png,article,How to Win Back Locals After Months of Slow Trade,Step 1: Own the story | Step 2: Build a lapsed regulars list | Step 3: Send personal invitations | Step 4: Create a 30-day drumbeat | Step 5: Celebrate their return | Step 6: Keep the loop alive | Common mistakes | Quick checklist | Mini FAQ | Keep reading,Want hands-on help? | How we can help | Peter Pitcher | Keep exploring proven tactics | Summer Pub Marketing: Five Ways to Turn Footfall into Revenue | Your Pub Marketing Plan for 2026: Month-by-Month Guide | Instagram Marketing for Pubs: Turn Food Photos Into Foot Traffic | Orange Jelly,886,2026-07-07T06:12:25.467642+00:00
https://www.orangejelly.co.uk/ways-to-work,200,"Pub Marketing Packages — Clear Pricing, Real Expertise | Orange Jelly",69,Four clear packages for pub and hospitality marketing. From a one-off Growth Fix to ongoing Growth Partner support. Payment plans available. No hidden fees.,156,https://www.orangejelly.co.uk/ways-to-work,"Pub Marketing Packages — Clear Pricing, Real Expertise | Orange Jelly",Four clear packages for pub and hospitality marketing. From a one-off Growth Fix to ongoing Growth Partner support. Payment plans available. No hidden fees.,https://www.orangejelly.co.uk/images/og-default.jpg,website,Clear packages. Honest pricing. Real hospitality expertise.,Our Packages | Compare Packages | Add-ons | Frequently Asked Questions,Growth Fix | Momentum Month | Growth Partner | Turnaround Intensive | Flexible payment options available | Which package is right for my pub? | Can I switch between packages? | What about content creation? | Do you offer payment plans? | How quickly will I see results? | What happens after a Growth Fix? | What is included in the Turnaround Intensive website rebuild? | Can I add extra hours? | Orange Jelly,960,2026-07-07T06:12:25.467642+00:00
https://www.orangejelly.co.uk/pub-rescue,200,Pub Rescue — Fast Turnaround Help From a Working Licensee,57,"Pub in trouble? Get a fast, practical rescue plan from a licensee who has done it. We fix the highest-impact problem first. Packages from £375 + VAT.",149,https://www.orangejelly.co.uk/pub-rescue,Pub Rescue — Fast Turnaround Help From a Working Licensee,"Pub in trouble? Get a fast, practical rescue plan from a licensee who has done it. We fix the highest-impact problem first. Packages from £375 + VAT.",https://www.orangejelly.co.uk/images/og-default.jpg,website,Pub Recovery Support,Is Your Pub Under Pressure? | What's Your Biggest Growth Bottleneck Right Now? | The Orange Jelly Recovery Method | Why Good Pubs Plateau (And How We Reset Momentum) | What You Get With Pub Recovery Support | Common Questions From Hospitality Partners | Ready to Rebuild Momentum?,"Quiet Trade | Low Booking Flow | Food Sales Underperforming | Team Capacity Strain | Cost Pressure | Marketing Chaos | Losing to Competition | Events Not Landing | Online Invisibility | Owner Burnout | We've Been Where You Are Now | Our Action-First Support Promise | Delays Have A Cost | Week 1: Performance Triage | Week 2-3: Quick Wins | Week 4: Momentum Building | Month 2+: Sustainable Success | They Work IN the Business, Not ON It | They Compete on Price, Not Experience | They Wait for Conditions to Improve | Your Pub Can Move Faster Than the Market | Immediate Support | 30-Day Momentum Sprint | Plus These Practical Growth Tools | How quickly can you help me? | What if I can't afford help right now? | Do you work with all types of pubs? | What makes you different from other consultants? | What if your strategies don't work for my pub? | Choose Your Recovery Focus | Orange Jelly",1470,2026-07-07T06:12:25.467642+00:00
https://www.orangejelly.co.uk/licensees-guide/wet-led-vs-food-led-pubs,200,Wet-Led vs Food-Led Pubs: Understanding Your Revenue Model,58,"Wet-led vs food-led pubs explained. Revenue models, GP targets, staffing, marketing differences, and how to decide which model is right for your venue.",151,https://www.orangejelly.co.uk/licensees-guide/wet-led-vs-food-led-pubs,Wet-Led vs Food-Led Pubs: Understanding Your Revenue Model,"Wet-led vs food-led pubs explained. Revenue models, GP targets, staffing, marketing differences, and how to decide which model is right for your venue.",https://www.orangejelly.co.uk/images/blog/wet-led-vs-food-led-pubs.svg,article,Wet-Led vs Food-Led Pubs: Understanding Your Revenue Model,What do the terms actually mean? | The economics of wet-led pubs | The economics of food-led pubs | How to know which model you are | Should you shift your balance? | GP targets by model | Staffing implications | Marketing differences | The hybrid model in practice | Common mistakes | The bottom line | Keep reading,Wet-led | Food-led (or dry-led) | Hybrid | Revenue and GP | Overheads | Revenue ceiling | Who it works for | Revenue and GP | The cost of a kitchen | Revenue potential | Who it works for | Step 1: Calculate your revenue split | Step 2: Calculate GP by category | Step 3: Assess your cost base | Moving from wet-led to hybrid or food-led | Moving from food-led to hybrid or wet-led | Wet-led staffing | Food-led staffing | Hybrid staffing | Wet-led marketing | Food-led marketing | Hybrid marketing | Define your primary driver | Match food to your identity | Use food to fill gaps | Control kitchen hours | Want hands-on help? | How we can help | Peter Pitcher | Keep exploring proven tactics | Food Allergies and GDPR: The Compliance Nightmares That Could Close You Down | How Much Profit Does a Pub Make? Realistic Numbers for 2026 | Pub Toilet Refurbishment: Make a Great Impression on a Budget | Orange Jelly,3496,2026-07-07T06:12:25.467642+00:00
https://www.orangejelly.co.uk/licensees-guide/pub-empty-tuesday-nights,200,How to Fill an Empty Tuesday Night at Your Pub,46,"Practical midweek ideas to bring people in: events, offers, content and community. Includes a simple 30-day action plan you can follow.",135,https://www.orangejelly.co.uk/licensees-guide/pub-empty-tuesday-nights,How to Fill an Empty Tuesday Night at Your Pub,"Practical midweek ideas to bring people in: events, offers, content and community. Includes a simple 30-day action plan you can follow.",https://www.orangejelly.co.uk/images/blog/pub-empty-tuesday-nights.png,article,Why Your Pub is Empty on Tuesday Nights (And How to Fix It),"The Tuesday Night Problem: Why It Matters More Than You Think | What We Tried at The Anchor (The Failures and Successes) | 1. The ""Tuesday Club"" Concept | 2. Strategic Food Offerings | 3. Community-Focused Events | 4. The ""Early Bird"" Strategy | Implementation Steps: Your Tuesday Night Action Plan | Real Results | The Psychology of Tuesday Success | Marketing Your Tuesday Transformation | Common Mistakes to Avoid | Your Next Steps | Frequently Asked Questions | Ready to Transform Your Tuesday Nights? | Frequently Asked Questions | Keep reading",The Real Cost of Empty Tuesday Nights | Why Tuesday Nights Are Traditionally Dead | What Didn't Work | What Actually Worked: Our Tuesday Night Transformation | Week 1-2: Research and Planning | Week 3-4: Soft Launch | Week 5-8: Full Implementation | Week 9-12: Scale and Optimise | Social Media Strategy | Email Marketing | Local Partnerships | How much should I invest in turning around Tuesday nights? | What if I can't afford to stay open on quiet nights? | Should I copy what successful pubs nearby are doing? | How long before I should expect to see results? | What's the single best thing to try first? | What is the main reason pubs are empty? | Which day of the week is usually quietest? | How quickly will I see results? | How much will this cost to implement? | Can this work for my type of pub? | Need help putting this into practice? | How we can help | Peter Pitcher | Keep exploring proven tactics | How to Fill Empty Pub Tables: 15 Strategies That Actually Work | Community Outreach Ideas That Reintroduce Your Pub to the Neighbourhood | Start Planning Christmas Now: 30 Festive Ideas to Secure December Bookings Early | Orange Jelly,1965,2026-07-07T06:12:25.467642+00:00
https://www.orangejelly.co.uk/licensees-guide/pub-business-plan-template-guide,200,Pub Business Plan: Free Template & Step-by-Step Guide,53,"Write a pub business plan that gets approved. Step-by-step guide covering financials, market analysis, operations, and marketing. Free template from a working licensee.",168,https://www.orangejelly.co.uk/licensees-guide/pub-business-plan-template-guide,Pub Business Plan: Free Template & Step-by-Step Guide,"Write a pub business plan that gets approved. Step-by-step guide covering financials, market analysis, operations, and marketing. Free template from a working licensee.",https://www.orangejelly.co.uk/images/blog/pub-business-plan-template-guide.svg,article,Pub Business Plan: Free Template & Step-by-Step Guide,Why You Need a Pub Business Plan | The Six Essential Sections | Common Business Plan Mistakes | Using Your Plan Day-to-Day | Get Your Free Pub Business Plan Template | FAQs | Keep reading,1. Executive Summary | 2. Market Analysis | 3. Operations Plan | 4. Marketing Plan | 5. Financial Projections | 6. Team and Experience | Want hands-on help? | How we can help | Peter Pitcher | Keep exploring proven tactics | Wet-Led vs Food-Led Pubs: Understanding Your Revenue Model | Food Allergies and GDPR: The Compliance Nightmares That Could Close You Down | How Much Profit Does a Pub Make? Realistic Numbers for 2026 | Orange Jelly,3212,2026-07-07T06:12:25.467642+00:00
https://www.orangejelly.co.uk/licensees-guide/brewery-tie-improve-your-deal,200,"Pub Lease Guide: Leases, Tenancies and Brewery Ties",51,"Complete guide to pub leases, tenancies and brewery ties. Understand your agreement, negotiate better terms, know your Pubs Code rights, and plan finances.",155,https://www.orangejelly.co.uk/licensees-guide/brewery-tie-improve-your-deal,"Pub Lease Guide: Leases, Tenancies and Brewery Ties","Complete guide to pub leases, tenancies and brewery ties. Understand your agreement, negotiate better terms, know your Pubs Code rights, and plan finances.",https://www.orangejelly.co.uk/images/blog/brewery-tie-improve-your-deal.png,article,"The Complete Guide to Pub Leases, Tenancies and Brewery Ties",Types of Pub Agreement | Understanding the Brewery Tie | How to Negotiate Your Pub Lease | Your Rights as a Pub Tenant | Lease Renewal and Exit | Financial Planning for Pub Lease Holders | Need Help Making Sense of Your Pub Lease? | Your Action Plan | Common Mistakes to Avoid | Common Objections Solved | The Bottom Line | Get Expert Support | Keep reading,Pub Lease | Pub Tenancy | Managed House | Free House | What the Tie Means | How It Works in Practice | The Pros and Cons | What Is Actually Negotiable | Negotiation Tactics That Work | Common Negotiation Mistakes | The Pubs Code and the Adjudicator | The MRO Option | Tied vs Free Pricing | The Landlord and Tenant Act 1954 | Renewal Options | Break Clauses | Dilapidations | Rent Benchmarks | The Wet and Dry Split | Hidden Costs to Budget For | Cash Flow Planning | Week 1-2: Understand Your Position | Week 3-4: Gather Evidence | Week 5-6: Build Your Case | Week 7-8: Have the Conversation | Week 9-12: Implement and Track | Ongoing | Want hands-on help? | How we can help | Peter Pitcher | Keep exploring proven tactics | Wet-Led vs Food-Led Pubs: Understanding Your Revenue Model | Food Allergies and GDPR: The Compliance Nightmares That Could Close You Down | How Much Profit Does a Pub Make? Realistic Numbers for 2026 | Orange Jelly,4130,2026-07-07T06:12:25.467642+00:00
https://www.orangejelly.co.uk/licensees-guide/reboot-pub-atmosphere-on-budget,200,Reboot Your Pub Atmosphere on a Budget,38,"Transform a quiet pub atmosphere with low-cost sensory changes. Music, lighting, scent, host energy, and micro-moments that make the room buzz.",143,https://www.orangejelly.co.uk/licensees-guide/reboot-pub-atmosphere-on-budget,Reboot Your Pub Atmosphere on a Budget,"Transform a quiet pub atmosphere with low-cost sensory changes. Music, lighting, scent, host energy, and micro-moments that make the room buzz.",https://www.orangejelly.co.uk/images/blog/reboot-pub-atmosphere-on-budget.png,article,From Quiet to Buzzing: Rebooting Your Pub's Atmosphere on a Budget,Step 1: Run a 24-hour atmosphere audit | Step 2: Reset the soundtrack | Step 3: Light with purpose | Step 4: Script the host moment | Step 5: Layer micro-experiences | Step 6: Tidy the senses | Step 7: Capture and share | Common mistakes | Quick checklist | Mini FAQ | Keep reading,Want hands-on help? | How we can help | Peter Pitcher | Keep exploring proven tactics | Wet-Led vs Food-Led Pubs: Understanding Your Revenue Model | Food Allergies and GDPR: The Compliance Nightmares That Could Close You Down | How Much Profit Does a Pub Make? Realistic Numbers for 2026 | Orange Jelly,918,2026-07-07T06:12:25.467642+00:00
https://www.orangejelly.co.uk/licensees-guide/christmas-pub-promotion-ideas,200,Christmas Pub Promotion Ideas That Drive Revenue,48,"30 Christmas pub promotion ideas to secure December bookings early. Party packages, festive menus, and marketing timelines from a working licensee.",147,https://www.orangejelly.co.uk/licensees-guide/christmas-pub-promotion-ideas,Christmas Pub Promotion Ideas That Drive Revenue,"30 Christmas pub promotion ideas to secure December bookings early. Party packages, festive menus, and marketing timelines from a working licensee.",https://www.orangejelly.co.uk/images/blog/christmas-pub-promotion-ideas.png,article,Start Planning Christmas Now: 30 Festive Ideas to Secure December Bookings Early,The three things that matter most | Package ideas that actually book out | Event ideas that create buzz | Daytime wins (often overlooked) | Promotions that protect margin | A simple planning timeline | Common mistakes | Quick checklist | Mini FAQ | Keep reading,Need help putting this into practice? | How we can help | Peter Pitcher | Keep exploring proven tactics | How to Fill Empty Pub Tables: 15 Strategies That Actually Work | Community Outreach Ideas That Reintroduce Your Pub to the Neighbourhood | Why Is My Pub Empty? 12 Brutal Truths and How to Fix Them | Orange Jelly,1016,2026-07-07T06:12:25.467642+00:00
https://www.orangejelly.co.uk/licensees-guide/30-day-action-plan-stabilise-hospitality,200,30-Day Pub Action Plan to Stabilise Trade,41,"A day-by-day checklist to stabilise a struggling pub in 30 days. Cash triage, offer reset, sales push, and scale-up sprints that work.",134,https://www.orangejelly.co.uk/licensees-guide/30-day-action-plan-stabilise-hospitality,30-Day Pub Action Plan to Stabilise Trade,"A day-by-day checklist to stabilise a struggling pub in 30 days. Cash triage, offer reset, sales push, and scale-up sprints that work.",https://www.orangejelly.co.uk/images/blog/30-day-action-plan-stabilise-hospitality.png,article,Checklist: 30-Day Action Plan to Stabilise a Struggling Hospitality Business,Week 1: Cash and clarity (stop the bleed) | Week 2: Offer reset (simplify and sharpen) | Week 3: Sales sprint (create urgency) | Week 4: Systemise (make it repeatable) | Common mistakes that kill momentum | Quick checklist | Mini FAQ | Keep reading,Need help putting this into practice? | How we can help | Peter Pitcher | Keep exploring proven tactics | How to Fill Empty Pub Tables: 15 Strategies That Actually Work | Community Outreach Ideas That Reintroduce Your Pub to the Neighbourhood | Start Planning Christmas Now: 30 Festive Ideas to Secure December Bookings Early | Orange Jelly,1537,2026-07-07T06:12:25.467642+00:00
https://www.orangejelly.co.uk/licensees-guide/macmillan-coffee-morning-pub-guide,200,Coffee Morning Ideas for Pubs: Fundraising That Works,53,"Coffee morning ideas for pubs: a simple run-sheet, raffle and local-group tie-in that fill a quiet daytime and raise money. Plus the Macmillan 2026 date.",153,https://www.orangejelly.co.uk/licensees-guide/macmillan-coffee-morning-pub-guide,Coffee Morning Ideas for Pubs: Fundraising That Works,"Coffee morning ideas for pubs: a simple run-sheet, raffle and local-group tie-in that fill a quiet daytime and raise money. Plus the Macmillan 2026 date.",https://www.orangejelly.co.uk/images/blog/macmillan-coffee-morning-pub-guide.svg,article,Coffee Morning Ideas for Pubs: Fundraising That Works,"The date, and why it doesn't have to box you in | Coffee morning ideas: a simple run-sheet you can lift straight away | Beyond the coffee morning: charity event ideas for pubs | How it actually pays for a wet-led pub | Promoting it so people actually turn up | Turning it into a fixture, not a one-off | A quick word on doing it properly | Your first move | FAQs | Keep reading",Coffee and cake — the core | A raffle | A donation jar (and a card option) | A local-group tie-in | Want hands-on help? | How we can help | Peter Pitcher | Keep exploring proven tactics | Autumn Pub Event Ideas: The Playbook for Sept–Nov | Autumn Internationals 2026: Fill Your Pub for the Rugby | Black Friday Ideas for Pubs: Turn It Into Bookings | Orange Jelly,3073,2026-07-07T06:12:25.467642+00:00
https://www.orangejelly.co.uk/licensees-guide/email-marketing-pub-retention,200,Email Marketing for Pubs (Build Repeat Trade),45,"Email marketing for pubs: build a database, send campaigns that convert, and turn one-time visitors into regulars. Simple system, real results.",143,https://www.orangejelly.co.uk/licensees-guide/email-marketing-pub-retention,Email Marketing for Pubs (Build Repeat Trade),"Email marketing for pubs: build a database, send campaigns that convert, and turn one-time visitors into regulars. Simple system, real results.",https://www.orangejelly.co.uk/images/blog/email-marketing-pub-retention.png,article,Email Marketing for Pubs: Build a Database That Drives Repeat Business,Step 1: Build the list the right way | Step 2: Create a welcome sequence | Step 3: Choose a weekly rhythm | Step 4: Segment lightly | Step 5: Measure the basics | 90-day plan | Capture details while summer trade is high | Common mistakes | Quick checklist | Mini FAQ | Keep reading,Want hands-on help? | How we can help | Peter Pitcher | Keep exploring proven tactics | Summer Pub Marketing: Five Ways to Turn Footfall into Revenue | Your Pub Marketing Plan for 2026: Month-by-Month Guide | Instagram Marketing for Pubs: Turn Food Photos Into Foot Traffic | Orange Jelly,1019,2026-07-07T06:12:25.467642+00:00
https://www.orangejelly.co.uk/pub-marketing-no-budget,200,No-Budget Pub Marketing - Practical Free Strategies | Orange Jelly,66,"No budget for marketing? Use practical free strategies for local visibility, community engagement, and repeat visits. Professional help from just £375 + VAT.",157,https://www.orangejelly.co.uk/pub-marketing-no-budget,No-Budget Pub Marketing - Practical Free Strategies | Orange Jelly,"No budget for marketing? Use practical free strategies for local visibility, community engagement, and repeat visits. Professional help from just £375 + VAT.",https://www.orangejelly.co.uk/images/og-default.jpg,website,No Marketing Budget?No Problem.,The Best Pub Marketing Costs Nothing | The 4 Free Strategies That Actually Work | What Happens When You Get the Basics Right | When You Are Ready for Professional Help | Common Questions About Free Pub Marketing | No Budget Does Not Mean No Progress,Google My Business | Local Facebook Groups | Email Marketing | Community Partnerships | Growth Fix | What a Growth Fix Gets You | Can I really market my pub without spending money? | What free marketing works best for pubs? | How long until free marketing shows results? | What if I want professional help but my budget is tight? | What if I don't have time for marketing? | Orange Jelly,679,2026-07-07T06:12:25.467642+00:00
https://www.orangejelly.co.uk/licensees-guide/music-bingo-101,200,Music Bingo 101: Pub Night Toolkit and Guide,44,"Run 90-minute music bingo nights at your pub. Playlists, Canva card templates, MC tips, and compliance notes for a midweek crowd-filler.",136,https://www.orangejelly.co.uk/licensees-guide/music-bingo-101,Music Bingo 101: Pub Night Toolkit and Guide,"Run 90-minute music bingo nights at your pub. Playlists, Canva card templates, MC tips, and compliance notes for a midweek crowd-filler.",https://www.orangejelly.co.uk/images/blog/music-bingo-101.png,article,Music Bingo 101: Licensee Guide,Choose Your Theme and Audience Fit | Card Creation (Analogue and Digital) | Playlist and Cue Crafting | Rules and Rounds | Hosting and Energy | Run-of-Show (90 Minutes) | Kit and Setup | Marketing Playbook | Accessibility and Inclusion | Compliance Corner | Metrics to Track | FAQs | Need backup? | Keep reading,Theme rotation idea | Want hands-on help? | How we can help | Peter Pitcher | Keep exploring proven tactics | Autumn Pub Event Ideas: The Playbook for Sept–Nov | Autumn Internationals 2026: Fill Your Pub for the Rugby | Black Friday Ideas for Pubs: Turn It Into Bookings | Orange Jelly,1657,2026-07-07T06:12:25.467642+00:00
https://www.orangejelly.co.uk/licensees-guide/quiz-night-ideas,200,Quiz Night Ideas: 25 Pub Quiz Formats That Pack Tables,54,"25 quiz night ideas that fill pubs weekly. Formats, round ideas, and hosting tips from a pub that grew table bookings 403%. Steal our system.",141,https://www.orangejelly.co.uk/licensees-guide/quiz-night-ideas,Quiz Night Ideas: 25 Pub Quiz Formats That Pack Tables,"25 quiz night ideas that fill pubs weekly. Formats, round ideas, and hosting tips from a pub that grew table bookings 403%. Steal our system.",https://www.orangejelly.co.uk/images/blog/quiz-night-ideas.png,article,Quiz Night Ideas: 25 Formats That Pack Your Pub Every Week,Cluster 1: Format upgrades | Cluster 2: Interactive rounds | Cluster 3: Theme nights | Cluster 4: Prize and loyalty mechanics | Hosting tips that matter | Common mistakes | Quick checklist | Mini FAQ | Keep reading,Want hands-on help? | How we can help | Peter Pitcher | Keep exploring proven tactics | Autumn Pub Event Ideas: The Playbook for Sept–Nov | Autumn Internationals 2026: Fill Your Pub for the Rugby | Black Friday Ideas for Pubs: Turn It Into Bookings | Orange Jelly,944,2026-07-07T06:12:25.467642+00:00
https://www.orangejelly.co.uk/licensees-guide/nobody-books-tables-anymore,200,Pub Table Bookings vs Walk-Ins: The Right Balance,49,"Master pub bookings and walk-ins with the golden ratio. No-show prevention, time slots, and a simple system that maximises covers nightly.",138,https://www.orangejelly.co.uk/licensees-guide/nobody-books-tables-anymore,Pub Table Bookings vs Walk-Ins: The Right Balance,"Master pub bookings and walk-ins with the golden ratio. No-show prevention, time slots, and a simple system that maximises covers nightly.",https://www.orangejelly.co.uk/images/blog/nobody-books-tables-anymore.png,article,Nobody Books Tables Anymore? Master the Art of Walk-ins vs Reservations,The Booking Paradox | The Golden Ratio | The No-Show Solution | Walk-In Management | Technology Without Losing Soul | Day-by-Day Strategy | Special Events Management | Staff Training Essentials | Common Mistakes to Avoid | Metrics That Matter | The Seasonal Adjustment | Your New Booking System | The Results You'll See | Frequently Asked Questions | Keep reading,Should I use an online booking system? | How do I handle regular customers who just show up? | What about people who book multiple restaurants? | Should I charge for no-shows? | Want hands-on help? | How we can help | Peter Pitcher | Keep exploring proven tactics | Wet-Led vs Food-Led Pubs: Understanding Your Revenue Model | Food Allergies and GDPR: The Compliance Nightmares That Could Close You Down | How Much Profit Does a Pub Make? Realistic Numbers for 2026 | Orange Jelly,1725,2026-07-07T06:12:25.467642+00:00
https://www.orangejelly.co.uk/results,200,Pub Marketing Results - Proven at The Anchor | Orange Jelly,59,"Pub marketing results from The Anchor: Google Search visibility +828%, table bookings +403%, food revenue +98%. See what works.",127,https://www.orangejelly.co.uk/results,Pub Marketing Results - Proven at The Anchor | Orange Jelly,"Pub marketing results from The Anchor: Google Search visibility +828%, table bookings +403%, food revenue +98%. See what works.",https://www.orangejelly.co.uk/images/og-default.jpg,website,Real Hospitality Results From The Anchor,Search Optimisation That Drives Real Revenue | Losing Covers to No-Shows? | The Numbers Don't Lie | How We Did It | This Isn't Theory | Let's Fix Your Biggest Problem First,The Problem | What We Tried First (Failed!) | What Actually Worked | The Results | Time Investment | What We Learned | How The Anchor Filled Empty Tables | How The Anchor Grew Food Revenue by 98% | How The Anchor Grew Google Search Visibility by 828% | What This Means For You | Orange Jelly,871,2026-07-07T06:12:25.467642+00:00
https://www.orangejelly.co.uk/licensees-guide/pub-epos-system-guide,200,The Complete Guide to Pub EPOS Systems in 2026,46,"What to look for in a pub EPOS system. Key features, integration checklist, and how to use till data to grow revenue. Written by a working licensee.",148,https://www.orangejelly.co.uk/licensees-guide/pub-epos-system-guide,The Complete Guide to Pub EPOS Systems in 2026,"What to look for in a pub EPOS system. Key features, integration checklist, and how to use till data to grow revenue. Written by a working licensee.",https://www.orangejelly.co.uk/images/blog/pub-epos-system-guide.svg,article,The Complete Guide to Pub EPOS Systems in 2026,Why your EPOS choice matters more than you think | The features that actually matter for pubs | How to evaluate an EPOS system (without getting sold to) | Using your EPOS data to grow revenue | Your EPOS action plan | Common objections (and honest answers) | The bottom line | Keep reading,"1. Stock management and GP tracking | 2. Real-time reporting and dashboards | 3. Table management and service flow | 4. Integration with other systems | 5. Speed and ease of use | 6. Offline capability | Start with your pain points | Get references from similar pubs | Understand the total cost | Insist on a trial period | The weekly data review | Spot the revenue leaks | Set targets and track them | Week 1: Audit what you have | Week 2: Define your requirements | Week 3: Research and shortlist | Week 4: Demo, negotiate, decide | Ongoing: Review data weekly | Want hands-on help? | How we can help | Peter Pitcher | Keep exploring proven tactics | Wet-Led vs Food-Led Pubs: Understanding Your Revenue Model | Food Allergies and GDPR: The Compliance Nightmares That Could Close You Down | How Much Profit Does a Pub Make? Realistic Numbers for 2026 | Orange Jelly",2937,2026-07-07T06:12:25.467642+00:00
https://www.orangejelly.co.uk/licensees-guide/staff-motivation-hacks-no-pay-rise,200,Pub Staff Motivation When Pay Rises Are Off,43,"Motivate pub staff without pay rises. Recognition rituals, skill swaps, and micro-incentives that keep your best people engaged and loyal.",138,https://www.orangejelly.co.uk/licensees-guide/staff-motivation-hacks-no-pay-rise,Pub Staff Motivation When Pay Rises Are Off,"Motivate pub staff without pay rises. Recognition rituals, skill swaps, and micro-incentives that keep your best people engaged and loyal.",https://www.orangejelly.co.uk/images/blog/staff-motivation-hacks-no-pay-rise.png,article,Staff Motivation Hacks When You Can't Afford Pay Rises,1. Make recognition daily | 2. Offer choice and flexibility | 3. Invest in development time | 4. Use micro-incentives | 5. Share the numbers | 6. Upgrade the staff experience | Common mistakes | Quick checklist | Mini FAQ | Keep reading,We do this for pubs every week | How we can help | Peter Pitcher | Keep exploring proven tactics | Pub Recruitment: How to Hire (and Keep) Great Bar Staff | Summer Pub Marketing: Five Ways to Turn Footfall into Revenue | Autumn Pub Event Ideas: The Playbook for Sept–Nov | Orange Jelly,874,2026-07-07T06:12:25.467642+00:00
https://www.orangejelly.co.uk/licensees-guide/partnering-local-brands-share-marketing,200,Pub Brand Partnerships & Co-Branding to Cut Marketing Costs,59,"Share pub marketing costs by partnering with local brands. Co-branded campaigns, contract templates, and distribution swaps that fill both calendars.",149,https://www.orangejelly.co.uk/licensees-guide/partnering-local-brands-share-marketing,Pub Brand Partnerships & Co-Branding to Cut Marketing Costs,"Share pub marketing costs by partnering with local brands. Co-branded campaigns, contract templates, and distribution swaps that fill both calendars.",https://www.orangejelly.co.uk/images/blog/partnering-local-brands-share-marketing.png,article,Partnering with Local Brands to Share Marketing Costs,Step 1: Define the audience gap | Step 2: Shortlist and pitch | Step 3: Co-create the offer | Step 4: Put agreements in writing | Step 5: Share marketing assets | Step 6: Measure and debrief | Common mistakes | Quick checklist | Mini FAQ | Keep reading,Want hands-on help? | How we can help | Peter Pitcher | Keep exploring proven tactics | Summer Pub Marketing: Five Ways to Turn Footfall into Revenue | Your Pub Marketing Plan for 2026: Month-by-Month Guide | Instagram Marketing for Pubs: Turn Food Photos Into Foot Traffic | Orange Jelly,875,2026-07-07T06:12:25.467642+00:00
https://www.orangejelly.co.uk/licensees-guide/how-to-run-successful-pub-events,200,How to Run Successful Pub Events (Complete Guide),49,"The complete guide to profitable pub events. Planning, promotion, and execution systems that grew our table bookings 403%. Templates included.",142,https://www.orangejelly.co.uk/licensees-guide/how-to-run-successful-pub-events,How to Run Successful Pub Events (Complete Guide),"The complete guide to profitable pub events. Planning, promotion, and execution systems that grew our table bookings 403%. Templates included.",https://www.orangejelly.co.uk/images/blog/how-to-run-successful-pub-events.png,article,How to Run Successful Pub Events: A Complete Guide to Profitable Functions,Pub Event Ideas That Actually Make Money | Step 1: Choose the Right Concept | Step 2: Build the Pricing Model | Step 3: Promote Early and Consistently | Step 4: Run the Night With a Script | Step 5: Follow Up Within 48 Hours | Step 6: Track What Works and Iterate | Common Event Mistakes to Avoid | Building Your Events Calendar | Making Events Pay for Themselves | Your Event Launch Checklist | The Bottom Line | Keep reading,"The Reliable Money-Makers | Events for Specific Nights | Free Entry, Drink Revenue | Ticketed or Deposit | Bundle Pricing | The 3-Week Promotion Plan | Channels That Work for Pubs | Sample Run Sheet: Quiz Night | Want hands-on help? | How we can help | Peter Pitcher | Keep exploring proven tactics | Autumn Pub Event Ideas: The Playbook for Sept–Nov | Autumn Internationals 2026: Fill Your Pub for the Rugby | Black Friday Ideas for Pubs: Turn It Into Bookings | Orange Jelly",3087,2026-07-07T06:12:25.467642+00:00
https://www.orangejelly.co.uk/licensees-guide/zero-waste-stock-management-pubs,200,Zero-Waste Pub Stock Management (Survival Mode),47,"Protect every pound of GP with disciplined pub stock control. Counting rhythms, shared-ingredient menus, and waste KPIs that cut shrinkage fast.",144,https://www.orangejelly.co.uk/licensees-guide/zero-waste-stock-management-pubs,Zero-Waste Pub Stock Management (Survival Mode),"Protect every pound of GP with disciplined pub stock control. Counting rhythms, shared-ingredient menus, and waste KPIs that cut shrinkage fast.",https://www.orangejelly.co.uk/images/blog/zero-waste-stock-management-pubs.png,article,Zero-Waste Stock Management for Pubs in Survival Mode,"Step 1: Count more often, not deeper | Step 2: Engineer menus around shared ingredients | Step 3: Portion control is culture | Step 4: FIFO is not optional | Step 5: Turn waste into revenue | Step 6: Share waste KPIs publicly | Step 7: Train before you buy tech | Common mistakes | Quick checklist | Mini FAQ | Keep reading",Want hands-on help? | How we can help | Peter Pitcher | Keep exploring proven tactics | Wet-Led vs Food-Led Pubs: Understanding Your Revenue Model | Food Allergies and GDPR: The Compliance Nightmares That Could Close You Down | How Much Profit Does a Pub Make? Realistic Numbers for 2026 | Orange Jelly,853,2026-07-07T06:12:25.467642+00:00
https://www.orangejelly.co.uk/pub-marketing-agency,200,Pub Marketing Agency for Independent Pubs & Bars,48,"A pub marketing agency run by a working licensee, not account managers. Social, events, paid ads, and local SEO built for independent pubs. Packages from £375 + VAT.",165,https://www.orangejelly.co.uk/pub-marketing-agency,Pub Marketing Agency for Independent Pubs & Bars,"A pub marketing agency run by a working licensee, not account managers. Social, events, paid ads, and local SEO built for independent pubs. Packages from £375 + VAT.",https://www.orangejelly.co.uk/images/og-default.jpg,website,A Hospitality Marketing Agency That Actually Runs a Pub,Why Most Hospitality Marketing Agencies Miss the Mark | Real Numbers From a Real Pub | Clear Packages. Honest Pricing. | How Working With Us Works | Common Questions About Hospitality Marketing Agencies | Ready to Work With a Hospitality Marketing Agency That Gets It?,"Run by a licensee | Tested at The Anchor | Clear packages | Growth Fix | Momentum Month | Growth Partner | Turnaround Intensive | This is for you if... | This is not for you if... | What makes you different from a normal hospitality marketing agency? | Do you work with pubs outside London and the South East? | How much does a hospitality marketing agency cost? | Can you help with social media, events, and menus — or just one thing? | How quickly will I see results from pub marketing? | Orange Jelly",1002,2026-07-07T06:12:25.467642+00:00
https://www.orangejelly.co.uk/licensees-guide/pub-recruitment-hiring-bar-staff,200,Pub Recruitment: How to Hire (and Keep) Great Bar Staff,55,"How to hire and keep great pub staff. Where to find candidates, job ad templates, interview red flags, onboarding plans, and retention strategies from a working licensee.",170,https://www.orangejelly.co.uk/licensees-guide/pub-recruitment-hiring-bar-staff,Pub Recruitment: How to Hire (and Keep) Great Bar Staff,"How to hire and keep great pub staff. Where to find candidates, job ad templates, interview red flags, onboarding plans, and retention strategies from a working licensee.",https://www.orangejelly.co.uk/images/blog/pub-recruitment-hiring-bar-staff.svg,article,Pub Recruitment: How to Hire (and Keep) Great Bar Staff,"The recruitment crisis is real, but it is not hopeless | Where to find staff | Writing job ads that actually work | Interview red flags and green lights | Trial shifts: do them properly | Onboarding: the first week matters most | Retention: why good people leave and how to stop it | Chef recruitment: a special case | Building a recruitment pipeline | Your action plan | The bottom line | Keep reading","Word of mouth — your best channel | Social media — free and targeted | Local colleges and training providers | Job boards — use selectively | Recruitment agencies — last resort for most pubs | Lead with what you offer, not what you need | Be specific about the role | Be honest about the hard parts | Include a clear call to action | Red flags | Green lights | The rules | What to watch for | Day one | Days two to five | End of week one | The real reasons pub staff leave | What keeps people | Where to find chefs | What chefs want | Keep a shortlist | Stay visible as an employer | Build college relationships | Review and improve continuously | This week | This month | This quarter | We do this for pubs every week | How we can help | Peter Pitcher | Keep exploring proven tactics | Staff Motivation Hacks When You Can't Afford Pay Rises | Summer Pub Marketing: Five Ways to Turn Footfall into Revenue | Autumn Pub Event Ideas: The Playbook for Sept–Nov | Orange Jelly",3501,2026-07-07T06:12:25.467642+00:00
https://www.orangejelly.co.uk/licensees-guide/pub-accessibility-welcoming-guide,200,Pub Accessibility: Making Your Venue Welcoming for Everyone,59,"Make your pub accessible, dog friendly, and family friendly. Equality Act 2010 requirements, practical improvements, and the business case for welcoming everyone.",162,https://www.orangejelly.co.uk/licensees-guide/pub-accessibility-welcoming-guide,Pub Accessibility: Making Your Venue Welcoming for Everyone,"Make your pub accessible, dog friendly, and family friendly. Equality Act 2010 requirements, practical improvements, and the business case for welcoming everyone.",https://www.orangejelly.co.uk/images/blog/pub-accessibility-welcoming-guide.svg,article,Pub Accessibility: Making Your Venue Welcoming for Everyone,The legal position: Equality Act 2010 | Practical accessibility improvements | The business case for accessibility | Making your pub dog friendly | Making your pub family friendly | Making everyone welcome without losing your identity | Your action plan | Results you can expect | The bottom line | Keep reading,"What the Act says | What ""reasonable"" actually means | The consequences of non-compliance | Low cost (under 500 pounds) | Medium cost (500 to 3,000 pounds) | Higher investment (3,000 pounds plus) | What it takes | The rules | The benefits | Assistance dogs | The essentials | Beyond the basics | Safeguarding | Zoning is your friend | Communicate the changes | Let your staff lead | Keep what makes you special | Week 1: Audit | Week 2: Quick wins | Week 3 to 4: Plan and communicate | Month 2 to 3: Medium-cost improvements | Month 3 to 6: Bigger projects | Want hands-on help? | How we can help | Peter Pitcher | Keep exploring proven tactics | Wet-Led vs Food-Led Pubs: Understanding Your Revenue Model | Food Allergies and GDPR: The Compliance Nightmares That Could Close You Down | How Much Profit Does a Pub Make? Realistic Numbers for 2026 | Orange Jelly",3594,2026-07-07T06:12:25.467642+00:00
https://www.orangejelly.co.uk/licensees-guide/summer-moments-simple-campaigns,200,Summer Pub Campaigns: Simple Ideas May to August,48,"An inspiring idea bank of simple summer campaigns for pub teams. Bank holidays, sunny Fridays, and seasonal formats that drive footfall May to August.",150,https://www.orangejelly.co.uk/licensees-guide/summer-moments-simple-campaigns,Summer Pub Campaigns: Simple Ideas May to August,"An inspiring idea bank of simple summer campaigns for pub teams. Bank holidays, sunny Fridays, and seasonal formats that drive footfall May to August.",https://www.orangejelly.co.uk/images/blog/summer-moments-simple-campaigns.png,article,"Summer Moments, Simple Campaigns: an inspiring idea bank for pub teams (May to Aug)","The summer mindset: build moments, not “events” | A plug-and-play summer framework you can reuse all season | Bank Holiday weekends: simple formats that work in most pubs | Father’s Day: food-led, plus last-minute walk-in angles | The Cider Weekender: a mini-festival concept with huge energy | Wimbledon and Royal Ascot: premium but easy, dress-up optional | Wine brochure moments: tasting nights pubs can run without specialists | Bonus: turn “national drink days” into micro-moments without overwhelm | Make your activations feel bigger with tiny marketing moves | A big list of thought starters you can mix and match | Your next step: choose your summer story | Keep reading","1) One promise beats ten activities | 2) Make it easy to join in | 3) Create theatre with simple signals | 4) Build in a “second round” and a “second reason” | 5) Include everyone | The 4-part activation formula | Format 1: The Garden Party Weekend | Format 2: The Big Bank Holiday Quiz, but upgraded | Format 3: Live music, but with a story | Format 4: Community Weekend | Format 5: The Bank Holiday “Mini-Festival” | The three Father’s Day audiences to design for | Food-led activation ideas that feel special but stay simple | Idea 1: The “Dad’s Favourite” board | Last-minute walk-in angles that actually work | Make a walk-in plan, then advertise it | Speed up the kitchen without shrinking the experience | Give walk-ins a reward for showing up | The core concept | Five ways to run it, from simplest to biggest | Version 1: The “Try 3” flight | Version 2: The “Passport and prize” weekender | Version 3: The “Pairing menu” approach | Version 4: The “Meet the maker” without the pressure | Version 5: The “Mini-festival schedule” | Make it inclusive and modern | The theatre that makes it shareable | Wimbledon: ideas that feel stylish without feeling fussy | Build a “Centre Court” afternoon | Create rituals guests can join instantly | Turn it into a social occasion | Royal Ascot: premium energy, easy execution | The premium-but-easy approach | Keep dress-up genuinely optional | Make it interactive without making it awkward | The easiest wine tasting format: “6 wines, 3 minutes each” | Wine night formats that work brilliantly in pubs | Format 1: “Around the world” | Format 2: “Grape versus grape” | Format 3: “Light to rich” | Format 4: “Wine and cheese, simplified” | Format 5: “Blind tasting, no pressure” | Format 6: “Speed tasting social” | How to run it without specialists | The upsell that feels natural | The hero serve strategy | Micro-moment ideas that take 10 minutes to set up | The three places your message must show up | Staff scripts: the simplest high-impact tool | Make it photographic | Create a simple rhythm | Naming ideas | Low-lift interactive ideas | Premium cues without premium cost | Food-led anchors that sell well in summer | Inclusive options that broaden your audience | Want hands-on help? | How we can help | Peter Pitcher | Keep exploring proven tactics | Autumn Pub Event Ideas: The Playbook for Sept–Nov | Autumn Internationals 2026: Fill Your Pub for the Rugby | Black Friday Ideas for Pubs: Turn It Into Bookings | Orange Jelly",3571,2026-07-07T06:12:25.467642+00:00
https://www.orangejelly.co.uk/ways-to-work/momentum-month,200,Momentum Month — Ongoing Pub Marketing Support | £900/mo + VAT,62,"Ongoing monthly pub marketing support. One clear objective, weekly priorities, and hands-on help for £900/mo + VAT. Build consistent momentum.",142,https://www.orangejelly.co.uk/ways-to-work/momentum-month,Momentum Month — Ongoing Pub Marketing Support | £900/mo + VAT,"Ongoing monthly pub marketing support. One clear objective, weekly priorities, and hands-on help for £900/mo + VAT. Build consistent momentum.",https://www.orangejelly.co.uk/images/og-default.jpg,website,Momentum Month,What's included | Light-touch support | Available as add-ons | To keep this package focused | How it works | Results from The Anchor | Ready to get started?,Flexible payment options available | Orange Jelly,533,2026-07-07T06:12:25.467642+00:00
https://www.orangejelly.co.uk/licensees-guide/boardgame-night-101,200,Boardgame Night 101: Fill Quiet Pub Mondays,43,"Run a board game night that fills Monday tables. Zone layouts, game picks, loyalty mechanics, and food pairings from a working pub toolkit.",139,https://www.orangejelly.co.uk/licensees-guide/boardgame-night-101,Boardgame Night 101: Fill Quiet Pub Mondays,"Run a board game night that fills Monday tables. Zone layouts, game picks, loyalty mechanics, and food pairings from a working pub toolkit.",https://www.orangejelly.co.uk/images/blog/boardgame-night-101.png,article,Boardgame & Team Night 101: Licensee Guide,Why Board Game Nights Work | Pick a Format | Curate a Starter Library | Teaching Scripts (copy-ready) | Space and Flow | Run-of-Show (150 minutes) | Community and Retention | Food and Drink Pairings | Budget and Kit | Accessibility and Inclusion | Marketing Toolkit | Compliance & Housekeeping | Metrics to Track | FAQs | Need backup? | Keep reading,Want hands-on help? | How we can help | Peter Pitcher | Keep exploring proven tactics | Autumn Pub Event Ideas: The Playbook for Sept–Nov | Autumn Internationals 2026: Fill Your Pub for the Rugby | Black Friday Ideas for Pubs: Turn It Into Bookings | Orange Jelly,1572,2026-07-07T06:12:25.467642+00:00
https://www.orangejelly.co.uk/licensees-guide/food-allergies-gdpr-compliance,200,Pub Allergen and GDPR Compliance Made Simple,44,"Simple allergen and GDPR compliance systems for pubs. Spreadsheet templates, staff scripts, and data handling that prevent costly fines.",136,https://www.orangejelly.co.uk/licensees-guide/food-allergies-gdpr-compliance,Pub Allergen and GDPR Compliance Made Simple,"Simple allergen and GDPR compliance systems for pubs. Spreadsheet templates, staff scripts, and data handling that prevent costly fines.",https://www.orangejelly.co.uk/images/blog/food-allergies-gdpr-compliance.png,article,Food Allergies and GDPR: The Compliance Nightmares That Could Close You Down,Part 1: Allergen safety system | Part 2: GDPR basics for pubs | Common mistakes | Quick checklist | Mini FAQ | Keep reading,Want hands-on help? | How we can help | Peter Pitcher | Keep exploring proven tactics | Wet-Led vs Food-Led Pubs: Understanding Your Revenue Model | How Much Profit Does a Pub Make? Realistic Numbers for 2026 | Pub Toilet Refurbishment: Make a Great Impression on a Budget | Orange Jelly,919,2026-07-07T06:12:25.467642+00:00
https://www.orangejelly.co.uk/licensees-guide/kitchen-nightmares-chef-quits,200,Chef Walked Out? Pub Kitchen Emergency Protocol,47,"Your pub chef just quit mid-service. Emergency protocol for the first 10 minutes, plus a prevention system so it never happens again.",133,https://www.orangejelly.co.uk/licensees-guide/kitchen-nightmares-chef-quits,Chef Walked Out? Pub Kitchen Emergency Protocol,"Your pub chef just quit mid-service. Emergency protocol for the first 10 minutes, plus a prevention system so it never happens again.",https://www.orangejelly.co.uk/images/blog/kitchen-nightmares-chef-quits.png,article,Kitchen Nightmares: When Your Chef Quits on a Saturday Night,The First 10 Minutes (Crisis Mode) | The Next Hour (Damage Control) | The Rest of the Night (Recovery) | The Prevention System (Never Again) | The Backup Plans | Building Chef Loyalty (Prevention Better Than Cure) | Your Crisis Prevention Plan | The Success Stories | The Silver Lining | Frequently Asked Questions | Keep reading,Success Stories from Real Pubs | Should I close if my chef walks out? | How do I stop my chef from leaving? | What's the minimum kitchen skill I need as an owner? | Should I hire agency chefs as backup? | Need help putting this into practice? | How we can help | Peter Pitcher | Keep exploring proven tactics | How to Fill Empty Pub Tables: 15 Strategies That Actually Work | Community Outreach Ideas That Reintroduce Your Pub to the Neighbourhood | Start Planning Christmas Now: 30 Festive Ideas to Secure December Bookings Early | Orange Jelly,1793,2026-07-07T06:12:25.467642+00:00
https://www.orangejelly.co.uk/licensees-guide/pub-event-template-profit-nights,200,Pub Event Template for Guaranteed Profit Nights,47,"Reusable pub event blueprint: 6-week timeline, pre-sales, sponsor lock-in, and post-event upsells so every activation hits profit targets.",138,https://www.orangejelly.co.uk/licensees-guide/pub-event-template-profit-nights,Pub Event Template for Guaranteed Profit Nights,"Reusable pub event blueprint: 6-week timeline, pre-sales, sponsor lock-in, and post-event upsells so every activation hits profit targets.",https://www.orangejelly.co.uk/images/blog/pub-event-template-profit-nights.png,article,The Ultimate Pub Event Template for Guaranteed Profit Nights,Six-week timeline | Pricing formula | Staffing and ops | Promotion stack | On-the-night playbook | Post-event | Common mistakes | Quick checklist | Mini FAQ | Keep reading,Want hands-on help? | How we can help | Peter Pitcher | Keep exploring proven tactics | Autumn Pub Event Ideas: The Playbook for Sept–Nov | Autumn Internationals 2026: Fill Your Pub for the Rugby | Black Friday Ideas for Pubs: Turn It Into Bookings | Orange Jelly,894,2026-07-07T06:12:25.467642+00:00
https://www.orangejelly.co.uk/licensees-guide/menu-engineering-lift-average-spend,200,Menu Engineering for Pubs: Lift Average Spend,45,"Menu engineering tactics for pubs: layout tricks, pricing ladders, and language tweaks that lift average spend. Proven at The Anchor.",133,https://www.orangejelly.co.uk/licensees-guide/menu-engineering-lift-average-spend,Menu Engineering for Pubs: Lift Average Spend,"Menu engineering tactics for pubs: layout tricks, pricing ladders, and language tweaks that lift average spend. Proven at The Anchor.",https://www.orangejelly.co.uk/images/blog/menu-engineering-lift-average-spend.png,article,Menu Engineering Tricks to Lift Average Spend Fast,Step 1: Categorise the menu by profit and popularity | Step 2: Put your stars where eyes land | Step 3: Use decoys and anchors | Step 4: Build add-on lines | Step 5: Pair food and drink on the menu | Step 6: Train the team on three scripts | Step 7: Run a two-week test | Common mistakes | Quick checklist | Mini FAQ | Keep reading,Want hands-on help? | How we can help | Peter Pitcher | Keep exploring proven tactics | How to Attract Families to Your Pub: Activities That Fill Tables | Why Your EPOS Data Is the Key to a Revenue Comeback | Energy Bill Shock? Immediate Ways to Cut Venue Costs | Orange Jelly,1022,2026-07-07T06:12:25.467642+00:00
https://www.orangejelly.co.uk/licensees-guide/category/operations,200,Operations - The Licensee's Guide | Orange Jelly,48,"Day-to-day pub management, systems, compliance, and licensing",61,https://www.orangejelly.co.uk/licensees-guide/category/operations,Operations - The Licensee's Guide | Orange Jelly,"Day-to-day pub management, systems, compliance, and licensing",https://www.orangejelly.co.uk/images/og-default.jpg,website,Operations,,"Wet-Led vs Food-Led Pubs: Understanding Your Revenue Model | Food Allergies and GDPR: The Compliance Nightmares That Could Close You Down | How Much Profit Does a Pub Make? Realistic Numbers for 2026 | Pub Toilet Refurbishment: Make a Great Impression on a Budget | Pub VAT and Accounting: The Landlord's Plain-English Guide | Pub Accessibility: Making Your Venue Welcoming for Everyone | Cellar Management: How to Keep Your Beer Perfect and Your Waste Low | Harnessing Delivery and Click & Collect Without Killing Service | Pub Wages and Labour Costs: What to Pay and How to Control Costs | Pub Health and Safety: The Licensee's Practical Checklist | Zero-Waste Stock Management for Pubs in Survival Mode | The Complete Guide to Pub EPOS Systems in 2026 | PRS and PPL Music Licensing for Pubs: What You Actually Pay | How to Get (and Keep) a 5-Star Food Hygiene Rating | Pub Insurance: What Cover You Need and What It Costs | Pub Licensing Explained: Premises Licences, Personal Licences & TENs | Pub Business Plan: Free Template & Step-by-Step Guide | Buying a Pub: The Complete UK Guide for First-Time Buyers | From Quiet to Buzzing: Rebooting Your Pub's Atmosphere on a Budget | How to Run a Pub: The Licensee's Essential Guide | The Complete Guide to Pub Leases, Tenancies and Brewery Ties | Nobody Books Tables Anymore? Master the Art of Walk-ins vs Reservations | Low-Cost Decor Refreshes that Signal 'New and Improved' | Orange Jelly",1120,2026-07-07T06:12:25.467642+00:00
https://www.orangejelly.co.uk/pub-marketing-hampshire,200,Pub Marketing in Hampshire — Results-Driven Help | Orange Jelly,63,"Pub marketing for Hampshire pubs in Winchester, Southampton, Portsmouth, and beyond. Proven systems from a working licensee. Packages from £375 + VAT.",150,https://www.orangejelly.co.uk/pub-marketing-hampshire,Pub Marketing in Hampshire — Results-Driven Help | Orange Jelly,"Pub marketing for Hampshire pubs in Winchester, Southampton, Portsmouth, and beyond. Proven systems from a working licensee. Packages from £375 + VAT.",https://www.orangejelly.co.uk/images/og-default.jpg,website,Pub Marketing for Hampshire Pubs,What works in Hampshire (and what doesn't) | What's working for Hampshire pubs right now | Where to start | Also Serving Pubs Across the South East | Want more customers through the door in Hampshire? | Common Questions,Summer coastal and New Forest trade | Cruise terminal and port trade | Build a winter-proof local following | Student and young professional trade | Start with pub marketing fundamentals | Build midweek momentum | Stop falling trade | Can you help with seasonal trade swings in Hampshire? | Do you work with coastal pubs and New Forest venues? | Can you help a pub near Southampton's cruise terminal? | Orange Jelly,652,2026-07-07T06:12:25.467642+00:00
https://www.orangejelly.co.uk/licensees-guide/why-is-my-pub-empty,200,Why Is My Pub Empty? 7 Real Reasons and Fixes,45,"Honest reasons your pub is empty and practical fixes that work. From a licensee who grew table bookings 403%. No fluff, just solutions.",135,https://www.orangejelly.co.uk/licensees-guide/why-is-my-pub-empty,Why Is My Pub Empty? 7 Real Reasons and Fixes,"Honest reasons your pub is empty and practical fixes that work. From a licensee who grew table bookings 403%. No fluff, just solutions.",https://www.orangejelly.co.uk/images/blog/why-is-my-pub-empty.png,article,Why Is My Pub Empty? 12 Brutal Truths and How to Fix Them,The Hard Truth: It's Not Just the Economy | The 12 Reasons Your Pub Is Empty (And How to Fix Each One) | Your Empty Pub Action Plan | From Empty to Buzzing: Our Transformation | The Mindset Shift That Changes Everything | Common Excuses That Keep Pubs Empty | Frequently Asked Questions | The Challenge: Your First Step Today | Ready to Fill Those Empty Seats? | Frequently Asked Questions | Keep reading,"The Real Cost of an Empty Pub | 1. You've Become Invisible to Your Community | 2. Your Pub Lacks a Clear Identity | 3. Your Beer Selection Is Stuck in 1995 | 4. Your Food Offering Is an Afterthought | 5. Your Opening Hours Don't Match Customer Needs | 6. Your Staff Look Miserable | 7. Your Pub Looks Tired and Unloved | 8. You're Not Creating Reasons to Visit | 9. Your Prices Are Wrong (Too High OR Too Low) | 10. You've Ignored the Digital Age | 11. Your Atmosphere Is Wrong | 12. You've Stopped Listening to Customers | Week 1: Honest Assessment | Week 2-3: Quick Wins | Week 4-8: Build Momentum | Week 9-12: Scale Success | ""It's just a quiet period"" | ""Locals don't spend money anymore"" | ""Young people don't use pubs"" | ""I can't compete with Wetherspoons"" | How quickly can I turn around an empty pub? | What if I can't afford big changes? | Should I rebrand completely? | What's the single most important thing to fix first? | How do I know which changes are working? | What is the main reason pubs are empty? | Which day of the week is usually quietest? | How quickly will I see results? | How much will this cost to implement? | Can this work for my type of pub? | Need help putting this into practice? | How we can help | Peter Pitcher | Keep exploring proven tactics | How to Fill Empty Pub Tables: 15 Strategies That Actually Work | Community Outreach Ideas That Reintroduce Your Pub to the Neighbourhood | Start Planning Christmas Now: 30 Festive Ideas to Secure December Bookings Early | Orange Jelly",2302,2026-07-07T06:12:25.467642+00:00
https://www.orangejelly.co.uk/licensees-guide/pub-differentiation-strategies,200,Pub Differentiation: 15 Ideas to Stand Out,42,"15 proven pub differentiation strategies to stand out from the competition. Find your niche, build loyalty, and become the local destination.",141,https://www.orangejelly.co.uk/licensees-guide/pub-differentiation-strategies,Pub Differentiation: 15 Ideas to Stand Out,"15 proven pub differentiation strategies to stand out from the competition. Find your niche, build loyalty, and become the local destination.",https://www.orangejelly.co.uk/images/blog/pub-differentiation-strategies.png,article,How to Differentiate Your Pub: 15 Unique Ideas That Actually Work,Theme 1: Experience and atmosphere | Theme 2: Product focus | Theme 3: Community integration | Theme 4: Service and hospitality | Theme 5: Space and format | How to choose your differentiation | Common mistakes | Quick checklist | Mini FAQ | Keep reading,Want hands-on help? | How we can help | Peter Pitcher | Keep exploring proven tactics | Summer Pub Marketing: Five Ways to Turn Footfall into Revenue | Your Pub Marketing Plan for 2026: Month-by-Month Guide | Instagram Marketing for Pubs: Turn Food Photos Into Foot Traffic | Orange Jelly,937,2026-07-07T06:12:25.467642+00:00
https://www.orangejelly.co.uk/licensees-guide/pub-drinks-menu-design-guide,200,Pub Drinks Menu: Design a Menu That Grows Revenue,49,"How to design a pub drinks menu that sells high-margin lines. Layout psychology, pricing ladders, cocktail lists, wine for non-experts, and premium soft drinks. From a working licensee.",185,https://www.orangejelly.co.uk/licensees-guide/pub-drinks-menu-design-guide,Pub Drinks Menu: Design a Menu That Grows Revenue,"How to design a pub drinks menu that sells high-margin lines. Layout psychology, pricing ladders, cocktail lists, wine for non-experts, and premium soft drinks. From a working licensee.",https://www.orangejelly.co.uk/images/blog/pub-drinks-menu-design-guide.svg,article,Pub Drinks Menu: How to Design a Menu That Grows Revenue,Why your drinks menu matters more than you think | The psychology of menu layout | Pricing strategy that protects your margin | Building a cocktail list without a cocktail bar | A wine list for non-experts | The gin menu opportunity | Premium soft drinks and alcohol-free options | Seasonal rotations that create urgency | The physical menu: format and presentation | Training your team to sell the menu | Your action plan | Common mistakes to avoid | The bottom line | Keep reading,Where the eye lands first | The power of grouping | The decoy effect and price anchoring | The three-tier ladder | Avoid round-number pricing | Do not hide the price | The shared-base approach | Batch what you can | Price for profit | Keep it tight | Write tasting notes in plain English | Offer by the glass and by the bottle | Structure it as an experience | The numbers are clear | Stock with intention | Present them properly | What to rotate | What to keep permanent | Use seasonal changes to drive content | Format options | Design principles | Three things every team member should know | Week one: audit | Week two: design | Week three: produce | Week four: launch | Month two onwards | We do this for pubs every week | How we can help | Peter Pitcher | Keep exploring proven tactics | Summer Pub Marketing: Five Ways to Turn Footfall into Revenue | Autumn Pub Event Ideas: The Playbook for Sept–Nov | Autumn Internationals 2026: Fill Your Pub for the Rugby | Orange Jelly,3420,2026-07-07T06:12:25.467642+00:00
https://www.orangejelly.co.uk/licensees-guide/double-drinks-profit-without-selling-more,200,Double Pub Drinks Profit Without Selling More,45,"Shift your pub drinks mix from volume to margin. Premium spirits, coffee, and cocktails that double profit per serve. Proven at The Anchor.",139,https://www.orangejelly.co.uk/licensees-guide/double-drinks-profit-without-selling-more,Double Pub Drinks Profit Without Selling More,"Shift your pub drinks mix from volume to margin. Premium spirits, coffee, and cocktails that double profit per serve. Proven at The Anchor.",https://www.orangejelly.co.uk/images/blog/double-drinks-profit-without-selling-more.png,article,Your Drinks Are Making Half The Profit They Should - Here's The Fix,The Real Problem | The Premium Profit Multiplication Effect | Your Five-Step Premium Transformation | Your Action Plan | Results You Can Expect | Common Objections Solved | The Bottom Line | Keep reading,Step 1: The Coffee Revolution (Week 1) | Step 2: The Soft Drink Revolution (Week 2) | Step 3: The Five-Cocktail System (Week 3) | Step 4: The Premium Spirit Shelf (Week 4) | Step 5: The Multiplication Method (Ongoing) | Week 1: Foundation | Week 2: Momentum | Week 3: Expansion | Week 4: Embedding | Immediate (Week 1) | Month 1 | Month 3 | Month 6 | Want hands-on help? | How we can help | Peter Pitcher | Keep exploring proven tactics | How to Attract Families to Your Pub: Activities That Fill Tables | Why Your EPOS Data Is the Key to a Revenue Comeback | Energy Bill Shock? Immediate Ways to Cut Venue Costs | Orange Jelly,1947,2026-07-07T06:12:25.467642+00:00
https://www.orangejelly.co.uk/licensees-guide/compete-with-wetherspoons,200,How to Compete with Wetherspoons (12 Strategies),48,Wetherspoons opened nearby? 12 proven strategies independent pubs use to compete and win. Written by a licensee who competes with chains daily.,143,https://www.orangejelly.co.uk/licensees-guide/compete-with-wetherspoons,How to Compete with Wetherspoons (12 Strategies),Wetherspoons opened nearby? 12 proven strategies independent pubs use to compete and win. Written by a licensee who competes with chains daily.,https://www.orangejelly.co.uk/images/blog/compete-with-wetherspoons.png,article,How to Compete with Wetherspoons: A Survival Guide for Independent Pubs,Understanding the Wetherspoons Model (Know Your Enemy) | What Wetherspoons Can't Offer (Your Competitive Advantage) | Strategic Positioning Against Chain Pubs | Tactical Responses to Chain Competition | Marketing Strategies That Work | Financial Strategies for Survival | Success Stories: Pubs That Beat the Chains | Your 90-Day Battle Plan | FAQs | Conclusion: David Can Beat Goliath | Frequently Asked Questions | Keep reading,"1. Personal Connection and Community | 2. Unique Atmosphere and Character | 3. Quality Over Quantity | The ""Anti-Spoons"" Positioning | Premium Experience Strategy | 1. The Loyalty Lock-In | 2. The Experience Economy | 3. The Convenience Factor | Local SEO Domination | Social Media Differentiation | Community Partnership Programme | 1. Diversify Revenue Streams | 2. Operational Efficiency | Should I try to match Wetherspoons' prices? | How much market share will I lose to Wetherspoons? | What if my regulars start going to Wetherspoons? | Should I badmouth Wetherspoons to customers? | Can I convert Wetherspoons customers to regulars? | How long before things stabilise after Spoons opens? | How quickly will I see results? | How much will this cost to implement? | Can this work for my type of pub? | Do you offer payment plans? | Want hands-on help? | How we can help | Peter Pitcher | Keep exploring proven tactics | Summer Pub Marketing: Five Ways to Turn Footfall into Revenue | Your Pub Marketing Plan for 2026: Month-by-Month Guide | Instagram Marketing for Pubs: Turn Food Photos Into Foot Traffic | Orange Jelly",1960,2026-07-07T06:12:25.467642+00:00
https://www.orangejelly.co.uk/ways-to-work/turnaround-intensive,200,Pub Turnaround Intensive — 30-Day Commercial Reset | Orange Jelly,65,"A 30-day commercial reset for pubs needing a complete turnaround. Deep diagnostic, offer reset, lean website rebuild, and stabilisation playbooks.",146,https://www.orangejelly.co.uk/ways-to-work/turnaround-intensive,Pub Turnaround Intensive — 30-Day Commercial Reset | Orange Jelly,"A 30-day commercial reset for pubs needing a complete turnaround. Deep diagnostic, offer reset, lean website rebuild, and stabilisation playbooks.",https://www.orangejelly.co.uk/images/og-default.jpg,website,Turnaround Intensive,What's included | Light-touch support | Available as add-ons | To keep this package focused | How it works | Results from The Anchor | Ready to get started? | Website Rebuild Scope,Flexible payment options available | Included in Package | Separate Scope | Orange Jelly,583,2026-07-07T06:12:25.467642+00:00
https://www.orangejelly.co.uk/pub-marketing,200,Pub Marketing — Proven Systems From a Working Licensee,54,"Pub marketing that fills tables, run by a licensee who does it daily at The Anchor: strategy, social, events, and local visibility. Packages from £375 + VAT.",157,https://www.orangejelly.co.uk/pub-marketing,Pub Marketing — Proven Systems From a Working Licensee,"Pub marketing that fills tables, run by a licensee who does it daily at The Anchor: strategy, social, events, and local visibility. Packages from £375 + VAT.",https://www.orangejelly.co.uk/images/og-default.jpg,website,Pub Marketing: The Complete Guide for UK Licensees,Why Pub Marketing Is Different From Every Other Business | What we fix first | Social Media Marketing for Pubs | Event Marketing for Pubs | Email Marketing for Pubs | Local SEO for Pubs | Menu Engineering and Profit Growth | What Pub Marketing Actually Delivers | Start with your biggest problem | More Pub Marketing Guides | Where we help | How it works | Pub Marketing Questions Answered | Want clearer momentum and more bookings?,Get you found locally | Give people a reason to visit | Make marketing take less time | Increase spend and profit | Facebook for Pubs | Instagram for Pubs | Quiz Nights | Tasting Events | Live Music | Building Your Database | What to Send | Google Business Profile | Reviews Strategy | Dead Tuesday and Wednesday nights | Empty pub and falling trade | Competing with chains like Wetherspoons | No marketing budget | Want the full menu of help? | Do you do it for me or show me how to do it? | How quickly can pub marketing work? | Can you help with Google Business Profile and reviews? | How much does it cost? | Will this work for tied pubs and managed houses? | What is the most effective pub marketing channel? | How do I market my pub with no budget? | Should I hire a pub marketing agency or do it myself? | Orange Jelly,1707,2026-07-07T06:12:25.467642+00:00
https://www.orangejelly.co.uk/licensees-guide/does-your-pub-need-a-website,200,Does Your Pub Need a Website? What Actually Works in 2026,57,"Honest advice on pub websites and SEO. What to include, how much to spend, and why Google Business Profile matters more than you think.",135,https://www.orangejelly.co.uk/licensees-guide/does-your-pub-need-a-website,Does Your Pub Need a Website? What Actually Works in 2026,"Honest advice on pub websites and SEO. What to include, how much to spend, and why Google Business Profile matters more than you think.",https://www.orangejelly.co.uk/images/blog/does-your-pub-need-a-website.svg,article,Does Your Pub Need a Website? What Actually Works in 2026,"Do You Actually Need a Website? | What Your Pub Website Must Include | Google Business Profile: Often More Important Than Your Website | Local SEO Basics: Getting Found in ""Near Me"" Searches | Social Media vs Website: They Do Different Jobs | How Much Should a Pub Website Cost? | DIY vs Professional: When Each Makes Sense | The Number One Thing Most Pub Websites Get Wrong | A Simple Digital Presence Checklist | How Orange Jelly Can Help | Frequently Asked Questions | Keep reading",Is a Facebook page enough for my pub? | How much should a pub website cost? | What is the most important thing to have on a pub website? | Do I need to pay for SEO for my pub? | How do I get my pub to show up on Google Maps? | Can I build a pub website myself with no technical experience? | How often should I update my pub website? | Want hands-on help? | How we can help | Peter Pitcher | Keep exploring proven tactics | Summer Pub Marketing: Five Ways to Turn Footfall into Revenue | Your Pub Marketing Plan for 2026: Month-by-Month Guide | Instagram Marketing for Pubs: Turn Food Photos Into Foot Traffic | Orange Jelly,3014,2026-07-07T06:12:25.467642+00:00
https://www.orangejelly.co.uk/licensees-guide/national-drinks-days-pub-guide,200,National Vodka Day & Drinks Days: A Pub Calendar,48,"National Vodka Day and a calendar of national drinks days for pubs, from world gin day to national beer day. Low-effort serves, pricing and promotion.",150,https://www.orangejelly.co.uk/licensees-guide/national-drinks-days-pub-guide,National Vodka Day & Drinks Days: A Pub Calendar,"National Vodka Day and a calendar of national drinks days for pubs, from world gin day to national beer day. Low-effort serves, pricing and promotion.",https://www.orangejelly.co.uk/images/blog/national-drinks-days-pub-guide.svg,article,National Vodka Day & Drinks Days: A Pub Calendar,"The national drinks days calendar (pick what suits you) | Why a single drink is the easiest hook you've got | National Vodka Day — Sunday 4 October | International Gin and Tonic Day — Monday 19 October | Champagne Weekend — Friday 23 and Saturday 24 October | How to run any of them in one shift | Pricing it for margin, not just for show | Your first move | FAQs | Keep reading",Want hands-on help? | How we can help | Peter Pitcher | Keep exploring proven tactics | Autumn Pub Event Ideas: The Playbook for Sept–Nov | Autumn Internationals 2026: Fill Your Pub for the Rugby | Black Friday Ideas for Pubs: Turn It Into Bookings | Orange Jelly,2957,2026-07-07T06:12:25.467642+00:00
https://www.orangejelly.co.uk/licensees-guide/family-craft-hour-101,200,Family Craft Hour 101: Sunday Pub Toolkit,41,"Run a safeguarded Sunday craft hour that fills your pub dining room. Seasonal themes, consent templates, and craft-plus-roast bundles included.",143,https://www.orangejelly.co.uk/licensees-guide/family-craft-hour-101,Family Craft Hour 101: Sunday Pub Toolkit,"Run a safeguarded Sunday craft hour that fills your pub dining room. Seasonal themes, consent templates, and craft-plus-roast bundles included.",https://www.orangejelly.co.uk/images/blog/family-craft-hour-101.png,article,Family Craft Hour 101: Licensee Guide,Who It’s For and When to Run It | Project Menu | Setup and Flow | Materials and Sourcing | Safeguarding and Photography | Accessibility and Inclusion | Budget and Bundles | Marketing Playbook | Risk Management and House Rules | Metrics to Track | FAQs | Need backup? | Keep reading,Want hands-on help? | How we can help | Peter Pitcher | Keep exploring proven tactics | Autumn Pub Event Ideas: The Playbook for Sept–Nov | Autumn Internationals 2026: Fill Your Pub for the Rugby | Black Friday Ideas for Pubs: Turn It Into Bookings | Orange Jelly,1502,2026-07-07T06:12:25.467642+00:00
https://www.orangejelly.co.uk/licensees-guide/low-cost-decor-refreshes-new-improved,200,Low-Cost Pub Decor Refreshes That Signal Change,47,"Affordable pub decor moves that scream fresh energy. Paint, signage, lighting, and furniture hacks that transform your space without builders.",142,https://www.orangejelly.co.uk/licensees-guide/low-cost-decor-refreshes-new-improved,Low-Cost Pub Decor Refreshes That Signal Change,"Affordable pub decor moves that scream fresh energy. Paint, signage, lighting, and furniture hacks that transform your space without builders.",https://www.orangejelly.co.uk/images/blog/low-cost-decor-refreshes-new-improved.png,article,Low-Cost Decor Refreshes that Signal 'New and Improved',1. Repaint the high-visibility zones | 2. Upgrade signage and menus | 3. Refresh seating without replacing | 4. Layer lighting | 5. Bring the outside in | 6. Curate talking points | Common mistakes | Quick checklist | Mini FAQ | Keep reading,Want hands-on help? | How we can help | Peter Pitcher | Keep exploring proven tactics | Wet-Led vs Food-Led Pubs: Understanding Your Revenue Model | Food Allergies and GDPR: The Compliance Nightmares That Could Close You Down | How Much Profit Does a Pub Make? Realistic Numbers for 2026 | Orange Jelly,900,2026-07-07T06:12:25.467642+00:00
https://www.orangejelly.co.uk/licensees-guide/turnaround-playbook-independent-bars,200,Pub Turnaround Playbook (30-Day Recovery Plan),46,"A step-by-step pub turnaround playbook: stabilise cash, reset your offer, relaunch with proof. Four-phase plan from a licensee who has done it.",143,https://www.orangejelly.co.uk/licensees-guide/turnaround-playbook-independent-bars,Pub Turnaround Playbook (30-Day Recovery Plan),"A step-by-step pub turnaround playbook: stabilise cash, reset your offer, relaunch with proof. Four-phase plan from a licensee who has done it.",https://www.orangejelly.co.uk/images/blog/turnaround-playbook-independent-bars.png,article,The Turnaround Playbook: How Independent Bars Bounce Back Fast,Phase 1: Stabilise in 7 days | Phase 2: Reset the offer (Weeks 2 to 4) | Phase 3: Relaunch with proof (Weeks 5 to 8) | Phase 4: Scale the habits (Weeks 9 to 12) | Leadership behaviours that make it stick | Common mistakes | Quick checklist | Mini FAQ | Keep reading,Need help putting this into practice? | How we can help | Peter Pitcher | Keep exploring proven tactics | How to Fill Empty Pub Tables: 15 Strategies That Actually Work | Community Outreach Ideas That Reintroduce Your Pub to the Neighbourhood | Start Planning Christmas Now: 30 Festive Ideas to Secure December Bookings Early | Orange Jelly,958,2026-07-07T06:12:25.467642+00:00
https://www.orangejelly.co.uk/licensees-guide/oktoberfest-pub-guide,200,Oktoberfest Ideas for Pubs: How to Host Your Own,48,"Oktoberfest ideas for pubs: pick your weekend, get a festbier and steins on, serve pretzels and bratwurst, cue the Oompah, and fill a quiet autumn night.",153,https://www.orangejelly.co.uk/licensees-guide/oktoberfest-pub-guide,Oktoberfest Ideas for Pubs: How to Host Your Own,"Oktoberfest ideas for pubs: pick your weekend, get a festbier and steins on, serve pretzels and bratwurst, cue the Oompah, and fill a quiet autumn night.",https://www.orangejelly.co.uk/images/blog/oktoberfest-pub-guide.svg,article,Oktoberfest Ideas for Pubs: How to Host Your Own,"Why Oktoberfest works for a quiet UK autumn | Picking your dates | The beer: get a proper German one on | The food: keep it simple and Bavarian | Music, decoration and atmosphere | Make it social: long tables and group bookings | Photos and promotion | Turning the night into repeat bookings | Your first move | FAQs | Keep reading",What to put on | Steins and the Maß | Want hands-on help? | How we can help | Peter Pitcher | Keep exploring proven tactics | Autumn Pub Event Ideas: The Playbook for Sept–Nov | Autumn Internationals 2026: Fill Your Pub for the Rugby | Black Friday Ideas for Pubs: Turn It Into Bookings | Orange Jelly,3153,2026-07-07T06:12:25.467642+00:00
https://www.orangejelly.co.uk/licensees-guide/social-media-strategy-for-pubs,200,Social Media Strategy for Pubs (Weekly System),46,"A weekly social media plan for pubs: what to post, when, and how to turn views into footfall. The system behind our 828% Google Search visibility growth.",153,https://www.orangejelly.co.uk/licensees-guide/social-media-strategy-for-pubs,Social Media Strategy for Pubs (Weekly System),"A weekly social media plan for pubs: what to post, when, and how to turn views into footfall. The system behind our 828% Google Search visibility growth.",https://www.orangejelly.co.uk/images/blog/social-media-strategy-for-pubs.png,article,The Complete Social Media Strategy Guide for Pubs in 2025,Step 1: Define the goal | Step 2: Assign platform roles | Step 3: Build a simple calendar | Step 4: Create a content workflow | Step 5: Track results that matter | Give every post a job | Common mistakes | Quick checklist | Mini FAQ | Keep reading,Want hands-on help? | How we can help | Peter Pitcher | Keep exploring proven tactics | Summer Pub Marketing: Five Ways to Turn Footfall into Revenue | Your Pub Marketing Plan for 2026: Month-by-Month Guide | Instagram Marketing for Pubs: Turn Food Photos Into Foot Traffic | Orange Jelly,969,2026-07-07T06:12:25.467642+00:00
https://www.orangejelly.co.uk/licensees-guide/christmas-pub-event-ideas,200,The Christmas Pub Playbook: How to Fill December and Ring in the New Year,73,"A practical Christmas plan for pubs — gifting, December party season, New Year's Eve, Dry January and warming winter nights. The festive moments that fill tables and how to run them.",182,https://www.orangejelly.co.uk/licensees-guide/christmas-pub-event-ideas,The Christmas Pub Playbook: How to Fill December and Ring in the New Year,"A practical Christmas plan for pubs — gifting, December party season, New Year's Eve, Dry January and warming winter nights. The festive moments that fill tables and how to run them.",https://www.orangejelly.co.uk/images/blog/christmas-pub-event-ideas.svg,article,The Christmas Pub Playbook: How to Fill December and Ring in the New Year,"At a glance | Late November: gifting and Black Friday | December: party season | New Year's Eve | January: low and no, and a warm welcome | Your first move | FAQs | The full Christmas Pub Playbook | More for this winter","Black Friday | Cyber Monday + St Andrew's Day | Christmas party season | Christmas Day | Boxing Day | New Year's Eve | New Year's Day | Dry January / low and no | Burns Night | Want hands-on help? | How we can help | Peter Pitcher | Keep exploring proven tactics | Start Planning Christmas Now: 30 Festive Ideas to Secure December Bookings Early | Pub Christmas Bookings: How to Fill Your December Calendar | Black Friday Ideas for Pubs: Turn It Into Bookings | Wine & Cheese Evening: How to Run One in Your Pub | New Year's Eve for Pubs: Planning, Pricing & Promotion | Winter's Coming: Your Simple Guide to Turning Cold Weather Into Cash | Six Nations 2026: How to Make the Most of Rugby in Your Pub | Energy Bill Shock? Immediate Ways to Cut Venue Costs | Survive the Off-Season: Packages That Keep Revenue Coming | Seasonal Pub Events Calendar: Year-Round Ideas That Drive Revenue | Orange Jelly",2118,2026-07-07T06:12:25.467642+00:00
https://www.orangejelly.co.uk/licensees-guide/rescue-your-margins-drinks-mix,200,Rescue Pub Margins with a Better Drinks Mix,43,"Engineer a pub drinks range that defends GP when prices climb. Three-tier pours, limited releases, and bar training that lifts every round.",139,https://www.orangejelly.co.uk/licensees-guide/rescue-your-margins-drinks-mix,Rescue Pub Margins with a Better Drinks Mix,"Engineer a pub drinks range that defends GP when prices climb. Three-tier pours, limited releases, and bar training that lifts every round.",https://www.orangejelly.co.uk/images/blog/rescue-your-margins-drinks-mix.png,article,Rescue Your Margins: The Drinks Mix That Keeps Money in the Till,Step 1: Map the current mix | Step 2: Build a three-tier ladder | Step 3: Reprice with confidence | Step 4: Train the team on round crafting | Step 5: Partner with suppliers smartly | Step 6: Design menus that sell for you | Common mistakes | Quick checklist | Mini FAQ | Keep reading,Want hands-on help? | How we can help | Peter Pitcher | Keep exploring proven tactics | How to Attract Families to Your Pub: Activities That Fill Tables | Why Your EPOS Data Is the Key to a Revenue Comeback | Energy Bill Shock? Immediate Ways to Cut Venue Costs | Orange Jelly,924,2026-07-07T06:12:25.467642+00:00
https://www.orangejelly.co.uk/empty-pub-solutions,200,Empty Pub? A Proven Plan to Fill Tables Again,45,"An empty pub is a fixable problem. A practical plan to bring footfall back — events, offers, and local visibility — from a working licensee. Packages from £375 + VAT.",166,https://www.orangejelly.co.uk/empty-pub-solutions,Empty Pub? A Proven Plan to Fill Tables Again,"An empty pub is a fixable problem. A practical plan to bring footfall back — events, offers, and local visibility — from a working licensee. Packages from £375 + VAT.",https://www.orangejelly.co.uk/images/og-default.jpg,website,Empty Tables toFull Houses in 30 Days.,Every Empty Table Costs You Money | How We Filled The Anchor | The Right Package to Fill Your Tables | Common Questions About Filling Empty Tables | Ready to Fill Those Empty Tables?,One Clear Bottleneck? | Growth Fix | Multiple Growth Challenges? | Growth Partner | How quickly can I see results for my empty pub? | What if I've tried everything and nothing works? | How much does the empty pub recovery plan cost? | Do I need to spend money on advertising? | Will this work for my type of pub? | Orange Jelly,667,2026-07-07T06:12:25.467642+00:00
https://www.orangejelly.co.uk/licensees-guide/buying-a-pub-complete-guide,200,Buying a Pub: Complete UK Guide for First-Time Buyers,53,"Thinking of buying a pub? Freehold vs leasehold, the real costs, due-diligence traps, and a 90-day plan — honest guidance from someone who runs one.",148,https://www.orangejelly.co.uk/licensees-guide/buying-a-pub-complete-guide,Buying a Pub: Complete UK Guide for First-Time Buyers,"Thinking of buying a pub? Freehold vs leasehold, the real costs, due-diligence traps, and a 90-day plan — honest guidance from someone who runs one.",https://www.orangejelly.co.uk/images/blog/buying-a-pub-complete-guide.svg,article,Buying a Pub: The Complete UK Guide for First-Time Buyers,Is pub ownership right for you? | Types of pub ownership | How to find the right pub | Due diligence: what to check before you commit | Financing your pub | The legal process | Your first 90 days: a practical plan | Common mistakes to avoid | Getting help | The bottom line | Keep reading,Freehold | Leasehold | Tenancy (tied or free of tie) | Management agreement | Specialist agents | Brewery and pubco lists | What to look for in a site | Financial due diligence | Operational due diligence | Legal due diligence | Typical cost ranges | Funding sources | The business plan | For freehold purchases | For leasehold and tenancy | Personal licence | Weeks 1 to 2: Listen and learn | Weeks 3 to 4: Fix the basics | Weeks 5 to 8: Build your offer | Weeks 9 to 12: Assess and adjust | What Orange Jelly does for new pub owners | Other sources of support | Want hands-on help? | How we can help | Peter Pitcher | Keep exploring proven tactics | Wet-Led vs Food-Led Pubs: Understanding Your Revenue Model | Food Allergies and GDPR: The Compliance Nightmares That Could Close You Down | How Much Profit Does a Pub Make? Realistic Numbers for 2026 | Orange Jelly,3560,2026-07-07T06:12:25.467642+00:00
https://www.orangejelly.co.uk/licensees-guide/sober-october-low-no-alcohol-pubs,200,Non Alcoholic Beer & a Low/No Bar That Sells: Sober October,59,"Non alcoholic beer that sells in your pub, plus a small alcohol free bar: low and no alcohol drinks, a non alcoholic drinks menu and Sober October done right.",158,https://www.orangejelly.co.uk/licensees-guide/sober-october-low-no-alcohol-pubs,Non Alcoholic Beer & a Low/No Bar That Sells: Sober October,"Non alcoholic beer that sells in your pub, plus a small alcohol free bar: low and no alcohol drinks, a non alcoholic drinks menu and Sober October done right.",https://www.orangejelly.co.uk/images/blog/sober-october-low-no-alcohol-pubs.svg,article,Non Alcoholic Beer & a Low/No Bar That Sells: Sober October,"Start your alcohol free bar with one great non alcoholic beer | Make pacing the easy choice | Pair it with food, not just thirst | Give your team the words | Now the money bit | Promote October, then keep the winners | Your first move | FAQs | Keep reading",Want hands-on help? | How we can help | Peter Pitcher | Keep exploring proven tactics | Autumn Pub Event Ideas: The Playbook for Sept–Nov | Autumn Internationals 2026: Fill Your Pub for the Rugby | Black Friday Ideas for Pubs: Turn It Into Bookings | Orange Jelly,2957,2026-07-07T06:12:25.467642+00:00
https://www.orangejelly.co.uk/licensees-guide/fill-empty-pub-tables,200,How to Fill Empty Pub Tables (Proven System),44,15 proven strategies to fill empty pub tables. Tested at The Anchor with real results. Practical tactics you can start this week.,129,https://www.orangejelly.co.uk/licensees-guide/fill-empty-pub-tables,How to Fill Empty Pub Tables (Proven System),15 proven strategies to fill empty pub tables. Tested at The Anchor with real results. Practical tactics you can start this week.,https://www.orangejelly.co.uk/images/blog/fill-empty-pub-tables.png,article,How to Fill Empty Pub Tables: 15 Strategies That Actually Work,Understanding the Empty Table Problem | The Psychology of Table Choice | 15 Proven Strategies to Fill Your Empty Tables | Implementation Timeline | Measuring Success | Common Mistakes to Avoid | Frequently Asked Questions | Your Next Steps | The Challenge | Ready to Transform Your Table Occupancy? | Frequently Asked Questions | Keep reading,"What Empty Tables Really Cost You | 1. Strategic Table Management | 2. The ""Golden Hours"" Pricing Strategy | 3. Create Instagram-Worthy Table Settings | 4. The ""Community Table"" Concept | 5. Implement Smart Booking Systems | 6. Partner With Local Businesses | 7. The ""Table Time Limit"" Psychology | 8. Weather-Responsive Promotions | 9. Create Themed Table Experiences | 10. The ""Local Hero"" Table Programme | 11. Leverage FOMO Marketing | 12. Staff Training for Table Filling | 13. The ""Doggy Dining"" Revolution | 14. Data-Driven Table Management | 15. The ""Experience Economy"" Approach | Week 1: Assessment and Quick Wins | Week 2-4: Systems and Partnerships | Month 2-3: Build and Refine | Month 4-6: Scale and Optimise | Key Metrics to Track: | Our 6-Month Results: | How quickly can I expect to see results? | What if I can't afford booking systems? | Should I turn away walk-ins to keep tables for bookings? | How do I handle regular customers who expect ""their"" table? | What's the single most effective strategy? | How do I compete with chain restaurants? | What is the main reason pubs are empty? | Which day of the week is usually quietest? | How quickly will I see results? | How much will this cost to implement? | Can this work for my type of pub? | Need help putting this into practice? | How we can help | Peter Pitcher | Keep exploring proven tactics | Community Outreach Ideas That Reintroduce Your Pub to the Neighbourhood | Start Planning Christmas Now: 30 Festive Ideas to Secure December Bookings Early | Why Is My Pub Empty? 12 Brutal Truths and How to Fix Them | Orange Jelly",2220,2026-07-07T06:12:25.467642+00:00
https://www.orangejelly.co.uk/licensees-guide/energy-bill-shock-cut-venue-costs,200,Cut Pub Energy Bills: Boost Your Margins,40,"Slash pub utility bills within 30 days. Equipment audits, smart schedules, tariff renegotiation, and team habits that cut costs fast.",133,https://www.orangejelly.co.uk/licensees-guide/energy-bill-shock-cut-venue-costs,Cut Pub Energy Bills: Boost Your Margins,"Slash pub utility bills within 30 days. Equipment audits, smart schedules, tariff renegotiation, and team habits that cut costs fast.",https://www.orangejelly.co.uk/images/blog/energy-bill-shock-cut-venue-costs.png,article,Energy Bill Shock? Immediate Ways to Cut Venue Costs,Step 1: Run a 7-day energy audit | Step 2: Service the workhorses | Step 3: Automate the boring stuff | Step 4: Switch tariffs strategically | Step 5: Engage the team | Step 6: Invest where it pays back | Common mistakes | Quick checklist | Mini FAQ | Keep reading,Want hands-on help? | How we can help | Peter Pitcher | Keep exploring proven tactics | How to Attract Families to Your Pub: Activities That Fill Tables | Why Your EPOS Data Is the Key to a Revenue Comeback | Your Drinks Are Making Half The Profit They Should - Here's The Fix | Orange Jelly,948,2026-07-07T06:12:25.467642+00:00
https://www.orangejelly.co.uk/licensees-guide/midweek-pub-offers-that-work,200,Midweek Pub Offers That Actually Work,37,"Midweek pub offers that boost profit, not just footfall. Proven promotions for Tuesday to Thursday from pubs that turned quiet nights around.",141,https://www.orangejelly.co.uk/licensees-guide/midweek-pub-offers-that-work,Midweek Pub Offers That Actually Work,"Midweek pub offers that boost profit, not just footfall. Proven promotions for Tuesday to Thursday from pubs that turned quiet nights around.",https://www.orangejelly.co.uk/images/blog/midweek-pub-offers-that-work.png,article,Midweek Pub Offers That Actually Drive Profits (Not Just Footfall),The Midweek Mathematics: Understanding Your True Costs | 14 Midweek Offers That Actually Make Money | The Implementation Blueprint | Measuring True Success | Common Midweek Mistakes That Kill Profits | The Psychology of Profitable Promotions | Your Midweek Action Plan | FAQs: Your Midweek Questions Answered | The Profitable Midweek Challenge | Ready to Make Midweek Profitable? | Frequently Asked Questions | Keep reading,"The Hidden Cost of Desperate Discounting | The Profitable Midweek Formula | 1. ""Wine & Dine Wednesdays"" | 2. ""The Midweek Feasts"" | 3. ""Lunch & Learn"" Business Packages | 4. ""The Weekday Weekend"" | 5. ""Family Kitchen Wednesdays"" | 6. ""Local Hero Discounts"" | 7. ""The Midweek Roast Revolution"" | 8. ""Speedy Supper Guarantee"" | 9. ""The Tasting Trio"" | 10. ""Midweek Members Club"" | 11. ""Cook With the Chef"" | 12. ""The Progressive Pint"" | 13. ""Destination Dining Nights"" | 14. ""The Early Bird Evolution"" | Phase 1: Analysis (Week 1) | Phase 2: Design (Week 2) | Phase 3: Test (Weeks 3-6) | Phase 4: Scale (Weeks 7-12) | Track These Metrics: | Our 6-Month Midweek Transformation: | 1. Racing to the Bottom | 2. Complexity Chaos | 3. Ignoring Food Costs | 4. Forgetting Fixed Costs | 5. Weekend Cannibalisation | What Customers Actually Want: | What Drives Profitable Behaviour: | Week 1: Baseline | Week 2: Design | Week 3-4: Launch | Week 5-8: Optimise | Week 9-12: Expand | Should I discount drinks midweek? | How do I avoid weekend cannibalisation? | What's the minimum investment needed? | How quickly should I see results? | What if my offers aren't working? | How quickly will I see results? | How much will this cost to implement? | Can this work for my type of pub? | Do you offer payment plans? | Do you offer payment plans? | Want hands-on help? | How we can help | Peter Pitcher | Keep exploring proven tactics | Autumn Pub Event Ideas: The Playbook for Sept–Nov | Autumn Internationals 2026: Fill Your Pub for the Rugby | Black Friday Ideas for Pubs: Turn It Into Bookings | Orange Jelly",2171,2026-07-07T06:12:25.467642+00:00
https://www.orangejelly.co.uk/ways-to-work/growth-partner,200,Growth Partner — Full Pub Marketing Support | Orange Jelly,58,"Full pub marketing support — strategy, events, social, local visibility, and accountability. The strongest ongoing package from Orange Jelly.",141,https://www.orangejelly.co.uk/ways-to-work/growth-partner,Growth Partner — Full Pub Marketing Support | Orange Jelly,"Full pub marketing support — strategy, events, social, local visibility, and accountability. The strongest ongoing package from Orange Jelly.",https://www.orangejelly.co.uk/images/og-default.jpg,website,Growth Partner,What's included | Light-touch support | Available as add-ons | To keep this package focused | How it works | Results from The Anchor | Ready to get started?,Flexible payment options available | Orange Jelly,548,2026-07-07T06:12:25.467642+00:00
https://www.orangejelly.co.uk/licensees-guide/how-to-attract-families-to-your-pub,200,How to Attract Families to Your Pub (Easy Wins),47,"Practical ways to attract families to your pub without alienating regulars. Menus, events, and simple changes that fill tables on quiet days.",141,https://www.orangejelly.co.uk/licensees-guide/how-to-attract-families-to-your-pub,How to Attract Families to Your Pub (Easy Wins),"Practical ways to attract families to your pub without alienating regulars. Menus, events, and simple changes that fill tables on quiet days.",https://www.orangejelly.co.uk/images/blog/how-to-attract-families.png,article,How to Attract Families to Your Pub: Activities That Fill Tables,Why Families Avoid Your Pub | Quick Wins You Can Do This Week | Family Events That Actually Work | Making It Work for Your Regulars Too | Your 4-Week Action Plan | Results You Can Expect | Common Objections Solved | The Bottom Line | Keep reading,Create a Children's Menu That Parents Actually Want | Designate a Family Area | Make Your Welcome Visible | Get the Practical Stuff Right | Sunday Afternoon Quiz (3pm Start) | School Holiday Craft Sessions | Colouring and Activity Packs for Under-5s | Seasonal Themed Events | Designated Family Times | Communicate the Change | Separate Spaces Where Possible | Week 1: Foundation | Week 2: Promotion | Week 3: First Sunday Push | Week 4: Your First Family Event | Week 1-2 | Month 1 | Month 2-3 | Month 6 | Want hands-on help? | How we can help | Peter Pitcher | Keep exploring proven tactics | Why Your EPOS Data Is the Key to a Revenue Comeback | Energy Bill Shock? Immediate Ways to Cut Venue Costs | Your Drinks Are Making Half The Profit They Should - Here's The Fix | Orange Jelly,3065,2026-07-07T06:12:25.467642+00:00
https://www.orangejelly.co.uk/licensees-guide/quiz-night-101,200,Quiz Night 101: How to Run a Pub Quiz That Fills Tables,55,"A practical pub quiz guide: formats, pacing, promotion, prizes, and templates to build regular teams and consistent midweek trade.",130,https://www.orangejelly.co.uk/licensees-guide/quiz-night-101,Quiz Night 101: How to Run a Pub Quiz That Fills Tables,"A practical pub quiz guide: formats, pacing, promotion, prizes, and templates to build regular teams and consistent midweek trade.",https://www.orangejelly.co.uk/images/blog/quiz-night-101.png,article,Quiz Night 101: Licensee Guide,What Makes a Quiz Night Work | Choose Your Format | Scoring and Fair Play | Roles and Run-of-Show | Kit and Setup | Questions People Love (with examples) | Prizes That Drive Return Visits | Marketing Plan (four-week cadence) | Accessibility and Inclusion | Compliance Corner: Music Licensing | Metrics and Post-Event Debrief | FAQs | Need backup? | Keep reading,Core structures | Interactive ideas | Want hands-on help? | How we can help | Peter Pitcher | Keep exploring proven tactics | Autumn Pub Event Ideas: The Playbook for Sept–Nov | Autumn Internationals 2026: Fill Your Pub for the Rugby | Black Friday Ideas for Pubs: Turn It Into Bookings | Orange Jelly,1905,2026-07-07T06:12:25.467642+00:00
https://www.orangejelly.co.uk/licensees-guide/food-hygiene-rating-five-star-guide,200,How to Get a 5-Star Food Hygiene Rating (Pub Guide),51,"Everything pub landlords need to score 5 on food hygiene. What EHO inspectors assess, how to prepare, common failures, re-inspection process, and daily routines that keep your stars.",182,https://www.orangejelly.co.uk/licensees-guide/food-hygiene-rating-five-star-guide,How to Get a 5-Star Food Hygiene Rating (Pub Guide),"Everything pub landlords need to score 5 on food hygiene. What EHO inspectors assess, how to prepare, common failures, re-inspection process, and daily routines that keep your stars.",https://www.orangejelly.co.uk/images/blog/food-hygiene-rating-five-star-guide.svg,article,How to Get (and Keep) a 5-Star Food Hygiene Rating,What your food hygiene rating actually measures | How the 0 to 5 scale works | How to prepare for an inspection | The day of the inspection: what to expect | Common failures that cost you stars | How to request a re-inspection | The business impact of your rating | Maintaining your 5 stars: the routines that prevent slippage | Kitchen team briefing template | Your action plan | The bottom line | Keep reading,Area 1: Food hygiene and safety procedures | Area 2: Structural compliance | Area 3: Confidence in management and control procedures | The standing checklist (do this every day) | The weekly deep check | The monthly review | Incomplete or missing SFBB records | Temperature records with gaps | Poor separation of raw and cooked foods | Dirty extraction and ventilation | No evidence of staff training | Damaged or worn surfaces | Pest evidence | Handwash basins used for food prep | Build food safety into your daily rhythm | Assign a food safety champion | Quarterly self-audits | New starter induction | Supplier management | Want hands-on help? | How we can help | Peter Pitcher | Keep exploring proven tactics | Wet-Led vs Food-Led Pubs: Understanding Your Revenue Model | Food Allergies and GDPR: The Compliance Nightmares That Could Close You Down | How Much Profit Does a Pub Make? Realistic Numbers for 2026 | Orange Jelly,3938,2026-07-07T06:12:25.467642+00:00
https://www.orangejelly.co.uk/licensees-guide/pub-health-safety-checklist,200,Pub Health and Safety: The Licensee's Practical Checklist,57,"A practical health and safety checklist for pub licensees. Risk assessments, fire safety, COSHH, cellar safety, noise management, and inspection prep from a working publican.",174,https://www.orangejelly.co.uk/licensees-guide/pub-health-safety-checklist,Pub Health and Safety: The Licensee's Practical Checklist,"A practical health and safety checklist for pub licensees. Risk assessments, fire safety, COSHH, cellar safety, noise management, and inspection prep from a working publican.",https://www.orangejelly.co.uk/images/blog/pub-health-safety-checklist.svg,article,Pub Health and Safety: The Licensee's Practical Checklist,"Why this matters more than you think | Risk assessments: the foundation of everything | Fire safety: exits, extinguishers, and drills | Cellar safety | Glass management | COSHH: chemicals under control | Accident book and RIDDOR | First aid | Noise management | Outdoor areas and beer gardens | How to prepare for an inspection | Your review cycle: weekly, monthly, and annual | Employers liability and the health and safety law poster | Making it stick: building a safety culture | The bottom line | Keep reading",What you need to assess | How to write them | Common mistakes | Your fire safety checklist | Kitchen-specific fire safety | Gas safety | Manual handling in the cellar | Cellar cleanliness | Your glass policy should cover | What you need | When to report to RIDDOR | What you need | Prevention is everything | If you receive a complaint | Your inspection-ready folder | During the inspection | Weekly checks | Monthly checks | Annual checks | Want hands-on help? | How we can help | Peter Pitcher | Keep exploring proven tactics | Wet-Led vs Food-Led Pubs: Understanding Your Revenue Model | Food Allergies and GDPR: The Compliance Nightmares That Could Close You Down | How Much Profit Does a Pub Make? Realistic Numbers for 2026 | Orange Jelly,3652,2026-07-07T06:12:25.467642+00:00
https://www.orangejelly.co.uk/licensees-guide/turn-heating-costs-into-winter-wins,200,Pub Heating Costs: Turn Winter Into Revenue,43,"Turn winter heating costs into pub revenue. Hot drinks, seasonal events, and smart pricing that cover the spike and boost cold-weather trade.",141,https://www.orangejelly.co.uk/licensees-guide/turn-heating-costs-into-winter-wins,Pub Heating Costs: Turn Winter Into Revenue,"Turn winter heating costs into pub revenue. Hot drinks, seasonal events, and smart pricing that cover the spike and boost cold-weather trade.",https://www.orangejelly.co.uk/images/blog/turn-heating-costs-into-winter-wins.png,article,Winter's Coming: Your Simple Guide to Turning Cold Weather Into Cash,The Real Problem | Turn Temperature Into Theatre | Hot Drinks That Actually Sell | Transform Dead Time Into Profit | Weekend Winter Experiences | The Psychology of Warmth | Your Action Plan | Results You Can Expect | Common Objections Solved | The Unexpected Benefits | The Bottom Line | Keep reading,Create Winter Comfort Zones | Beyond Basic Coffee | Afternoon Coffee Clubs | Addressing the Weekend Challenge | Price Perception Changes With Temperature | Week 1: Foundation | Week 2: Momentum | Week 3: Acceleration | Immediate (Week 1) | Month 1 | Month 3-6 | Want hands-on help? | How we can help | Peter Pitcher | Keep exploring proven tactics | How to Attract Families to Your Pub: Activities That Fill Tables | Why Your EPOS Data Is the Key to a Revenue Comeback | Energy Bill Shock? Immediate Ways to Cut Venue Costs | Orange Jelly,1967,2026-07-07T06:12:25.467642+00:00
https://www.orangejelly.co.uk/licensees-guide/category/people,200,People - The Licensee's Guide | Orange Jelly,44,"Recruitment, staff motivation, team leadership, and training",60,https://www.orangejelly.co.uk/licensees-guide/category/people,People - The Licensee's Guide | Orange Jelly,"Recruitment, staff motivation, team leadership, and training",https://www.orangejelly.co.uk/images/og-default.jpg,website,People,,Pub Recruitment: How to Hire (and Keep) Great Bar Staff | Staff Motivation Hacks When You Can't Afford Pay Rises | Orange Jelly,270,2026-07-07T06:12:25.467642+00:00
https://www.orangejelly.co.uk/licensees-guide/terrible-online-reviews-damage-control,200,Bad Pub Reviews? The Damage Control Playbook,44,Turn terrible pub reviews into marketing gold. A 24-hour response framework and prevention system that converts critics into regulars.,134,https://www.orangejelly.co.uk/licensees-guide/terrible-online-reviews-damage-control,Bad Pub Reviews? The Damage Control Playbook,Turn terrible pub reviews into marketing gold. A 24-hour response framework and prevention system that converts critics into regulars.,https://www.orangejelly.co.uk/images/blog/terrible-online-reviews-damage-control.png,article,Terrible Online Reviews Ruining Your Reputation? The Damage Control Guide,The Truth About Reviews (That Nobody Tells You) | The 24-Hour Response Framework | The Prevention Protocol | Building Your Review Army | Platform-Specific Strategies | The Fake Review Problem | Crisis Management: The Review Bombing | Turning Critics into Advocates | The Monthly Review Audit | Legal Considerations | Your 30-Day Reputation Revival Plan | The Results to Expect | Frequently Asked Questions | Keep reading,The Sweet Spot | What if the review is completely false? | Should I offer compensation in my response? | How do I get staff to care about reviews? | Can I remove bad reviews? | Want hands-on help? | How we can help | Peter Pitcher | Keep exploring proven tactics | Summer Pub Marketing: Five Ways to Turn Footfall into Revenue | Your Pub Marketing Plan for 2026: Month-by-Month Guide | Instagram Marketing for Pubs: Turn Food Photos Into Foot Traffic | Orange Jelly,1756,2026-07-07T06:12:25.467642+00:00
https://www.orangejelly.co.uk/licensees-guide/delivery-click-collect-without-harm,200,Pub Delivery and Click & Collect Without Harm,45,"Add delivery and click-and-collect to your pub without wrecking dine-in service. Menu design, staffing, and tech setup for dual-channel ops.",140,https://www.orangejelly.co.uk/licensees-guide/delivery-click-collect-without-harm,Pub Delivery and Click & Collect Without Harm,"Add delivery and click-and-collect to your pub without wrecking dine-in service. Menu design, staffing, and tech setup for dual-channel ops.",https://www.orangejelly.co.uk/images/blog/delivery-click-collect-without-harm.png,article,Harnessing Delivery and Click & Collect Without Killing Service,Step 1: Separate menus by channel | Step 2: Ringfence capacity | Step 3: Create a dispatch station | Step 4: Optimise collection flow | Step 5: Track profit per channel | Step 6: Cross-pollinate marketing | Example setup | Common mistakes | Quick checklist | Mini FAQ | Keep reading,Want hands-on help? | How we can help | Peter Pitcher | Keep exploring proven tactics | Wet-Led vs Food-Led Pubs: Understanding Your Revenue Model | Food Allergies and GDPR: The Compliance Nightmares That Could Close You Down | How Much Profit Does a Pub Make? Realistic Numbers for 2026 | Orange Jelly,969,2026-07-07T06:12:25.467642+00:00
https://www.orangejelly.co.uk/licensees-guide/revenue-levers-struggling-pubs,200,Revenue Levers for Struggling Pubs (Quick Wins),47,"9 revenue levers every struggling pub should pull this week. Events, bundles, upsells, and space hire tactics that bring in cash fast.",134,https://www.orangejelly.co.uk/licensees-guide/revenue-levers-struggling-pubs,Revenue Levers for Struggling Pubs (Quick Wins),"9 revenue levers every struggling pub should pull this week. Events, bundles, upsells, and space hire tactics that bring in cash fast.",https://www.orangejelly.co.uk/images/blog/revenue-levers-struggling-pubs.png,article,9 Revenue Levers Every Struggling Pub Should Pull Today,1. Relaunch Your Top Two Events | 2. Bundle Plates and Pints | 3. Sell Premium Pours on Purpose | 4. Monetise Dead Space | 5. Pre-Sell Sunday | 6. Partner on Deliveroo But Stay in Control | 7. Launch a Locals Card | 8. Reduce Pour Cost Overnight | 9. Make Every Staff Member a Rainmaker | This Week's Checklist | Mini FAQ | Keep reading,Need help putting this into practice? | How we can help | Peter Pitcher | Keep exploring proven tactics | How to Fill Empty Pub Tables: 15 Strategies That Actually Work | Community Outreach Ideas That Reintroduce Your Pub to the Neighbourhood | Start Planning Christmas Now: 30 Festive Ideas to Secure December Bookings Early | Orange Jelly,1218,2026-07-07T06:12:25.467642+00:00
https://www.orangejelly.co.uk/licensees-guide/cash-bingo-101,200,Cash Bingo 101: How to Run It in Your Pub,41,"A simple cash bingo guide for pubs: how it works, how to run the night, promotion ideas, and tips to keep it profitable.",120,https://www.orangejelly.co.uk/licensees-guide/cash-bingo-101,Cash Bingo 101: How to Run It in Your Pub,"A simple cash bingo guide for pubs: how it works, how to run the night, promotion ideas, and tips to keep it profitable.",https://www.orangejelly.co.uk/images/blog/cash-bingo-101.png,article,Cash Bingo 101: Licensee Guide,Quick Compliance Snapshot | Know Your Format: 90-ball Bingo | Kit and Setup | Money Handling and Payout Models | Hosting and Pace | Responsible Play and Safeguarding | Run-of-Show (120 Minutes) | Marketing (Responsibly) | Budget Snapshot | Compliance Signposts (UK) | Metrics to Track | FAQs | Need backup? | Keep reading,Want hands-on help? | How we can help | Peter Pitcher | Keep exploring proven tactics | Autumn Pub Event Ideas: The Playbook for Sept–Nov | Autumn Internationals 2026: Fill Your Pub for the Rugby | Black Friday Ideas for Pubs: Turn It Into Bookings | Orange Jelly,1563,2026-07-07T06:12:25.467642+00:00
https://www.orangejelly.co.uk/licensees-guide/community-outreach-reintroduce-pub,200,Community Outreach to Reintroduce Your Pub,42,"Reconnect your pub with the neighbourhood through purposeful outreach. Schools, clubs, and charity partnerships that turn goodwill into bookings.",145,https://www.orangejelly.co.uk/licensees-guide/community-outreach-reintroduce-pub,Community Outreach to Reintroduce Your Pub,"Reconnect your pub with the neighbourhood through purposeful outreach. Schools, clubs, and charity partnerships that turn goodwill into bookings.",https://www.orangejelly.co.uk/images/blog/community-outreach-reintroduce-pub.webp,article,Community Outreach Ideas That Reintroduce Your Pub to the Neighbourhood,Layer 1: Show up where locals already are | Layer 2: Collaborate with local partners | Layer 3: Become essential to the community | How to choose the right outreach idea | Example 90-day outreach plan | Common mistakes | Quick checklist | Mini FAQ | Keep reading,Need help putting this into practice? | How we can help | Peter Pitcher | Keep exploring proven tactics | How to Fill Empty Pub Tables: 15 Strategies That Actually Work | Start Planning Christmas Now: 30 Festive Ideas to Secure December Bookings Early | Why Is My Pub Empty? 12 Brutal Truths and How to Fix Them | Orange Jelly,1020,2026-07-07T06:12:25.467642+00:00
https://www.orangejelly.co.uk/licensees-guide/wine-tasting-evenings-for-pubs,200,Wine & Cheese Evening: How to Run One in Your Pub,49,"How to run a wine and cheese evening in your pub: a simple £10 flight, a cheese pairing board, local cheese, staff crib notes and repeat bookings.",146,https://www.orangejelly.co.uk/licensees-guide/wine-tasting-evenings-for-pubs,Wine & Cheese Evening: How to Run One in Your Pub,"How to run a wine and cheese evening in your pub: a simple £10 flight, a cheese pairing board, local cheese, staff crib notes and repeat bookings.",https://www.orangejelly.co.uk/images/blog/wine-tasting-evenings-for-pubs.svg,article,Wine & Cheese Evening: How to Run One in Your Pub,Why a wine and cheese night works when wine alone doesn't | Make wine easy to choose | How to host a wine tasting: the £10 flight format | Build a simple cheese pairing board | Wine words made easy | Other premium serve moments | Turning a tasting into repeat bookings | Your first move | FAQs | Keep reading,Want hands-on help? | How we can help | Peter Pitcher | Keep exploring proven tactics | Autumn Pub Event Ideas: The Playbook for Sept–Nov | Autumn Internationals 2026: Fill Your Pub for the Rugby | Black Friday Ideas for Pubs: Turn It Into Bookings | Orange Jelly,3357,2026-07-07T06:12:25.467642+00:00
https://www.orangejelly.co.uk/licensees-guide/category/marketing,200,Marketing - The Licensee's Guide | Orange Jelly,47,"Social media, online reputation, customer acquisition, and local marketing",74,https://www.orangejelly.co.uk/licensees-guide/category/marketing,Marketing - The Licensee's Guide | Orange Jelly,"Social media, online reputation, customer acquisition, and local marketing",https://www.orangejelly.co.uk/images/og-default.jpg,website,Marketing,,Summer Pub Marketing: Five Ways to Turn Footfall into Revenue | Your Pub Marketing Plan for 2026: Month-by-Month Guide | Instagram Marketing for Pubs: Turn Food Photos Into Foot Traffic | Pub Chalkboard & A-Board Ideas That Actually Drive Footfall | Facebook Marketing for Local Pubs: Your Community Connection Goldmine | Email Marketing for Pubs: Build a Database That Drives Repeat Business | Pub Content That Fills Seats: What to Post and When | How to Compete with Wetherspoons: A Survival Guide for Independent Pubs | Google Business Profile for Pubs: The Complete Setup Guide | Young People Won't Come to Your Pub? Here's How to Change That | How to Respond to Bad Pub Reviews (Without Making It Worse) | How to Win Back Locals After Months of Slow Trade | How to Build a Loyalty Scheme That Fills the Pub Every Friday | Social Media Tactics That Drive Footfall in Seven Days | The Complete Social Media Strategy Guide for Pubs in 2025 | Does Your Pub Need a Website? What Actually Works in 2026 | Terrible Online Reviews Ruining Your Reputation? The Damage Control Guide | How to Differentiate Your Pub: 15 Unique Ideas That Actually Work | Premium Pub Positioning: How to Go Upmarket and Increase Profits | Partnering with Local Brands to Share Marketing Costs | Orange Jelly,999,2026-07-07T06:12:25.467642+00:00
https://www.orangejelly.co.uk/licensees-guide/pub-chalkboard-a-board-ideas,200,Pub Chalkboard & A-Board Ideas That Actually Drive Footfall,59,"Practical pub chalkboard and A-board ideas that turn passers-by into customers. What to write, design tips, seasonal messages, legal rules, and social media amplification.",171,https://www.orangejelly.co.uk/licensees-guide/pub-chalkboard-a-board-ideas,Pub Chalkboard & A-Board Ideas That Actually Drive Footfall,"Practical pub chalkboard and A-board ideas that turn passers-by into customers. What to write, design tips, seasonal messages, legal rules, and social media amplification.",https://www.orangejelly.co.uk/images/blog/pub-chalkboard-a-board-ideas.svg,article,Pub Chalkboard & A-Board Ideas That Actually Drive Footfall,Why your A-board matters more than you think | What to write on your pub chalkboard | How to design a chalkboard that gets noticed | How often to change your board | The legal rules around pavement signage | Chalkboard lettering tips for non-artists | Using social media to amplify your board | Window displays: the overlooked cousin | Your action plan | Results you can expect | The bottom line | Keep reading,"The daily hook | The witty one-liner | The social proof line | The seasonal message | The event driver | Use chalk markers, not chalk | Stick to two or three colours | Leave breathing space | Add a simple illustration | Frame the board properly | Pavement licences in England | Scotland, Wales, and Northern Ireland | Insurance | Top tip | Use guidelines | Print, do not write cursive | Start with the headline | Practice on paper first | Invest in a set of stencils | Photograph it properly | Post it to your channels daily | Encourage customer shares | Create a series | This week | This month | Ongoing | Want hands-on help? | How we can help | Peter Pitcher | Keep exploring proven tactics | Summer Pub Marketing: Five Ways to Turn Footfall into Revenue | Your Pub Marketing Plan for 2026: Month-by-Month Guide | Instagram Marketing for Pubs: Turn Food Photos Into Foot Traffic | Orange Jelly",2902,2026-07-07T06:12:25.467642+00:00
https://www.orangejelly.co.uk/licensees-guide/content-marketing-ideas-pubs,200,Pub Content Ideas: What to Post to Fill Tables,46,"What to post and when: a simple content plan for pubs. Weekly templates, real examples, and ideas that turn social media views into bookings.",141,https://www.orangejelly.co.uk/licensees-guide/content-marketing-ideas-pubs,Pub Content Ideas: What to Post to Fill Tables,"What to post and when: a simple content plan for pubs. Weekly templates, real examples, and ideas that turn social media views into bookings.",https://www.orangejelly.co.uk/images/blog/content-marketing-ideas-pubs.png,article,Pub Content That Fills Seats: What to Post and When,Pillar 1: Story and identity | Pillar 2: Proof and social life | Pillar 3: Useful information | Pillar 4: Offers and events | Simple weekly rhythm | Common mistakes | Quick checklist | Mini FAQ | Keep reading,Want hands-on help? | How we can help | Peter Pitcher | Keep exploring proven tactics | Summer Pub Marketing: Five Ways to Turn Footfall into Revenue | Your Pub Marketing Plan for 2026: Month-by-Month Guide | Instagram Marketing for Pubs: Turn Food Photos Into Foot Traffic | Orange Jelly,929,2026-07-07T06:12:25.467642+00:00
https://www.orangejelly.co.uk/pub-marketing-surrey,200,"Pub Marketing for Surrey Pubs — Practical, Proven Help | Orange Jelly",69,"Pub marketing for Surrey pubs from a working licensee near Heathrow. Social media, events and local SEO, proven at our own pub. Packages from £375 + VAT.",153,https://www.orangejelly.co.uk/pub-marketing-surrey,"Pub Marketing for Surrey Pubs — Practical, Proven Help | Orange Jelly","Pub marketing for Surrey pubs from a working licensee near Heathrow. Social media, events and local SEO, proven at our own pub. Packages from £375 + VAT.",https://www.orangejelly.co.uk/images/og-default.jpg,website,Pub Marketing for Surrey Pubs,What works for Surrey pubs (and what doesn't) | What's working for Surrey pubs right now | Where to start | Also Serving Pubs Across the South East | Let's talk about your Surrey pub | Common Questions,Capture the commuter belt | Win the summer garden search | Race day and seasonal peaks | Compete with the gastropubs | Start with pub marketing fundamentals | Build midweek momentum | Stop falling trade | Do you actually know the Surrey pub market? | Can you help with race day and event marketing? | How do I compete with gastropubs in Guildford and Woking? | Orange Jelly,641,2026-07-07T06:12:25.467642+00:00
https://www.orangejelly.co.uk/licensees-guide/cask-ale-week-pub-guide,200,Beer Festival & Cask Ale Week: A 10-Day Plan for Pubs,53,"Run your own beer festival around Cask Ale Week 2026: a 10-day pub plan with featured casks, a beer passport, tasting paddles and plain-English notes.",150,https://www.orangejelly.co.uk/licensees-guide/cask-ale-week-pub-guide,Beer Festival & Cask Ale Week: A 10-Day Plan for Pubs,"Run your own beer festival around Cask Ale Week 2026: a 10-day pub plan with featured casks, a beer passport, tasting paddles and plain-English notes.",https://www.orangejelly.co.uk/images/blog/cask-ale-week-pub-guide.svg,article,Beer Festival & Cask Ale Week: A 10-Day Plan for Pubs,Run it as your own beer festival | The simple version (start here) | The 10-day plan | Talk about it like a human | Cellar quality is the whole foundation | Train your team to recommend with confidence | Turning one week into lasting sales | Your first move | FAQs | Keep reading,Beer of the Day chalkboard | A Cask Passport | Third-pint tasting paddles | A low-effort meet the brewer event | Want hands-on help? | How we can help | Peter Pitcher | Keep exploring proven tactics | Autumn Pub Event Ideas: The Playbook for Sept–Nov | Autumn Internationals 2026: Fill Your Pub for the Rugby | Black Friday Ideas for Pubs: Turn It Into Bookings | Orange Jelly,3294,2026-07-07T06:12:25.467642+00:00
https://www.orangejelly.co.uk/licensees-guide/google-business-profile-pub-guide,200,Google Business Profile for Pubs: The Complete Setup Guide,58,"Step-by-step guide to setting up and optimising your pub Google Business Profile. Get into the local 3-pack, manage reviews, and turn searches into customers.",158,https://www.orangejelly.co.uk/licensees-guide/google-business-profile-pub-guide,Google Business Profile for Pubs: The Complete Setup Guide,"Step-by-step guide to setting up and optimising your pub Google Business Profile. Get into the local 3-pack, manage reviews, and turn searches into customers.",https://www.orangejelly.co.uk/images/blog/google-business-profile-pub-guide.svg,article,Google Business Profile for Pubs: The Complete Setup Guide,"Why Google Business Profile matters more than your website | Step 1: Claim or create your listing | Step 2: Choose the right categories | Step 3: Complete every section of your profile | Step 4: Photos that drive clicks | Step 5: Get into the local 3-pack | Step 6: Write Google Posts that work | Step 7: Master your reviews | Step 8: Add menus, products, and services | Step 9: Manage the Q&A section | Step 10: Use Insights to understand what is working | Your Google Business Profile action plan | Keep it fresh for summer | Common mistakes to avoid | The bottom line | Keep reading",If your pub already appears on Google Maps | If your pub does not appear on Google Maps | Common problems at this stage | Primary category | Secondary categories | Review your categories quarterly | Business name | Address and service area | Opening hours | Phone number | Website | Description | Attributes | What to photograph | How many photos | Photo quality tips | Remove bad photos | Relevance | Distance | Prominence | NAP consistency matters | Types of posts | What makes a good Google Post | Weekly posting rhythm | How to get more reviews | How to respond to reviews | Menu | Products | Services | Take control of your Q&A | Key metrics to watch | What to do with this data | Week 1: Claim and complete | Week 2: Reviews and NAP | Week 3: Content and Q&A | Week 4 onwards: Maintain the rhythm | Want hands-on help? | How we can help | Peter Pitcher | Keep exploring proven tactics | Summer Pub Marketing: Five Ways to Turn Footfall into Revenue | Your Pub Marketing Plan for 2026: Month-by-Month Guide | Instagram Marketing for Pubs: Turn Food Photos Into Foot Traffic | Orange Jelly,3975,2026-07-07T06:12:25.467642+00:00
https://www.orangejelly.co.uk/licensees-guide/epos-data-revenue-comeback,200,Use Pub EPOS Data to Drive a Revenue Comeback,45,"Turn EPOS reports into weekly pub action plans. Track covers, spend, and product mix to boost revenue with data-driven decisions.",129,https://www.orangejelly.co.uk/licensees-guide/epos-data-revenue-comeback,Use Pub EPOS Data to Drive a Revenue Comeback,"Turn EPOS reports into weekly pub action plans. Track covers, spend, and product mix to boost revenue with data-driven decisions.",https://www.orangejelly.co.uk/images/blog/epos-data-revenue-comeback.png,article,Why Your EPOS Data Is the Key to a Revenue Comeback,The four core metrics that matter | Build a one-page weekly dashboard | Run weekly experiments | Segment your guests | Spot hidden profit | Share insights with the team | Common mistakes | Quick checklist | Mini FAQ | Keep reading,Want hands-on help? | How we can help | Peter Pitcher | Keep exploring proven tactics | How to Attract Families to Your Pub: Activities That Fill Tables | Energy Bill Shock? Immediate Ways to Cut Venue Costs | Your Drinks Are Making Half The Profit They Should - Here's The Fix | Orange Jelly,964,2026-07-07T06:12:25.467642+00:00
https://www.orangejelly.co.uk/licensees-guide/pub-vat-accounting-guide,200,Pub VAT and Accounting: The Landlord's Plain-English Guide,58,"Plain-English guide to pub VAT, bookkeeping, and common tax mistakes. Know what to reclaim, when to register, and how to choose a hospitality accountant.",153,https://www.orangejelly.co.uk/licensees-guide/pub-vat-accounting-guide,Pub VAT and Accounting: The Landlord's Plain-English Guide,"Plain-English guide to pub VAT, bookkeeping, and common tax mistakes. Know what to reclaim, when to register, and how to choose a hospitality accountant.",https://www.orangejelly.co.uk/images/blog/pub-vat-accounting-guide.svg,article,Pub VAT and Accounting: The Landlord's Plain-English Guide,Why VAT matters more in pubs than most businesses | VAT on drinks: the simple part | VAT on food: where it gets complicated | When to register for VAT | What you can reclaim (and what you cannot) | Choosing the right accounting scheme | Record keeping that will protect you | Choosing a hospitality accountant | Common tax mistakes pub landlords make | Building a financial plan that works | The bottom line | Keep reading,What about crisps and bar snacks? | Can you register voluntarily? | You can typically reclaim VAT on | You cannot reclaim VAT on | The tied supply question | Standard VAT accounting | Flat rate scheme | Cash accounting scheme | What to keep | The weekly routine | What to look for | What to expect to pay | Mixing personal and business spending | Not claiming legitimate expenses | Missing the VAT registration deadline | Poor cash handling records | Ignoring Making Tax Digital | Not budgeting for the VAT bill | Want hands-on help? | How we can help | Peter Pitcher | Keep exploring proven tactics | Wet-Led vs Food-Led Pubs: Understanding Your Revenue Model | Food Allergies and GDPR: The Compliance Nightmares That Could Close You Down | How Much Profit Does a Pub Make? Realistic Numbers for 2026 | Orange Jelly,3114,2026-07-07T06:12:25.467642+00:00
https://www.orangejelly.co.uk/licensees-guide/cellar-management-beer-quality-guide,200,"Cellar Management: Keep Beer Perfect, Waste Low",47,"Flat pints and wastage quietly kill your GP. The cellar routine — temperature, line cleaning, stock rotation — that keeps beer perfect and protects your margin.",160,https://www.orangejelly.co.uk/licensees-guide/cellar-management-beer-quality-guide,"Cellar Management: Keep Beer Perfect, Waste Low","Flat pints and wastage quietly kill your GP. The cellar routine — temperature, line cleaning, stock rotation — that keeps beer perfect and protects your margin.",https://www.orangejelly.co.uk/images/blog/cellar-management-beer-quality-guide.svg,article,Cellar Management: How to Keep Your Beer Perfect and Your Waste Low,Why cellar management matters more than you think | Temperature control: the foundation of everything | Line cleaning: the non-negotiable weekly routine | Stock rotation: FIFO every time | Cask versus keg: managing both properly | Ullage and wastage tracking | Cellar safety | The pub stock take: tying it all together | Weekly and monthly cellar routines | Your action plan | Common objections | The bottom line | Keep reading,The numbers | Maintaining stable temperature | The schedule | Line cleaning best practice | The cost of skipping a clean | How to implement FIFO in your cellar | Cask ale | Keg beer | Setting up a wastage log | What the numbers should look like | Using wastage data | The key hazards | Weekly stock take routine | Monthly deep review | Daily | Weekly | Monthly | Quarterly | This week | This month | Within three months | Want hands-on help? | How we can help | Peter Pitcher | Keep exploring proven tactics | Wet-Led vs Food-Led Pubs: Understanding Your Revenue Model | Food Allergies and GDPR: The Compliance Nightmares That Could Close You Down | How Much Profit Does a Pub Make? Realistic Numbers for 2026 | Orange Jelly,3754,2026-07-07T06:12:25.467642+00:00
https://www.orangejelly.co.uk/licensees-guide/pub-christmas-bookings-fill-december,200,Pub Christmas Bookings: How to Fill Your December Calendar,58,"Fill your pub December calendar with Christmas bookings. Pricing strategies, deposit policies, set menus, entertainment ideas, and a 12-week promotion timeline from a working licensee.",184,https://www.orangejelly.co.uk/licensees-guide/pub-christmas-bookings-fill-december,Pub Christmas Bookings: How to Fill Your December Calendar,"Fill your pub December calendar with Christmas bookings. Pricing strategies, deposit policies, set menus, entertainment ideas, and a 12-week promotion timeline from a working licensee.",https://www.orangejelly.co.uk/images/blog/pub-christmas-bookings-fill-december.svg,article,Pub Christmas Bookings: How to Fill Your December Calendar,Why September is your real Christmas deadline | Building your Christmas offering | Pricing strategies that protect your margins | Your pre-booking system | Entertainment that fills the gaps | The social media promotion timeline | Converting December visitors into January regulars | Your action plan | Common objections solved | The bottom line | Keep reading,Set menus are your best friend | Pre-orders and menu choices | Know your food GP target | The drinks margin multiplier | Deposit and cancellation policy | What a good booking system looks like | Managing capacity | The Christmas pub quiz | Live music and entertainment | Themed nights | September: announce and launch | October: build urgency | November: create scarcity | December: fill the gaps and upsell | Email marketing | Collect contact details from every booking | The January bounce-back offer | New Year email sequence | This week (September) | Weeks 2-4 (mid to late September) | October | November | December | Want hands-on help? | How we can help | Peter Pitcher | Keep exploring proven tactics | Autumn Pub Event Ideas: The Playbook for Sept–Nov | Autumn Internationals 2026: Fill Your Pub for the Rugby | Black Friday Ideas for Pubs: Turn It Into Bookings | Orange Jelly,3315,2026-07-07T06:12:25.467642+00:00
https://www.orangejelly.co.uk/capabilities,200,"Pub Marketing Capabilities — Social Media, Events, SEO & More | Orange Jelly",76,"Full-stack pub marketing support: social media, events, paid ads, local visibility, content, website optimisation, and more. See what is included in each package.",162,https://www.orangejelly.co.uk/capabilities,"Pub Marketing Capabilities — Social Media, Events, SEO & More | Orange Jelly","Full-stack pub marketing support: social media, events, paid ads, local visibility, content, website optimisation, and more. See what is included in each package.",https://www.orangejelly.co.uk/images/og-default.jpg,website,Everything we can help with,Content Creation — What Is and Is Not Included | Find the Right Package,How content creation works | Orange Jelly,449,2026-07-07T06:12:25.467642+00:00
https://www.orangejelly.co.uk/licensees-guide/prs-ppl-music-licensing-pubs,200,PRS and PPL Music Licensing for Pubs: What You Actually Pay,59,"TheMusicLicence for pubs explained. What PRS and PPL cover, how fees work by venue size, what is included, and penalties for non-compliance. Written by a working licensee.",171,https://www.orangejelly.co.uk/licensees-guide/prs-ppl-music-licensing-pubs,PRS and PPL Music Licensing for Pubs: What You Actually Pay,"TheMusicLicence for pubs explained. What PRS and PPL cover, how fees work by venue size, what is included, and penalties for non-compliance. Written by a working licensee.",https://www.orangejelly.co.uk/images/blog/prs-ppl-music-licensing-pubs.svg,article,PRS and PPL Music Licensing for Pubs: What You Actually Pay,What is TheMusicLicence? | How much does it cost? | What does TheMusicLicence cover? | What TheMusicLicence does not cover | Do I need TheMusicLicence if I only play the radio? | What about the Live Music Act? | Penalties for playing music without a licence | How to get TheMusicLicence | Making the most of your music licence | The bottom line | Keep reading,The main variables | Typical cost ranges for pubs | Payment options | Want hands-on help? | How we can help | Peter Pitcher | Keep exploring proven tactics | Wet-Led vs Food-Led Pubs: Understanding Your Revenue Model | Food Allergies and GDPR: The Compliance Nightmares That Could Close You Down | How Much Profit Does a Pub Make? Realistic Numbers for 2026 | Orange Jelly,2300,2026-07-07T06:12:25.467642+00:00
https://www.orangejelly.co.uk/licensees-guide/pub-insurance-cover-guide,200,Pub Insurance: What Cover You Need and What It Costs,52,"What insurance does a pub need? Public liability, employers liability, buildings, contents, and business interruption explained with realistic UK costs and an annual review checklist.",183,https://www.orangejelly.co.uk/licensees-guide/pub-insurance-cover-guide,Pub Insurance: What Cover You Need and What It Costs,"What insurance does a pub need? Public liability, employers liability, buildings, contents, and business interruption explained with realistic UK costs and an annual review checklist.",https://www.orangejelly.co.uk/images/blog/pub-insurance-cover-guide.svg,article,Pub Insurance: What Cover You Need and What It Costs,Public liability insurance | Employers liability insurance | Buildings and contents insurance | Business interruption insurance | Product liability insurance | How much does pub insurance actually cost? | What to look for in a policy | Common insurance mistakes | Annual insurance review checklist | Getting the right advice | Keep reading,What it covers | What level of cover do you need? | Typical cost | The legal position | What it covers | Who counts as an employee? | Typical cost | If you own the freehold | If you are a leaseholder or tenant | What to watch for | Typical cost | Why it matters | What to look for | Typical cost | What it covers | Why it matters for pubs specifically | Typical cost | Factors that affect your premium | Use a specialist broker | Check excess levels | Read the exclusions | Review annually | Underinsuring your contents | Not updating after a refurbishment | Assuming the pubco covers everything | Not disclosing changes | Choosing price over cover | Want hands-on help? | How we can help | Peter Pitcher | Keep exploring proven tactics | Wet-Led vs Food-Led Pubs: Understanding Your Revenue Model | Food Allergies and GDPR: The Compliance Nightmares That Could Close You Down | How Much Profit Does a Pub Make? Realistic Numbers for 2026 | Orange Jelly,3132,2026-07-07T06:12:25.467642+00:00
https://www.orangejelly.co.uk/licensees-guide,200,The Licensee's Guide - Expert Pub Management Advice | Orange Jelly,66,"Essential guides for pub owners covering marketing, events, food, and business strategy. Practical advice that also applies to restaurants and bars.",148,https://www.orangejelly.co.uk/licensees-guide,The Licensee's Guide - Expert Pub Management Advice | Orange Jelly,"Essential guides for pub owners covering marketing, events, food, and business strategy. Practical advice that also applies to restaurants and bars.",https://www.orangejelly.co.uk/images/og-default.jpg,website,The Licensee's Guide,Seasonal Playbooks | What You'll Learn | Search the Guides | Top Topics,"Summer Pub Playbook | Autumn Pub Playbook | Christmas Pub Playbook | Summer Pub Marketing: Five Ways to Turn Footfall into Revenue | Autumn Pub Event Ideas: The Playbook for Sept–Nov | Autumn Internationals 2026: Fill Your Pub for the Rugby | Black Friday Ideas for Pubs: Turn It Into Bookings | Beer Festival & Cask Ale Week: A 10-Day Plan for Pubs | The Christmas Pub Playbook: How to Fill December and Ring in the New Year | Coffee Morning Ideas for Pubs: Fundraising That Works | National Vodka Day & Drinks Days: A Pub Calendar | Oktoberfest Ideas for Pubs: How to Host Your Own | Halloween Food & Party Ideas for Pubs (+ Bonfire Night) | Non Alcoholic Beer & a Low/No Bar That Sells: Sober October | Wine & Cheese Evening: How to Run One in Your Pub | Pub Event Ideas: The Year-Round Guide to Filling Quiet Nights | How to Attract Families to Your Pub: Activities That Fill Tables | Summer Moments, Simple Campaigns: an inspiring idea bank for pub teams (May to Aug) | Your Pub Marketing Plan for 2026: Month-by-Month Guide | Instagram Marketing for Pubs: Turn Food Photos Into Foot Traffic | Wet-Led vs Food-Led Pubs: Understanding Your Revenue Model | How to Run Successful Pub Events: A Complete Guide to Profitable Functions | Six Nations 2026: How to Make the Most of Rugby in Your Pub | Food Allergies and GDPR: The Compliance Nightmares That Could Close You Down | How Much Profit Does a Pub Make? Realistic Numbers for 2026 | Pub Chalkboard & A-Board Ideas That Actually Drive Footfall | How to Fill Empty Pub Tables: 15 Strategies That Actually Work | New Year's Eve for Pubs: Planning, Pricing & Promotion | Facebook Marketing for Local Pubs: Your Community Connection Goldmine | Theme Hour Saturdays: Power Hour & Spin-to-Win Toolkit | Pub Toilet Refurbishment: Make a Great Impression on a Budget | Why Your EPOS Data Is the Key to a Revenue Comeback | Pop-Up Events for Pubs: Formats That Fill Quiet Nights | Pub VAT and Accounting: The Landlord's Plain-English Guide | Energy Bill Shock? Immediate Ways to Cut Venue Costs | Quiz Night 101: Licensee Guide | Pub Accessibility: Making Your Venue Welcoming for Everyone | Email Marketing for Pubs: Build a Database That Drives Repeat Business | Music Bingo 101: Licensee Guide | Pub Drinks Menu: How to Design a Menu That Grows Revenue | Your Drinks Are Making Half The Profit They Should - Here's The Fix | Karaoke Night 101: Licensee Guide | Cellar Management: How to Keep Your Beer Perfect and Your Waste Low | Harnessing Delivery and Click & Collect Without Killing Service | Family Craft Hour 101: Licensee Guide | Pub Wages and Labour Costs: What to Pay and How to Control Costs | Cash Bingo 101: Licensee Guide | Pub Health and Safety: The Licensee's Practical Checklist | Pub Content That Fills Seats: What to Post and When | Boardgame & Team Night 101: Licensee Guide | How to Compete with Wetherspoons: A Survival Guide for Independent Pubs | Zero-Waste Stock Management for Pubs in Survival Mode | Google Business Profile for Pubs: The Complete Setup Guide | Community Outreach Ideas That Reintroduce Your Pub to the Neighbourhood | Young People Won't Come to Your Pub? Here's How to Change That | How to Respond to Bad Pub Reviews (Without Making It Worse) | Start Planning Christmas Now: 30 Festive Ideas to Secure December Bookings Early | How to Win Back Locals After Months of Slow Trade | Pub Christmas Bookings: How to Fill Your December Calendar | Cashflow Fixes: Immediate Steps When Trade Drops Off a Cliff | Why Is My Pub Empty? 12 Brutal Truths and How to Fix Them | Pub Recruitment: How to Hire (and Keep) Great Bar Staff | The Complete Guide to Pub EPOS Systems in 2026 | How to Build a Loyalty Scheme That Fills the Pub Every Friday | Upselling Secrets: Training Scripts That Don't Sound Pushy | PRS and PPL Music Licensing for Pubs: What You Actually Pay | The Turnaround Playbook: How Independent Bars Bounce Back Fast | How to Get (and Keep) a 5-Star Food Hygiene Rating | Winter's Coming: Your Simple Guide to Turning Cold Weather Into Cash | Pub Insurance: What Cover You Need and What It Costs | Checklist: 30-Day Action Plan to Stabilise a Struggling Hospitality Business | Pub Licensing Explained: Premises Licences, Personal Licences & TENs | Survive the Off-Season: Packages That Keep Revenue Coming | 35 Summer Pub Events That Actually Make Money (Not Just Noise) | Staff Motivation Hacks When You Can't Afford Pay Rises | Social Media Tactics That Drive Footfall in Seven Days | The Complete Social Media Strategy Guide for Pubs in 2025 | Seasonal Pub Events Calendar: Year-Round Ideas That Drive Revenue | Does Your Pub Need a Website? What Actually Works in 2026 | 9 Revenue Levers Every Struggling Pub Should Pull Today | Pub Business Plan: Free Template & Step-by-Step Guide | Restarting Your Quiz, Live Music, and Sport Nights for Maximum ROI | Buying a Pub: The Complete UK Guide for First-Time Buyers | Rescue Your Margins: The Drinks Mix That Keeps Money in the Till | Handling Rent and Supplier Negotiations When Cash Is Tight | Recession-Proof Pub Strategies: How to Thrive When Customers Tighten Their Belts | From Quiet to Buzzing: Rebooting Your Pub's Atmosphere on a Budget | Quiz Night Ideas: 25 Formats That Pack Your Pub Every Week | Monday Night Pub Promotions That Actually Work (Not Another Quiz Night) | Should You Refurb Your Pub? What to Fix First for Under £5K | How to Run a Pub: The Licensee's Essential Guide | The Ultimate Pub Event Template for Guaranteed Profit Nights | Why Your Pub is Empty on Tuesday Nights (And How to Fix It) | The Complete Guide to Pub Leases, Tenancies and Brewery Ties | Cash Flow Crisis Every Month? Breaking the Feast-or-Famine Cycle | Kitchen Nightmares: When Your Chef Quits on a Saturday Night | Nobody Books Tables Anymore? Master the Art of Walk-ins vs Reservations | Terrible Online Reviews Ruining Your Reputation? The Damage Control Guide | Village Pub in a Dying Village? Survival Strategies That Actually Work | How to Differentiate Your Pub: 15 Unique Ideas That Actually Work | Profitable Pub Food Menu Ideas: High-Margin Dishes That Actually Sell | Premium Pub Positioning: How to Go Upmarket and Increase Profits | Partnering with Local Brands to Share Marketing Costs | Midweek Pub Offers That Actually Drive Profits (Not Just Footfall) | Menu Engineering Tricks to Lift Average Spend Fast | Low-Cost Decor Refreshes that Signal 'New and Improved' | 25 Low Budget Pub Marketing Ideas That Actually Work | Live Music Events for Pubs: The Complete Guide to Booking, Hosting & Profiting | Orange Jelly",5147,2026-07-07T06:12:25.467642+00:00
https://www.orangejelly.co.uk/licensees-guide/rent-supplier-negotiations-cash-tight,200,Pub Rent and Supplier Negotiation When Cash Tight,49,"Negotiate pub rent and supplier terms when cash is tight. Scripts, repayment plans, and relationship tactics that secure breathing room.",136,https://www.orangejelly.co.uk/licensees-guide/rent-supplier-negotiations-cash-tight,Pub Rent and Supplier Negotiation When Cash Tight,"Negotiate pub rent and supplier terms when cash is tight. Scripts, repayment plans, and relationship tactics that secure breathing room.",https://www.orangejelly.co.uk/images/blog/rent-supplier-negotiations-cash-tight.png,article,Handling Rent and Supplier Negotiations When Cash Is Tight,"Step 1: Know your numbers | Step 2: Book the conversation | Step 3: Lead with transparency | Step 4: Propose, do not beg | Step 5: Put it in writing | Step 6: Communicate weekly | Common mistakes | Quick checklist | Mini FAQ | Keep reading",Want hands-on help? | How we can help | Peter Pitcher | Keep exploring proven tactics | How to Attract Families to Your Pub: Activities That Fill Tables | Why Your EPOS Data Is the Key to a Revenue Comeback | Energy Bill Shock? Immediate Ways to Cut Venue Costs | Orange Jelly,876,2026-07-07T06:12:25.467642+00:00
https://www.orangejelly.co.uk/licensees-guide/summer-pub-event-ideas,200,Pub Event Ideas for Summer: 35 That Make Money,46,"35 summer pub event ideas you can actually run — themes, timelines, and promotion that drive bookings and repeat visits. From a working pub.",140,https://www.orangejelly.co.uk/licensees-guide/summer-pub-event-ideas,Pub Event Ideas for Summer: 35 That Make Money,"35 summer pub event ideas you can actually run — themes, timelines, and promotion that drive bookings and repeat visits. From a working pub.",https://www.orangejelly.co.uk/images/blog/summer-pub-event-ideas.webp,article,35 Summer Pub Events That Actually Make Money (Not Just Noise),Category 1: Garden parties and socials | Category 2: Food-led events | Category 3: Sport and competitions | Category 4: Family and community days | How to choose the right summer event | Make every summer event bookable | Common mistakes | Quick checklist | Mini FAQ | Keep reading,Need help putting this into practice? | How we can help | Peter Pitcher | Keep exploring proven tactics | How to Fill Empty Pub Tables: 15 Strategies That Actually Work | Community Outreach Ideas That Reintroduce Your Pub to the Neighbourhood | Start Planning Christmas Now: 30 Festive Ideas to Secure December Bookings Early | Orange Jelly,933,2026-07-07T06:12:25.467642+00:00
https://www.orangejelly.co.uk/pub-marketing-hertfordshire,200,Pub Marketing in Hertfordshire — Build Repeat Trade | Orange Jelly,66,"Pub marketing for Hertfordshire pubs in St Albans, Watford, Hertford, and the Home Counties. Local SEO, events, and social media. Packages from £375 + VAT.",155,https://www.orangejelly.co.uk/pub-marketing-hertfordshire,Pub Marketing in Hertfordshire — Build Repeat Trade | Orange Jelly,"Pub marketing for Hertfordshire pubs in St Albans, Watford, Hertford, and the Home Counties. Local SEO, events, and social media. Packages from £375 + VAT.",https://www.orangejelly.co.uk/images/og-default.jpg,website,Pub Marketing for Hertfordshire Pubs,What works in Hertfordshire (and what doesn't) | What's working for Hertfordshire pubs right now | Where to start | Also Serving Pubs Across the South East | Want more customers through the door in Hertfordshire? | Common Questions,Capture the commuter lunch crowd | Beat the London-spillover chains | St Albans food scene positioning | Build a reliable midweek rhythm | Start with pub marketing fundamentals | Build midweek momentum | See our packages | Do you understand the Hertfordshire commuter market? | How do we compete with chains in towns like Watford? | Can you help pubs in smaller Hertfordshire towns? | Orange Jelly,655,2026-07-07T06:12:25.467642+00:00
https://www.orangejelly.co.uk/licensees-guide/summer-pub-marketing,200,Summer Pub Marketing: Five Ways to Turn Footfall into Revenue,61,"Five ways to turn summer footfall into summer revenue: bookable reasons to visit, action-led social posts, a fresh Google listing, data capture and follow-up.",158,https://www.orangejelly.co.uk/licensees-guide/summer-pub-marketing,Summer Pub Marketing: Five Ways to Turn Footfall into Revenue,"Five ways to turn summer footfall into summer revenue: bookable reasons to visit, action-led social posts, a fresh Google listing, data capture and follow-up.",https://www.orangejelly.co.uk/images/blog/summer-pub-marketing.svg,article,Summer Pub Marketing: Five Ways to Turn Footfall into Revenue,1. Create bookable reasons to visit | 2. Make every post lead somewhere | 3. Keep your Google listing fresh | 4. Capture customer details while trade is high | 5. Follow up and bring people back | The summer that pays you back | FAQs | The full Summer Pub Playbook | More for this summer,"Want hands-on help? | How we can help | Peter Pitcher | Keep exploring proven tactics | 35 Summer Pub Events That Actually Make Money (Not Just Noise) | The Complete Social Media Strategy Guide for Pubs in 2025 | Google Business Profile for Pubs: The Complete Setup Guide | Email Marketing for Pubs: Build a Database That Drives Repeat Business | How to Build a Loyalty Scheme That Fills the Pub Every Friday | Summer Moments, Simple Campaigns: an inspiring idea bank for pub teams (May to Aug) | Seasonal Pub Events Calendar: Year-Round Ideas That Drive Revenue | Orange Jelly",1806,2026-07-07T06:12:25.467642+00:00
https://www.orangejelly.co.uk/licensees-guide/upselling-secrets-training-scripts,200,Pub Upselling Scripts That Feel Natural,39,"Train your pub team to upsell without sounding pushy. Needs-based questions, two-option offers, and conversational bridges that lift spend.",139,https://www.orangejelly.co.uk/licensees-guide/upselling-secrets-training-scripts,Pub Upselling Scripts That Feel Natural,"Train your pub team to upsell without sounding pushy. Needs-based questions, two-option offers, and conversational bridges that lift spend.",https://www.orangejelly.co.uk/images/blog/upselling-secrets-training-scripts.png,article,Upselling Secrets: Training Scripts That Don't Sound Pushy,Step 1: Start with questions | Step 2: Offer two curated options | Step 3: Use bridge phrases | Step 4: Drill daily | Step 5: Track and celebrate | Scripts by category | Common mistakes | Quick checklist | Mini FAQ | Keep reading,Want hands-on help? | How we can help | Peter Pitcher | Keep exploring proven tactics | How to Attract Families to Your Pub: Activities That Fill Tables | Why Your EPOS Data Is the Key to a Revenue Comeback | Energy Bill Shock? Immediate Ways to Cut Venue Costs | Orange Jelly,919,2026-07-07T06:12:25.467642+00:00
https://www.orangejelly.co.uk/licensees-guide/karaoke-night-101,200,Karaoke Night 101: Pub Licensee Toolkit,39,"Run compliant, high-energy karaoke nights at your pub. Kit checklist, 2-hour run-sheet, rotation rules, and TheMusicLicence reminders.",134,https://www.orangejelly.co.uk/licensees-guide/karaoke-night-101,Karaoke Night 101: Pub Licensee Toolkit,"Run compliant, high-energy karaoke nights at your pub. Kit checklist, 2-hour run-sheet, rotation rules, and TheMusicLicence reminders.",https://www.orangejelly.co.uk/images/blog/karaoke-night-101.png,article,Karaoke Night 101: Licensee Guide,"Format Options | Equipment and Sound | Songbooks and Discovery | Queue Management and Stagecraft | Safety, Inclusivity and Accessibility | Run-of-Show (120 Minutes) | Marketing Toolkit | Budget Snapshot | Compliance Corner: Music Licensing | FAQs | Need backup? | Keep reading",Want hands-on help? | How we can help | Peter Pitcher | Keep exploring proven tactics | Autumn Pub Event Ideas: The Playbook for Sept–Nov | Autumn Internationals 2026: Fill Your Pub for the Rugby | Black Friday Ideas for Pubs: Turn It Into Bookings | Orange Jelly,1507,2026-07-07T06:12:25.467642+00:00
https://www.orangejelly.co.uk/licensees-guide/survive-off-season-revenue-packages,200,Pub Off-Season Packages That Keep Revenue Coming,48,"Build shoulder-season pub packages for corporates, families, and clubs. Bundle space, food, and experiences into ready-to-buy offers.",133,https://www.orangejelly.co.uk/licensees-guide/survive-off-season-revenue-packages,Pub Off-Season Packages That Keep Revenue Coming,"Build shoulder-season pub packages for corporates, families, and clubs. Bundle space, food, and experiences into ready-to-buy offers.",https://www.orangejelly.co.uk/images/blog/survive-off-season-revenue-packages.png,article,Survive the Off-Season: Packages That Keep Revenue Coming,Step 1: Pick three core segments | Step 2: Build plug-and-play packages | Step 3: Create simple sales collateral | Step 4: Prospect proactively | Step 5: Overdeliver and upsell | Common mistakes | Quick checklist | Mini FAQ | Keep reading,Want hands-on help? | How we can help | Peter Pitcher | Keep exploring proven tactics | How to Attract Families to Your Pub: Activities That Fill Tables | Why Your EPOS Data Is the Key to a Revenue Comeback | Energy Bill Shock? Immediate Ways to Cut Venue Costs | Orange Jelly,832,2026-07-07T06:12:25.467642+00:00
https://www.orangejelly.co.uk/licensees-guide/category/food-drink,200,Food & Drink - The Licensee's Guide | Orange Jelly,50,"Menu strategies, food and beverage management, and offerings",60,https://www.orangejelly.co.uk/licensees-guide/category/food-drink,Food & Drink - The Licensee's Guide | Orange Jelly,"Menu strategies, food and beverage management, and offerings",https://www.orangejelly.co.uk/images/og-default.jpg,website,Food & Drink,,Pub Drinks Menu: How to Design a Menu That Grows Revenue | Orange Jelly,243,2026-07-07T06:12:25.467642+00:00
https://www.orangejelly.co.uk/licensees-guide/profitable-pub-food-menu-ideas,200,Profitable Pub Food Menu Ideas (High-Margin Picks),50,High-margin pub menu ideas and simple menu engineering that grow food revenue — we nearly doubled ours (+98%). Practical picks from a working pub.,146,https://www.orangejelly.co.uk/licensees-guide/profitable-pub-food-menu-ideas,Profitable Pub Food Menu Ideas (High-Margin Picks),High-margin pub menu ideas and simple menu engineering that grow food revenue — we nearly doubled ours (+98%). Practical picks from a working pub.,https://www.orangejelly.co.uk/images/blog/profitable-pub-food-menu-ideas.png,article,Profitable Pub Food Menu Ideas: High-Margin Dishes That Actually Sell,Start with the profit basics | Build a tighter menu | High-margin categories that work | Control costs without killing quality | A simple rollout plan | Common mistakes | Quick checklist | Mini FAQ | Keep reading,Need help putting this into practice? | How we can help | Peter Pitcher | Keep exploring proven tactics | How to Fill Empty Pub Tables: 15 Strategies That Actually Work | Community Outreach Ideas That Reintroduce Your Pub to the Neighbourhood | Start Planning Christmas Now: 30 Festive Ideas to Secure December Bookings Early | Orange Jelly,922,2026-07-07T06:12:25.467642+00:00
https://www.orangejelly.co.uk/pub-marketing-oxfordshire,200,"Pub Marketing in Oxfordshire — More Covers, Less Stress | Orange Jelly",70,"Pub marketing for Oxfordshire pubs in Oxford, Banbury, Witney, and the Cotswolds. Local SEO, events, and social systems from a working publican. Packages from £375 + VAT.",170,https://www.orangejelly.co.uk/pub-marketing-oxfordshire,"Pub Marketing in Oxfordshire — More Covers, Less Stress | Orange Jelly","Pub marketing for Oxfordshire pubs in Oxford, Banbury, Witney, and the Cotswolds. Local SEO, events, and social systems from a working publican. Packages from £375 + VAT.",https://www.orangejelly.co.uk/images/og-default.jpg,website,Pub Marketing for Oxfordshire Pubs,What works in Oxfordshire (and what doesn't) | What's working for Oxfordshire pubs right now | Where to start | Also Serving Pubs Across the South East | Want more customers through the door in Oxfordshire? | Common Questions,Capture the tourist trade | Henley Regatta and river trade | Cotswolds destination positioning | Revive the village pub | Start with pub marketing fundamentals | Build midweek momentum | See our packages | Can you help Oxfordshire pubs with tourist trade? | What about village pubs struggling in rural Oxfordshire? | How do we make the most of Henley Regatta and summer river trade? | Orange Jelly,651,2026-07-07T06:12:25.467642+00:00
https://www.orangejelly.co.uk/licensees-guide/live-music-events-for-pubs,200,"Live Music for Pubs: Booking, Hosting, Profit",45,"Complete guide to profitable live music in your pub. Booking acts, sound setup, licensing, and promotion strategies from open mic to ticketed shows.",148,https://www.orangejelly.co.uk/licensees-guide/live-music-events-for-pubs,"Live Music for Pubs: Booking, Hosting, Profit","Complete guide to profitable live music in your pub. Booking acts, sound setup, licensing, and promotion strategies from open mic to ticketed shows.",https://www.orangejelly.co.uk/images/blog/live-music-events-for-pubs.png,article,"Live Music Events for Pubs: The Complete Guide to Booking, Hosting & Profiting",Step 1: Decide if live music fits your pub | Step 2: Start with open mic or acoustic sets | Step 3: Move to paid acts | Step 4: Control sound and flow | Step 5: Build a profit plan | Common mistakes | Quick checklist | Mini FAQ | Keep reading,Want hands-on help? | How we can help | Peter Pitcher | Keep exploring proven tactics | Autumn Pub Event Ideas: The Playbook for Sept–Nov | Autumn Internationals 2026: Fill Your Pub for the Rugby | Black Friday Ideas for Pubs: Turn It Into Bookings | Orange Jelly,827,2026-07-07T06:12:25.467642+00:00
https://www.orangejelly.co.uk/licensees-guide/pub-event-ideas,200,Pub Event Ideas: The Year-Round Guide to Filling Quiet Nights,61,"Pub event ideas that fill quiet nights, by type and by season. Quizzes, live music, pop-ups, family days and more, with how to choose, run and promote each.",156,https://www.orangejelly.co.uk/licensees-guide/pub-event-ideas,Pub Event Ideas: The Year-Round Guide to Filling Quiet Nights,"Pub event ideas that fill quiet nights, by type and by season. Quizzes, live music, pop-ups, family days and more, with how to choose, run and promote each.",https://www.orangejelly.co.uk/images/blog/pub-event-ideas.svg,article,Pub Event Ideas: The Year-Round Guide to Filling Quiet Nights,What makes a pub event actually work | Event ideas by type | Event ideas by season | How to choose the right one | How to run and promote it | Your first move | FAQs | Keep reading,Quizzes | Live music | Pop-ups and street food | Family days and kids' activities | Competitive socialising and games nights | Tastings and supplier nights | Community and seasonal events | Want hands-on help? | How we can help | Peter Pitcher | Keep exploring proven tactics | Autumn Pub Event Ideas: The Playbook for Sept–Nov | Autumn Internationals 2026: Fill Your Pub for the Rugby | Black Friday Ideas for Pubs: Turn It Into Bookings | Orange Jelly,1783,2026-07-07T06:12:25.467642+00:00
https://www.orangejelly.co.uk/contact,200,Contact Us - Speak Directly with Peter | Orange Jelly,53,"Speak directly with Peter Pitcher about pub marketing that actually works. No agency fluff — just direct, honest advice. Book a free chat today.",144,https://www.orangejelly.co.uk/contact,Contact Us - Speak Directly with Peter | Orange Jelly,"Speak directly with Peter Pitcher about pub marketing that actually works. No agency fluff — just direct, honest advice. Book a free chat today.",https://www.orangejelly.co.uk/images/og-default.jpg,website,Talk to a Hospitality Growth Partner,"Three Ways to Start Momentum | Send a Message | Direct Contact Details | Common Questions | Partner-Level Support, No Agency Layers | Ready to Build Momentum?",WhatsApp (Fastest) | Phone Call | Visit The Anchor | Why Work With Us? | What Happens Next? | Right Now: | See The Anchor in Action | How quickly can we get started? | Will I speak to someone who understands hospitality operations? | I hate pushy sales calls - will you pressure me? | I'm not in your area - can you still help? | What's the best way to contact Orange Jelly? | Next Steps | Orange Jelly,694,2026-07-07T06:12:25.467642+00:00
https://www.orangejelly.co.uk/licensees-guide/pub-toilet-refurbishment-budget-guide,200,Pub Toilet Refurbishment: Make a Great Impression on a Budget,61,"Budget pub toilet refurbishment guide. Prioritise paint, lighting, mirrors, and hand drying for under £1,000. Maintenance schedule and cost breakdowns from a working licensee.",175,https://www.orangejelly.co.uk/licensees-guide/pub-toilet-refurbishment-budget-guide,Pub Toilet Refurbishment: Make a Great Impression on a Budget,"Budget pub toilet refurbishment guide. Prioritise paint, lighting, mirrors, and hand drying for under £1,000. Maintenance schedule and cost breakdowns from a working licensee.",https://www.orangejelly.co.uk/images/blog/pub-toilet-refurbishment-budget-guide.svg,article,Pub Toilet Refurbishment: Make a Great Impression on a Budget,Why toilets matter more than you think | The priority list: where to spend first | The total: what a budget refresh actually costs | Making it feel premium without the price tag | Pub lighting ideas that work beyond the toilets | The maintenance schedule that keeps standards up | What to do if your budget stretches further | Common mistakes to avoid | Your action plan | The bottom line | Keep reading,1. Deep clean everything first | 2. Paint the walls and ceiling | 3. Upgrade the lighting | 4. Replace or reframe mirrors | 5. Sort out the hand drying | 6. Fix the basics people notice | Hourly (during busy sessions) | Daily (morning before opening) | Weekly | Monthly | The cleaning log | This weekend | Within two weeks | Within a month | Within three months | Want hands-on help? | How we can help | Peter Pitcher | Keep exploring proven tactics | Wet-Led vs Food-Led Pubs: Understanding Your Revenue Model | Food Allergies and GDPR: The Compliance Nightmares That Could Close You Down | How Much Profit Does a Pub Make? Realistic Numbers for 2026 | Orange Jelly,3033,2026-07-07T06:12:25.467642+00:00
https://www.orangejelly.co.uk/licensees-guide/category/turnaround,200,Turnaround - The Licensee's Guide | Orange Jelly,48,"Crisis management, empty pub recovery, and community reconnection",65,https://www.orangejelly.co.uk/licensees-guide/category/turnaround,Turnaround - The Licensee's Guide | Orange Jelly,"Crisis management, empty pub recovery, and community reconnection",https://www.orangejelly.co.uk/images/og-default.jpg,website,Turnaround,,How to Fill Empty Pub Tables: 15 Strategies That Actually Work | Community Outreach Ideas That Reintroduce Your Pub to the Neighbourhood | Start Planning Christmas Now: 30 Festive Ideas to Secure December Bookings Early | Why Is My Pub Empty? 12 Brutal Truths and How to Fix Them | The Turnaround Playbook: How Independent Bars Bounce Back Fast | Checklist: 30-Day Action Plan to Stabilise a Struggling Hospitality Business | 35 Summer Pub Events That Actually Make Money (Not Just Noise) | 9 Revenue Levers Every Struggling Pub Should Pull Today | Recession-Proof Pub Strategies: How to Thrive When Customers Tighten Their Belts | Should You Refurb Your Pub? What to Fix First for Under £5K | Why Your Pub is Empty on Tuesday Nights (And How to Fix It) | Kitchen Nightmares: When Your Chef Quits on a Saturday Night | Profitable Pub Food Menu Ideas: High-Margin Dishes That Actually Sell | 25 Low Budget Pub Marketing Ideas That Actually Work | Orange Jelly,763,2026-07-07T06:12:25.467642+00:00
https://www.orangejelly.co.uk/licensees-guide/social-media-tactics-footfall-seven-days,200,Pub Social Media Tactics: Footfall in 7 Days,44,"A 7-day social media sprint for pubs. Content ideas, retargeting ads, and direct invites that turn Instagram and Facebook into real bookings.",141,https://www.orangejelly.co.uk/licensees-guide/social-media-tactics-footfall-seven-days,Pub Social Media Tactics: Footfall in 7 Days,"A 7-day social media sprint for pubs. Content ideas, retargeting ads, and direct invites that turn Instagram and Facebook into real bookings.",https://www.orangejelly.co.uk/images/blog/social-media-tactics-footfall-seven-days.png,article,Social Media Tactics That Drive Footfall in Seven Days,Day 0: Prep | Days 1-2: Proof first | Days 3-4: Spotlight guests and staff | Day 5: Paid push | Day 6: Partner or swap | Day 7: Countdown and close | Asset checklist | What to track | Common mistakes | Quick checklist | Mini FAQ | Keep reading,Want hands-on help? | How we can help | Peter Pitcher | Keep exploring proven tactics | Summer Pub Marketing: Five Ways to Turn Footfall into Revenue | Your Pub Marketing Plan for 2026: Month-by-Month Guide | Instagram Marketing for Pubs: Turn Food Photos Into Foot Traffic | Orange Jelly,891,2026-07-07T06:12:25.467642+00:00
https://www.orangejelly.co.uk/licensees-guide/pub-halloween-bonfire-night-events,200,Pub Bonfire Night & Halloween: Events That Actually Work,56,"Practical Halloween and Bonfire Night event ideas for pubs. Themed quizzes, family daytime events, ticketed fireworks, and seasonal menus that drive real autumn revenue.",169,https://www.orangejelly.co.uk/licensees-guide/pub-halloween-bonfire-night-events,Pub Bonfire Night & Halloween: Events That Actually Work,"Practical Halloween and Bonfire Night event ideas for pubs. Themed quizzes, family daytime events, ticketed fireworks, and seasonal menus that drive real autumn revenue.",https://www.orangejelly.co.uk/images/blog/pub-halloween-bonfire-night-events.svg,article,Halloween Food & Party Ideas for Pubs (+ Bonfire Night),Why autumn events matter more than you think | Halloween food ideas that lift your spend | Halloween party ideas that actually fill your pub | Bonfire Night events that work for pubs | Decorating on a budget | The six-week promotion timeline | Common mistakes to avoid | Your action plan | The bottom line | FAQs | Keep reading,"The themed quiz night | The family pumpkin afternoon | The adult Halloween party night | The ticketed fireworks viewing | Bonfire Night food: the menu that protects your margin | The family sparkler evening | Six weeks out (mid-September) | Four weeks out (early October) | Two weeks out (mid-October for Halloween, late October for Bonfire Night) | One week out | Event day | The day after | Want hands-on help? | How we can help | Peter Pitcher | Keep exploring proven tactics | Autumn Pub Event Ideas: The Playbook for Sept–Nov | Autumn Internationals 2026: Fill Your Pub for the Rugby | Black Friday Ideas for Pubs: Turn It Into Bookings | Orange Jelly",4087,2026-07-07T06:12:25.467642+00:00
https://www.orangejelly.co.uk/licensees-guide/restart-quiz-music-sport-roi,200,"Restart Pub Quiz, Music and Sport for Max ROI",45,"Relaunch pub entertainment nights with profit-focused planning. Pre-booking, tiered experiences, and bar bundles that make every night pay.",139,https://www.orangejelly.co.uk/licensees-guide/restart-quiz-music-sport-roi,"Restart Pub Quiz, Music and Sport for Max ROI","Relaunch pub entertainment nights with profit-focused planning. Pre-booking, tiered experiences, and bar bundles that make every night pay.",https://www.orangejelly.co.uk/images/blog/restart-quiz-music-sport-roi.png,article,"Restarting Your Quiz, Live Music, and Sport Nights for Maximum ROI",Step 1: Build an 8-week calendar | Step 2: Pre-book and pre-pay | Step 3: Tier the experience | Step 4: Script the hosts | Step 5: Maximise food and drink | Step 6: Capture data and follow up | Step 7: Measure the ROI | Common mistakes | Quick checklist | Mini FAQ | Keep reading,Want hands-on help? | How we can help | Peter Pitcher | Keep exploring proven tactics | Autumn Pub Event Ideas: The Playbook for Sept–Nov | Autumn Internationals 2026: Fill Your Pub for the Rugby | Black Friday Ideas for Pubs: Turn It Into Bookings | Orange Jelly,925,2026-07-07T06:12:25.467642+00:00
https://www.orangejelly.co.uk/licensees-guide/recession-proof-pub-strategies,200,Recession-Proof Pub Strategies (Keep Trade Up),46,"Practical ways to protect pub trade when money is tight: offers that work, messaging, regulars, and simple systems that keep covers up.",135,https://www.orangejelly.co.uk/licensees-guide/recession-proof-pub-strategies,Recession-Proof Pub Strategies (Keep Trade Up),"Practical ways to protect pub trade when money is tight: offers that work, messaging, regulars, and simple systems that keep covers up.",https://www.orangejelly.co.uk/images/blog/recession-proof-pub-strategies.png,article,Recession-Proof Pub Strategies: How to Thrive When Customers Tighten Their Belts,"Strategy 1: Protect value, not just price | Strategy 2: Build repeat trade | Strategy 3: Tighten the menu | Strategy 4: Create small luxuries | Strategy 5: Watch cash weekly | Common mistakes | Quick checklist | Mini FAQ | Keep reading",Need help putting this into practice? | How we can help | Peter Pitcher | Keep exploring proven tactics | How to Fill Empty Pub Tables: 15 Strategies That Actually Work | Community Outreach Ideas That Reintroduce Your Pub to the Neighbourhood | Start Planning Christmas Now: 30 Festive Ideas to Secure December Bookings Early | Orange Jelly,819,2026-07-07T06:12:25.467642+00:00
https://www.orangejelly.co.uk/about,200,Hospitality Consultant — Meet the Team Behind Orange Jelly | Orange Jelly,73,"Meet Peter Pitcher, hospitality consultant and pub consultancy founder. Real experience running The Anchor in Stanwell Moor. Hands-on, action-first marketing help for UK pubs and venues.",186,https://www.orangejelly.co.uk/about,Hospitality Consultant — Meet the Team Behind Orange Jelly | Orange Jelly,"Meet Peter Pitcher, hospitality consultant and pub consultancy founder. Real experience running The Anchor in Stanwell Moor. Hands-on, action-first marketing help for UK pubs and venues.",https://www.orangejelly.co.uk/images/og-default.jpg,website,Small Team. Big Momentum.,The Real Story Behind Orange Jelly | Our Journey in Hospitality | Meet Peter Pitcher | What We Stand For | Why Orange Jelly? | Your Questions Answered | Working With Industry Leaders | See The Approach In Real Life | Ready to Build Momentum?,Quick Facts | What makes Orange Jelly different from a typical agency? | Who do you work with? | What does transformative mean in your work? | Are you only focused on AI? | How do you keep work practical? | What is your tone when working with partners? | See How We Can Help | Orange Jelly,778,2026-07-07T06:12:25.467642+00:00
https://www.orangejelly.co.uk/licensees-guide/pub-health-check-essential-fundamentals-licensee-success,200,How to Run a Pub: The Licensee's Essential Guide,48,"Running a pub is relentless. The essentials that actually matter — licensing, money, staff, marketing, and filling tables — from a working publican.",148,https://www.orangejelly.co.uk/licensees-guide/pub-health-check-essential-fundamentals-licensee-success,How to Run a Pub: The Licensee's Essential Guide,"Running a pub is relentless. The essentials that actually matter — licensing, money, staff, marketing, and filling tables — from a working publican.",https://www.orangejelly.co.uk/images/blog/pub-health-check-essential-fundamentals.png,article,How to Run a Pub: The Licensee's Essential Guide,Before You Start: Are You Ready for This? | Daily Operations: The Engine Room | Financial Fundamentals: Know Your Numbers | Marketing Your Pub: The Basics Every Landlord Needs | Building Your Team | Customer Experience: Making People Want to Come Back | Compliance and Legal: Staying on the Right Side | Growing Revenue: Beyond Just Opening the Doors | Common Mistakes New Licensees Make | Your First 90 Days Action Plan | The Bottom Line | Frequently Asked Questions | Keep reading,"Personal Readiness | Licensing and Legal Basics | Financial Planning | Opening Procedures | Stock Management | Cash Handling | Cellar Management | Gross Profit — Your Most Important Number | Labour Costs | Overheads and Cash Flow | Key Numbers to Track Weekly | Social Media | Google Business Profile | Local Partnerships | Email and Database Marketing | Hiring | Training | Retention and Rota Management | Atmosphere | Service Standards | Building a Regular Base | Licensing Laws | Food Safety and Hygiene | Health and Safety | Insurance | Events | Food | Drinks Mix | Upselling and Average Spend | Days 1-30: Observe, Measure, Stabilise | Days 31-60: Fix and Build | Days 61-90: Grow | What qualifications do I need to run a pub? | How much does it cost to run a pub? | What gross profit percentage should a pub aim for? | How do I attract more customers to my pub? | What are the most common mistakes new pub landlords make? | How many hours a week does running a pub take? | Is running a pub profitable? | Want hands-on help? | How we can help | Peter Pitcher | Keep exploring proven tactics | Wet-Led vs Food-Led Pubs: Understanding Your Revenue Model | Food Allergies and GDPR: The Compliance Nightmares That Could Close You Down | How Much Profit Does a Pub Make? Realistic Numbers for 2026 | Orange Jelly",5203,2026-07-07T06:12:25.467642+00:00
https://www.orangejelly.co.uk/licensees-guide/category/events,200,Events - The Licensee's Guide | Orange Jelly,44,"Planning and running successful pub events, promotions, and entertainment",73,https://www.orangejelly.co.uk/licensees-guide/category/events,Events - The Licensee's Guide | Orange Jelly,"Planning and running successful pub events, promotions, and entertainment",https://www.orangejelly.co.uk/images/og-default.jpg,website,Events,,"Autumn Pub Event Ideas: The Playbook for Sept–Nov | Autumn Internationals 2026: Fill Your Pub for the Rugby | Black Friday Ideas for Pubs: Turn It Into Bookings | Beer Festival & Cask Ale Week: A 10-Day Plan for Pubs | The Christmas Pub Playbook: How to Fill December and Ring in the New Year | Coffee Morning Ideas for Pubs: Fundraising That Works | National Vodka Day & Drinks Days: A Pub Calendar | Oktoberfest Ideas for Pubs: How to Host Your Own | Halloween Food & Party Ideas for Pubs (+ Bonfire Night) | Non Alcoholic Beer & a Low/No Bar That Sells: Sober October | Wine & Cheese Evening: How to Run One in Your Pub | Pub Event Ideas: The Year-Round Guide to Filling Quiet Nights | Summer Moments, Simple Campaigns: an inspiring idea bank for pub teams (May to Aug) | How to Run Successful Pub Events: A Complete Guide to Profitable Functions | Six Nations 2026: How to Make the Most of Rugby in Your Pub | New Year's Eve for Pubs: Planning, Pricing & Promotion | Theme Hour Saturdays: Power Hour & Spin-to-Win Toolkit | Pop-Up Events for Pubs: Formats That Fill Quiet Nights | Quiz Night 101: Licensee Guide | Music Bingo 101: Licensee Guide | Karaoke Night 101: Licensee Guide | Family Craft Hour 101: Licensee Guide | Cash Bingo 101: Licensee Guide | Boardgame & Team Night 101: Licensee Guide | Pub Christmas Bookings: How to Fill Your December Calendar | Seasonal Pub Events Calendar: Year-Round Ideas That Drive Revenue | Restarting Your Quiz, Live Music, and Sport Nights for Maximum ROI | Quiz Night Ideas: 25 Formats That Pack Your Pub Every Week | Monday Night Pub Promotions That Actually Work (Not Another Quiz Night) | The Ultimate Pub Event Template for Guaranteed Profit Nights | Midweek Pub Offers That Actually Drive Profits (Not Just Footfall) | Live Music Events for Pubs: The Complete Guide to Booking, Hosting & Profiting | Orange Jelly",1499,2026-07-07T06:12:25.467642+00:00
https://www.orangejelly.co.uk/pub-marketing-kent,200,Pub Marketing in Kent — Drive Local Footfall | Orange Jelly,59,"Pub marketing consultant for Kent pubs in Canterbury, Maidstone, Tunbridge Wells, and across the county. Proven systems from a licensee. Packages from £375 + VAT.",162,https://www.orangejelly.co.uk/pub-marketing-kent,Pub Marketing in Kent — Drive Local Footfall | Orange Jelly,"Pub marketing consultant for Kent pubs in Canterbury, Maidstone, Tunbridge Wells, and across the county. Proven systems from a licensee. Packages from £375 + VAT.",https://www.orangejelly.co.uk/images/og-default.jpg,website,Pub Marketing for Kent Pubs,What works in Kent (and what doesn't) | What's working for Kent pubs right now | Where to start | Also Serving Pubs Across the South East | Want more customers through the door in Kent? | Common Questions,Lean into Kent's hop heritage | Coastal tourism done right | Turn summer visitors into regulars | Channel and business corridor trade | Start with pub marketing fundamentals | Stop falling trade | See our packages | Can you help Kent pubs deal with seasonality? | What about pubs in regeneration areas like Margate and Folkestone? | Can beer festivals and hop heritage events really work? | Orange Jelly,660,2026-07-07T06:12:25.467642+00:00
https://www.orangejelly.co.uk/compete-with-pub-chains,200,Compete with Pub Chains - Practical Challenger Strategy | Orange Jelly,70,"Stop losing customers to chain pubs. Practical strategies to compete through differentiation, community, and experience. Packages from £375 + VAT.",146,https://www.orangejelly.co.uk/compete-with-pub-chains,Compete with Pub Chains - Practical Challenger Strategy | Orange Jelly,"Stop losing customers to chain pubs. Practical strategies to compete through differentiation, community, and experience. Packages from £375 + VAT.",https://www.orangejelly.co.uk/images/og-default.jpg,website,Stop Competing on Price. Start Winning on Experience.,You Cannot Out-Spend a Chain. But You Can Out-Care One. | How We Compete With Our Local Wetherspoons | Your Practical Advantages Over Chain Pubs | The Right Package to Build Your Challenger Position | Common Questions About Competing With Chain Pubs | Ready to Build a Stronger Independent Position?,They Have | We Have | How The Anchor Filled Empty Tables | Speed | Personality | Community | Find Your Competitive Angle | Growth Fix | Build an Unbeatable Brand | Growth Partner | Can an independent pub really compete with chains? | How much does it cost to build a challenger strategy? | How long does it take to see results? | Do I need to change my whole pub? | Orange Jelly,753,2026-07-07T06:12:25.467642+00:00
https://www.orangejelly.co.uk/licensees-guide/seasonal-pub-events-calendar,200,Pub Events Calendar: What to Run Each Month,43,"Month-by-month pub events calendar with profitable ideas for every season. From Burns Night to Christmas, never face a quiet period again.",138,https://www.orangejelly.co.uk/licensees-guide/seasonal-pub-events-calendar,Pub Events Calendar: What to Run Each Month,"Month-by-month pub events calendar with profitable ideas for every season. From Burns Night to Christmas, never face a quiet period again.",https://www.orangejelly.co.uk/images/blog/seasonal-pub-events-calendar.png,article,Seasonal Pub Events Calendar: Year-Round Ideas That Drive Revenue,Q1: January to March (reset and recovery) | Q2: April to June (momentum and outdoor energy) | Q3: July to September (peak summer) | Q4: October to December (build to Christmas) | How to choose the right events | Common mistakes | Quick checklist | Mini FAQ | Keep reading,Want hands-on help? | How we can help | Peter Pitcher | Keep exploring proven tactics | Autumn Pub Event Ideas: The Playbook for Sept–Nov | Autumn Internationals 2026: Fill Your Pub for the Rugby | Black Friday Ideas for Pubs: Turn It Into Bookings | Orange Jelly,893,2026-07-07T06:12:25.467642+00:00
https://www.orangejelly.co.uk/licensees-guide/pop-up-events-for-pubs,200,Pop-Up Events for Pubs: Formats That Fill Quiet Nights,54,"Pop-up events for pubs that fill quiet nights: street food, guest chefs, makers markets and themed takeovers, plus how to plan, price, promote and run them.",156,https://www.orangejelly.co.uk/licensees-guide/pop-up-events-for-pubs,Pop-Up Events for Pubs: Formats That Fill Quiet Nights,"Pop-up events for pubs that fill quiet nights: street food, guest chefs, makers markets and themed takeovers, plus how to plan, price, promote and run them.",https://www.orangejelly.co.uk/images/blog/fizz-street-food-pop-up.webp,article,Pop-Up Events for Pubs: Formats That Fill Quiet Nights,"What a pop-up event actually is | Why pop-ups work when you're already stretched | Pick one format (and stick with it for a while) | How to find and brief a partner | Pricing and bundles | A 90-minute run-sheet | Promote it like a monthly ritual, not a one-off | Licensing, allergens and safety | What to measure | Your first pop-up: a two-week plan | FAQs | Keep reading",Want hands-on help? | How we can help | Peter Pitcher | Keep exploring proven tactics | Autumn Pub Event Ideas: The Playbook for Sept–Nov | Autumn Internationals 2026: Fill Your Pub for the Rugby | Black Friday Ideas for Pubs: Turn It Into Bookings | Orange Jelly,2508,2026-07-07T06:12:25.467642+00:00
https://www.orangejelly.co.uk/licensees-guide/build-loyalty-scheme-fill-pub,200,Pub Loyalty Scheme That Fills Tables Every Week,47,"Build a simple pub loyalty scheme that rewards visits, drives referrals, and fills Fridays. Mechanics, tech options, and promotion ideas included.",146,https://www.orangejelly.co.uk/licensees-guide/build-loyalty-scheme-fill-pub,Pub Loyalty Scheme That Fills Tables Every Week,"Build a simple pub loyalty scheme that rewards visits, drives referrals, and fills Fridays. Mechanics, tech options, and promotion ideas included.",https://www.orangejelly.co.uk/images/blog/build-loyalty-scheme-fill-pub.png,article,How to Build a Loyalty Scheme That Fills the Pub Every Friday,Step 1: Define the behaviour you want | Step 2: Keep the mechanics simple | Step 3: Build a reward ladder | Step 4: Choose lightweight tracking | Step 5: Launch loudly and locally | Step 6: Measure and refine weekly | Example: A Friday focus scheme | Follow up after a summer visit | Common mistakes | Quick checklist | Mini FAQ | Keep reading,Want hands-on help? | How we can help | Peter Pitcher | Keep exploring proven tactics | Summer Pub Marketing: Five Ways to Turn Footfall into Revenue | Your Pub Marketing Plan for 2026: Month-by-Month Guide | Instagram Marketing for Pubs: Turn Food Photos Into Foot Traffic | Orange Jelly,1222,2026-07-07T06:12:25.467642+00:00
https://www.orangejelly.co.uk/licensees-guide/black-friday-pub-ideas,200,Black Friday Ideas for Pubs: Turn It Into Bookings,50,"Black Friday ideas for pubs that build December: take party deposits and pre-orders, sell gift cards, and run a January bounce-back — no discount war.",150,https://www.orangejelly.co.uk/licensees-guide/black-friday-pub-ideas,Black Friday Ideas for Pubs: Turn It Into Bookings,"Black Friday ideas for pubs that build December: take party deposits and pre-orders, sell gift cards, and run a January bounce-back — no discount war.",https://www.orangejelly.co.uk/images/blog/black-friday-pub-ideas.svg,article,Black Friday Ideas for Pubs: Turn It Into Bookings,"The late-November conversion window | Bank Christmas bookings, not price cuts | Take Christmas party deposits | Push a January bounce-back voucher | Offer limited table packages, not price cuts | St Andrew's Day: Monday 30 November | Bridge it all into Christmas | Your first move | FAQs | Keep reading",Want hands-on help? | How we can help | Peter Pitcher | Keep exploring proven tactics | Autumn Pub Event Ideas: The Playbook for Sept–Nov | Autumn Internationals 2026: Fill Your Pub for the Rugby | Beer Festival & Cask Ale Week: A 10-Day Plan for Pubs | Orange Jelly,2548,2026-07-07T06:12:25.467642+00:00
https://www.orangejelly.co.uk/licensees-guide/how-to-respond-bad-pub-reviews,200,How to Respond to Bad Pub Reviews (Without Making It Worse),59,"Real response templates for 1-star pub reviews. The 3 golden rules, what never to say, and a systematic approach to generating more positive reviews for your pub.",162,https://www.orangejelly.co.uk/licensees-guide/how-to-respond-bad-pub-reviews,How to Respond to Bad Pub Reviews (Without Making It Worse),"Real response templates for 1-star pub reviews. The 3 golden rules, what never to say, and a systematic approach to generating more positive reviews for your pub.",https://www.orangejelly.co.uk/images/blog/how-to-respond-bad-pub-reviews.svg,article,How to Respond to Bad Pub Reviews (Without Making It Worse),The 3 golden rules of responding to bad reviews | Real response templates for 1-star reviews | What never to say in a review response | When to respond publicly vs privately | Google vs TripAdvisor vs Facebook: what is different | How to turn a negative into a positive | A systematic approach to generating more positive reviews | Your action plan | Common objections | The bottom line | Keep reading,Rule 1: Respond quickly | Rule 2: Acknowledge the experience | Rule 3: Offer a resolution | Template 1: The food complaint | Template 2: The service complaint | Template 3: The vague or emotional review | Template 4: The unfair or exaggerated review | Google reviews | TripAdvisor | Facebook | The ask-at-delight system | Make it effortless | Set a target | Respond to positive reviews too | This week | This month | Ongoing | Want hands-on help? | How we can help | Peter Pitcher | Keep exploring proven tactics | Summer Pub Marketing: Five Ways to Turn Footfall into Revenue | Your Pub Marketing Plan for 2026: Month-by-Month Guide | Instagram Marketing for Pubs: Turn Food Photos Into Foot Traffic | Orange Jelly,2730,2026-07-07T06:12:25.467642+00:00
https://www.orangejelly.co.uk/licensees-guide/how-much-profit-does-a-pub-make,200,How Much Profit Does a Pub Make? Realistic Numbers for 2026,59,"Real pub profit benchmarks for 2026: wet GP, food GP, labour, rent, and take-home pay. From a licensee who grew food revenue 98% and table bookings 403%.",153,https://www.orangejelly.co.uk/licensees-guide/how-much-profit-does-a-pub-make,How Much Profit Does a Pub Make? Realistic Numbers for 2026,"Real pub profit benchmarks for 2026: wet GP, food GP, labour, rent, and take-home pay. From a licensee who grew food revenue 98% and table bookings 403%.",https://www.orangejelly.co.uk/images/blog/how-much-profit-does-a-pub-make.svg,article,How Much Profit Does a Pub Make? Realistic Numbers for 2026,What does average pub turnover look like in the UK? | The anatomy of pub gross profit | Where does the rest of the money go? | What is actually left? Realistic net profit scenarios | How to calculate your pub break-even point | Where the money leaks: the five biggest profit killers | What you can actually do about it this week | Results you can expect | Common objections | The bottom line | Keep reading,Wet GP targets (drinks) | Food GP targets | Labour costs: 25 — 30% of turnover | Rent: 10 — 15% of turnover | Rates and utilities: 5 — 8% of turnover | Other overheads: 5 — 10% of turnover | Scenario 1: Wet-led community pub | Scenario 2: Community pub with food | Scenario 3: The pub that is haemorrhaging | The formula | Step by step | Why this matters | 1. Unmanaged food cost | 2. Overstaffing quiet sessions | 3. Stock shrinkage and waste | 4. Not reviewing supplier prices | 5. Pricing lag | Week 1: Know your numbers | Week 2: Fix the biggest gap | Week 3: Build the habit | Want hands-on help? | How we can help | Peter Pitcher | Keep exploring proven tactics | Wet-Led vs Food-Led Pubs: Understanding Your Revenue Model | Food Allergies and GDPR: The Compliance Nightmares That Could Close You Down | Pub Toilet Refurbishment: Make a Great Impression on a Budget | Orange Jelly,3493,2026-07-07T06:12:25.467642+00:00
https://www.orangejelly.co.uk/licensees-guide/pub-licensing-premises-personal-licence-guide,200,"Pub Licensing Explained: Premises Licences, Personal Licences & TENs",68,"Every licence a pub landlord needs explained in plain English. Premises licences, personal licences, TENs, costs, timelines, and common mistakes to avoid.",154,https://www.orangejelly.co.uk/licensees-guide/pub-licensing-premises-personal-licence-guide,"Pub Licensing Explained: Premises Licences, Personal Licences & TENs","Every licence a pub landlord needs explained in plain English. Premises licences, personal licences, TENs, costs, timelines, and common mistakes to avoid.",https://www.orangejelly.co.uk/images/blog/pub-licensing-premises-personal-licence-guide.svg,article,"Pub Licensing Explained: Premises Licences, Personal Licences & TENs",What is a premises licence? | What is a personal licence? | Temporary Event Notices: when you need them | Other licence types and authorisations | How to vary your premises licence | Common licensing mistakes landlords make | Cost breakdown | Your licensing action checklist | When to get professional help | The bottom line | Keep reading,What does a premises licence cover? | How to apply for a new premises licence | The four licensing objectives | Who needs one? | How to get a personal licence | The Designated Premises Supervisor | When would a pub need a TEN? | TEN limits and rules | How to apply for a TEN | Late night refreshment | Regulated entertainment | Full variation | Minor variation | Premises licence fees (by rateable value) | Other fees | Additional costs to budget for | Before you take the keys | On or before day one | First month | Ongoing | Want hands-on help? | How we can help | Peter Pitcher | Keep exploring proven tactics | Wet-Led vs Food-Led Pubs: Understanding Your Revenue Model | Food Allergies and GDPR: The Compliance Nightmares That Could Close You Down | How Much Profit Does a Pub Make? Realistic Numbers for 2026 | Orange Jelly,4018,2026-07-07T06:12:25.467642+00:00
https://www.orangejelly.co.uk/licensees-guide/theme-hour-power-hour,200,Theme Hour for Pubs: Saturday Power Hour Toolkit,48,"Run a 60-minute Theme Hour before the dinner rush. Playlists, spin-to-win mechanics, and spritz bundles that lift Saturday pre-peak pub trade.",142,https://www.orangejelly.co.uk/licensees-guide/theme-hour-power-hour,Theme Hour for Pubs: Saturday Power Hour Toolkit,"Run a 60-minute Theme Hour before the dinner rush. Playlists, spin-to-win mechanics, and spritz bundles that lift Saturday pre-peak pub trade.",https://www.orangejelly.co.uk/images/blog/theme-hour-power-hour.png,article,Theme Hour Saturdays: Power Hour & Spin-to-Win Toolkit,Why Theme Hour Works | Choose Your Theme | Run-of-Show (Example for Power Hour) | Prize & Bundle Mechanics | Promotion Timetable | Ops & Safeguarding | Measuring Success | Copy Snippets | FAQs | Keep reading,Want hands-on help? | How we can help | Peter Pitcher | Keep exploring proven tactics | Autumn Pub Event Ideas: The Playbook for Sept–Nov | Autumn Internationals 2026: Fill Your Pub for the Rugby | Black Friday Ideas for Pubs: Turn It Into Bookings | Orange Jelly,1337,2026-07-07T06:12:25.467642+00:00
https://www.orangejelly.co.uk/licensees-guide/facebook-marketing-local-pubs,200,"Facebook Marketing for Local Pubs (Groups, Events, Reviews)",59,"A simple Facebook plan for pubs: community posts, event promotion, reviews, and local reach without wasting hours. Built for pub life.",134,https://www.orangejelly.co.uk/licensees-guide/facebook-marketing-local-pubs,"Facebook Marketing for Local Pubs (Groups, Events, Reviews)","A simple Facebook plan for pubs: community posts, event promotion, reviews, and local reach without wasting hours. Built for pub life.",https://www.orangejelly.co.uk/images/blog/facebook-marketing-local-pubs.png,article,Facebook Marketing for Local Pubs: Your Community Connection Goldmine,"Step 1: Fix the basics on your page | Step 2: Use events properly | Step 3: Be present in local groups | Step 4: Run small, targeted ads | Step 5: Use Messenger for bookings | Weekly rhythm | Common mistakes | Quick checklist | Mini FAQ | Keep reading",Want hands-on help? | How we can help | Peter Pitcher | Keep exploring proven tactics | Summer Pub Marketing: Five Ways to Turn Footfall into Revenue | Your Pub Marketing Plan for 2026: Month-by-Month Guide | Instagram Marketing for Pubs: Turn Food Photos Into Foot Traffic | Orange Jelly,865,2026-07-07T06:12:25.467642+00:00
https://www.orangejelly.co.uk/quiet-midweek-solutions,200,Quiet Midweek? Fill Tuesday & Wednesday Nights,46,"Turn dead midweek nights into reliable trade with proven Tuesday and Wednesday formats tested at The Anchor, tailored to your pub. Packages from £375 + VAT.",156,https://www.orangejelly.co.uk/quiet-midweek-solutions,Quiet Midweek? Fill Tuesday & Wednesday Nights,"Turn dead midweek nights into reliable trade with proven Tuesday and Wednesday formats tested at The Anchor, tailored to your pub. Packages from £375 + VAT.",https://www.orangejelly.co.uk/images/og-default.jpg,website,Turn Quiet Midweek Nights Into Your Best Trade,Every Quiet Tuesday and Wednesday Has a Cost | How We Built Midweek Momentum at The Anchor | Proven Midweek Event Formats | A Growth Fix for Your Midweek | Common Questions About Fixing Quiet Midweek Nights | Your Midweek Momentum Starts Now,Tuesday Quiz Night | Tasting Events | How The Anchor Filled Empty Tables | Tuesday Winners | Wednesday Winners | Thursday Winners | Growth Fix | Momentum Month | Growth Partner | How quickly will I see midweek improvements? | What midweek events actually work? | Do I need a big budget to fix midweek trade? | What if I have tried events before and they did not work? | Orange Jelly,742,2026-07-07T06:12:25.467642+00:00
https://www.orangejelly.co.uk/licensees-guide/autumn-pub-event-ideas,200,Autumn Pub Event Ideas: The Playbook for Sept–Nov,49,"Autumn pub event ideas that fill tables — cask, low/no, wine, Halloween, rugby and gifting. A September-to-November plan and how to run each one.",145,https://www.orangejelly.co.uk/licensees-guide/autumn-pub-event-ideas,Autumn Pub Event Ideas: The Playbook for Sept–Nov,"Autumn pub event ideas that fill tables — cask, low/no, wine, Halloween, rugby and gifting. A September-to-November plan and how to run each one.",https://www.orangejelly.co.uk/images/blog/autumn-pub-event-ideas.svg,article,Autumn Pub Event Ideas: The Playbook for Sept–Nov,"At a glance | September: cask and community | October: low/no, wine and the spirit days | Halloween and Bonfire | November: rugby, then the run to Christmas | Choosing your autumn pub event ideas | FAQs | The full Autumn Pub Playbook | More for this autumn",Cask Ale Week | Oktoberfest | Macmillan Coffee Morning | Sober October | National Vodka Day | Gin & Tonic Day | Champagne Weekend | Halloween | Bonfire Night | Autumn rugby | Rugby finals weekend (Twickenham) | Black Friday | St Andrew's Day + Cyber Monday | Want hands-on help? | How we can help | Peter Pitcher | Keep exploring proven tactics | Wine & Cheese Evening: How to Run One in Your Pub | Non Alcoholic Beer & a Low/No Bar That Sells: Sober October | Beer Festival & Cask Ale Week: A 10-Day Plan for Pubs | Oktoberfest Ideas for Pubs: How to Host Your Own | Coffee Morning Ideas for Pubs: Fundraising That Works | National Vodka Day & Drinks Days: A Pub Calendar | Halloween Food & Party Ideas for Pubs (+ Bonfire Night) | Autumn Internationals 2026: Fill Your Pub for the Rugby | Black Friday Ideas for Pubs: Turn It Into Bookings | Start Planning Christmas Now: 30 Festive Ideas to Secure December Bookings Early | Survive the Off-Season: Packages That Keep Revenue Coming | Seasonal Pub Events Calendar: Year-Round Ideas That Drive Revenue | Orange Jelly,2271,2026-07-07T06:12:25.467642+00:00
https://www.orangejelly.co.uk/services/social-media-marketing-for-pubs,200,"Social Media Marketing for Pubs — Instagram, Facebook and More | Orange Jelly",77,"Social media marketing for pubs across Instagram and Facebook: a repeatable plan, templates, and execution rhythm that drives bookings and footfall. Packages from £375 + VAT.",174,https://www.orangejelly.co.uk/services/social-media-marketing-for-pubs,"Social Media Marketing for Pubs — Instagram, Facebook and More | Orange Jelly","Social media marketing for pubs across Instagram and Facebook: a repeatable plan, templates, and execution rhythm that drives bookings and footfall. Packages from £375 + VAT.",https://www.orangejelly.co.uk/images/og-default.jpg,website,Social Media Marketing for Pubs,Stop winging it. Build a repeatable system. | What you get | How it works | Real Results from The Anchor | Want social media that fills tables? | Common Questions | Instagram for Pubs | Facebook for Pubs,Channel plan | 30-day content calendar | Template library | Local visibility routine | Batching workflow | Simple scorecard | Which platform matters most for pubs? | Do I need to hire someone to run it? | Will this work without paid ads? | How quickly will I see results? | What does it cost? | Reels and Stories workflow | Caption and hook templates | Local visibility routine | Instagram tips for busy licensees | Local group playbook | Event promotion templates | Reviews and reputation | Why Facebook still matters for pubs | Orange Jelly,813,2026-07-07T06:12:25.467642+00:00
https://www.orangejelly.co.uk/services/paid-social-for-pubs,200,Paid Social for Pubs — Meta Ads That Fill Quiet Nights | Orange Jelly,69,"Facebook and Instagram ads that sell one specific night — your quiet Tuesday, Sunday lunch, or event. Locally targeted and measured on real bookings. Packages from £375 + VAT.",175,https://www.orangejelly.co.uk/services/paid-social-for-pubs,Paid Social for Pubs — Meta Ads That Fill Quiet Nights | Orange Jelly,"Facebook and Instagram ads that sell one specific night — your quiet Tuesday, Sunday lunch, or event. Locally targeted and measured on real bookings. Packages from £375 + VAT.",https://www.orangejelly.co.uk/images/og-default.jpg,website,Paid Social for Pubs,Paid social works when you sell one thing | What you get | How it works | Real Results from The Anchor | Want ads that actually fill a night? | Common Questions,Offer and messaging | Targeting and geo radius | Ad creatives and variations | Budget guardrails | Tracking plan | Weekly improvements | Do I need a big ad budget? | Can paid social work without a website? | Will ads work if our pub is struggling? | Do you help with the creative too? | What does it cost? | Orange Jelly,511,2026-07-07T06:12:25.467642+00:00
https://www.orangejelly.co.uk/services/content-creation-for-pubs,200,"Content Creation for Pubs — Phone-First, Done in Hours | Orange Jelly",69,"Photos, Reels, captions, and a batching system so you create a week of pub content in one session. Phone-first and no editing skills needed. Packages from £375 + VAT.",166,https://www.orangejelly.co.uk/services/content-creation-for-pubs,"Content Creation for Pubs — Phone-First, Done in Hours | Orange Jelly","Photos, Reels, captions, and a batching system so you create a week of pub content in one session. Phone-first and no editing skills needed. Packages from £375 + VAT.",https://www.orangejelly.co.uk/images/og-default.jpg,website,Content Creation for Pubs,"Better content, less time | What you get | How it works | Real Results from The Anchor | Want a month of pub content ready to go? | Common Questions",Shot list and filming prompts | Caption bank | Template pack | Reels scripts and structure | Batching workflow | Repurposing plan | Do we need professional photos? | Can staff do this without being on camera? | How long does it take? | Will the content look consistent? | What does it cost? | Orange Jelly,536,2026-07-07T06:12:25.467642+00:00
https://www.orangejelly.co.uk/licensees-guide/cash-flow-crisis-breaking-cycle,200,Fix My Pub — Emergency Turnaround Help From a Working Licensee | Orange Jelly,77,"Pub in crisis or just struggling? I run one myself. Tell me what is wrong and I will show you the fastest fix — diagnosis, reset plan, and hands-on support. Packages from £375 + VAT.",182,https://www.orangejelly.co.uk/fix-my-pub,Fix My Pub — Emergency Turnaround Help From a Working Licensee | Orange Jelly,"Pub in crisis or just struggling? I run one myself. Tell me what is wrong and I will show you the fastest fix — diagnosis, reset plan, and hands-on support. Packages from £375 + VAT.",https://www.orangejelly.co.uk/images/og-default.jpg,website,Pub Struggling? Let's Fix It.,Most Pubs Do Not Need More Ideas. They Need One Clear Priority. | How We Turned The Anchor Around | The Right Package for Your Situation | Common Questions | Ready to Fix What Is Holding Your Pub Back?,"Full Turnaround Needed? | Turnaround Intensive | Just Need a Focused Fix? | Growth Fix | How quickly can you help a struggling pub? | What if my pub just needs a small fix, not a full turnaround? | Do you only work with pubs in crisis? | Orange Jelly",678,2026-07-07T06:12:25.467642+00:00
https://www.orangejelly.co.uk/contact?package=growth-fix,200,Contact Us - Speak Directly with Peter | Orange Jelly,53,"Speak directly with Peter Pitcher about pub marketing that actually works. No agency fluff — just direct, honest advice. Book a free chat today.",144,https://www.orangejelly.co.uk/contact,Contact Us - Speak Directly with Peter | Orange Jelly,"Speak directly with Peter Pitcher about pub marketing that actually works. No agency fluff — just direct, honest advice. Book a free chat today.",https://www.orangejelly.co.uk/images/og-default.jpg,website,Talk to a Hospitality Growth Partner,"Three Ways to Start Momentum | Send a Message | Direct Contact Details | Common Questions | Partner-Level Support, No Agency Layers | Ready to Build Momentum?",WhatsApp (Fastest) | Phone Call | Visit The Anchor | Why Work With Us? | What Happens Next? | Right Now: | See The Anchor in Action | How quickly can we get started? | Will I speak to someone who understands hospitality operations? | I hate pushy sales calls - will you pressure me? | I'm not in your area - can you still help? | What's the best way to contact Orange Jelly? | Next Steps | Orange Jelly,694,2026-07-07T06:12:25.467642+00:00
https://www.orangejelly.co.uk/contact?package=turnaround-intensive,200,Contact Us - Speak Directly with Peter | Orange Jelly,53,"Speak directly with Peter Pitcher about pub marketing that actually works. No agency fluff — just direct, honest advice. Book a free chat today.",144,https://www.orangejelly.co.uk/contact,Contact Us - Speak Directly with Peter | Orange Jelly,"Speak directly with Peter Pitcher about pub marketing that actually works. No agency fluff — just direct, honest advice. Book a free chat today.",https://www.orangejelly.co.uk/images/og-default.jpg,website,Talk to a Hospitality Growth Partner,"Three Ways to Start Momentum | Send a Message | Direct Contact Details | Common Questions | Partner-Level Support, No Agency Layers | Ready to Build Momentum?",WhatsApp (Fastest) | Phone Call | Visit The Anchor | Why Work With Us? | What Happens Next? | Right Now: | See The Anchor in Action | How quickly can we get started? | Will I speak to someone who understands hospitality operations? | I hate pushy sales calls - will you pressure me? | I'm not in your area - can you still help? | What's the best way to contact Orange Jelly? | Next Steps | Orange Jelly,694,2026-07-07T06:12:25.467642+00:00
https://www.orangejelly.co.uk/services/instagram-services-for-pubs,200,Transformative Hospitality Growth Partner | Orange Jelly,56,"Orange Jelly accelerates hospitality growth with transformative, action-first marketing delivered by a small, hands-on team. Built for measurable gains in bookings, footfall, repeat visits, and revenue.",202,https://www.orangejelly.co.uk,Transformative Hospitality Growth Partner | Orange Jelly,"Transformative, action-first marketing for hospitality partners. Small team support built to accelerate bookings, footfall, and revenue.",https://www.orangejelly.co.uk/opengraph-image?a9f93d6eb78acb62,website,,,Orange Jelly,153,2026-07-07T06:12:25.467642+00:00
https://www.orangejelly.co.uk/services,200,"Pub Marketing Packages — Clear Pricing, Real Expertise | Orange Jelly",69,Four clear packages for pub and hospitality marketing. From a one-off Growth Fix to ongoing Growth Partner support. Payment plans available. No hidden fees.,156,https://www.orangejelly.co.uk/ways-to-work,"Pub Marketing Packages — Clear Pricing, Real Expertise | Orange Jelly",Four clear packages for pub and hospitality marketing. From a one-off Growth Fix to ongoing Growth Partner support. Payment plans available. No hidden fees.,https://www.orangejelly.co.uk/images/og-default.jpg,website,Clear packages. Honest pricing. Real hospitality expertise.,Our Packages | Compare Packages | Add-ons | Frequently Asked Questions,Growth Fix | Momentum Month | Growth Partner | Turnaround Intensive | Flexible payment options available | Which package is right for my pub? | Can I switch between packages? | What about content creation? | Do you offer payment plans? | How quickly will I see results? | What happens after a Growth Fix? | What is included in the Turnaround Intensive website rebuild? | Can I add extra hours? | Orange Jelly,960,2026-07-07T06:12:25.467642+00:00
https://www.orangejelly.co.uk/contact?package=momentum-month,200,Contact Us - Speak Directly with Peter | Orange Jelly,53,"Speak directly with Peter Pitcher about pub marketing that actually works. No agency fluff — just direct, honest advice. Book a free chat today.",144,https://www.orangejelly.co.uk/contact,Contact Us - Speak Directly with Peter | Orange Jelly,"Speak directly with Peter Pitcher about pub marketing that actually works. No agency fluff — just direct, honest advice. Book a free chat today.",https://www.orangejelly.co.uk/images/og-default.jpg,website,Talk to a Hospitality Growth Partner,"Three Ways to Start Momentum | Send a Message | Direct Contact Details | Common Questions | Partner-Level Support, No Agency Layers | Ready to Build Momentum?",WhatsApp (Fastest) | Phone Call | Visit The Anchor | Why Work With Us? | What Happens Next? | Right Now: | See The Anchor in Action | How quickly can we get started? | Will I speak to someone who understands hospitality operations? | I hate pushy sales calls - will you pressure me? | I'm not in your area - can you still help? | What's the best way to contact Orange Jelly? | Next Steps | Orange Jelly,694,2026-07-07T06:12:25.467642+00:00
https://www.orangejelly.co.uk/licensees-guide/beat-chain-pubs,200,How to Compete with Wetherspoons (12 Strategies),48,Wetherspoons opened nearby? 12 proven strategies independent pubs use to compete and win. Written by a licensee who competes with chains daily.,143,https://www.orangejelly.co.uk/licensees-guide/compete-with-wetherspoons,How to Compete with Wetherspoons (12 Strategies),Wetherspoons opened nearby? 12 proven strategies independent pubs use to compete and win. Written by a licensee who competes with chains daily.,https://www.orangejelly.co.uk/images/blog/compete-with-wetherspoons.png,article,How to Compete with Wetherspoons: A Survival Guide for Independent Pubs,Understanding the Wetherspoons Model (Know Your Enemy) | What Wetherspoons Can't Offer (Your Competitive Advantage) | Strategic Positioning Against Chain Pubs | Tactical Responses to Chain Competition | Marketing Strategies That Work | Financial Strategies for Survival | Success Stories: Pubs That Beat the Chains | Your 90-Day Battle Plan | FAQs | Conclusion: David Can Beat Goliath | Frequently Asked Questions | Keep reading,"1. Personal Connection and Community | 2. Unique Atmosphere and Character | 3. Quality Over Quantity | The ""Anti-Spoons"" Positioning | Premium Experience Strategy | 1. The Loyalty Lock-In | 2. The Experience Economy | 3. The Convenience Factor | Local SEO Domination | Social Media Differentiation | Community Partnership Programme | 1. Diversify Revenue Streams | 2. Operational Efficiency | Should I try to match Wetherspoons' prices? | How much market share will I lose to Wetherspoons? | What if my regulars start going to Wetherspoons? | Should I badmouth Wetherspoons to customers? | Can I convert Wetherspoons customers to regulars? | How long before things stabilise after Spoons opens? | How quickly will I see results? | How much will this cost to implement? | Can this work for my type of pub? | Do you offer payment plans? | Want hands-on help? | How we can help | Peter Pitcher | Keep exploring proven tactics | Summer Pub Marketing: Five Ways to Turn Footfall into Revenue | Your Pub Marketing Plan for 2026: Month-by-Month Guide | Instagram Marketing for Pubs: Turn Food Photos Into Foot Traffic | Orange Jelly",1960,2026-07-07T06:12:25.467642+00:00
https://www.orangejelly.co.uk/licensees-guide/local-pub-marketing,200,Pub Marketing — Proven Systems From a Working Licensee,54,"Pub marketing that fills tables, run by a licensee who does it daily at The Anchor: strategy, social, events, and local visibility. Packages from £375 + VAT.",157,https://www.orangejelly.co.uk/pub-marketing,Pub Marketing — Proven Systems From a Working Licensee,"Pub marketing that fills tables, run by a licensee who does it daily at The Anchor: strategy, social, events, and local visibility. Packages from £375 + VAT.",https://www.orangejelly.co.uk/images/og-default.jpg,website,Pub Marketing: The Complete Guide for UK Licensees,Why Pub Marketing Is Different From Every Other Business | What we fix first | Social Media Marketing for Pubs | Event Marketing for Pubs | Email Marketing for Pubs | Local SEO for Pubs | Menu Engineering and Profit Growth | What Pub Marketing Actually Delivers | Start with your biggest problem | More Pub Marketing Guides | Where we help | How it works | Pub Marketing Questions Answered | Want clearer momentum and more bookings?,Get you found locally | Give people a reason to visit | Make marketing take less time | Increase spend and profit | Facebook for Pubs | Instagram for Pubs | Quiz Nights | Tasting Events | Live Music | Building Your Database | What to Send | Google Business Profile | Reviews Strategy | Dead Tuesday and Wednesday nights | Empty pub and falling trade | Competing with chains like Wetherspoons | No marketing budget | Want the full menu of help? | Do you do it for me or show me how to do it? | How quickly can pub marketing work? | Can you help with Google Business Profile and reviews? | How much does it cost? | Will this work for tied pubs and managed houses? | What is the most effective pub marketing channel? | How do I market my pub with no budget? | Should I hire a pub marketing agency or do it myself? | Orange Jelly,1707,2026-07-07T06:12:25.467642+00:00
https://www.orangejelly.co.uk/licensees-guide/fill-empty-seats-midweek-offers,200,How to Fill Empty Pub Tables (Proven System),44,15 proven strategies to fill empty pub tables. Tested at The Anchor with real results. Practical tactics you can start this week.,129,https://www.orangejelly.co.uk/licensees-guide/fill-empty-pub-tables,How to Fill Empty Pub Tables (Proven System),15 proven strategies to fill empty pub tables. Tested at The Anchor with real results. Practical tactics you can start this week.,https://www.orangejelly.co.uk/images/blog/fill-empty-pub-tables.png,article,How to Fill Empty Pub Tables: 15 Strategies That Actually Work,Understanding the Empty Table Problem | The Psychology of Table Choice | 15 Proven Strategies to Fill Your Empty Tables | Implementation Timeline | Measuring Success | Common Mistakes to Avoid | Frequently Asked Questions | Your Next Steps | The Challenge | Ready to Transform Your Table Occupancy? | Frequently Asked Questions | Keep reading,"What Empty Tables Really Cost You | 1. Strategic Table Management | 2. The ""Golden Hours"" Pricing Strategy | 3. Create Instagram-Worthy Table Settings | 4. The ""Community Table"" Concept | 5. Implement Smart Booking Systems | 6. Partner With Local Businesses | 7. The ""Table Time Limit"" Psychology | 8. Weather-Responsive Promotions | 9. Create Themed Table Experiences | 10. The ""Local Hero"" Table Programme | 11. Leverage FOMO Marketing | 12. Staff Training for Table Filling | 13. The ""Doggy Dining"" Revolution | 14. Data-Driven Table Management | 15. The ""Experience Economy"" Approach | Week 1: Assessment and Quick Wins | Week 2-4: Systems and Partnerships | Month 2-3: Build and Refine | Month 4-6: Scale and Optimise | Key Metrics to Track: | Our 6-Month Results: | How quickly can I expect to see results? | What if I can't afford booking systems? | Should I turn away walk-ins to keep tables for bookings? | How do I handle regular customers who expect ""their"" table? | What's the single most effective strategy? | How do I compete with chain restaurants? | What is the main reason pubs are empty? | Which day of the week is usually quietest? | How quickly will I see results? | How much will this cost to implement? | Can this work for my type of pub? | Need help putting this into practice? | How we can help | Peter Pitcher | Keep exploring proven tactics | Community Outreach Ideas That Reintroduce Your Pub to the Neighbourhood | Start Planning Christmas Now: 30 Festive Ideas to Secure December Bookings Early | Why Is My Pub Empty? 12 Brutal Truths and How to Fix Them | Orange Jelly",2220,2026-07-07T06:12:25.467642+00:00
https://www.orangejelly.co.uk/contact?package=growth-partner,200,Contact Us - Speak Directly with Peter | Orange Jelly,53,"Speak directly with Peter Pitcher about pub marketing that actually works. No agency fluff — just direct, honest advice. Book a free chat today.",144,https://www.orangejelly.co.uk/contact,Contact Us - Speak Directly with Peter | Orange Jelly,"Speak directly with Peter Pitcher about pub marketing that actually works. No agency fluff — just direct, honest advice. Book a free chat today.",https://www.orangejelly.co.uk/images/og-default.jpg,website,Talk to a Hospitality Growth Partner,"Three Ways to Start Momentum | Send a Message | Direct Contact Details | Common Questions | Partner-Level Support, No Agency Layers | Ready to Build Momentum?",WhatsApp (Fastest) | Phone Call | Visit The Anchor | Why Work With Us? | What Happens Next? | Right Now: | See The Anchor in Action | How quickly can we get started? | Will I speak to someone who understands hospitality operations? | I hate pushy sales calls - will you pressure me? | I'm not in your area - can you still help? | What's the best way to contact Orange Jelly? | Next Steps | Orange Jelly,694,2026-07-07T06:12:25.467642+00:00
https://www.orangejelly.co.uk/licensees-guide/pub-wages-labour-costs-uk,404,,0,,0,,,,,,,,,0,2026-07-07T06:12:25.467642+00:00
