url,type,missing_required,missing_recommended,deprecated_or_retired,self_serving_review,rich_result_eligible,notes
https://www.orangejelly.co.uk/,ProfessionalService,,,no,no,no,unknown type for this validator (no required/recommended table for 'ProfessionalService')
https://www.orangejelly.co.uk/,ImageObject,,,no,no,no,unknown type for this validator (no required/recommended table for 'ImageObject')
https://www.orangejelly.co.uk/,Person,,,no,no,no,unknown type for this validator (no required/recommended table for 'Person')
https://www.orangejelly.co.uk/,ContactPoint,,,no,no,no,unknown type for this validator (no required/recommended table for 'ContactPoint')
https://www.orangejelly.co.uk/,PostalAddress,,,no,no,no,unknown type for this validator (no required/recommended table for 'PostalAddress')
https://www.orangejelly.co.uk/,GeoCoordinates,,,no,no,no,unknown type for this validator (no required/recommended table for 'GeoCoordinates')
https://www.orangejelly.co.uk/,WebSite,,potentialAction,no,no,no,
https://www.orangejelly.co.uk/,BreadcrumbList,,,no,no,yes,
https://www.orangejelly.co.uk/,ListItem,,,no,no,no,unknown type for this validator (no required/recommended table for 'ListItem')
https://www.orangejelly.co.uk/,FAQPage,,,yes,no,no,FAQ rich results are now limited to authoritative government/health sites (Aug 2023). Markup is still valid but most sites no longer earn a rich result.
https://www.orangejelly.co.uk/,Question,,,no,no,no,unknown type for this validator (no required/recommended table for 'Question')
https://www.orangejelly.co.uk/,Answer,,,no,no,no,unknown type for this validator (no required/recommended table for 'Answer')
https://www.orangejelly.co.uk/,Question,,,no,no,no,unknown type for this validator (no required/recommended table for 'Question')
https://www.orangejelly.co.uk/,Answer,,,no,no,no,unknown type for this validator (no required/recommended table for 'Answer')
https://www.orangejelly.co.uk/,Question,,,no,no,no,unknown type for this validator (no required/recommended table for 'Question')
https://www.orangejelly.co.uk/,Answer,,,no,no,no,unknown type for this validator (no required/recommended table for 'Answer')
https://www.orangejelly.co.uk/,Question,,,no,no,no,unknown type for this validator (no required/recommended table for 'Question')
https://www.orangejelly.co.uk/,Answer,,,no,no,no,unknown type for this validator (no required/recommended table for 'Answer')
https://www.orangejelly.co.uk/,WebPage,,,no,no,no,unknown type for this validator (no required/recommended table for 'WebPage')
https://www.orangejelly.co.uk/,SpeakableSpecification,,,no,no,no,unknown type for this validator (no required/recommended table for 'SpeakableSpecification')
https://www.orangejelly.co.uk/about,ProfessionalService,,,no,no,no,unknown type for this validator (no required/recommended table for 'ProfessionalService')
https://www.orangejelly.co.uk/about,ImageObject,,,no,no,no,unknown type for this validator (no required/recommended table for 'ImageObject')
https://www.orangejelly.co.uk/about,Person,,,no,no,no,unknown type for this validator (no required/recommended table for 'Person')
https://www.orangejelly.co.uk/about,ContactPoint,,,no,no,no,unknown type for this validator (no required/recommended table for 'ContactPoint')
https://www.orangejelly.co.uk/about,PostalAddress,,,no,no,no,unknown type for this validator (no required/recommended table for 'PostalAddress')
https://www.orangejelly.co.uk/about,GeoCoordinates,,,no,no,no,unknown type for this validator (no required/recommended table for 'GeoCoordinates')
https://www.orangejelly.co.uk/about,WebSite,,potentialAction,no,no,no,
https://www.orangejelly.co.uk/about,BreadcrumbList,,,no,no,yes,
https://www.orangejelly.co.uk/about,ListItem,,,no,no,no,unknown type for this validator (no required/recommended table for 'ListItem')
https://www.orangejelly.co.uk/about,FAQPage,,,yes,no,no,FAQ rich results are now limited to authoritative government/health sites (Aug 2023). Markup is still valid but most sites no longer earn a rich result.
https://www.orangejelly.co.uk/about,Question,,,no,no,no,unknown type for this validator (no required/recommended table for 'Question')
https://www.orangejelly.co.uk/about,Answer,,,no,no,no,unknown type for this validator (no required/recommended table for 'Answer')
https://www.orangejelly.co.uk/about,Question,,,no,no,no,unknown type for this validator (no required/recommended table for 'Question')
https://www.orangejelly.co.uk/about,Answer,,,no,no,no,unknown type for this validator (no required/recommended table for 'Answer')
https://www.orangejelly.co.uk/about,Question,,,no,no,no,unknown type for this validator (no required/recommended table for 'Question')
https://www.orangejelly.co.uk/about,Answer,,,no,no,no,unknown type for this validator (no required/recommended table for 'Answer')
https://www.orangejelly.co.uk/about,Question,,,no,no,no,unknown type for this validator (no required/recommended table for 'Question')
https://www.orangejelly.co.uk/about,Answer,,,no,no,no,unknown type for this validator (no required/recommended table for 'Answer')
https://www.orangejelly.co.uk/about,Question,,,no,no,no,unknown type for this validator (no required/recommended table for 'Question')
https://www.orangejelly.co.uk/about,Answer,,,no,no,no,unknown type for this validator (no required/recommended table for 'Answer')
https://www.orangejelly.co.uk/about,Question,,,no,no,no,unknown type for this validator (no required/recommended table for 'Question')
https://www.orangejelly.co.uk/about,Answer,,,no,no,no,unknown type for this validator (no required/recommended table for 'Answer')
https://www.orangejelly.co.uk/about,BreadcrumbList,,,no,no,yes,
https://www.orangejelly.co.uk/about,ListItem,,,no,no,no,unknown type for this validator (no required/recommended table for 'ListItem')
https://www.orangejelly.co.uk/about,ListItem,,,no,no,no,unknown type for this validator (no required/recommended table for 'ListItem')
https://www.orangejelly.co.uk/about,AboutPage,,,no,no,no,unknown type for this validator (no required/recommended table for 'AboutPage')
https://www.orangejelly.co.uk/about,Person,,,no,no,no,unknown type for this validator (no required/recommended table for 'Person')
https://www.orangejelly.co.uk/about,Person,,,no,no,no,unknown type for this validator (no required/recommended table for 'Person')
https://www.orangejelly.co.uk/about,Restaurant,,telephone; openingHoursSpecification; servesCuisine; menu; priceRange,no,no,yes,
https://www.orangejelly.co.uk/about,PostalAddress,,,no,no,no,unknown type for this validator (no required/recommended table for 'PostalAddress')
https://www.orangejelly.co.uk/about,EducationalOrganization,,,no,no,no,unknown type for this validator (no required/recommended table for 'EducationalOrganization')
https://www.orangejelly.co.uk/about,Organization,,sameAs; contactPoint,no,no,no,
https://www.orangejelly.co.uk/about,Country,,,no,no,no,unknown type for this validator (no required/recommended table for 'Country')
https://www.orangejelly.co.uk/capabilities,ProfessionalService,,,no,no,no,unknown type for this validator (no required/recommended table for 'ProfessionalService')
https://www.orangejelly.co.uk/capabilities,ImageObject,,,no,no,no,unknown type for this validator (no required/recommended table for 'ImageObject')
https://www.orangejelly.co.uk/capabilities,Person,,,no,no,no,unknown type for this validator (no required/recommended table for 'Person')
https://www.orangejelly.co.uk/capabilities,ContactPoint,,,no,no,no,unknown type for this validator (no required/recommended table for 'ContactPoint')
https://www.orangejelly.co.uk/capabilities,PostalAddress,,,no,no,no,unknown type for this validator (no required/recommended table for 'PostalAddress')
https://www.orangejelly.co.uk/capabilities,GeoCoordinates,,,no,no,no,unknown type for this validator (no required/recommended table for 'GeoCoordinates')
https://www.orangejelly.co.uk/capabilities,WebSite,,potentialAction,no,no,no,
https://www.orangejelly.co.uk/capabilities,BreadcrumbList,,,no,no,yes,
https://www.orangejelly.co.uk/capabilities,ListItem,,,no,no,no,unknown type for this validator (no required/recommended table for 'ListItem')
https://www.orangejelly.co.uk/capabilities,BreadcrumbList,,,no,no,yes,
https://www.orangejelly.co.uk/capabilities,ListItem,,,no,no,no,unknown type for this validator (no required/recommended table for 'ListItem')
https://www.orangejelly.co.uk/capabilities,ListItem,,,no,no,no,unknown type for this validator (no required/recommended table for 'ListItem')
https://www.orangejelly.co.uk/capabilities,BreadcrumbList,,,no,no,yes,
https://www.orangejelly.co.uk/capabilities,ListItem,,,no,no,no,unknown type for this validator (no required/recommended table for 'ListItem')
https://www.orangejelly.co.uk/capabilities,ListItem,,,no,no,no,unknown type for this validator (no required/recommended table for 'ListItem')
https://www.orangejelly.co.uk/compete-with-pub-chains,ProfessionalService,,,no,no,no,unknown type for this validator (no required/recommended table for 'ProfessionalService')
https://www.orangejelly.co.uk/compete-with-pub-chains,ImageObject,,,no,no,no,unknown type for this validator (no required/recommended table for 'ImageObject')
https://www.orangejelly.co.uk/compete-with-pub-chains,Person,,,no,no,no,unknown type for this validator (no required/recommended table for 'Person')
https://www.orangejelly.co.uk/compete-with-pub-chains,ContactPoint,,,no,no,no,unknown type for this validator (no required/recommended table for 'ContactPoint')
https://www.orangejelly.co.uk/compete-with-pub-chains,PostalAddress,,,no,no,no,unknown type for this validator (no required/recommended table for 'PostalAddress')
https://www.orangejelly.co.uk/compete-with-pub-chains,GeoCoordinates,,,no,no,no,unknown type for this validator (no required/recommended table for 'GeoCoordinates')
https://www.orangejelly.co.uk/compete-with-pub-chains,WebSite,,potentialAction,no,no,no,
https://www.orangejelly.co.uk/compete-with-pub-chains,BreadcrumbList,,,no,no,yes,
https://www.orangejelly.co.uk/compete-with-pub-chains,ListItem,,,no,no,no,unknown type for this validator (no required/recommended table for 'ListItem')
https://www.orangejelly.co.uk/compete-with-pub-chains,FAQPage,,,yes,no,no,FAQ rich results are now limited to authoritative government/health sites (Aug 2023). Markup is still valid but most sites no longer earn a rich result.
https://www.orangejelly.co.uk/compete-with-pub-chains,Question,,,no,no,no,unknown type for this validator (no required/recommended table for 'Question')
https://www.orangejelly.co.uk/compete-with-pub-chains,Answer,,,no,no,no,unknown type for this validator (no required/recommended table for 'Answer')
https://www.orangejelly.co.uk/compete-with-pub-chains,Question,,,no,no,no,unknown type for this validator (no required/recommended table for 'Question')
https://www.orangejelly.co.uk/compete-with-pub-chains,Answer,,,no,no,no,unknown type for this validator (no required/recommended table for 'Answer')
https://www.orangejelly.co.uk/compete-with-pub-chains,Question,,,no,no,no,unknown type for this validator (no required/recommended table for 'Question')
https://www.orangejelly.co.uk/compete-with-pub-chains,Answer,,,no,no,no,unknown type for this validator (no required/recommended table for 'Answer')
https://www.orangejelly.co.uk/compete-with-pub-chains,Question,,,no,no,no,unknown type for this validator (no required/recommended table for 'Question')
https://www.orangejelly.co.uk/compete-with-pub-chains,Answer,,,no,no,no,unknown type for this validator (no required/recommended table for 'Answer')
https://www.orangejelly.co.uk/compete-with-pub-chains,BreadcrumbList,,,no,no,yes,
https://www.orangejelly.co.uk/compete-with-pub-chains,ListItem,,,no,no,no,unknown type for this validator (no required/recommended table for 'ListItem')
https://www.orangejelly.co.uk/compete-with-pub-chains,ListItem,,,no,no,no,unknown type for this validator (no required/recommended table for 'ListItem')
https://www.orangejelly.co.uk/contact,ProfessionalService,,,no,no,no,unknown type for this validator (no required/recommended table for 'ProfessionalService')
https://www.orangejelly.co.uk/contact,ImageObject,,,no,no,no,unknown type for this validator (no required/recommended table for 'ImageObject')
https://www.orangejelly.co.uk/contact,Person,,,no,no,no,unknown type for this validator (no required/recommended table for 'Person')
https://www.orangejelly.co.uk/contact,ContactPoint,,,no,no,no,unknown type for this validator (no required/recommended table for 'ContactPoint')
https://www.orangejelly.co.uk/contact,PostalAddress,,,no,no,no,unknown type for this validator (no required/recommended table for 'PostalAddress')
https://www.orangejelly.co.uk/contact,GeoCoordinates,,,no,no,no,unknown type for this validator (no required/recommended table for 'GeoCoordinates')
https://www.orangejelly.co.uk/contact,WebSite,,potentialAction,no,no,no,
https://www.orangejelly.co.uk/contact,BreadcrumbList,,,no,no,yes,
https://www.orangejelly.co.uk/contact,ListItem,,,no,no,no,unknown type for this validator (no required/recommended table for 'ListItem')
https://www.orangejelly.co.uk/contact,ProfessionalService,,,no,no,no,unknown type for this validator (no required/recommended table for 'ProfessionalService')
https://www.orangejelly.co.uk/contact,Person,,,no,no,no,unknown type for this validator (no required/recommended table for 'Person')
https://www.orangejelly.co.uk/contact,PostalAddress,,,no,no,no,unknown type for this validator (no required/recommended table for 'PostalAddress')
https://www.orangejelly.co.uk/contact,GeoCoordinates,,,no,no,no,unknown type for this validator (no required/recommended table for 'GeoCoordinates')
https://www.orangejelly.co.uk/contact,OpeningHoursSpecification,,,no,no,no,unknown type for this validator (no required/recommended table for 'OpeningHoursSpecification')
https://www.orangejelly.co.uk/contact,Country,,,no,no,no,unknown type for this validator (no required/recommended table for 'Country')
https://www.orangejelly.co.uk/contact,LocalBusiness,,openingHoursSpecification; geo; url; priceRange; image,no,no,yes,
https://www.orangejelly.co.uk/contact,PostalAddress,,,no,no,no,unknown type for this validator (no required/recommended table for 'PostalAddress')
https://www.orangejelly.co.uk/contact,ContactPage,,,no,no,no,unknown type for this validator (no required/recommended table for 'ContactPage')
https://www.orangejelly.co.uk/contact,FAQPage,,,yes,no,no,FAQ rich results are now limited to authoritative government/health sites (Aug 2023). Markup is still valid but most sites no longer earn a rich result.
https://www.orangejelly.co.uk/contact,Question,,,no,no,no,unknown type for this validator (no required/recommended table for 'Question')
https://www.orangejelly.co.uk/contact,Answer,,,no,no,no,unknown type for this validator (no required/recommended table for 'Answer')
https://www.orangejelly.co.uk/contact,Question,,,no,no,no,unknown type for this validator (no required/recommended table for 'Question')
https://www.orangejelly.co.uk/contact,Answer,,,no,no,no,unknown type for this validator (no required/recommended table for 'Answer')
https://www.orangejelly.co.uk/contact,Question,,,no,no,no,unknown type for this validator (no required/recommended table for 'Question')
https://www.orangejelly.co.uk/contact,Answer,,,no,no,no,unknown type for this validator (no required/recommended table for 'Answer')
https://www.orangejelly.co.uk/contact,Question,,,no,no,no,unknown type for this validator (no required/recommended table for 'Question')
https://www.orangejelly.co.uk/contact,Answer,,,no,no,no,unknown type for this validator (no required/recommended table for 'Answer')
https://www.orangejelly.co.uk/contact,Question,,,no,no,no,unknown type for this validator (no required/recommended table for 'Question')
https://www.orangejelly.co.uk/contact,Answer,,,no,no,no,unknown type for this validator (no required/recommended table for 'Answer')
https://www.orangejelly.co.uk/contact,BreadcrumbList,,,no,no,yes,
https://www.orangejelly.co.uk/contact,ListItem,,,no,no,no,unknown type for this validator (no required/recommended table for 'ListItem')
https://www.orangejelly.co.uk/contact,ListItem,,,no,no,no,unknown type for this validator (no required/recommended table for 'ListItem')
https://www.orangejelly.co.uk/contact?package=growth-fix,ProfessionalService,,,no,no,no,unknown type for this validator (no required/recommended table for 'ProfessionalService')
https://www.orangejelly.co.uk/contact?package=growth-fix,ImageObject,,,no,no,no,unknown type for this validator (no required/recommended table for 'ImageObject')
https://www.orangejelly.co.uk/contact?package=growth-fix,Person,,,no,no,no,unknown type for this validator (no required/recommended table for 'Person')
https://www.orangejelly.co.uk/contact?package=growth-fix,ContactPoint,,,no,no,no,unknown type for this validator (no required/recommended table for 'ContactPoint')
https://www.orangejelly.co.uk/contact?package=growth-fix,PostalAddress,,,no,no,no,unknown type for this validator (no required/recommended table for 'PostalAddress')
https://www.orangejelly.co.uk/contact?package=growth-fix,GeoCoordinates,,,no,no,no,unknown type for this validator (no required/recommended table for 'GeoCoordinates')
https://www.orangejelly.co.uk/contact?package=growth-fix,WebSite,,potentialAction,no,no,no,
https://www.orangejelly.co.uk/contact?package=growth-fix,BreadcrumbList,,,no,no,yes,
https://www.orangejelly.co.uk/contact?package=growth-fix,ListItem,,,no,no,no,unknown type for this validator (no required/recommended table for 'ListItem')
https://www.orangejelly.co.uk/contact?package=growth-fix,ProfessionalService,,,no,no,no,unknown type for this validator (no required/recommended table for 'ProfessionalService')
https://www.orangejelly.co.uk/contact?package=growth-fix,Person,,,no,no,no,unknown type for this validator (no required/recommended table for 'Person')
https://www.orangejelly.co.uk/contact?package=growth-fix,PostalAddress,,,no,no,no,unknown type for this validator (no required/recommended table for 'PostalAddress')
https://www.orangejelly.co.uk/contact?package=growth-fix,GeoCoordinates,,,no,no,no,unknown type for this validator (no required/recommended table for 'GeoCoordinates')
https://www.orangejelly.co.uk/contact?package=growth-fix,OpeningHoursSpecification,,,no,no,no,unknown type for this validator (no required/recommended table for 'OpeningHoursSpecification')
https://www.orangejelly.co.uk/contact?package=growth-fix,Country,,,no,no,no,unknown type for this validator (no required/recommended table for 'Country')
https://www.orangejelly.co.uk/contact?package=growth-fix,LocalBusiness,,openingHoursSpecification; geo; url; priceRange; image,no,no,yes,
https://www.orangejelly.co.uk/contact?package=growth-fix,PostalAddress,,,no,no,no,unknown type for this validator (no required/recommended table for 'PostalAddress')
https://www.orangejelly.co.uk/contact?package=growth-fix,ContactPage,,,no,no,no,unknown type for this validator (no required/recommended table for 'ContactPage')
https://www.orangejelly.co.uk/contact?package=growth-fix,FAQPage,,,yes,no,no,FAQ rich results are now limited to authoritative government/health sites (Aug 2023). Markup is still valid but most sites no longer earn a rich result.
https://www.orangejelly.co.uk/contact?package=growth-fix,Question,,,no,no,no,unknown type for this validator (no required/recommended table for 'Question')
https://www.orangejelly.co.uk/contact?package=growth-fix,Answer,,,no,no,no,unknown type for this validator (no required/recommended table for 'Answer')
https://www.orangejelly.co.uk/contact?package=growth-fix,Question,,,no,no,no,unknown type for this validator (no required/recommended table for 'Question')
https://www.orangejelly.co.uk/contact?package=growth-fix,Answer,,,no,no,no,unknown type for this validator (no required/recommended table for 'Answer')
https://www.orangejelly.co.uk/contact?package=growth-fix,Question,,,no,no,no,unknown type for this validator (no required/recommended table for 'Question')
https://www.orangejelly.co.uk/contact?package=growth-fix,Answer,,,no,no,no,unknown type for this validator (no required/recommended table for 'Answer')
https://www.orangejelly.co.uk/contact?package=growth-fix,Question,,,no,no,no,unknown type for this validator (no required/recommended table for 'Question')
https://www.orangejelly.co.uk/contact?package=growth-fix,Answer,,,no,no,no,unknown type for this validator (no required/recommended table for 'Answer')
https://www.orangejelly.co.uk/contact?package=growth-fix,Question,,,no,no,no,unknown type for this validator (no required/recommended table for 'Question')
https://www.orangejelly.co.uk/contact?package=growth-fix,Answer,,,no,no,no,unknown type for this validator (no required/recommended table for 'Answer')
https://www.orangejelly.co.uk/contact?package=growth-fix,BreadcrumbList,,,no,no,yes,
https://www.orangejelly.co.uk/contact?package=growth-fix,ListItem,,,no,no,no,unknown type for this validator (no required/recommended table for 'ListItem')
https://www.orangejelly.co.uk/contact?package=growth-fix,ListItem,,,no,no,no,unknown type for this validator (no required/recommended table for 'ListItem')
https://www.orangejelly.co.uk/contact?package=growth-partner,ProfessionalService,,,no,no,no,unknown type for this validator (no required/recommended table for 'ProfessionalService')
https://www.orangejelly.co.uk/contact?package=growth-partner,ImageObject,,,no,no,no,unknown type for this validator (no required/recommended table for 'ImageObject')
https://www.orangejelly.co.uk/contact?package=growth-partner,Person,,,no,no,no,unknown type for this validator (no required/recommended table for 'Person')
https://www.orangejelly.co.uk/contact?package=growth-partner,ContactPoint,,,no,no,no,unknown type for this validator (no required/recommended table for 'ContactPoint')
https://www.orangejelly.co.uk/contact?package=growth-partner,PostalAddress,,,no,no,no,unknown type for this validator (no required/recommended table for 'PostalAddress')
https://www.orangejelly.co.uk/contact?package=growth-partner,GeoCoordinates,,,no,no,no,unknown type for this validator (no required/recommended table for 'GeoCoordinates')
https://www.orangejelly.co.uk/contact?package=growth-partner,WebSite,,potentialAction,no,no,no,
https://www.orangejelly.co.uk/contact?package=growth-partner,BreadcrumbList,,,no,no,yes,
https://www.orangejelly.co.uk/contact?package=growth-partner,ListItem,,,no,no,no,unknown type for this validator (no required/recommended table for 'ListItem')
https://www.orangejelly.co.uk/contact?package=growth-partner,ProfessionalService,,,no,no,no,unknown type for this validator (no required/recommended table for 'ProfessionalService')
https://www.orangejelly.co.uk/contact?package=growth-partner,Person,,,no,no,no,unknown type for this validator (no required/recommended table for 'Person')
https://www.orangejelly.co.uk/contact?package=growth-partner,PostalAddress,,,no,no,no,unknown type for this validator (no required/recommended table for 'PostalAddress')
https://www.orangejelly.co.uk/contact?package=growth-partner,GeoCoordinates,,,no,no,no,unknown type for this validator (no required/recommended table for 'GeoCoordinates')
https://www.orangejelly.co.uk/contact?package=growth-partner,OpeningHoursSpecification,,,no,no,no,unknown type for this validator (no required/recommended table for 'OpeningHoursSpecification')
https://www.orangejelly.co.uk/contact?package=growth-partner,Country,,,no,no,no,unknown type for this validator (no required/recommended table for 'Country')
https://www.orangejelly.co.uk/contact?package=growth-partner,LocalBusiness,,openingHoursSpecification; geo; url; priceRange; image,no,no,yes,
https://www.orangejelly.co.uk/contact?package=growth-partner,PostalAddress,,,no,no,no,unknown type for this validator (no required/recommended table for 'PostalAddress')
https://www.orangejelly.co.uk/contact?package=growth-partner,ContactPage,,,no,no,no,unknown type for this validator (no required/recommended table for 'ContactPage')
https://www.orangejelly.co.uk/contact?package=growth-partner,FAQPage,,,yes,no,no,FAQ rich results are now limited to authoritative government/health sites (Aug 2023). Markup is still valid but most sites no longer earn a rich result.
https://www.orangejelly.co.uk/contact?package=growth-partner,Question,,,no,no,no,unknown type for this validator (no required/recommended table for 'Question')
https://www.orangejelly.co.uk/contact?package=growth-partner,Answer,,,no,no,no,unknown type for this validator (no required/recommended table for 'Answer')
https://www.orangejelly.co.uk/contact?package=growth-partner,Question,,,no,no,no,unknown type for this validator (no required/recommended table for 'Question')
https://www.orangejelly.co.uk/contact?package=growth-partner,Answer,,,no,no,no,unknown type for this validator (no required/recommended table for 'Answer')
https://www.orangejelly.co.uk/contact?package=growth-partner,Question,,,no,no,no,unknown type for this validator (no required/recommended table for 'Question')
https://www.orangejelly.co.uk/contact?package=growth-partner,Answer,,,no,no,no,unknown type for this validator (no required/recommended table for 'Answer')
https://www.orangejelly.co.uk/contact?package=growth-partner,Question,,,no,no,no,unknown type for this validator (no required/recommended table for 'Question')
https://www.orangejelly.co.uk/contact?package=growth-partner,Answer,,,no,no,no,unknown type for this validator (no required/recommended table for 'Answer')
https://www.orangejelly.co.uk/contact?package=growth-partner,Question,,,no,no,no,unknown type for this validator (no required/recommended table for 'Question')
https://www.orangejelly.co.uk/contact?package=growth-partner,Answer,,,no,no,no,unknown type for this validator (no required/recommended table for 'Answer')
https://www.orangejelly.co.uk/contact?package=growth-partner,BreadcrumbList,,,no,no,yes,
https://www.orangejelly.co.uk/contact?package=growth-partner,ListItem,,,no,no,no,unknown type for this validator (no required/recommended table for 'ListItem')
https://www.orangejelly.co.uk/contact?package=growth-partner,ListItem,,,no,no,no,unknown type for this validator (no required/recommended table for 'ListItem')
https://www.orangejelly.co.uk/contact?package=momentum-month,ProfessionalService,,,no,no,no,unknown type for this validator (no required/recommended table for 'ProfessionalService')
https://www.orangejelly.co.uk/contact?package=momentum-month,ImageObject,,,no,no,no,unknown type for this validator (no required/recommended table for 'ImageObject')
https://www.orangejelly.co.uk/contact?package=momentum-month,Person,,,no,no,no,unknown type for this validator (no required/recommended table for 'Person')
https://www.orangejelly.co.uk/contact?package=momentum-month,ContactPoint,,,no,no,no,unknown type for this validator (no required/recommended table for 'ContactPoint')
https://www.orangejelly.co.uk/contact?package=momentum-month,PostalAddress,,,no,no,no,unknown type for this validator (no required/recommended table for 'PostalAddress')
https://www.orangejelly.co.uk/contact?package=momentum-month,GeoCoordinates,,,no,no,no,unknown type for this validator (no required/recommended table for 'GeoCoordinates')
https://www.orangejelly.co.uk/contact?package=momentum-month,WebSite,,potentialAction,no,no,no,
https://www.orangejelly.co.uk/contact?package=momentum-month,BreadcrumbList,,,no,no,yes,
https://www.orangejelly.co.uk/contact?package=momentum-month,ListItem,,,no,no,no,unknown type for this validator (no required/recommended table for 'ListItem')
https://www.orangejelly.co.uk/contact?package=momentum-month,ProfessionalService,,,no,no,no,unknown type for this validator (no required/recommended table for 'ProfessionalService')
https://www.orangejelly.co.uk/contact?package=momentum-month,Person,,,no,no,no,unknown type for this validator (no required/recommended table for 'Person')
https://www.orangejelly.co.uk/contact?package=momentum-month,PostalAddress,,,no,no,no,unknown type for this validator (no required/recommended table for 'PostalAddress')
https://www.orangejelly.co.uk/contact?package=momentum-month,GeoCoordinates,,,no,no,no,unknown type for this validator (no required/recommended table for 'GeoCoordinates')
https://www.orangejelly.co.uk/contact?package=momentum-month,OpeningHoursSpecification,,,no,no,no,unknown type for this validator (no required/recommended table for 'OpeningHoursSpecification')
https://www.orangejelly.co.uk/contact?package=momentum-month,Country,,,no,no,no,unknown type for this validator (no required/recommended table for 'Country')
https://www.orangejelly.co.uk/contact?package=momentum-month,LocalBusiness,,openingHoursSpecification; geo; url; priceRange; image,no,no,yes,
https://www.orangejelly.co.uk/contact?package=momentum-month,PostalAddress,,,no,no,no,unknown type for this validator (no required/recommended table for 'PostalAddress')
https://www.orangejelly.co.uk/contact?package=momentum-month,ContactPage,,,no,no,no,unknown type for this validator (no required/recommended table for 'ContactPage')
https://www.orangejelly.co.uk/contact?package=momentum-month,FAQPage,,,yes,no,no,FAQ rich results are now limited to authoritative government/health sites (Aug 2023). Markup is still valid but most sites no longer earn a rich result.
https://www.orangejelly.co.uk/contact?package=momentum-month,Question,,,no,no,no,unknown type for this validator (no required/recommended table for 'Question')
https://www.orangejelly.co.uk/contact?package=momentum-month,Answer,,,no,no,no,unknown type for this validator (no required/recommended table for 'Answer')
https://www.orangejelly.co.uk/contact?package=momentum-month,Question,,,no,no,no,unknown type for this validator (no required/recommended table for 'Question')
https://www.orangejelly.co.uk/contact?package=momentum-month,Answer,,,no,no,no,unknown type for this validator (no required/recommended table for 'Answer')
https://www.orangejelly.co.uk/contact?package=momentum-month,Question,,,no,no,no,unknown type for this validator (no required/recommended table for 'Question')
https://www.orangejelly.co.uk/contact?package=momentum-month,Answer,,,no,no,no,unknown type for this validator (no required/recommended table for 'Answer')
https://www.orangejelly.co.uk/contact?package=momentum-month,Question,,,no,no,no,unknown type for this validator (no required/recommended table for 'Question')
https://www.orangejelly.co.uk/contact?package=momentum-month,Answer,,,no,no,no,unknown type for this validator (no required/recommended table for 'Answer')
https://www.orangejelly.co.uk/contact?package=momentum-month,Question,,,no,no,no,unknown type for this validator (no required/recommended table for 'Question')
https://www.orangejelly.co.uk/contact?package=momentum-month,Answer,,,no,no,no,unknown type for this validator (no required/recommended table for 'Answer')
https://www.orangejelly.co.uk/contact?package=momentum-month,BreadcrumbList,,,no,no,yes,
https://www.orangejelly.co.uk/contact?package=momentum-month,ListItem,,,no,no,no,unknown type for this validator (no required/recommended table for 'ListItem')
https://www.orangejelly.co.uk/contact?package=momentum-month,ListItem,,,no,no,no,unknown type for this validator (no required/recommended table for 'ListItem')
https://www.orangejelly.co.uk/contact?package=turnaround-intensive,ProfessionalService,,,no,no,no,unknown type for this validator (no required/recommended table for 'ProfessionalService')
https://www.orangejelly.co.uk/contact?package=turnaround-intensive,ImageObject,,,no,no,no,unknown type for this validator (no required/recommended table for 'ImageObject')
https://www.orangejelly.co.uk/contact?package=turnaround-intensive,Person,,,no,no,no,unknown type for this validator (no required/recommended table for 'Person')
https://www.orangejelly.co.uk/contact?package=turnaround-intensive,ContactPoint,,,no,no,no,unknown type for this validator (no required/recommended table for 'ContactPoint')
https://www.orangejelly.co.uk/contact?package=turnaround-intensive,PostalAddress,,,no,no,no,unknown type for this validator (no required/recommended table for 'PostalAddress')
https://www.orangejelly.co.uk/contact?package=turnaround-intensive,GeoCoordinates,,,no,no,no,unknown type for this validator (no required/recommended table for 'GeoCoordinates')
https://www.orangejelly.co.uk/contact?package=turnaround-intensive,WebSite,,potentialAction,no,no,no,
https://www.orangejelly.co.uk/contact?package=turnaround-intensive,BreadcrumbList,,,no,no,yes,
https://www.orangejelly.co.uk/contact?package=turnaround-intensive,ListItem,,,no,no,no,unknown type for this validator (no required/recommended table for 'ListItem')
https://www.orangejelly.co.uk/contact?package=turnaround-intensive,ProfessionalService,,,no,no,no,unknown type for this validator (no required/recommended table for 'ProfessionalService')
https://www.orangejelly.co.uk/contact?package=turnaround-intensive,Person,,,no,no,no,unknown type for this validator (no required/recommended table for 'Person')
https://www.orangejelly.co.uk/contact?package=turnaround-intensive,PostalAddress,,,no,no,no,unknown type for this validator (no required/recommended table for 'PostalAddress')
https://www.orangejelly.co.uk/contact?package=turnaround-intensive,GeoCoordinates,,,no,no,no,unknown type for this validator (no required/recommended table for 'GeoCoordinates')
https://www.orangejelly.co.uk/contact?package=turnaround-intensive,OpeningHoursSpecification,,,no,no,no,unknown type for this validator (no required/recommended table for 'OpeningHoursSpecification')
https://www.orangejelly.co.uk/contact?package=turnaround-intensive,Country,,,no,no,no,unknown type for this validator (no required/recommended table for 'Country')
https://www.orangejelly.co.uk/contact?package=turnaround-intensive,LocalBusiness,,openingHoursSpecification; geo; url; priceRange; image,no,no,yes,
https://www.orangejelly.co.uk/contact?package=turnaround-intensive,PostalAddress,,,no,no,no,unknown type for this validator (no required/recommended table for 'PostalAddress')
https://www.orangejelly.co.uk/contact?package=turnaround-intensive,ContactPage,,,no,no,no,unknown type for this validator (no required/recommended table for 'ContactPage')
https://www.orangejelly.co.uk/contact?package=turnaround-intensive,FAQPage,,,yes,no,no,FAQ rich results are now limited to authoritative government/health sites (Aug 2023). Markup is still valid but most sites no longer earn a rich result.
https://www.orangejelly.co.uk/contact?package=turnaround-intensive,Question,,,no,no,no,unknown type for this validator (no required/recommended table for 'Question')
https://www.orangejelly.co.uk/contact?package=turnaround-intensive,Answer,,,no,no,no,unknown type for this validator (no required/recommended table for 'Answer')
https://www.orangejelly.co.uk/contact?package=turnaround-intensive,Question,,,no,no,no,unknown type for this validator (no required/recommended table for 'Question')
https://www.orangejelly.co.uk/contact?package=turnaround-intensive,Answer,,,no,no,no,unknown type for this validator (no required/recommended table for 'Answer')
https://www.orangejelly.co.uk/contact?package=turnaround-intensive,Question,,,no,no,no,unknown type for this validator (no required/recommended table for 'Question')
https://www.orangejelly.co.uk/contact?package=turnaround-intensive,Answer,,,no,no,no,unknown type for this validator (no required/recommended table for 'Answer')
https://www.orangejelly.co.uk/contact?package=turnaround-intensive,Question,,,no,no,no,unknown type for this validator (no required/recommended table for 'Question')
https://www.orangejelly.co.uk/contact?package=turnaround-intensive,Answer,,,no,no,no,unknown type for this validator (no required/recommended table for 'Answer')
https://www.orangejelly.co.uk/contact?package=turnaround-intensive,Question,,,no,no,no,unknown type for this validator (no required/recommended table for 'Question')
https://www.orangejelly.co.uk/contact?package=turnaround-intensive,Answer,,,no,no,no,unknown type for this validator (no required/recommended table for 'Answer')
https://www.orangejelly.co.uk/contact?package=turnaround-intensive,BreadcrumbList,,,no,no,yes,
https://www.orangejelly.co.uk/contact?package=turnaround-intensive,ListItem,,,no,no,no,unknown type for this validator (no required/recommended table for 'ListItem')
https://www.orangejelly.co.uk/contact?package=turnaround-intensive,ListItem,,,no,no,no,unknown type for this validator (no required/recommended table for 'ListItem')
https://www.orangejelly.co.uk/empty-pub-solutions,ProfessionalService,,,no,no,no,unknown type for this validator (no required/recommended table for 'ProfessionalService')
https://www.orangejelly.co.uk/empty-pub-solutions,ImageObject,,,no,no,no,unknown type for this validator (no required/recommended table for 'ImageObject')
https://www.orangejelly.co.uk/empty-pub-solutions,Person,,,no,no,no,unknown type for this validator (no required/recommended table for 'Person')
https://www.orangejelly.co.uk/empty-pub-solutions,ContactPoint,,,no,no,no,unknown type for this validator (no required/recommended table for 'ContactPoint')
https://www.orangejelly.co.uk/empty-pub-solutions,PostalAddress,,,no,no,no,unknown type for this validator (no required/recommended table for 'PostalAddress')
https://www.orangejelly.co.uk/empty-pub-solutions,GeoCoordinates,,,no,no,no,unknown type for this validator (no required/recommended table for 'GeoCoordinates')
https://www.orangejelly.co.uk/empty-pub-solutions,WebSite,,potentialAction,no,no,no,
https://www.orangejelly.co.uk/empty-pub-solutions,BreadcrumbList,,,no,no,yes,
https://www.orangejelly.co.uk/empty-pub-solutions,ListItem,,,no,no,no,unknown type for this validator (no required/recommended table for 'ListItem')
https://www.orangejelly.co.uk/empty-pub-solutions,FAQPage,,,yes,no,no,FAQ rich results are now limited to authoritative government/health sites (Aug 2023). Markup is still valid but most sites no longer earn a rich result.
https://www.orangejelly.co.uk/empty-pub-solutions,Question,,,no,no,no,unknown type for this validator (no required/recommended table for 'Question')
https://www.orangejelly.co.uk/empty-pub-solutions,Answer,,,no,no,no,unknown type for this validator (no required/recommended table for 'Answer')
https://www.orangejelly.co.uk/empty-pub-solutions,Question,,,no,no,no,unknown type for this validator (no required/recommended table for 'Question')
https://www.orangejelly.co.uk/empty-pub-solutions,Answer,,,no,no,no,unknown type for this validator (no required/recommended table for 'Answer')
https://www.orangejelly.co.uk/empty-pub-solutions,Question,,,no,no,no,unknown type for this validator (no required/recommended table for 'Question')
https://www.orangejelly.co.uk/empty-pub-solutions,Answer,,,no,no,no,unknown type for this validator (no required/recommended table for 'Answer')
https://www.orangejelly.co.uk/empty-pub-solutions,Question,,,no,no,no,unknown type for this validator (no required/recommended table for 'Question')
https://www.orangejelly.co.uk/empty-pub-solutions,Answer,,,no,no,no,unknown type for this validator (no required/recommended table for 'Answer')
https://www.orangejelly.co.uk/empty-pub-solutions,Question,,,no,no,no,unknown type for this validator (no required/recommended table for 'Question')
https://www.orangejelly.co.uk/empty-pub-solutions,Answer,,,no,no,no,unknown type for this validator (no required/recommended table for 'Answer')
https://www.orangejelly.co.uk/empty-pub-solutions,BreadcrumbList,,,no,no,yes,
https://www.orangejelly.co.uk/empty-pub-solutions,ListItem,,,no,no,no,unknown type for this validator (no required/recommended table for 'ListItem')
https://www.orangejelly.co.uk/empty-pub-solutions,ListItem,,,no,no,no,unknown type for this validator (no required/recommended table for 'ListItem')
https://www.orangejelly.co.uk/fix-my-pub,ProfessionalService,,,no,no,no,unknown type for this validator (no required/recommended table for 'ProfessionalService')
https://www.orangejelly.co.uk/fix-my-pub,ImageObject,,,no,no,no,unknown type for this validator (no required/recommended table for 'ImageObject')
https://www.orangejelly.co.uk/fix-my-pub,Person,,,no,no,no,unknown type for this validator (no required/recommended table for 'Person')
https://www.orangejelly.co.uk/fix-my-pub,ContactPoint,,,no,no,no,unknown type for this validator (no required/recommended table for 'ContactPoint')
https://www.orangejelly.co.uk/fix-my-pub,PostalAddress,,,no,no,no,unknown type for this validator (no required/recommended table for 'PostalAddress')
https://www.orangejelly.co.uk/fix-my-pub,GeoCoordinates,,,no,no,no,unknown type for this validator (no required/recommended table for 'GeoCoordinates')
https://www.orangejelly.co.uk/fix-my-pub,WebSite,,potentialAction,no,no,no,
https://www.orangejelly.co.uk/fix-my-pub,BreadcrumbList,,,no,no,yes,
https://www.orangejelly.co.uk/fix-my-pub,ListItem,,,no,no,no,unknown type for this validator (no required/recommended table for 'ListItem')
https://www.orangejelly.co.uk/fix-my-pub,FAQPage,,,yes,no,no,FAQ rich results are now limited to authoritative government/health sites (Aug 2023). Markup is still valid but most sites no longer earn a rich result.
https://www.orangejelly.co.uk/fix-my-pub,Question,,,no,no,no,unknown type for this validator (no required/recommended table for 'Question')
https://www.orangejelly.co.uk/fix-my-pub,Answer,,,no,no,no,unknown type for this validator (no required/recommended table for 'Answer')
https://www.orangejelly.co.uk/fix-my-pub,Question,,,no,no,no,unknown type for this validator (no required/recommended table for 'Question')
https://www.orangejelly.co.uk/fix-my-pub,Answer,,,no,no,no,unknown type for this validator (no required/recommended table for 'Answer')
https://www.orangejelly.co.uk/fix-my-pub,Question,,,no,no,no,unknown type for this validator (no required/recommended table for 'Question')
https://www.orangejelly.co.uk/fix-my-pub,Answer,,,no,no,no,unknown type for this validator (no required/recommended table for 'Answer')
https://www.orangejelly.co.uk/fix-my-pub,BreadcrumbList,,,no,no,yes,
https://www.orangejelly.co.uk/fix-my-pub,ListItem,,,no,no,no,unknown type for this validator (no required/recommended table for 'ListItem')
https://www.orangejelly.co.uk/fix-my-pub,ListItem,,,no,no,no,unknown type for this validator (no required/recommended table for 'ListItem')
https://www.orangejelly.co.uk/licensees-guide,ProfessionalService,,,no,no,no,unknown type for this validator (no required/recommended table for 'ProfessionalService')
https://www.orangejelly.co.uk/licensees-guide,ImageObject,,,no,no,no,unknown type for this validator (no required/recommended table for 'ImageObject')
https://www.orangejelly.co.uk/licensees-guide,Person,,,no,no,no,unknown type for this validator (no required/recommended table for 'Person')
https://www.orangejelly.co.uk/licensees-guide,ContactPoint,,,no,no,no,unknown type for this validator (no required/recommended table for 'ContactPoint')
https://www.orangejelly.co.uk/licensees-guide,PostalAddress,,,no,no,no,unknown type for this validator (no required/recommended table for 'PostalAddress')
https://www.orangejelly.co.uk/licensees-guide,GeoCoordinates,,,no,no,no,unknown type for this validator (no required/recommended table for 'GeoCoordinates')
https://www.orangejelly.co.uk/licensees-guide,WebSite,,potentialAction,no,no,no,
https://www.orangejelly.co.uk/licensees-guide,BreadcrumbList,,,no,no,yes,
https://www.orangejelly.co.uk/licensees-guide,ListItem,,,no,no,no,unknown type for this validator (no required/recommended table for 'ListItem')
https://www.orangejelly.co.uk/licensees-guide,CollectionPage,,,no,no,no,unknown type for this validator (no required/recommended table for 'CollectionPage')
https://www.orangejelly.co.uk/licensees-guide,WebSite,name; url,potentialAction,no,no,no,
https://www.orangejelly.co.uk/licensees-guide,BreadcrumbList,,,no,no,yes,
https://www.orangejelly.co.uk/licensees-guide,ListItem,,,no,no,no,unknown type for this validator (no required/recommended table for 'ListItem')
https://www.orangejelly.co.uk/licensees-guide,ListItem,,,no,no,no,unknown type for this validator (no required/recommended table for 'ListItem')
https://www.orangejelly.co.uk/licensees-guide,ItemList,,,no,no,no,unknown type for this validator (no required/recommended table for 'ItemList')
https://www.orangejelly.co.uk/licensees-guide,ListItem,,,no,no,no,unknown type for this validator (no required/recommended table for 'ListItem')
https://www.orangejelly.co.uk/licensees-guide,BlogPosting,,dateModified,no,no,yes,
https://www.orangejelly.co.uk/licensees-guide,Person,,,no,no,no,unknown type for this validator (no required/recommended table for 'Person')
https://www.orangejelly.co.uk/licensees-guide,ImageObject,,,no,no,no,unknown type for this validator (no required/recommended table for 'ImageObject')
https://www.orangejelly.co.uk/licensees-guide,Organization,,url; logo; sameAs; contactPoint,no,no,no,
https://www.orangejelly.co.uk/licensees-guide,ListItem,,,no,no,no,unknown type for this validator (no required/recommended table for 'ListItem')
https://www.orangejelly.co.uk/licensees-guide,BlogPosting,,dateModified,no,no,yes,
https://www.orangejelly.co.uk/licensees-guide,Person,,,no,no,no,unknown type for this validator (no required/recommended table for 'Person')
https://www.orangejelly.co.uk/licensees-guide,ImageObject,,,no,no,no,unknown type for this validator (no required/recommended table for 'ImageObject')
https://www.orangejelly.co.uk/licensees-guide,Organization,,url; logo; sameAs; contactPoint,no,no,no,
https://www.orangejelly.co.uk/licensees-guide,ListItem,,,no,no,no,unknown type for this validator (no required/recommended table for 'ListItem')
https://www.orangejelly.co.uk/licensees-guide,BlogPosting,,dateModified,no,no,yes,
https://www.orangejelly.co.uk/licensees-guide,Person,,,no,no,no,unknown type for this validator (no required/recommended table for 'Person')
https://www.orangejelly.co.uk/licensees-guide,ImageObject,,,no,no,no,unknown type for this validator (no required/recommended table for 'ImageObject')
https://www.orangejelly.co.uk/licensees-guide,Organization,,url; logo; sameAs; contactPoint,no,no,no,
https://www.orangejelly.co.uk/licensees-guide,ListItem,,,no,no,no,unknown type for this validator (no required/recommended table for 'ListItem')
https://www.orangejelly.co.uk/licensees-guide,BlogPosting,,dateModified,no,no,yes,
https://www.orangejelly.co.uk/licensees-guide,Person,,,no,no,no,unknown type for this validator (no required/recommended table for 'Person')
https://www.orangejelly.co.uk/licensees-guide,ImageObject,,,no,no,no,unknown type for this validator (no required/recommended table for 'ImageObject')
https://www.orangejelly.co.uk/licensees-guide,Organization,,url; logo; sameAs; contactPoint,no,no,no,
https://www.orangejelly.co.uk/licensees-guide,ListItem,,,no,no,no,unknown type for this validator (no required/recommended table for 'ListItem')
https://www.orangejelly.co.uk/licensees-guide,BlogPosting,,dateModified,no,no,yes,
https://www.orangejelly.co.uk/licensees-guide,Person,,,no,no,no,unknown type for this validator (no required/recommended table for 'Person')
https://www.orangejelly.co.uk/licensees-guide,ImageObject,,,no,no,no,unknown type for this validator (no required/recommended table for 'ImageObject')
https://www.orangejelly.co.uk/licensees-guide,Organization,,url; logo; sameAs; contactPoint,no,no,no,
https://www.orangejelly.co.uk/licensees-guide,ListItem,,,no,no,no,unknown type for this validator (no required/recommended table for 'ListItem')
https://www.orangejelly.co.uk/licensees-guide,BlogPosting,,dateModified,no,no,yes,
https://www.orangejelly.co.uk/licensees-guide,Person,,,no,no,no,unknown type for this validator (no required/recommended table for 'Person')
https://www.orangejelly.co.uk/licensees-guide,ImageObject,,,no,no,no,unknown type for this validator (no required/recommended table for 'ImageObject')
https://www.orangejelly.co.uk/licensees-guide,Organization,,url; logo; sameAs; contactPoint,no,no,no,
https://www.orangejelly.co.uk/licensees-guide,ListItem,,,no,no,no,unknown type for this validator (no required/recommended table for 'ListItem')
https://www.orangejelly.co.uk/licensees-guide,BlogPosting,,dateModified,no,no,yes,
https://www.orangejelly.co.uk/licensees-guide,Person,,,no,no,no,unknown type for this validator (no required/recommended table for 'Person')
https://www.orangejelly.co.uk/licensees-guide,ImageObject,,,no,no,no,unknown type for this validator (no required/recommended table for 'ImageObject')
https://www.orangejelly.co.uk/licensees-guide,Organization,,url; logo; sameAs; contactPoint,no,no,no,
https://www.orangejelly.co.uk/licensees-guide,ListItem,,,no,no,no,unknown type for this validator (no required/recommended table for 'ListItem')
https://www.orangejelly.co.uk/licensees-guide,BlogPosting,,dateModified,no,no,yes,
https://www.orangejelly.co.uk/licensees-guide,Person,,,no,no,no,unknown type for this validator (no required/recommended table for 'Person')
https://www.orangejelly.co.uk/licensees-guide,ImageObject,,,no,no,no,unknown type for this validator (no required/recommended table for 'ImageObject')
https://www.orangejelly.co.uk/licensees-guide,Organization,,url; logo; sameAs; contactPoint,no,no,no,
https://www.orangejelly.co.uk/licensees-guide,ListItem,,,no,no,no,unknown type for this validator (no required/recommended table for 'ListItem')
https://www.orangejelly.co.uk/licensees-guide,BlogPosting,,dateModified,no,no,yes,
https://www.orangejelly.co.uk/licensees-guide,Person,,,no,no,no,unknown type for this validator (no required/recommended table for 'Person')
https://www.orangejelly.co.uk/licensees-guide,ImageObject,,,no,no,no,unknown type for this validator (no required/recommended table for 'ImageObject')
https://www.orangejelly.co.uk/licensees-guide,Organization,,url; logo; sameAs; contactPoint,no,no,no,
https://www.orangejelly.co.uk/licensees-guide,ListItem,,,no,no,no,unknown type for this validator (no required/recommended table for 'ListItem')
https://www.orangejelly.co.uk/licensees-guide,BlogPosting,,dateModified,no,no,yes,
https://www.orangejelly.co.uk/licensees-guide,Person,,,no,no,no,unknown type for this validator (no required/recommended table for 'Person')
https://www.orangejelly.co.uk/licensees-guide,ImageObject,,,no,no,no,unknown type for this validator (no required/recommended table for 'ImageObject')
https://www.orangejelly.co.uk/licensees-guide,Organization,,url; logo; sameAs; contactPoint,no,no,no,
https://www.orangejelly.co.uk/licensees-guide,ListItem,,,no,no,no,unknown type for this validator (no required/recommended table for 'ListItem')
https://www.orangejelly.co.uk/licensees-guide,BlogPosting,,dateModified,no,no,yes,
https://www.orangejelly.co.uk/licensees-guide,Person,,,no,no,no,unknown type for this validator (no required/recommended table for 'Person')
https://www.orangejelly.co.uk/licensees-guide,ImageObject,,,no,no,no,unknown type for this validator (no required/recommended table for 'ImageObject')
https://www.orangejelly.co.uk/licensees-guide,Organization,,url; logo; sameAs; contactPoint,no,no,no,
https://www.orangejelly.co.uk/licensees-guide,ListItem,,,no,no,no,unknown type for this validator (no required/recommended table for 'ListItem')
https://www.orangejelly.co.uk/licensees-guide,BlogPosting,,dateModified,no,no,yes,
https://www.orangejelly.co.uk/licensees-guide,Person,,,no,no,no,unknown type for this validator (no required/recommended table for 'Person')
https://www.orangejelly.co.uk/licensees-guide,ImageObject,,,no,no,no,unknown type for this validator (no required/recommended table for 'ImageObject')
https://www.orangejelly.co.uk/licensees-guide,Organization,,url; logo; sameAs; contactPoint,no,no,no,
https://www.orangejelly.co.uk/licensees-guide,ListItem,,,no,no,no,unknown type for this validator (no required/recommended table for 'ListItem')
https://www.orangejelly.co.uk/licensees-guide,BlogPosting,,dateModified,no,no,yes,
https://www.orangejelly.co.uk/licensees-guide,Person,,,no,no,no,unknown type for this validator (no required/recommended table for 'Person')
https://www.orangejelly.co.uk/licensees-guide,ImageObject,,,no,no,no,unknown type for this validator (no required/recommended table for 'ImageObject')
https://www.orangejelly.co.uk/licensees-guide,Organization,,url; logo; sameAs; contactPoint,no,no,no,
https://www.orangejelly.co.uk/licensees-guide,ListItem,,,no,no,no,unknown type for this validator (no required/recommended table for 'ListItem')
https://www.orangejelly.co.uk/licensees-guide,BlogPosting,,dateModified,no,no,yes,
https://www.orangejelly.co.uk/licensees-guide,Person,,,no,no,no,unknown type for this validator (no required/recommended table for 'Person')
https://www.orangejelly.co.uk/licensees-guide,ImageObject,,,no,no,no,unknown type for this validator (no required/recommended table for 'ImageObject')
https://www.orangejelly.co.uk/licensees-guide,Organization,,url; logo; sameAs; contactPoint,no,no,no,
https://www.orangejelly.co.uk/licensees-guide,ListItem,,,no,no,no,unknown type for this validator (no required/recommended table for 'ListItem')
https://www.orangejelly.co.uk/licensees-guide,BlogPosting,,dateModified,no,no,yes,
https://www.orangejelly.co.uk/licensees-guide,Person,,,no,no,no,unknown type for this validator (no required/recommended table for 'Person')
https://www.orangejelly.co.uk/licensees-guide,ImageObject,,,no,no,no,unknown type for this validator (no required/recommended table for 'ImageObject')
https://www.orangejelly.co.uk/licensees-guide,Organization,,url; logo; sameAs; contactPoint,no,no,no,
https://www.orangejelly.co.uk/licensees-guide,ListItem,,,no,no,no,unknown type for this validator (no required/recommended table for 'ListItem')
https://www.orangejelly.co.uk/licensees-guide,BlogPosting,,dateModified,no,no,yes,
https://www.orangejelly.co.uk/licensees-guide,Person,,,no,no,no,unknown type for this validator (no required/recommended table for 'Person')
https://www.orangejelly.co.uk/licensees-guide,ImageObject,,,no,no,no,unknown type for this validator (no required/recommended table for 'ImageObject')
https://www.orangejelly.co.uk/licensees-guide,Organization,,url; logo; sameAs; contactPoint,no,no,no,
https://www.orangejelly.co.uk/licensees-guide,ListItem,,,no,no,no,unknown type for this validator (no required/recommended table for 'ListItem')
https://www.orangejelly.co.uk/licensees-guide,BlogPosting,,dateModified,no,no,yes,
https://www.orangejelly.co.uk/licensees-guide,Person,,,no,no,no,unknown type for this validator (no required/recommended table for 'Person')
https://www.orangejelly.co.uk/licensees-guide,ImageObject,,,no,no,no,unknown type for this validator (no required/recommended table for 'ImageObject')
https://www.orangejelly.co.uk/licensees-guide,Organization,,url; logo; sameAs; contactPoint,no,no,no,
https://www.orangejelly.co.uk/licensees-guide,ListItem,,,no,no,no,unknown type for this validator (no required/recommended table for 'ListItem')
https://www.orangejelly.co.uk/licensees-guide,BlogPosting,,dateModified,no,no,yes,
https://www.orangejelly.co.uk/licensees-guide,Person,,,no,no,no,unknown type for this validator (no required/recommended table for 'Person')
https://www.orangejelly.co.uk/licensees-guide,ImageObject,,,no,no,no,unknown type for this validator (no required/recommended table for 'ImageObject')
https://www.orangejelly.co.uk/licensees-guide,Organization,,url; logo; sameAs; contactPoint,no,no,no,
https://www.orangejelly.co.uk/licensees-guide,ListItem,,,no,no,no,unknown type for this validator (no required/recommended table for 'ListItem')
https://www.orangejelly.co.uk/licensees-guide,BlogPosting,,dateModified,no,no,yes,
https://www.orangejelly.co.uk/licensees-guide,Person,,,no,no,no,unknown type for this validator (no required/recommended table for 'Person')
https://www.orangejelly.co.uk/licensees-guide,ImageObject,,,no,no,no,unknown type for this validator (no required/recommended table for 'ImageObject')
https://www.orangejelly.co.uk/licensees-guide,Organization,,url; logo; sameAs; contactPoint,no,no,no,
https://www.orangejelly.co.uk/licensees-guide,ListItem,,,no,no,no,unknown type for this validator (no required/recommended table for 'ListItem')
https://www.orangejelly.co.uk/licensees-guide,BlogPosting,,dateModified,no,no,yes,
https://www.orangejelly.co.uk/licensees-guide,Person,,,no,no,no,unknown type for this validator (no required/recommended table for 'Person')
https://www.orangejelly.co.uk/licensees-guide,ImageObject,,,no,no,no,unknown type for this validator (no required/recommended table for 'ImageObject')
https://www.orangejelly.co.uk/licensees-guide,Organization,,url; logo; sameAs; contactPoint,no,no,no,
https://www.orangejelly.co.uk/licensees-guide,ListItem,,,no,no,no,unknown type for this validator (no required/recommended table for 'ListItem')
https://www.orangejelly.co.uk/licensees-guide,BlogPosting,,dateModified,no,no,yes,
https://www.orangejelly.co.uk/licensees-guide,Person,,,no,no,no,unknown type for this validator (no required/recommended table for 'Person')
https://www.orangejelly.co.uk/licensees-guide,ImageObject,,,no,no,no,unknown type for this validator (no required/recommended table for 'ImageObject')
https://www.orangejelly.co.uk/licensees-guide,Organization,,url; logo; sameAs; contactPoint,no,no,no,
https://www.orangejelly.co.uk/licensees-guide,ListItem,,,no,no,no,unknown type for this validator (no required/recommended table for 'ListItem')
https://www.orangejelly.co.uk/licensees-guide,BlogPosting,,dateModified,no,no,yes,
https://www.orangejelly.co.uk/licensees-guide,Person,,,no,no,no,unknown type for this validator (no required/recommended table for 'Person')
https://www.orangejelly.co.uk/licensees-guide,ImageObject,,,no,no,no,unknown type for this validator (no required/recommended table for 'ImageObject')
https://www.orangejelly.co.uk/licensees-guide,Organization,,url; logo; sameAs; contactPoint,no,no,no,
https://www.orangejelly.co.uk/licensees-guide,ListItem,,,no,no,no,unknown type for this validator (no required/recommended table for 'ListItem')
https://www.orangejelly.co.uk/licensees-guide,BlogPosting,,dateModified,no,no,yes,
https://www.orangejelly.co.uk/licensees-guide,Person,,,no,no,no,unknown type for this validator (no required/recommended table for 'Person')
https://www.orangejelly.co.uk/licensees-guide,ImageObject,,,no,no,no,unknown type for this validator (no required/recommended table for 'ImageObject')
https://www.orangejelly.co.uk/licensees-guide,Organization,,url; logo; sameAs; contactPoint,no,no,no,
https://www.orangejelly.co.uk/licensees-guide,ListItem,,,no,no,no,unknown type for this validator (no required/recommended table for 'ListItem')
https://www.orangejelly.co.uk/licensees-guide,BlogPosting,,dateModified,no,no,yes,
https://www.orangejelly.co.uk/licensees-guide,Person,,,no,no,no,unknown type for this validator (no required/recommended table for 'Person')
https://www.orangejelly.co.uk/licensees-guide,ImageObject,,,no,no,no,unknown type for this validator (no required/recommended table for 'ImageObject')
https://www.orangejelly.co.uk/licensees-guide,Organization,,url; logo; sameAs; contactPoint,no,no,no,
https://www.orangejelly.co.uk/licensees-guide,ListItem,,,no,no,no,unknown type for this validator (no required/recommended table for 'ListItem')
https://www.orangejelly.co.uk/licensees-guide,BlogPosting,,dateModified,no,no,yes,
https://www.orangejelly.co.uk/licensees-guide,Person,,,no,no,no,unknown type for this validator (no required/recommended table for 'Person')
https://www.orangejelly.co.uk/licensees-guide,ImageObject,,,no,no,no,unknown type for this validator (no required/recommended table for 'ImageObject')
https://www.orangejelly.co.uk/licensees-guide,Organization,,url; logo; sameAs; contactPoint,no,no,no,
https://www.orangejelly.co.uk/licensees-guide,ListItem,,,no,no,no,unknown type for this validator (no required/recommended table for 'ListItem')
https://www.orangejelly.co.uk/licensees-guide,BlogPosting,,dateModified,no,no,yes,
https://www.orangejelly.co.uk/licensees-guide,Person,,,no,no,no,unknown type for this validator (no required/recommended table for 'Person')
https://www.orangejelly.co.uk/licensees-guide,ImageObject,,,no,no,no,unknown type for this validator (no required/recommended table for 'ImageObject')
https://www.orangejelly.co.uk/licensees-guide,Organization,,url; logo; sameAs; contactPoint,no,no,no,
https://www.orangejelly.co.uk/licensees-guide,ListItem,,,no,no,no,unknown type for this validator (no required/recommended table for 'ListItem')
https://www.orangejelly.co.uk/licensees-guide,BlogPosting,,dateModified,no,no,yes,
https://www.orangejelly.co.uk/licensees-guide,Person,,,no,no,no,unknown type for this validator (no required/recommended table for 'Person')
https://www.orangejelly.co.uk/licensees-guide,ImageObject,,,no,no,no,unknown type for this validator (no required/recommended table for 'ImageObject')
https://www.orangejelly.co.uk/licensees-guide,Organization,,url; logo; sameAs; contactPoint,no,no,no,
https://www.orangejelly.co.uk/licensees-guide,ListItem,,,no,no,no,unknown type for this validator (no required/recommended table for 'ListItem')
https://www.orangejelly.co.uk/licensees-guide,BlogPosting,,dateModified,no,no,yes,
https://www.orangejelly.co.uk/licensees-guide,Person,,,no,no,no,unknown type for this validator (no required/recommended table for 'Person')
https://www.orangejelly.co.uk/licensees-guide,ImageObject,,,no,no,no,unknown type for this validator (no required/recommended table for 'ImageObject')
https://www.orangejelly.co.uk/licensees-guide,Organization,,url; logo; sameAs; contactPoint,no,no,no,
https://www.orangejelly.co.uk/licensees-guide,ListItem,,,no,no,no,unknown type for this validator (no required/recommended table for 'ListItem')
https://www.orangejelly.co.uk/licensees-guide,BlogPosting,,dateModified,no,no,yes,
https://www.orangejelly.co.uk/licensees-guide,Person,,,no,no,no,unknown type for this validator (no required/recommended table for 'Person')
https://www.orangejelly.co.uk/licensees-guide,ImageObject,,,no,no,no,unknown type for this validator (no required/recommended table for 'ImageObject')
https://www.orangejelly.co.uk/licensees-guide,Organization,,url; logo; sameAs; contactPoint,no,no,no,
https://www.orangejelly.co.uk/licensees-guide,ListItem,,,no,no,no,unknown type for this validator (no required/recommended table for 'ListItem')
https://www.orangejelly.co.uk/licensees-guide,BlogPosting,,dateModified,no,no,yes,
https://www.orangejelly.co.uk/licensees-guide,Person,,,no,no,no,unknown type for this validator (no required/recommended table for 'Person')
https://www.orangejelly.co.uk/licensees-guide,ImageObject,,,no,no,no,unknown type for this validator (no required/recommended table for 'ImageObject')
https://www.orangejelly.co.uk/licensees-guide,Organization,,url; logo; sameAs; contactPoint,no,no,no,
https://www.orangejelly.co.uk/licensees-guide,ListItem,,,no,no,no,unknown type for this validator (no required/recommended table for 'ListItem')
https://www.orangejelly.co.uk/licensees-guide,BlogPosting,,dateModified,no,no,yes,
https://www.orangejelly.co.uk/licensees-guide,Person,,,no,no,no,unknown type for this validator (no required/recommended table for 'Person')
https://www.orangejelly.co.uk/licensees-guide,ImageObject,,,no,no,no,unknown type for this validator (no required/recommended table for 'ImageObject')
https://www.orangejelly.co.uk/licensees-guide,Organization,,url; logo; sameAs; contactPoint,no,no,no,
https://www.orangejelly.co.uk/licensees-guide,ListItem,,,no,no,no,unknown type for this validator (no required/recommended table for 'ListItem')
https://www.orangejelly.co.uk/licensees-guide,BlogPosting,,dateModified,no,no,yes,
https://www.orangejelly.co.uk/licensees-guide,Person,,,no,no,no,unknown type for this validator (no required/recommended table for 'Person')
https://www.orangejelly.co.uk/licensees-guide,ImageObject,,,no,no,no,unknown type for this validator (no required/recommended table for 'ImageObject')
https://www.orangejelly.co.uk/licensees-guide,Organization,,url; logo; sameAs; contactPoint,no,no,no,
https://www.orangejelly.co.uk/licensees-guide,ListItem,,,no,no,no,unknown type for this validator (no required/recommended table for 'ListItem')
https://www.orangejelly.co.uk/licensees-guide,BlogPosting,,dateModified,no,no,yes,
https://www.orangejelly.co.uk/licensees-guide,Person,,,no,no,no,unknown type for this validator (no required/recommended table for 'Person')
https://www.orangejelly.co.uk/licensees-guide,ImageObject,,,no,no,no,unknown type for this validator (no required/recommended table for 'ImageObject')
https://www.orangejelly.co.uk/licensees-guide,Organization,,url; logo; sameAs; contactPoint,no,no,no,
https://www.orangejelly.co.uk/licensees-guide,ListItem,,,no,no,no,unknown type for this validator (no required/recommended table for 'ListItem')
https://www.orangejelly.co.uk/licensees-guide,BlogPosting,,dateModified,no,no,yes,
https://www.orangejelly.co.uk/licensees-guide,Person,,,no,no,no,unknown type for this validator (no required/recommended table for 'Person')
https://www.orangejelly.co.uk/licensees-guide,ImageObject,,,no,no,no,unknown type for this validator (no required/recommended table for 'ImageObject')
https://www.orangejelly.co.uk/licensees-guide,Organization,,url; logo; sameAs; contactPoint,no,no,no,
https://www.orangejelly.co.uk/licensees-guide,ListItem,,,no,no,no,unknown type for this validator (no required/recommended table for 'ListItem')
https://www.orangejelly.co.uk/licensees-guide,BlogPosting,,dateModified,no,no,yes,
https://www.orangejelly.co.uk/licensees-guide,Person,,,no,no,no,unknown type for this validator (no required/recommended table for 'Person')
https://www.orangejelly.co.uk/licensees-guide,ImageObject,,,no,no,no,unknown type for this validator (no required/recommended table for 'ImageObject')
https://www.orangejelly.co.uk/licensees-guide,Organization,,url; logo; sameAs; contactPoint,no,no,no,
https://www.orangejelly.co.uk/licensees-guide,ListItem,,,no,no,no,unknown type for this validator (no required/recommended table for 'ListItem')
https://www.orangejelly.co.uk/licensees-guide,BlogPosting,,dateModified,no,no,yes,
https://www.orangejelly.co.uk/licensees-guide,Person,,,no,no,no,unknown type for this validator (no required/recommended table for 'Person')
https://www.orangejelly.co.uk/licensees-guide,ImageObject,,,no,no,no,unknown type for this validator (no required/recommended table for 'ImageObject')
https://www.orangejelly.co.uk/licensees-guide,Organization,,url; logo; sameAs; contactPoint,no,no,no,
https://www.orangejelly.co.uk/licensees-guide,ListItem,,,no,no,no,unknown type for this validator (no required/recommended table for 'ListItem')
https://www.orangejelly.co.uk/licensees-guide,BlogPosting,,dateModified,no,no,yes,
https://www.orangejelly.co.uk/licensees-guide,Person,,,no,no,no,unknown type for this validator (no required/recommended table for 'Person')
https://www.orangejelly.co.uk/licensees-guide,ImageObject,,,no,no,no,unknown type for this validator (no required/recommended table for 'ImageObject')
https://www.orangejelly.co.uk/licensees-guide,Organization,,url; logo; sameAs; contactPoint,no,no,no,
https://www.orangejelly.co.uk/licensees-guide,ListItem,,,no,no,no,unknown type for this validator (no required/recommended table for 'ListItem')
https://www.orangejelly.co.uk/licensees-guide,BlogPosting,,dateModified,no,no,yes,
https://www.orangejelly.co.uk/licensees-guide,Person,,,no,no,no,unknown type for this validator (no required/recommended table for 'Person')
https://www.orangejelly.co.uk/licensees-guide,ImageObject,,,no,no,no,unknown type for this validator (no required/recommended table for 'ImageObject')
https://www.orangejelly.co.uk/licensees-guide,Organization,,url; logo; sameAs; contactPoint,no,no,no,
https://www.orangejelly.co.uk/licensees-guide,ListItem,,,no,no,no,unknown type for this validator (no required/recommended table for 'ListItem')
https://www.orangejelly.co.uk/licensees-guide,BlogPosting,,dateModified,no,no,yes,
https://www.orangejelly.co.uk/licensees-guide,Person,,,no,no,no,unknown type for this validator (no required/recommended table for 'Person')
https://www.orangejelly.co.uk/licensees-guide,ImageObject,,,no,no,no,unknown type for this validator (no required/recommended table for 'ImageObject')
https://www.orangejelly.co.uk/licensees-guide,Organization,,url; logo; sameAs; contactPoint,no,no,no,
https://www.orangejelly.co.uk/licensees-guide,ListItem,,,no,no,no,unknown type for this validator (no required/recommended table for 'ListItem')
https://www.orangejelly.co.uk/licensees-guide,BlogPosting,,dateModified,no,no,yes,
https://www.orangejelly.co.uk/licensees-guide,Person,,,no,no,no,unknown type for this validator (no required/recommended table for 'Person')
https://www.orangejelly.co.uk/licensees-guide,ImageObject,,,no,no,no,unknown type for this validator (no required/recommended table for 'ImageObject')
https://www.orangejelly.co.uk/licensees-guide,Organization,,url; logo; sameAs; contactPoint,no,no,no,
https://www.orangejelly.co.uk/licensees-guide,ListItem,,,no,no,no,unknown type for this validator (no required/recommended table for 'ListItem')
https://www.orangejelly.co.uk/licensees-guide,BlogPosting,,dateModified,no,no,yes,
https://www.orangejelly.co.uk/licensees-guide,Person,,,no,no,no,unknown type for this validator (no required/recommended table for 'Person')
https://www.orangejelly.co.uk/licensees-guide,ImageObject,,,no,no,no,unknown type for this validator (no required/recommended table for 'ImageObject')
https://www.orangejelly.co.uk/licensees-guide,Organization,,url; logo; sameAs; contactPoint,no,no,no,
https://www.orangejelly.co.uk/licensees-guide,ListItem,,,no,no,no,unknown type for this validator (no required/recommended table for 'ListItem')
https://www.orangejelly.co.uk/licensees-guide,BlogPosting,,dateModified,no,no,yes,
https://www.orangejelly.co.uk/licensees-guide,Person,,,no,no,no,unknown type for this validator (no required/recommended table for 'Person')
https://www.orangejelly.co.uk/licensees-guide,ImageObject,,,no,no,no,unknown type for this validator (no required/recommended table for 'ImageObject')
https://www.orangejelly.co.uk/licensees-guide,Organization,,url; logo; sameAs; contactPoint,no,no,no,
https://www.orangejelly.co.uk/licensees-guide,ListItem,,,no,no,no,unknown type for this validator (no required/recommended table for 'ListItem')
https://www.orangejelly.co.uk/licensees-guide,BlogPosting,,dateModified,no,no,yes,
https://www.orangejelly.co.uk/licensees-guide,Person,,,no,no,no,unknown type for this validator (no required/recommended table for 'Person')
https://www.orangejelly.co.uk/licensees-guide,ImageObject,,,no,no,no,unknown type for this validator (no required/recommended table for 'ImageObject')
https://www.orangejelly.co.uk/licensees-guide,Organization,,url; logo; sameAs; contactPoint,no,no,no,
https://www.orangejelly.co.uk/licensees-guide,ListItem,,,no,no,no,unknown type for this validator (no required/recommended table for 'ListItem')
https://www.orangejelly.co.uk/licensees-guide,BlogPosting,,dateModified,no,no,yes,
https://www.orangejelly.co.uk/licensees-guide,Person,,,no,no,no,unknown type for this validator (no required/recommended table for 'Person')
https://www.orangejelly.co.uk/licensees-guide,ImageObject,,,no,no,no,unknown type for this validator (no required/recommended table for 'ImageObject')
https://www.orangejelly.co.uk/licensees-guide,Organization,,url; logo; sameAs; contactPoint,no,no,no,
https://www.orangejelly.co.uk/licensees-guide,ListItem,,,no,no,no,unknown type for this validator (no required/recommended table for 'ListItem')
https://www.orangejelly.co.uk/licensees-guide,BlogPosting,,dateModified,no,no,yes,
https://www.orangejelly.co.uk/licensees-guide,Person,,,no,no,no,unknown type for this validator (no required/recommended table for 'Person')
https://www.orangejelly.co.uk/licensees-guide,ImageObject,,,no,no,no,unknown type for this validator (no required/recommended table for 'ImageObject')
https://www.orangejelly.co.uk/licensees-guide,Organization,,url; logo; sameAs; contactPoint,no,no,no,
https://www.orangejelly.co.uk/licensees-guide,ListItem,,,no,no,no,unknown type for this validator (no required/recommended table for 'ListItem')
https://www.orangejelly.co.uk/licensees-guide,BlogPosting,,dateModified,no,no,yes,
https://www.orangejelly.co.uk/licensees-guide,Person,,,no,no,no,unknown type for this validator (no required/recommended table for 'Person')
https://www.orangejelly.co.uk/licensees-guide,ImageObject,,,no,no,no,unknown type for this validator (no required/recommended table for 'ImageObject')
https://www.orangejelly.co.uk/licensees-guide,Organization,,url; logo; sameAs; contactPoint,no,no,no,
https://www.orangejelly.co.uk/licensees-guide,ListItem,,,no,no,no,unknown type for this validator (no required/recommended table for 'ListItem')
https://www.orangejelly.co.uk/licensees-guide,BlogPosting,,dateModified,no,no,yes,
https://www.orangejelly.co.uk/licensees-guide,Person,,,no,no,no,unknown type for this validator (no required/recommended table for 'Person')
https://www.orangejelly.co.uk/licensees-guide,ImageObject,,,no,no,no,unknown type for this validator (no required/recommended table for 'ImageObject')
https://www.orangejelly.co.uk/licensees-guide,Organization,,url; logo; sameAs; contactPoint,no,no,no,
https://www.orangejelly.co.uk/licensees-guide,ListItem,,,no,no,no,unknown type for this validator (no required/recommended table for 'ListItem')
https://www.orangejelly.co.uk/licensees-guide,BlogPosting,,dateModified,no,no,yes,
https://www.orangejelly.co.uk/licensees-guide,Person,,,no,no,no,unknown type for this validator (no required/recommended table for 'Person')
https://www.orangejelly.co.uk/licensees-guide,ImageObject,,,no,no,no,unknown type for this validator (no required/recommended table for 'ImageObject')
https://www.orangejelly.co.uk/licensees-guide,Organization,,url; logo; sameAs; contactPoint,no,no,no,
https://www.orangejelly.co.uk/licensees-guide,ListItem,,,no,no,no,unknown type for this validator (no required/recommended table for 'ListItem')
https://www.orangejelly.co.uk/licensees-guide,BlogPosting,,dateModified,no,no,yes,
https://www.orangejelly.co.uk/licensees-guide,Person,,,no,no,no,unknown type for this validator (no required/recommended table for 'Person')
https://www.orangejelly.co.uk/licensees-guide,ImageObject,,,no,no,no,unknown type for this validator (no required/recommended table for 'ImageObject')
https://www.orangejelly.co.uk/licensees-guide,Organization,,url; logo; sameAs; contactPoint,no,no,no,
https://www.orangejelly.co.uk/licensees-guide,ListItem,,,no,no,no,unknown type for this validator (no required/recommended table for 'ListItem')
https://www.orangejelly.co.uk/licensees-guide,BlogPosting,,dateModified,no,no,yes,
https://www.orangejelly.co.uk/licensees-guide,Person,,,no,no,no,unknown type for this validator (no required/recommended table for 'Person')
https://www.orangejelly.co.uk/licensees-guide,ImageObject,,,no,no,no,unknown type for this validator (no required/recommended table for 'ImageObject')
https://www.orangejelly.co.uk/licensees-guide,Organization,,url; logo; sameAs; contactPoint,no,no,no,
https://www.orangejelly.co.uk/licensees-guide,ListItem,,,no,no,no,unknown type for this validator (no required/recommended table for 'ListItem')
https://www.orangejelly.co.uk/licensees-guide,BlogPosting,,dateModified,no,no,yes,
https://www.orangejelly.co.uk/licensees-guide,Person,,,no,no,no,unknown type for this validator (no required/recommended table for 'Person')
https://www.orangejelly.co.uk/licensees-guide,ImageObject,,,no,no,no,unknown type for this validator (no required/recommended table for 'ImageObject')
https://www.orangejelly.co.uk/licensees-guide,Organization,,url; logo; sameAs; contactPoint,no,no,no,
https://www.orangejelly.co.uk/licensees-guide,ListItem,,,no,no,no,unknown type for this validator (no required/recommended table for 'ListItem')
https://www.orangejelly.co.uk/licensees-guide,BlogPosting,,dateModified,no,no,yes,
https://www.orangejelly.co.uk/licensees-guide,Person,,,no,no,no,unknown type for this validator (no required/recommended table for 'Person')
https://www.orangejelly.co.uk/licensees-guide,ImageObject,,,no,no,no,unknown type for this validator (no required/recommended table for 'ImageObject')
https://www.orangejelly.co.uk/licensees-guide,Organization,,url; logo; sameAs; contactPoint,no,no,no,
https://www.orangejelly.co.uk/licensees-guide,ListItem,,,no,no,no,unknown type for this validator (no required/recommended table for 'ListItem')
https://www.orangejelly.co.uk/licensees-guide,BlogPosting,,dateModified,no,no,yes,
https://www.orangejelly.co.uk/licensees-guide,Person,,,no,no,no,unknown type for this validator (no required/recommended table for 'Person')
https://www.orangejelly.co.uk/licensees-guide,ImageObject,,,no,no,no,unknown type for this validator (no required/recommended table for 'ImageObject')
https://www.orangejelly.co.uk/licensees-guide,Organization,,url; logo; sameAs; contactPoint,no,no,no,
https://www.orangejelly.co.uk/licensees-guide,ListItem,,,no,no,no,unknown type for this validator (no required/recommended table for 'ListItem')
https://www.orangejelly.co.uk/licensees-guide,BlogPosting,,dateModified,no,no,yes,
https://www.orangejelly.co.uk/licensees-guide,Person,,,no,no,no,unknown type for this validator (no required/recommended table for 'Person')
https://www.orangejelly.co.uk/licensees-guide,ImageObject,,,no,no,no,unknown type for this validator (no required/recommended table for 'ImageObject')
https://www.orangejelly.co.uk/licensees-guide,Organization,,url; logo; sameAs; contactPoint,no,no,no,
https://www.orangejelly.co.uk/licensees-guide,ListItem,,,no,no,no,unknown type for this validator (no required/recommended table for 'ListItem')
https://www.orangejelly.co.uk/licensees-guide,BlogPosting,,dateModified,no,no,yes,
https://www.orangejelly.co.uk/licensees-guide,Person,,,no,no,no,unknown type for this validator (no required/recommended table for 'Person')
https://www.orangejelly.co.uk/licensees-guide,ImageObject,,,no,no,no,unknown type for this validator (no required/recommended table for 'ImageObject')
https://www.orangejelly.co.uk/licensees-guide,Organization,,url; logo; sameAs; contactPoint,no,no,no,
https://www.orangejelly.co.uk/licensees-guide,ListItem,,,no,no,no,unknown type for this validator (no required/recommended table for 'ListItem')
https://www.orangejelly.co.uk/licensees-guide,BlogPosting,,dateModified,no,no,yes,
https://www.orangejelly.co.uk/licensees-guide,Person,,,no,no,no,unknown type for this validator (no required/recommended table for 'Person')
https://www.orangejelly.co.uk/licensees-guide,ImageObject,,,no,no,no,unknown type for this validator (no required/recommended table for 'ImageObject')
https://www.orangejelly.co.uk/licensees-guide,Organization,,url; logo; sameAs; contactPoint,no,no,no,
https://www.orangejelly.co.uk/licensees-guide,ListItem,,,no,no,no,unknown type for this validator (no required/recommended table for 'ListItem')
https://www.orangejelly.co.uk/licensees-guide,BlogPosting,,dateModified,no,no,yes,
https://www.orangejelly.co.uk/licensees-guide,Person,,,no,no,no,unknown type for this validator (no required/recommended table for 'Person')
https://www.orangejelly.co.uk/licensees-guide,ImageObject,,,no,no,no,unknown type for this validator (no required/recommended table for 'ImageObject')
https://www.orangejelly.co.uk/licensees-guide,Organization,,url; logo; sameAs; contactPoint,no,no,no,
https://www.orangejelly.co.uk/licensees-guide,ListItem,,,no,no,no,unknown type for this validator (no required/recommended table for 'ListItem')
https://www.orangejelly.co.uk/licensees-guide,BlogPosting,,dateModified,no,no,yes,
https://www.orangejelly.co.uk/licensees-guide,Person,,,no,no,no,unknown type for this validator (no required/recommended table for 'Person')
https://www.orangejelly.co.uk/licensees-guide,ImageObject,,,no,no,no,unknown type for this validator (no required/recommended table for 'ImageObject')
https://www.orangejelly.co.uk/licensees-guide,Organization,,url; logo; sameAs; contactPoint,no,no,no,
https://www.orangejelly.co.uk/licensees-guide,ListItem,,,no,no,no,unknown type for this validator (no required/recommended table for 'ListItem')
https://www.orangejelly.co.uk/licensees-guide,BlogPosting,,dateModified,no,no,yes,
https://www.orangejelly.co.uk/licensees-guide,Person,,,no,no,no,unknown type for this validator (no required/recommended table for 'Person')
https://www.orangejelly.co.uk/licensees-guide,ImageObject,,,no,no,no,unknown type for this validator (no required/recommended table for 'ImageObject')
https://www.orangejelly.co.uk/licensees-guide,Organization,,url; logo; sameAs; contactPoint,no,no,no,
https://www.orangejelly.co.uk/licensees-guide,ListItem,,,no,no,no,unknown type for this validator (no required/recommended table for 'ListItem')
https://www.orangejelly.co.uk/licensees-guide,BlogPosting,,dateModified,no,no,yes,
https://www.orangejelly.co.uk/licensees-guide,Person,,,no,no,no,unknown type for this validator (no required/recommended table for 'Person')
https://www.orangejelly.co.uk/licensees-guide,ImageObject,,,no,no,no,unknown type for this validator (no required/recommended table for 'ImageObject')
https://www.orangejelly.co.uk/licensees-guide,Organization,,url; logo; sameAs; contactPoint,no,no,no,
https://www.orangejelly.co.uk/licensees-guide,ListItem,,,no,no,no,unknown type for this validator (no required/recommended table for 'ListItem')
https://www.orangejelly.co.uk/licensees-guide,BlogPosting,,dateModified,no,no,yes,
https://www.orangejelly.co.uk/licensees-guide,Person,,,no,no,no,unknown type for this validator (no required/recommended table for 'Person')
https://www.orangejelly.co.uk/licensees-guide,ImageObject,,,no,no,no,unknown type for this validator (no required/recommended table for 'ImageObject')
https://www.orangejelly.co.uk/licensees-guide,Organization,,url; logo; sameAs; contactPoint,no,no,no,
https://www.orangejelly.co.uk/licensees-guide,ListItem,,,no,no,no,unknown type for this validator (no required/recommended table for 'ListItem')
https://www.orangejelly.co.uk/licensees-guide,BlogPosting,,dateModified,no,no,yes,
https://www.orangejelly.co.uk/licensees-guide,Person,,,no,no,no,unknown type for this validator (no required/recommended table for 'Person')
https://www.orangejelly.co.uk/licensees-guide,ImageObject,,,no,no,no,unknown type for this validator (no required/recommended table for 'ImageObject')
https://www.orangejelly.co.uk/licensees-guide,Organization,,url; logo; sameAs; contactPoint,no,no,no,
https://www.orangejelly.co.uk/licensees-guide,ListItem,,,no,no,no,unknown type for this validator (no required/recommended table for 'ListItem')
https://www.orangejelly.co.uk/licensees-guide,BlogPosting,,dateModified,no,no,yes,
https://www.orangejelly.co.uk/licensees-guide,Person,,,no,no,no,unknown type for this validator (no required/recommended table for 'Person')
https://www.orangejelly.co.uk/licensees-guide,ImageObject,,,no,no,no,unknown type for this validator (no required/recommended table for 'ImageObject')
https://www.orangejelly.co.uk/licensees-guide,Organization,,url; logo; sameAs; contactPoint,no,no,no,
https://www.orangejelly.co.uk/licensees-guide,ListItem,,,no,no,no,unknown type for this validator (no required/recommended table for 'ListItem')
https://www.orangejelly.co.uk/licensees-guide,BlogPosting,,dateModified,no,no,yes,
https://www.orangejelly.co.uk/licensees-guide,Person,,,no,no,no,unknown type for this validator (no required/recommended table for 'Person')
https://www.orangejelly.co.uk/licensees-guide,ImageObject,,,no,no,no,unknown type for this validator (no required/recommended table for 'ImageObject')
https://www.orangejelly.co.uk/licensees-guide,Organization,,url; logo; sameAs; contactPoint,no,no,no,
https://www.orangejelly.co.uk/licensees-guide,ListItem,,,no,no,no,unknown type for this validator (no required/recommended table for 'ListItem')
https://www.orangejelly.co.uk/licensees-guide,BlogPosting,,dateModified,no,no,yes,
https://www.orangejelly.co.uk/licensees-guide,Person,,,no,no,no,unknown type for this validator (no required/recommended table for 'Person')
https://www.orangejelly.co.uk/licensees-guide,ImageObject,,,no,no,no,unknown type for this validator (no required/recommended table for 'ImageObject')
https://www.orangejelly.co.uk/licensees-guide,Organization,,url; logo; sameAs; contactPoint,no,no,no,
https://www.orangejelly.co.uk/licensees-guide,ListItem,,,no,no,no,unknown type for this validator (no required/recommended table for 'ListItem')
https://www.orangejelly.co.uk/licensees-guide,BlogPosting,,dateModified,no,no,yes,
https://www.orangejelly.co.uk/licensees-guide,Person,,,no,no,no,unknown type for this validator (no required/recommended table for 'Person')
https://www.orangejelly.co.uk/licensees-guide,ImageObject,,,no,no,no,unknown type for this validator (no required/recommended table for 'ImageObject')
https://www.orangejelly.co.uk/licensees-guide,Organization,,url; logo; sameAs; contactPoint,no,no,no,
https://www.orangejelly.co.uk/licensees-guide,ListItem,,,no,no,no,unknown type for this validator (no required/recommended table for 'ListItem')
https://www.orangejelly.co.uk/licensees-guide,BlogPosting,,dateModified,no,no,yes,
https://www.orangejelly.co.uk/licensees-guide,Person,,,no,no,no,unknown type for this validator (no required/recommended table for 'Person')
https://www.orangejelly.co.uk/licensees-guide,ImageObject,,,no,no,no,unknown type for this validator (no required/recommended table for 'ImageObject')
https://www.orangejelly.co.uk/licensees-guide,Organization,,url; logo; sameAs; contactPoint,no,no,no,
https://www.orangejelly.co.uk/licensees-guide,ListItem,,,no,no,no,unknown type for this validator (no required/recommended table for 'ListItem')
https://www.orangejelly.co.uk/licensees-guide,BlogPosting,,dateModified,no,no,yes,
https://www.orangejelly.co.uk/licensees-guide,Person,,,no,no,no,unknown type for this validator (no required/recommended table for 'Person')
https://www.orangejelly.co.uk/licensees-guide,ImageObject,,,no,no,no,unknown type for this validator (no required/recommended table for 'ImageObject')
https://www.orangejelly.co.uk/licensees-guide,Organization,,url; logo; sameAs; contactPoint,no,no,no,
https://www.orangejelly.co.uk/licensees-guide,ListItem,,,no,no,no,unknown type for this validator (no required/recommended table for 'ListItem')
https://www.orangejelly.co.uk/licensees-guide,BlogPosting,,dateModified,no,no,yes,
https://www.orangejelly.co.uk/licensees-guide,Person,,,no,no,no,unknown type for this validator (no required/recommended table for 'Person')
https://www.orangejelly.co.uk/licensees-guide,ImageObject,,,no,no,no,unknown type for this validator (no required/recommended table for 'ImageObject')
https://www.orangejelly.co.uk/licensees-guide,Organization,,url; logo; sameAs; contactPoint,no,no,no,
https://www.orangejelly.co.uk/licensees-guide,ListItem,,,no,no,no,unknown type for this validator (no required/recommended table for 'ListItem')
https://www.orangejelly.co.uk/licensees-guide,BlogPosting,,dateModified,no,no,yes,
https://www.orangejelly.co.uk/licensees-guide,Person,,,no,no,no,unknown type for this validator (no required/recommended table for 'Person')
https://www.orangejelly.co.uk/licensees-guide,ImageObject,,,no,no,no,unknown type for this validator (no required/recommended table for 'ImageObject')
https://www.orangejelly.co.uk/licensees-guide,Organization,,url; logo; sameAs; contactPoint,no,no,no,
https://www.orangejelly.co.uk/licensees-guide,ListItem,,,no,no,no,unknown type for this validator (no required/recommended table for 'ListItem')
https://www.orangejelly.co.uk/licensees-guide,BlogPosting,,dateModified,no,no,yes,
https://www.orangejelly.co.uk/licensees-guide,Person,,,no,no,no,unknown type for this validator (no required/recommended table for 'Person')
https://www.orangejelly.co.uk/licensees-guide,ImageObject,,,no,no,no,unknown type for this validator (no required/recommended table for 'ImageObject')
https://www.orangejelly.co.uk/licensees-guide,Organization,,url; logo; sameAs; contactPoint,no,no,no,
https://www.orangejelly.co.uk/licensees-guide,ListItem,,,no,no,no,unknown type for this validator (no required/recommended table for 'ListItem')
https://www.orangejelly.co.uk/licensees-guide,BlogPosting,,dateModified,no,no,yes,
https://www.orangejelly.co.uk/licensees-guide,Person,,,no,no,no,unknown type for this validator (no required/recommended table for 'Person')
https://www.orangejelly.co.uk/licensees-guide,ImageObject,,,no,no,no,unknown type for this validator (no required/recommended table for 'ImageObject')
https://www.orangejelly.co.uk/licensees-guide,Organization,,url; logo; sameAs; contactPoint,no,no,no,
https://www.orangejelly.co.uk/licensees-guide,ListItem,,,no,no,no,unknown type for this validator (no required/recommended table for 'ListItem')
https://www.orangejelly.co.uk/licensees-guide,BlogPosting,,dateModified,no,no,yes,
https://www.orangejelly.co.uk/licensees-guide,Person,,,no,no,no,unknown type for this validator (no required/recommended table for 'Person')
https://www.orangejelly.co.uk/licensees-guide,ImageObject,,,no,no,no,unknown type for this validator (no required/recommended table for 'ImageObject')
https://www.orangejelly.co.uk/licensees-guide,Organization,,url; logo; sameAs; contactPoint,no,no,no,
https://www.orangejelly.co.uk/licensees-guide,ListItem,,,no,no,no,unknown type for this validator (no required/recommended table for 'ListItem')
https://www.orangejelly.co.uk/licensees-guide,BlogPosting,,dateModified,no,no,yes,
https://www.orangejelly.co.uk/licensees-guide,Person,,,no,no,no,unknown type for this validator (no required/recommended table for 'Person')
https://www.orangejelly.co.uk/licensees-guide,ImageObject,,,no,no,no,unknown type for this validator (no required/recommended table for 'ImageObject')
https://www.orangejelly.co.uk/licensees-guide,Organization,,url; logo; sameAs; contactPoint,no,no,no,
https://www.orangejelly.co.uk/licensees-guide,ListItem,,,no,no,no,unknown type for this validator (no required/recommended table for 'ListItem')
https://www.orangejelly.co.uk/licensees-guide,BlogPosting,,dateModified,no,no,yes,
https://www.orangejelly.co.uk/licensees-guide,Person,,,no,no,no,unknown type for this validator (no required/recommended table for 'Person')
https://www.orangejelly.co.uk/licensees-guide,ImageObject,,,no,no,no,unknown type for this validator (no required/recommended table for 'ImageObject')
https://www.orangejelly.co.uk/licensees-guide,Organization,,url; logo; sameAs; contactPoint,no,no,no,
https://www.orangejelly.co.uk/licensees-guide,ListItem,,,no,no,no,unknown type for this validator (no required/recommended table for 'ListItem')
https://www.orangejelly.co.uk/licensees-guide,BlogPosting,,dateModified,no,no,yes,
https://www.orangejelly.co.uk/licensees-guide,Person,,,no,no,no,unknown type for this validator (no required/recommended table for 'Person')
https://www.orangejelly.co.uk/licensees-guide,ImageObject,,,no,no,no,unknown type for this validator (no required/recommended table for 'ImageObject')
https://www.orangejelly.co.uk/licensees-guide,Organization,,url; logo; sameAs; contactPoint,no,no,no,
https://www.orangejelly.co.uk/licensees-guide,ListItem,,,no,no,no,unknown type for this validator (no required/recommended table for 'ListItem')
https://www.orangejelly.co.uk/licensees-guide,BlogPosting,,dateModified,no,no,yes,
https://www.orangejelly.co.uk/licensees-guide,Person,,,no,no,no,unknown type for this validator (no required/recommended table for 'Person')
https://www.orangejelly.co.uk/licensees-guide,ImageObject,,,no,no,no,unknown type for this validator (no required/recommended table for 'ImageObject')
https://www.orangejelly.co.uk/licensees-guide,Organization,,url; logo; sameAs; contactPoint,no,no,no,
https://www.orangejelly.co.uk/licensees-guide,ListItem,,,no,no,no,unknown type for this validator (no required/recommended table for 'ListItem')
https://www.orangejelly.co.uk/licensees-guide,BlogPosting,,dateModified,no,no,yes,
https://www.orangejelly.co.uk/licensees-guide,Person,,,no,no,no,unknown type for this validator (no required/recommended table for 'Person')
https://www.orangejelly.co.uk/licensees-guide,ImageObject,,,no,no,no,unknown type for this validator (no required/recommended table for 'ImageObject')
https://www.orangejelly.co.uk/licensees-guide,Organization,,url; logo; sameAs; contactPoint,no,no,no,
https://www.orangejelly.co.uk/licensees-guide,ListItem,,,no,no,no,unknown type for this validator (no required/recommended table for 'ListItem')
https://www.orangejelly.co.uk/licensees-guide,BlogPosting,,dateModified,no,no,yes,
https://www.orangejelly.co.uk/licensees-guide,Person,,,no,no,no,unknown type for this validator (no required/recommended table for 'Person')
https://www.orangejelly.co.uk/licensees-guide,ImageObject,,,no,no,no,unknown type for this validator (no required/recommended table for 'ImageObject')
https://www.orangejelly.co.uk/licensees-guide,Organization,,url; logo; sameAs; contactPoint,no,no,no,
https://www.orangejelly.co.uk/licensees-guide,ListItem,,,no,no,no,unknown type for this validator (no required/recommended table for 'ListItem')
https://www.orangejelly.co.uk/licensees-guide,BlogPosting,,dateModified,no,no,yes,
https://www.orangejelly.co.uk/licensees-guide,Person,,,no,no,no,unknown type for this validator (no required/recommended table for 'Person')
https://www.orangejelly.co.uk/licensees-guide,ImageObject,,,no,no,no,unknown type for this validator (no required/recommended table for 'ImageObject')
https://www.orangejelly.co.uk/licensees-guide,Organization,,url; logo; sameAs; contactPoint,no,no,no,
https://www.orangejelly.co.uk/licensees-guide,ListItem,,,no,no,no,unknown type for this validator (no required/recommended table for 'ListItem')
https://www.orangejelly.co.uk/licensees-guide,BlogPosting,,dateModified,no,no,yes,
https://www.orangejelly.co.uk/licensees-guide,Person,,,no,no,no,unknown type for this validator (no required/recommended table for 'Person')
https://www.orangejelly.co.uk/licensees-guide,ImageObject,,,no,no,no,unknown type for this validator (no required/recommended table for 'ImageObject')
https://www.orangejelly.co.uk/licensees-guide,Organization,,url; logo; sameAs; contactPoint,no,no,no,
https://www.orangejelly.co.uk/licensees-guide,ListItem,,,no,no,no,unknown type for this validator (no required/recommended table for 'ListItem')
https://www.orangejelly.co.uk/licensees-guide,BlogPosting,,dateModified,no,no,yes,
https://www.orangejelly.co.uk/licensees-guide,Person,,,no,no,no,unknown type for this validator (no required/recommended table for 'Person')
https://www.orangejelly.co.uk/licensees-guide,ImageObject,,,no,no,no,unknown type for this validator (no required/recommended table for 'ImageObject')
https://www.orangejelly.co.uk/licensees-guide,Organization,,url; logo; sameAs; contactPoint,no,no,no,
https://www.orangejelly.co.uk/licensees-guide,ListItem,,,no,no,no,unknown type for this validator (no required/recommended table for 'ListItem')
https://www.orangejelly.co.uk/licensees-guide,BlogPosting,,dateModified,no,no,yes,
https://www.orangejelly.co.uk/licensees-guide,Person,,,no,no,no,unknown type for this validator (no required/recommended table for 'Person')
https://www.orangejelly.co.uk/licensees-guide,ImageObject,,,no,no,no,unknown type for this validator (no required/recommended table for 'ImageObject')
https://www.orangejelly.co.uk/licensees-guide,Organization,,url; logo; sameAs; contactPoint,no,no,no,
https://www.orangejelly.co.uk/licensees-guide,ListItem,,,no,no,no,unknown type for this validator (no required/recommended table for 'ListItem')
https://www.orangejelly.co.uk/licensees-guide,BlogPosting,,dateModified,no,no,yes,
https://www.orangejelly.co.uk/licensees-guide,Person,,,no,no,no,unknown type for this validator (no required/recommended table for 'Person')
https://www.orangejelly.co.uk/licensees-guide,ImageObject,,,no,no,no,unknown type for this validator (no required/recommended table for 'ImageObject')
https://www.orangejelly.co.uk/licensees-guide,Organization,,url; logo; sameAs; contactPoint,no,no,no,
https://www.orangejelly.co.uk/licensees-guide,ListItem,,,no,no,no,unknown type for this validator (no required/recommended table for 'ListItem')
https://www.orangejelly.co.uk/licensees-guide,BlogPosting,,dateModified,no,no,yes,
https://www.orangejelly.co.uk/licensees-guide,Person,,,no,no,no,unknown type for this validator (no required/recommended table for 'Person')
https://www.orangejelly.co.uk/licensees-guide,ImageObject,,,no,no,no,unknown type for this validator (no required/recommended table for 'ImageObject')
https://www.orangejelly.co.uk/licensees-guide,Organization,,url; logo; sameAs; contactPoint,no,no,no,
https://www.orangejelly.co.uk/licensees-guide,ListItem,,,no,no,no,unknown type for this validator (no required/recommended table for 'ListItem')
https://www.orangejelly.co.uk/licensees-guide,BlogPosting,,dateModified,no,no,yes,
https://www.orangejelly.co.uk/licensees-guide,Person,,,no,no,no,unknown type for this validator (no required/recommended table for 'Person')
https://www.orangejelly.co.uk/licensees-guide,ImageObject,,,no,no,no,unknown type for this validator (no required/recommended table for 'ImageObject')
https://www.orangejelly.co.uk/licensees-guide,Organization,,url; logo; sameAs; contactPoint,no,no,no,
https://www.orangejelly.co.uk/licensees-guide,ListItem,,,no,no,no,unknown type for this validator (no required/recommended table for 'ListItem')
https://www.orangejelly.co.uk/licensees-guide,BlogPosting,,dateModified,no,no,yes,
https://www.orangejelly.co.uk/licensees-guide,Person,,,no,no,no,unknown type for this validator (no required/recommended table for 'Person')
https://www.orangejelly.co.uk/licensees-guide,ImageObject,,,no,no,no,unknown type for this validator (no required/recommended table for 'ImageObject')
https://www.orangejelly.co.uk/licensees-guide,Organization,,url; logo; sameAs; contactPoint,no,no,no,
https://www.orangejelly.co.uk/licensees-guide,ListItem,,,no,no,no,unknown type for this validator (no required/recommended table for 'ListItem')
https://www.orangejelly.co.uk/licensees-guide,BlogPosting,,dateModified,no,no,yes,
https://www.orangejelly.co.uk/licensees-guide,Person,,,no,no,no,unknown type for this validator (no required/recommended table for 'Person')
https://www.orangejelly.co.uk/licensees-guide,ImageObject,,,no,no,no,unknown type for this validator (no required/recommended table for 'ImageObject')
https://www.orangejelly.co.uk/licensees-guide,Organization,,url; logo; sameAs; contactPoint,no,no,no,
https://www.orangejelly.co.uk/licensees-guide,ListItem,,,no,no,no,unknown type for this validator (no required/recommended table for 'ListItem')
https://www.orangejelly.co.uk/licensees-guide,BlogPosting,,dateModified,no,no,yes,
https://www.orangejelly.co.uk/licensees-guide,Person,,,no,no,no,unknown type for this validator (no required/recommended table for 'Person')
https://www.orangejelly.co.uk/licensees-guide,ImageObject,,,no,no,no,unknown type for this validator (no required/recommended table for 'ImageObject')
https://www.orangejelly.co.uk/licensees-guide,Organization,,url; logo; sameAs; contactPoint,no,no,no,
https://www.orangejelly.co.uk/licensees-guide,ListItem,,,no,no,no,unknown type for this validator (no required/recommended table for 'ListItem')
https://www.orangejelly.co.uk/licensees-guide,BlogPosting,,dateModified,no,no,yes,
https://www.orangejelly.co.uk/licensees-guide,Person,,,no,no,no,unknown type for this validator (no required/recommended table for 'Person')
https://www.orangejelly.co.uk/licensees-guide,ImageObject,,,no,no,no,unknown type for this validator (no required/recommended table for 'ImageObject')
https://www.orangejelly.co.uk/licensees-guide,Organization,,url; logo; sameAs; contactPoint,no,no,no,
https://www.orangejelly.co.uk/licensees-guide,ListItem,,,no,no,no,unknown type for this validator (no required/recommended table for 'ListItem')
https://www.orangejelly.co.uk/licensees-guide,BlogPosting,,dateModified,no,no,yes,
https://www.orangejelly.co.uk/licensees-guide,Person,,,no,no,no,unknown type for this validator (no required/recommended table for 'Person')
https://www.orangejelly.co.uk/licensees-guide,ImageObject,,,no,no,no,unknown type for this validator (no required/recommended table for 'ImageObject')
https://www.orangejelly.co.uk/licensees-guide,Organization,,url; logo; sameAs; contactPoint,no,no,no,
https://www.orangejelly.co.uk/licensees-guide,ListItem,,,no,no,no,unknown type for this validator (no required/recommended table for 'ListItem')
https://www.orangejelly.co.uk/licensees-guide,BlogPosting,,dateModified,no,no,yes,
https://www.orangejelly.co.uk/licensees-guide,Person,,,no,no,no,unknown type for this validator (no required/recommended table for 'Person')
https://www.orangejelly.co.uk/licensees-guide,ImageObject,,,no,no,no,unknown type for this validator (no required/recommended table for 'ImageObject')
https://www.orangejelly.co.uk/licensees-guide,Organization,,url; logo; sameAs; contactPoint,no,no,no,
https://www.orangejelly.co.uk/licensees-guide,ListItem,,,no,no,no,unknown type for this validator (no required/recommended table for 'ListItem')
https://www.orangejelly.co.uk/licensees-guide,BlogPosting,,dateModified,no,no,yes,
https://www.orangejelly.co.uk/licensees-guide,Person,,,no,no,no,unknown type for this validator (no required/recommended table for 'Person')
https://www.orangejelly.co.uk/licensees-guide,ImageObject,,,no,no,no,unknown type for this validator (no required/recommended table for 'ImageObject')
https://www.orangejelly.co.uk/licensees-guide,Organization,,url; logo; sameAs; contactPoint,no,no,no,
https://www.orangejelly.co.uk/licensees-guide,ListItem,,,no,no,no,unknown type for this validator (no required/recommended table for 'ListItem')
https://www.orangejelly.co.uk/licensees-guide,BlogPosting,,dateModified,no,no,yes,
https://www.orangejelly.co.uk/licensees-guide,Person,,,no,no,no,unknown type for this validator (no required/recommended table for 'Person')
https://www.orangejelly.co.uk/licensees-guide,ImageObject,,,no,no,no,unknown type for this validator (no required/recommended table for 'ImageObject')
https://www.orangejelly.co.uk/licensees-guide,Organization,,url; logo; sameAs; contactPoint,no,no,no,
https://www.orangejelly.co.uk/licensees-guide,ListItem,,,no,no,no,unknown type for this validator (no required/recommended table for 'ListItem')
https://www.orangejelly.co.uk/licensees-guide,BlogPosting,,dateModified,no,no,yes,
https://www.orangejelly.co.uk/licensees-guide,Person,,,no,no,no,unknown type for this validator (no required/recommended table for 'Person')
https://www.orangejelly.co.uk/licensees-guide,ImageObject,,,no,no,no,unknown type for this validator (no required/recommended table for 'ImageObject')
https://www.orangejelly.co.uk/licensees-guide,Organization,,url; logo; sameAs; contactPoint,no,no,no,
https://www.orangejelly.co.uk/licensees-guide,ListItem,,,no,no,no,unknown type for this validator (no required/recommended table for 'ListItem')
https://www.orangejelly.co.uk/licensees-guide,BlogPosting,,dateModified,no,no,yes,
https://www.orangejelly.co.uk/licensees-guide,Person,,,no,no,no,unknown type for this validator (no required/recommended table for 'Person')
https://www.orangejelly.co.uk/licensees-guide,ImageObject,,,no,no,no,unknown type for this validator (no required/recommended table for 'ImageObject')
https://www.orangejelly.co.uk/licensees-guide,Organization,,url; logo; sameAs; contactPoint,no,no,no,
https://www.orangejelly.co.uk/licensees-guide,ListItem,,,no,no,no,unknown type for this validator (no required/recommended table for 'ListItem')
https://www.orangejelly.co.uk/licensees-guide,BlogPosting,,dateModified,no,no,yes,
https://www.orangejelly.co.uk/licensees-guide,Person,,,no,no,no,unknown type for this validator (no required/recommended table for 'Person')
https://www.orangejelly.co.uk/licensees-guide,ImageObject,,,no,no,no,unknown type for this validator (no required/recommended table for 'ImageObject')
https://www.orangejelly.co.uk/licensees-guide,Organization,,url; logo; sameAs; contactPoint,no,no,no,
https://www.orangejelly.co.uk/licensees-guide,ListItem,,,no,no,no,unknown type for this validator (no required/recommended table for 'ListItem')
https://www.orangejelly.co.uk/licensees-guide,BlogPosting,,dateModified,no,no,yes,
https://www.orangejelly.co.uk/licensees-guide,Person,,,no,no,no,unknown type for this validator (no required/recommended table for 'Person')
https://www.orangejelly.co.uk/licensees-guide,ImageObject,,,no,no,no,unknown type for this validator (no required/recommended table for 'ImageObject')
https://www.orangejelly.co.uk/licensees-guide,Organization,,url; logo; sameAs; contactPoint,no,no,no,
https://www.orangejelly.co.uk/licensees-guide,ListItem,,,no,no,no,unknown type for this validator (no required/recommended table for 'ListItem')
https://www.orangejelly.co.uk/licensees-guide,BlogPosting,,dateModified,no,no,yes,
https://www.orangejelly.co.uk/licensees-guide,Person,,,no,no,no,unknown type for this validator (no required/recommended table for 'Person')
https://www.orangejelly.co.uk/licensees-guide,ImageObject,,,no,no,no,unknown type for this validator (no required/recommended table for 'ImageObject')
https://www.orangejelly.co.uk/licensees-guide,Organization,,url; logo; sameAs; contactPoint,no,no,no,
https://www.orangejelly.co.uk/licensees-guide,ListItem,,,no,no,no,unknown type for this validator (no required/recommended table for 'ListItem')
https://www.orangejelly.co.uk/licensees-guide,BlogPosting,,dateModified,no,no,yes,
https://www.orangejelly.co.uk/licensees-guide,Person,,,no,no,no,unknown type for this validator (no required/recommended table for 'Person')
https://www.orangejelly.co.uk/licensees-guide,ImageObject,,,no,no,no,unknown type for this validator (no required/recommended table for 'ImageObject')
https://www.orangejelly.co.uk/licensees-guide,Organization,,url; logo; sameAs; contactPoint,no,no,no,
https://www.orangejelly.co.uk/licensees-guide,ListItem,,,no,no,no,unknown type for this validator (no required/recommended table for 'ListItem')
https://www.orangejelly.co.uk/licensees-guide,BlogPosting,,dateModified,no,no,yes,
https://www.orangejelly.co.uk/licensees-guide,Person,,,no,no,no,unknown type for this validator (no required/recommended table for 'Person')
https://www.orangejelly.co.uk/licensees-guide,ImageObject,,,no,no,no,unknown type for this validator (no required/recommended table for 'ImageObject')
https://www.orangejelly.co.uk/licensees-guide,Organization,,url; logo; sameAs; contactPoint,no,no,no,
https://www.orangejelly.co.uk/licensees-guide,ListItem,,,no,no,no,unknown type for this validator (no required/recommended table for 'ListItem')
https://www.orangejelly.co.uk/licensees-guide,BlogPosting,,dateModified,no,no,yes,
https://www.orangejelly.co.uk/licensees-guide,Person,,,no,no,no,unknown type for this validator (no required/recommended table for 'Person')
https://www.orangejelly.co.uk/licensees-guide,ImageObject,,,no,no,no,unknown type for this validator (no required/recommended table for 'ImageObject')
https://www.orangejelly.co.uk/licensees-guide,Organization,,url; logo; sameAs; contactPoint,no,no,no,
https://www.orangejelly.co.uk/licensees-guide,ListItem,,,no,no,no,unknown type for this validator (no required/recommended table for 'ListItem')
https://www.orangejelly.co.uk/licensees-guide,BlogPosting,,dateModified,no,no,yes,
https://www.orangejelly.co.uk/licensees-guide,Person,,,no,no,no,unknown type for this validator (no required/recommended table for 'Person')
https://www.orangejelly.co.uk/licensees-guide,ImageObject,,,no,no,no,unknown type for this validator (no required/recommended table for 'ImageObject')
https://www.orangejelly.co.uk/licensees-guide,Organization,,url; logo; sameAs; contactPoint,no,no,no,
https://www.orangejelly.co.uk/licensees-guide,ListItem,,,no,no,no,unknown type for this validator (no required/recommended table for 'ListItem')
https://www.orangejelly.co.uk/licensees-guide,BlogPosting,,dateModified,no,no,yes,
https://www.orangejelly.co.uk/licensees-guide,Person,,,no,no,no,unknown type for this validator (no required/recommended table for 'Person')
https://www.orangejelly.co.uk/licensees-guide,ImageObject,,,no,no,no,unknown type for this validator (no required/recommended table for 'ImageObject')
https://www.orangejelly.co.uk/licensees-guide,Organization,,url; logo; sameAs; contactPoint,no,no,no,
https://www.orangejelly.co.uk/licensees-guide,ListItem,,,no,no,no,unknown type for this validator (no required/recommended table for 'ListItem')
https://www.orangejelly.co.uk/licensees-guide,BlogPosting,,dateModified,no,no,yes,
https://www.orangejelly.co.uk/licensees-guide,Person,,,no,no,no,unknown type for this validator (no required/recommended table for 'Person')
https://www.orangejelly.co.uk/licensees-guide,ImageObject,,,no,no,no,unknown type for this validator (no required/recommended table for 'ImageObject')
https://www.orangejelly.co.uk/licensees-guide,Organization,,url; logo; sameAs; contactPoint,no,no,no,
https://www.orangejelly.co.uk/licensees-guide,BreadcrumbList,,,no,no,yes,
https://www.orangejelly.co.uk/licensees-guide,ListItem,,,no,no,no,unknown type for this validator (no required/recommended table for 'ListItem')
https://www.orangejelly.co.uk/licensees-guide,ListItem,,,no,no,no,unknown type for this validator (no required/recommended table for 'ListItem')
https://www.orangejelly.co.uk/licensees-guide/30-day-action-plan-stabilise-hospitality,ProfessionalService,,,no,no,no,unknown type for this validator (no required/recommended table for 'ProfessionalService')
https://www.orangejelly.co.uk/licensees-guide/30-day-action-plan-stabilise-hospitality,ImageObject,,,no,no,no,unknown type for this validator (no required/recommended table for 'ImageObject')
https://www.orangejelly.co.uk/licensees-guide/30-day-action-plan-stabilise-hospitality,Person,,,no,no,no,unknown type for this validator (no required/recommended table for 'Person')
https://www.orangejelly.co.uk/licensees-guide/30-day-action-plan-stabilise-hospitality,ContactPoint,,,no,no,no,unknown type for this validator (no required/recommended table for 'ContactPoint')
https://www.orangejelly.co.uk/licensees-guide/30-day-action-plan-stabilise-hospitality,PostalAddress,,,no,no,no,unknown type for this validator (no required/recommended table for 'PostalAddress')
https://www.orangejelly.co.uk/licensees-guide/30-day-action-plan-stabilise-hospitality,GeoCoordinates,,,no,no,no,unknown type for this validator (no required/recommended table for 'GeoCoordinates')
https://www.orangejelly.co.uk/licensees-guide/30-day-action-plan-stabilise-hospitality,WebSite,,potentialAction,no,no,no,
https://www.orangejelly.co.uk/licensees-guide/30-day-action-plan-stabilise-hospitality,BreadcrumbList,,,no,no,yes,
https://www.orangejelly.co.uk/licensees-guide/30-day-action-plan-stabilise-hospitality,ListItem,,,no,no,no,unknown type for this validator (no required/recommended table for 'ListItem')
https://www.orangejelly.co.uk/licensees-guide/30-day-action-plan-stabilise-hospitality,BlogPosting,,image,no,no,yes,
https://www.orangejelly.co.uk/licensees-guide/30-day-action-plan-stabilise-hospitality,Person,,,no,no,no,unknown type for this validator (no required/recommended table for 'Person')
https://www.orangejelly.co.uk/licensees-guide/30-day-action-plan-stabilise-hospitality,Organization,,url; sameAs; contactPoint,no,no,no,
https://www.orangejelly.co.uk/licensees-guide/30-day-action-plan-stabilise-hospitality,ImageObject,,,no,no,no,unknown type for this validator (no required/recommended table for 'ImageObject')
https://www.orangejelly.co.uk/licensees-guide/30-day-action-plan-stabilise-hospitality,WebPage,,,no,no,no,unknown type for this validator (no required/recommended table for 'WebPage')
https://www.orangejelly.co.uk/licensees-guide/30-day-action-plan-stabilise-hospitality,SpeakableSpecification,,,no,no,no,unknown type for this validator (no required/recommended table for 'SpeakableSpecification')
https://www.orangejelly.co.uk/licensees-guide/30-day-action-plan-stabilise-hospitality,Thing,,,no,no,no,unknown type for this validator (no required/recommended table for 'Thing')
https://www.orangejelly.co.uk/licensees-guide/30-day-action-plan-stabilise-hospitality,Thing,,,no,no,no,unknown type for this validator (no required/recommended table for 'Thing')
https://www.orangejelly.co.uk/licensees-guide/30-day-action-plan-stabilise-hospitality,Thing,,,no,no,no,unknown type for this validator (no required/recommended table for 'Thing')
https://www.orangejelly.co.uk/licensees-guide/30-day-action-plan-stabilise-hospitality,FAQPage,,,yes,no,no,FAQ rich results are now limited to authoritative government/health sites (Aug 2023). Markup is still valid but most sites no longer earn a rich result.
https://www.orangejelly.co.uk/licensees-guide/30-day-action-plan-stabilise-hospitality,Question,,,no,no,no,unknown type for this validator (no required/recommended table for 'Question')
https://www.orangejelly.co.uk/licensees-guide/30-day-action-plan-stabilise-hospitality,Answer,,,no,no,no,unknown type for this validator (no required/recommended table for 'Answer')
https://www.orangejelly.co.uk/licensees-guide/30-day-action-plan-stabilise-hospitality,Question,,,no,no,no,unknown type for this validator (no required/recommended table for 'Question')
https://www.orangejelly.co.uk/licensees-guide/30-day-action-plan-stabilise-hospitality,Answer,,,no,no,no,unknown type for this validator (no required/recommended table for 'Answer')
https://www.orangejelly.co.uk/licensees-guide/30-day-action-plan-stabilise-hospitality,Question,,,no,no,no,unknown type for this validator (no required/recommended table for 'Question')
https://www.orangejelly.co.uk/licensees-guide/30-day-action-plan-stabilise-hospitality,Answer,,,no,no,no,unknown type for this validator (no required/recommended table for 'Answer')
https://www.orangejelly.co.uk/licensees-guide/30-day-action-plan-stabilise-hospitality,BreadcrumbList,,,no,no,yes,
https://www.orangejelly.co.uk/licensees-guide/30-day-action-plan-stabilise-hospitality,ListItem,,,no,no,no,unknown type for this validator (no required/recommended table for 'ListItem')
https://www.orangejelly.co.uk/licensees-guide/30-day-action-plan-stabilise-hospitality,ListItem,,,no,no,no,unknown type for this validator (no required/recommended table for 'ListItem')
https://www.orangejelly.co.uk/licensees-guide/30-day-action-plan-stabilise-hospitality,ListItem,,,no,no,no,unknown type for this validator (no required/recommended table for 'ListItem')
https://www.orangejelly.co.uk/licensees-guide/30-day-action-plan-stabilise-hospitality,BreadcrumbList,,,no,no,yes,
https://www.orangejelly.co.uk/licensees-guide/30-day-action-plan-stabilise-hospitality,ListItem,,,no,no,no,unknown type for this validator (no required/recommended table for 'ListItem')
https://www.orangejelly.co.uk/licensees-guide/30-day-action-plan-stabilise-hospitality,ListItem,,,no,no,no,unknown type for this validator (no required/recommended table for 'ListItem')
https://www.orangejelly.co.uk/licensees-guide/30-day-action-plan-stabilise-hospitality,ListItem,,,no,no,no,unknown type for this validator (no required/recommended table for 'ListItem')
https://www.orangejelly.co.uk/licensees-guide/autumn-pub-event-ideas,ProfessionalService,,,no,no,no,unknown type for this validator (no required/recommended table for 'ProfessionalService')
https://www.orangejelly.co.uk/licensees-guide/autumn-pub-event-ideas,ImageObject,,,no,no,no,unknown type for this validator (no required/recommended table for 'ImageObject')
https://www.orangejelly.co.uk/licensees-guide/autumn-pub-event-ideas,Person,,,no,no,no,unknown type for this validator (no required/recommended table for 'Person')
https://www.orangejelly.co.uk/licensees-guide/autumn-pub-event-ideas,ContactPoint,,,no,no,no,unknown type for this validator (no required/recommended table for 'ContactPoint')
https://www.orangejelly.co.uk/licensees-guide/autumn-pub-event-ideas,PostalAddress,,,no,no,no,unknown type for this validator (no required/recommended table for 'PostalAddress')
https://www.orangejelly.co.uk/licensees-guide/autumn-pub-event-ideas,GeoCoordinates,,,no,no,no,unknown type for this validator (no required/recommended table for 'GeoCoordinates')
https://www.orangejelly.co.uk/licensees-guide/autumn-pub-event-ideas,WebSite,,potentialAction,no,no,no,
https://www.orangejelly.co.uk/licensees-guide/autumn-pub-event-ideas,BreadcrumbList,,,no,no,yes,
https://www.orangejelly.co.uk/licensees-guide/autumn-pub-event-ideas,ListItem,,,no,no,no,unknown type for this validator (no required/recommended table for 'ListItem')
https://www.orangejelly.co.uk/licensees-guide/autumn-pub-event-ideas,BlogPosting,,image,no,no,yes,
https://www.orangejelly.co.uk/licensees-guide/autumn-pub-event-ideas,Person,,,no,no,no,unknown type for this validator (no required/recommended table for 'Person')
https://www.orangejelly.co.uk/licensees-guide/autumn-pub-event-ideas,Organization,,url; sameAs; contactPoint,no,no,no,
https://www.orangejelly.co.uk/licensees-guide/autumn-pub-event-ideas,ImageObject,,,no,no,no,unknown type for this validator (no required/recommended table for 'ImageObject')
https://www.orangejelly.co.uk/licensees-guide/autumn-pub-event-ideas,WebPage,,,no,no,no,unknown type for this validator (no required/recommended table for 'WebPage')
https://www.orangejelly.co.uk/licensees-guide/autumn-pub-event-ideas,SpeakableSpecification,,,no,no,no,unknown type for this validator (no required/recommended table for 'SpeakableSpecification')
https://www.orangejelly.co.uk/licensees-guide/autumn-pub-event-ideas,Thing,,,no,no,no,unknown type for this validator (no required/recommended table for 'Thing')
https://www.orangejelly.co.uk/licensees-guide/autumn-pub-event-ideas,Thing,,,no,no,no,unknown type for this validator (no required/recommended table for 'Thing')
https://www.orangejelly.co.uk/licensees-guide/autumn-pub-event-ideas,Thing,,,no,no,no,unknown type for this validator (no required/recommended table for 'Thing')
https://www.orangejelly.co.uk/licensees-guide/autumn-pub-event-ideas,Thing,,,no,no,no,unknown type for this validator (no required/recommended table for 'Thing')
https://www.orangejelly.co.uk/licensees-guide/autumn-pub-event-ideas,FAQPage,,,yes,no,no,FAQ rich results are now limited to authoritative government/health sites (Aug 2023). Markup is still valid but most sites no longer earn a rich result.
https://www.orangejelly.co.uk/licensees-guide/autumn-pub-event-ideas,Question,,,no,no,no,unknown type for this validator (no required/recommended table for 'Question')
https://www.orangejelly.co.uk/licensees-guide/autumn-pub-event-ideas,Answer,,,no,no,no,unknown type for this validator (no required/recommended table for 'Answer')
https://www.orangejelly.co.uk/licensees-guide/autumn-pub-event-ideas,Question,,,no,no,no,unknown type for this validator (no required/recommended table for 'Question')
https://www.orangejelly.co.uk/licensees-guide/autumn-pub-event-ideas,Answer,,,no,no,no,unknown type for this validator (no required/recommended table for 'Answer')
https://www.orangejelly.co.uk/licensees-guide/autumn-pub-event-ideas,Question,,,no,no,no,unknown type for this validator (no required/recommended table for 'Question')
https://www.orangejelly.co.uk/licensees-guide/autumn-pub-event-ideas,Answer,,,no,no,no,unknown type for this validator (no required/recommended table for 'Answer')
https://www.orangejelly.co.uk/licensees-guide/autumn-pub-event-ideas,Question,,,no,no,no,unknown type for this validator (no required/recommended table for 'Question')
https://www.orangejelly.co.uk/licensees-guide/autumn-pub-event-ideas,Answer,,,no,no,no,unknown type for this validator (no required/recommended table for 'Answer')
https://www.orangejelly.co.uk/licensees-guide/autumn-pub-event-ideas,BreadcrumbList,,,no,no,yes,
https://www.orangejelly.co.uk/licensees-guide/autumn-pub-event-ideas,ListItem,,,no,no,no,unknown type for this validator (no required/recommended table for 'ListItem')
https://www.orangejelly.co.uk/licensees-guide/autumn-pub-event-ideas,ListItem,,,no,no,no,unknown type for this validator (no required/recommended table for 'ListItem')
https://www.orangejelly.co.uk/licensees-guide/autumn-pub-event-ideas,ListItem,,,no,no,no,unknown type for this validator (no required/recommended table for 'ListItem')
https://www.orangejelly.co.uk/licensees-guide/autumn-pub-event-ideas,BreadcrumbList,,,no,no,yes,
https://www.orangejelly.co.uk/licensees-guide/autumn-pub-event-ideas,ListItem,,,no,no,no,unknown type for this validator (no required/recommended table for 'ListItem')
https://www.orangejelly.co.uk/licensees-guide/autumn-pub-event-ideas,ListItem,,,no,no,no,unknown type for this validator (no required/recommended table for 'ListItem')
https://www.orangejelly.co.uk/licensees-guide/autumn-pub-event-ideas,ListItem,,,no,no,no,unknown type for this validator (no required/recommended table for 'ListItem')
https://www.orangejelly.co.uk/licensees-guide/autumn-pub-event-ideas,ItemList,,,no,no,no,unknown type for this validator (no required/recommended table for 'ItemList')
https://www.orangejelly.co.uk/licensees-guide/autumn-pub-event-ideas,ListItem,,,no,no,no,unknown type for this validator (no required/recommended table for 'ListItem')
https://www.orangejelly.co.uk/licensees-guide/autumn-pub-event-ideas,ListItem,,,no,no,no,unknown type for this validator (no required/recommended table for 'ListItem')
https://www.orangejelly.co.uk/licensees-guide/autumn-pub-event-ideas,ListItem,,,no,no,no,unknown type for this validator (no required/recommended table for 'ListItem')
https://www.orangejelly.co.uk/licensees-guide/autumn-pub-event-ideas,ListItem,,,no,no,no,unknown type for this validator (no required/recommended table for 'ListItem')
https://www.orangejelly.co.uk/licensees-guide/autumn-pub-event-ideas,ListItem,,,no,no,no,unknown type for this validator (no required/recommended table for 'ListItem')
https://www.orangejelly.co.uk/licensees-guide/autumn-pub-event-ideas,ListItem,,,no,no,no,unknown type for this validator (no required/recommended table for 'ListItem')
https://www.orangejelly.co.uk/licensees-guide/autumn-pub-event-ideas,ListItem,,,no,no,no,unknown type for this validator (no required/recommended table for 'ListItem')
https://www.orangejelly.co.uk/licensees-guide/autumn-pub-event-ideas,ListItem,,,no,no,no,unknown type for this validator (no required/recommended table for 'ListItem')
https://www.orangejelly.co.uk/licensees-guide/autumn-pub-event-ideas,ListItem,,,no,no,no,unknown type for this validator (no required/recommended table for 'ListItem')
https://www.orangejelly.co.uk/licensees-guide/autumn-pub-event-ideas,ItemList,,,no,no,no,unknown type for this validator (no required/recommended table for 'ItemList')
https://www.orangejelly.co.uk/licensees-guide/autumn-pub-event-ideas,ListItem,,,no,no,no,unknown type for this validator (no required/recommended table for 'ListItem')
https://www.orangejelly.co.uk/licensees-guide/autumn-pub-event-ideas,ListItem,,,no,no,no,unknown type for this validator (no required/recommended table for 'ListItem')
https://www.orangejelly.co.uk/licensees-guide/autumn-pub-event-ideas,ListItem,,,no,no,no,unknown type for this validator (no required/recommended table for 'ListItem')
https://www.orangejelly.co.uk/licensees-guide/autumn-rugby-nations-championship-pubs,ProfessionalService,,,no,no,no,unknown type for this validator (no required/recommended table for 'ProfessionalService')
https://www.orangejelly.co.uk/licensees-guide/autumn-rugby-nations-championship-pubs,ImageObject,,,no,no,no,unknown type for this validator (no required/recommended table for 'ImageObject')
https://www.orangejelly.co.uk/licensees-guide/autumn-rugby-nations-championship-pubs,Person,,,no,no,no,unknown type for this validator (no required/recommended table for 'Person')
https://www.orangejelly.co.uk/licensees-guide/autumn-rugby-nations-championship-pubs,ContactPoint,,,no,no,no,unknown type for this validator (no required/recommended table for 'ContactPoint')
https://www.orangejelly.co.uk/licensees-guide/autumn-rugby-nations-championship-pubs,PostalAddress,,,no,no,no,unknown type for this validator (no required/recommended table for 'PostalAddress')
https://www.orangejelly.co.uk/licensees-guide/autumn-rugby-nations-championship-pubs,GeoCoordinates,,,no,no,no,unknown type for this validator (no required/recommended table for 'GeoCoordinates')
https://www.orangejelly.co.uk/licensees-guide/autumn-rugby-nations-championship-pubs,WebSite,,potentialAction,no,no,no,
https://www.orangejelly.co.uk/licensees-guide/autumn-rugby-nations-championship-pubs,BreadcrumbList,,,no,no,yes,
https://www.orangejelly.co.uk/licensees-guide/autumn-rugby-nations-championship-pubs,ListItem,,,no,no,no,unknown type for this validator (no required/recommended table for 'ListItem')
https://www.orangejelly.co.uk/licensees-guide/autumn-rugby-nations-championship-pubs,BlogPosting,,image,no,no,yes,
https://www.orangejelly.co.uk/licensees-guide/autumn-rugby-nations-championship-pubs,Person,,,no,no,no,unknown type for this validator (no required/recommended table for 'Person')
https://www.orangejelly.co.uk/licensees-guide/autumn-rugby-nations-championship-pubs,Organization,,url; sameAs; contactPoint,no,no,no,
https://www.orangejelly.co.uk/licensees-guide/autumn-rugby-nations-championship-pubs,ImageObject,,,no,no,no,unknown type for this validator (no required/recommended table for 'ImageObject')
https://www.orangejelly.co.uk/licensees-guide/autumn-rugby-nations-championship-pubs,WebPage,,,no,no,no,unknown type for this validator (no required/recommended table for 'WebPage')
https://www.orangejelly.co.uk/licensees-guide/autumn-rugby-nations-championship-pubs,SpeakableSpecification,,,no,no,no,unknown type for this validator (no required/recommended table for 'SpeakableSpecification')
https://www.orangejelly.co.uk/licensees-guide/autumn-rugby-nations-championship-pubs,Thing,,,no,no,no,unknown type for this validator (no required/recommended table for 'Thing')
https://www.orangejelly.co.uk/licensees-guide/autumn-rugby-nations-championship-pubs,Thing,,,no,no,no,unknown type for this validator (no required/recommended table for 'Thing')
https://www.orangejelly.co.uk/licensees-guide/autumn-rugby-nations-championship-pubs,Thing,,,no,no,no,unknown type for this validator (no required/recommended table for 'Thing')
https://www.orangejelly.co.uk/licensees-guide/autumn-rugby-nations-championship-pubs,Thing,,,no,no,no,unknown type for this validator (no required/recommended table for 'Thing')
https://www.orangejelly.co.uk/licensees-guide/autumn-rugby-nations-championship-pubs,FAQPage,,,yes,no,no,FAQ rich results are now limited to authoritative government/health sites (Aug 2023). Markup is still valid but most sites no longer earn a rich result.
https://www.orangejelly.co.uk/licensees-guide/autumn-rugby-nations-championship-pubs,Question,,,no,no,no,unknown type for this validator (no required/recommended table for 'Question')
https://www.orangejelly.co.uk/licensees-guide/autumn-rugby-nations-championship-pubs,Answer,,,no,no,no,unknown type for this validator (no required/recommended table for 'Answer')
https://www.orangejelly.co.uk/licensees-guide/autumn-rugby-nations-championship-pubs,Question,,,no,no,no,unknown type for this validator (no required/recommended table for 'Question')
https://www.orangejelly.co.uk/licensees-guide/autumn-rugby-nations-championship-pubs,Answer,,,no,no,no,unknown type for this validator (no required/recommended table for 'Answer')
https://www.orangejelly.co.uk/licensees-guide/autumn-rugby-nations-championship-pubs,Question,,,no,no,no,unknown type for this validator (no required/recommended table for 'Question')
https://www.orangejelly.co.uk/licensees-guide/autumn-rugby-nations-championship-pubs,Answer,,,no,no,no,unknown type for this validator (no required/recommended table for 'Answer')
https://www.orangejelly.co.uk/licensees-guide/autumn-rugby-nations-championship-pubs,Question,,,no,no,no,unknown type for this validator (no required/recommended table for 'Question')
https://www.orangejelly.co.uk/licensees-guide/autumn-rugby-nations-championship-pubs,Answer,,,no,no,no,unknown type for this validator (no required/recommended table for 'Answer')
https://www.orangejelly.co.uk/licensees-guide/autumn-rugby-nations-championship-pubs,BreadcrumbList,,,no,no,yes,
https://www.orangejelly.co.uk/licensees-guide/autumn-rugby-nations-championship-pubs,ListItem,,,no,no,no,unknown type for this validator (no required/recommended table for 'ListItem')
https://www.orangejelly.co.uk/licensees-guide/autumn-rugby-nations-championship-pubs,ListItem,,,no,no,no,unknown type for this validator (no required/recommended table for 'ListItem')
https://www.orangejelly.co.uk/licensees-guide/autumn-rugby-nations-championship-pubs,ListItem,,,no,no,no,unknown type for this validator (no required/recommended table for 'ListItem')
https://www.orangejelly.co.uk/licensees-guide/autumn-rugby-nations-championship-pubs,ListItem,,,no,no,no,unknown type for this validator (no required/recommended table for 'ListItem')
https://www.orangejelly.co.uk/licensees-guide/autumn-rugby-nations-championship-pubs,BreadcrumbList,,,no,no,yes,
https://www.orangejelly.co.uk/licensees-guide/autumn-rugby-nations-championship-pubs,ListItem,,,no,no,no,unknown type for this validator (no required/recommended table for 'ListItem')
https://www.orangejelly.co.uk/licensees-guide/autumn-rugby-nations-championship-pubs,ListItem,,,no,no,no,unknown type for this validator (no required/recommended table for 'ListItem')
https://www.orangejelly.co.uk/licensees-guide/autumn-rugby-nations-championship-pubs,ListItem,,,no,no,no,unknown type for this validator (no required/recommended table for 'ListItem')
https://www.orangejelly.co.uk/licensees-guide/autumn-rugby-nations-championship-pubs,ListItem,,,no,no,no,unknown type for this validator (no required/recommended table for 'ListItem')
https://www.orangejelly.co.uk/licensees-guide/beat-chain-pubs,ProfessionalService,,,no,no,no,unknown type for this validator (no required/recommended table for 'ProfessionalService')
https://www.orangejelly.co.uk/licensees-guide/beat-chain-pubs,ImageObject,,,no,no,no,unknown type for this validator (no required/recommended table for 'ImageObject')
https://www.orangejelly.co.uk/licensees-guide/beat-chain-pubs,Person,,,no,no,no,unknown type for this validator (no required/recommended table for 'Person')
https://www.orangejelly.co.uk/licensees-guide/beat-chain-pubs,ContactPoint,,,no,no,no,unknown type for this validator (no required/recommended table for 'ContactPoint')
https://www.orangejelly.co.uk/licensees-guide/beat-chain-pubs,PostalAddress,,,no,no,no,unknown type for this validator (no required/recommended table for 'PostalAddress')
https://www.orangejelly.co.uk/licensees-guide/beat-chain-pubs,GeoCoordinates,,,no,no,no,unknown type for this validator (no required/recommended table for 'GeoCoordinates')
https://www.orangejelly.co.uk/licensees-guide/beat-chain-pubs,WebSite,,potentialAction,no,no,no,
https://www.orangejelly.co.uk/licensees-guide/beat-chain-pubs,BreadcrumbList,,,no,no,yes,
https://www.orangejelly.co.uk/licensees-guide/beat-chain-pubs,ListItem,,,no,no,no,unknown type for this validator (no required/recommended table for 'ListItem')
https://www.orangejelly.co.uk/licensees-guide/beat-chain-pubs,BlogPosting,,image,no,no,yes,
https://www.orangejelly.co.uk/licensees-guide/beat-chain-pubs,Person,,,no,no,no,unknown type for this validator (no required/recommended table for 'Person')
https://www.orangejelly.co.uk/licensees-guide/beat-chain-pubs,Organization,,url; sameAs; contactPoint,no,no,no,
https://www.orangejelly.co.uk/licensees-guide/beat-chain-pubs,ImageObject,,,no,no,no,unknown type for this validator (no required/recommended table for 'ImageObject')
https://www.orangejelly.co.uk/licensees-guide/beat-chain-pubs,WebPage,,,no,no,no,unknown type for this validator (no required/recommended table for 'WebPage')
https://www.orangejelly.co.uk/licensees-guide/beat-chain-pubs,SpeakableSpecification,,,no,no,no,unknown type for this validator (no required/recommended table for 'SpeakableSpecification')
https://www.orangejelly.co.uk/licensees-guide/beat-chain-pubs,Thing,,,no,no,no,unknown type for this validator (no required/recommended table for 'Thing')
https://www.orangejelly.co.uk/licensees-guide/beat-chain-pubs,Thing,,,no,no,no,unknown type for this validator (no required/recommended table for 'Thing')
https://www.orangejelly.co.uk/licensees-guide/beat-chain-pubs,Thing,,,no,no,no,unknown type for this validator (no required/recommended table for 'Thing')
https://www.orangejelly.co.uk/licensees-guide/beat-chain-pubs,FAQPage,,,yes,no,no,FAQ rich results are now limited to authoritative government/health sites (Aug 2023). Markup is still valid but most sites no longer earn a rich result.
https://www.orangejelly.co.uk/licensees-guide/beat-chain-pubs,Question,,,no,no,no,unknown type for this validator (no required/recommended table for 'Question')
https://www.orangejelly.co.uk/licensees-guide/beat-chain-pubs,Answer,,,no,no,no,unknown type for this validator (no required/recommended table for 'Answer')
https://www.orangejelly.co.uk/licensees-guide/beat-chain-pubs,Question,,,no,no,no,unknown type for this validator (no required/recommended table for 'Question')
https://www.orangejelly.co.uk/licensees-guide/beat-chain-pubs,Answer,,,no,no,no,unknown type for this validator (no required/recommended table for 'Answer')
https://www.orangejelly.co.uk/licensees-guide/beat-chain-pubs,Question,,,no,no,no,unknown type for this validator (no required/recommended table for 'Question')
https://www.orangejelly.co.uk/licensees-guide/beat-chain-pubs,Answer,,,no,no,no,unknown type for this validator (no required/recommended table for 'Answer')
https://www.orangejelly.co.uk/licensees-guide/beat-chain-pubs,BreadcrumbList,,,no,no,yes,
https://www.orangejelly.co.uk/licensees-guide/beat-chain-pubs,ListItem,,,no,no,no,unknown type for this validator (no required/recommended table for 'ListItem')
https://www.orangejelly.co.uk/licensees-guide/beat-chain-pubs,ListItem,,,no,no,no,unknown type for this validator (no required/recommended table for 'ListItem')
https://www.orangejelly.co.uk/licensees-guide/beat-chain-pubs,ListItem,,,no,no,no,unknown type for this validator (no required/recommended table for 'ListItem')
https://www.orangejelly.co.uk/licensees-guide/beat-chain-pubs,BreadcrumbList,,,no,no,yes,
https://www.orangejelly.co.uk/licensees-guide/beat-chain-pubs,ListItem,,,no,no,no,unknown type for this validator (no required/recommended table for 'ListItem')
https://www.orangejelly.co.uk/licensees-guide/beat-chain-pubs,ListItem,,,no,no,no,unknown type for this validator (no required/recommended table for 'ListItem')
https://www.orangejelly.co.uk/licensees-guide/beat-chain-pubs,ListItem,,,no,no,no,unknown type for this validator (no required/recommended table for 'ListItem')
https://www.orangejelly.co.uk/licensees-guide/black-friday-pub-ideas,ProfessionalService,,,no,no,no,unknown type for this validator (no required/recommended table for 'ProfessionalService')
https://www.orangejelly.co.uk/licensees-guide/black-friday-pub-ideas,ImageObject,,,no,no,no,unknown type for this validator (no required/recommended table for 'ImageObject')
https://www.orangejelly.co.uk/licensees-guide/black-friday-pub-ideas,Person,,,no,no,no,unknown type for this validator (no required/recommended table for 'Person')
https://www.orangejelly.co.uk/licensees-guide/black-friday-pub-ideas,ContactPoint,,,no,no,no,unknown type for this validator (no required/recommended table for 'ContactPoint')
https://www.orangejelly.co.uk/licensees-guide/black-friday-pub-ideas,PostalAddress,,,no,no,no,unknown type for this validator (no required/recommended table for 'PostalAddress')
https://www.orangejelly.co.uk/licensees-guide/black-friday-pub-ideas,GeoCoordinates,,,no,no,no,unknown type for this validator (no required/recommended table for 'GeoCoordinates')
https://www.orangejelly.co.uk/licensees-guide/black-friday-pub-ideas,WebSite,,potentialAction,no,no,no,
https://www.orangejelly.co.uk/licensees-guide/black-friday-pub-ideas,BreadcrumbList,,,no,no,yes,
https://www.orangejelly.co.uk/licensees-guide/black-friday-pub-ideas,ListItem,,,no,no,no,unknown type for this validator (no required/recommended table for 'ListItem')
https://www.orangejelly.co.uk/licensees-guide/black-friday-pub-ideas,BlogPosting,,image,no,no,yes,
https://www.orangejelly.co.uk/licensees-guide/black-friday-pub-ideas,Person,,,no,no,no,unknown type for this validator (no required/recommended table for 'Person')
https://www.orangejelly.co.uk/licensees-guide/black-friday-pub-ideas,Organization,,url; sameAs; contactPoint,no,no,no,
https://www.orangejelly.co.uk/licensees-guide/black-friday-pub-ideas,ImageObject,,,no,no,no,unknown type for this validator (no required/recommended table for 'ImageObject')
https://www.orangejelly.co.uk/licensees-guide/black-friday-pub-ideas,WebPage,,,no,no,no,unknown type for this validator (no required/recommended table for 'WebPage')
https://www.orangejelly.co.uk/licensees-guide/black-friday-pub-ideas,SpeakableSpecification,,,no,no,no,unknown type for this validator (no required/recommended table for 'SpeakableSpecification')
https://www.orangejelly.co.uk/licensees-guide/black-friday-pub-ideas,Thing,,,no,no,no,unknown type for this validator (no required/recommended table for 'Thing')
https://www.orangejelly.co.uk/licensees-guide/black-friday-pub-ideas,Thing,,,no,no,no,unknown type for this validator (no required/recommended table for 'Thing')
https://www.orangejelly.co.uk/licensees-guide/black-friday-pub-ideas,Thing,,,no,no,no,unknown type for this validator (no required/recommended table for 'Thing')
https://www.orangejelly.co.uk/licensees-guide/black-friday-pub-ideas,Thing,,,no,no,no,unknown type for this validator (no required/recommended table for 'Thing')
https://www.orangejelly.co.uk/licensees-guide/black-friday-pub-ideas,FAQPage,,,yes,no,no,FAQ rich results are now limited to authoritative government/health sites (Aug 2023). Markup is still valid but most sites no longer earn a rich result.
https://www.orangejelly.co.uk/licensees-guide/black-friday-pub-ideas,Question,,,no,no,no,unknown type for this validator (no required/recommended table for 'Question')
https://www.orangejelly.co.uk/licensees-guide/black-friday-pub-ideas,Answer,,,no,no,no,unknown type for this validator (no required/recommended table for 'Answer')
https://www.orangejelly.co.uk/licensees-guide/black-friday-pub-ideas,Question,,,no,no,no,unknown type for this validator (no required/recommended table for 'Question')
https://www.orangejelly.co.uk/licensees-guide/black-friday-pub-ideas,Answer,,,no,no,no,unknown type for this validator (no required/recommended table for 'Answer')
https://www.orangejelly.co.uk/licensees-guide/black-friday-pub-ideas,Question,,,no,no,no,unknown type for this validator (no required/recommended table for 'Question')
https://www.orangejelly.co.uk/licensees-guide/black-friday-pub-ideas,Answer,,,no,no,no,unknown type for this validator (no required/recommended table for 'Answer')
https://www.orangejelly.co.uk/licensees-guide/black-friday-pub-ideas,Question,,,no,no,no,unknown type for this validator (no required/recommended table for 'Question')
https://www.orangejelly.co.uk/licensees-guide/black-friday-pub-ideas,Answer,,,no,no,no,unknown type for this validator (no required/recommended table for 'Answer')
https://www.orangejelly.co.uk/licensees-guide/black-friday-pub-ideas,BreadcrumbList,,,no,no,yes,
https://www.orangejelly.co.uk/licensees-guide/black-friday-pub-ideas,ListItem,,,no,no,no,unknown type for this validator (no required/recommended table for 'ListItem')
https://www.orangejelly.co.uk/licensees-guide/black-friday-pub-ideas,ListItem,,,no,no,no,unknown type for this validator (no required/recommended table for 'ListItem')
https://www.orangejelly.co.uk/licensees-guide/black-friday-pub-ideas,ListItem,,,no,no,no,unknown type for this validator (no required/recommended table for 'ListItem')
https://www.orangejelly.co.uk/licensees-guide/black-friday-pub-ideas,ListItem,,,no,no,no,unknown type for this validator (no required/recommended table for 'ListItem')
https://www.orangejelly.co.uk/licensees-guide/black-friday-pub-ideas,BreadcrumbList,,,no,no,yes,
https://www.orangejelly.co.uk/licensees-guide/black-friday-pub-ideas,ListItem,,,no,no,no,unknown type for this validator (no required/recommended table for 'ListItem')
https://www.orangejelly.co.uk/licensees-guide/black-friday-pub-ideas,ListItem,,,no,no,no,unknown type for this validator (no required/recommended table for 'ListItem')
https://www.orangejelly.co.uk/licensees-guide/black-friday-pub-ideas,ListItem,,,no,no,no,unknown type for this validator (no required/recommended table for 'ListItem')
https://www.orangejelly.co.uk/licensees-guide/black-friday-pub-ideas,ListItem,,,no,no,no,unknown type for this validator (no required/recommended table for 'ListItem')
https://www.orangejelly.co.uk/licensees-guide/boardgame-night-101,ProfessionalService,,,no,no,no,unknown type for this validator (no required/recommended table for 'ProfessionalService')
https://www.orangejelly.co.uk/licensees-guide/boardgame-night-101,ImageObject,,,no,no,no,unknown type for this validator (no required/recommended table for 'ImageObject')
https://www.orangejelly.co.uk/licensees-guide/boardgame-night-101,Person,,,no,no,no,unknown type for this validator (no required/recommended table for 'Person')
https://www.orangejelly.co.uk/licensees-guide/boardgame-night-101,ContactPoint,,,no,no,no,unknown type for this validator (no required/recommended table for 'ContactPoint')
https://www.orangejelly.co.uk/licensees-guide/boardgame-night-101,PostalAddress,,,no,no,no,unknown type for this validator (no required/recommended table for 'PostalAddress')
https://www.orangejelly.co.uk/licensees-guide/boardgame-night-101,GeoCoordinates,,,no,no,no,unknown type for this validator (no required/recommended table for 'GeoCoordinates')
https://www.orangejelly.co.uk/licensees-guide/boardgame-night-101,WebSite,,potentialAction,no,no,no,
https://www.orangejelly.co.uk/licensees-guide/boardgame-night-101,BreadcrumbList,,,no,no,yes,
https://www.orangejelly.co.uk/licensees-guide/boardgame-night-101,ListItem,,,no,no,no,unknown type for this validator (no required/recommended table for 'ListItem')
https://www.orangejelly.co.uk/licensees-guide/boardgame-night-101,BlogPosting,,image,no,no,yes,
https://www.orangejelly.co.uk/licensees-guide/boardgame-night-101,Person,,,no,no,no,unknown type for this validator (no required/recommended table for 'Person')
https://www.orangejelly.co.uk/licensees-guide/boardgame-night-101,Organization,,url; sameAs; contactPoint,no,no,no,
https://www.orangejelly.co.uk/licensees-guide/boardgame-night-101,ImageObject,,,no,no,no,unknown type for this validator (no required/recommended table for 'ImageObject')
https://www.orangejelly.co.uk/licensees-guide/boardgame-night-101,WebPage,,,no,no,no,unknown type for this validator (no required/recommended table for 'WebPage')
https://www.orangejelly.co.uk/licensees-guide/boardgame-night-101,SpeakableSpecification,,,no,no,no,unknown type for this validator (no required/recommended table for 'SpeakableSpecification')
https://www.orangejelly.co.uk/licensees-guide/boardgame-night-101,Thing,,,no,no,no,unknown type for this validator (no required/recommended table for 'Thing')
https://www.orangejelly.co.uk/licensees-guide/boardgame-night-101,Thing,,,no,no,no,unknown type for this validator (no required/recommended table for 'Thing')
https://www.orangejelly.co.uk/licensees-guide/boardgame-night-101,Thing,,,no,no,no,unknown type for this validator (no required/recommended table for 'Thing')
https://www.orangejelly.co.uk/licensees-guide/boardgame-night-101,FAQPage,,,yes,no,no,FAQ rich results are now limited to authoritative government/health sites (Aug 2023). Markup is still valid but most sites no longer earn a rich result.
https://www.orangejelly.co.uk/licensees-guide/boardgame-night-101,Question,,,no,no,no,unknown type for this validator (no required/recommended table for 'Question')
https://www.orangejelly.co.uk/licensees-guide/boardgame-night-101,Answer,,,no,no,no,unknown type for this validator (no required/recommended table for 'Answer')
https://www.orangejelly.co.uk/licensees-guide/boardgame-night-101,Question,,,no,no,no,unknown type for this validator (no required/recommended table for 'Question')
https://www.orangejelly.co.uk/licensees-guide/boardgame-night-101,Answer,,,no,no,no,unknown type for this validator (no required/recommended table for 'Answer')
https://www.orangejelly.co.uk/licensees-guide/boardgame-night-101,Question,,,no,no,no,unknown type for this validator (no required/recommended table for 'Question')
https://www.orangejelly.co.uk/licensees-guide/boardgame-night-101,Answer,,,no,no,no,unknown type for this validator (no required/recommended table for 'Answer')
https://www.orangejelly.co.uk/licensees-guide/boardgame-night-101,BreadcrumbList,,,no,no,yes,
https://www.orangejelly.co.uk/licensees-guide/boardgame-night-101,ListItem,,,no,no,no,unknown type for this validator (no required/recommended table for 'ListItem')
https://www.orangejelly.co.uk/licensees-guide/boardgame-night-101,ListItem,,,no,no,no,unknown type for this validator (no required/recommended table for 'ListItem')
https://www.orangejelly.co.uk/licensees-guide/boardgame-night-101,ListItem,,,no,no,no,unknown type for this validator (no required/recommended table for 'ListItem')
https://www.orangejelly.co.uk/licensees-guide/boardgame-night-101,BreadcrumbList,,,no,no,yes,
https://www.orangejelly.co.uk/licensees-guide/boardgame-night-101,ListItem,,,no,no,no,unknown type for this validator (no required/recommended table for 'ListItem')
https://www.orangejelly.co.uk/licensees-guide/boardgame-night-101,ListItem,,,no,no,no,unknown type for this validator (no required/recommended table for 'ListItem')
https://www.orangejelly.co.uk/licensees-guide/boardgame-night-101,ListItem,,,no,no,no,unknown type for this validator (no required/recommended table for 'ListItem')
https://www.orangejelly.co.uk/licensees-guide/brewery-tie-improve-your-deal,ProfessionalService,,,no,no,no,unknown type for this validator (no required/recommended table for 'ProfessionalService')
https://www.orangejelly.co.uk/licensees-guide/brewery-tie-improve-your-deal,ImageObject,,,no,no,no,unknown type for this validator (no required/recommended table for 'ImageObject')
https://www.orangejelly.co.uk/licensees-guide/brewery-tie-improve-your-deal,Person,,,no,no,no,unknown type for this validator (no required/recommended table for 'Person')
https://www.orangejelly.co.uk/licensees-guide/brewery-tie-improve-your-deal,ContactPoint,,,no,no,no,unknown type for this validator (no required/recommended table for 'ContactPoint')
https://www.orangejelly.co.uk/licensees-guide/brewery-tie-improve-your-deal,PostalAddress,,,no,no,no,unknown type for this validator (no required/recommended table for 'PostalAddress')
https://www.orangejelly.co.uk/licensees-guide/brewery-tie-improve-your-deal,GeoCoordinates,,,no,no,no,unknown type for this validator (no required/recommended table for 'GeoCoordinates')
https://www.orangejelly.co.uk/licensees-guide/brewery-tie-improve-your-deal,WebSite,,potentialAction,no,no,no,
https://www.orangejelly.co.uk/licensees-guide/brewery-tie-improve-your-deal,BreadcrumbList,,,no,no,yes,
https://www.orangejelly.co.uk/licensees-guide/brewery-tie-improve-your-deal,ListItem,,,no,no,no,unknown type for this validator (no required/recommended table for 'ListItem')
https://www.orangejelly.co.uk/licensees-guide/brewery-tie-improve-your-deal,BlogPosting,,image,no,no,yes,
https://www.orangejelly.co.uk/licensees-guide/brewery-tie-improve-your-deal,Person,,,no,no,no,unknown type for this validator (no required/recommended table for 'Person')
https://www.orangejelly.co.uk/licensees-guide/brewery-tie-improve-your-deal,Organization,,url; sameAs; contactPoint,no,no,no,
https://www.orangejelly.co.uk/licensees-guide/brewery-tie-improve-your-deal,ImageObject,,,no,no,no,unknown type for this validator (no required/recommended table for 'ImageObject')
https://www.orangejelly.co.uk/licensees-guide/brewery-tie-improve-your-deal,WebPage,,,no,no,no,unknown type for this validator (no required/recommended table for 'WebPage')
https://www.orangejelly.co.uk/licensees-guide/brewery-tie-improve-your-deal,SpeakableSpecification,,,no,no,no,unknown type for this validator (no required/recommended table for 'SpeakableSpecification')
https://www.orangejelly.co.uk/licensees-guide/brewery-tie-improve-your-deal,Thing,,,no,no,no,unknown type for this validator (no required/recommended table for 'Thing')
https://www.orangejelly.co.uk/licensees-guide/brewery-tie-improve-your-deal,Thing,,,no,no,no,unknown type for this validator (no required/recommended table for 'Thing')
https://www.orangejelly.co.uk/licensees-guide/brewery-tie-improve-your-deal,Thing,,,no,no,no,unknown type for this validator (no required/recommended table for 'Thing')
https://www.orangejelly.co.uk/licensees-guide/brewery-tie-improve-your-deal,Thing,,,no,no,no,unknown type for this validator (no required/recommended table for 'Thing')
https://www.orangejelly.co.uk/licensees-guide/brewery-tie-improve-your-deal,FAQPage,,,yes,no,no,FAQ rich results are now limited to authoritative government/health sites (Aug 2023). Markup is still valid but most sites no longer earn a rich result.
https://www.orangejelly.co.uk/licensees-guide/brewery-tie-improve-your-deal,Question,,,no,no,no,unknown type for this validator (no required/recommended table for 'Question')
https://www.orangejelly.co.uk/licensees-guide/brewery-tie-improve-your-deal,Answer,,,no,no,no,unknown type for this validator (no required/recommended table for 'Answer')
https://www.orangejelly.co.uk/licensees-guide/brewery-tie-improve-your-deal,Question,,,no,no,no,unknown type for this validator (no required/recommended table for 'Question')
https://www.orangejelly.co.uk/licensees-guide/brewery-tie-improve-your-deal,Answer,,,no,no,no,unknown type for this validator (no required/recommended table for 'Answer')
https://www.orangejelly.co.uk/licensees-guide/brewery-tie-improve-your-deal,Question,,,no,no,no,unknown type for this validator (no required/recommended table for 'Question')
https://www.orangejelly.co.uk/licensees-guide/brewery-tie-improve-your-deal,Answer,,,no,no,no,unknown type for this validator (no required/recommended table for 'Answer')
https://www.orangejelly.co.uk/licensees-guide/brewery-tie-improve-your-deal,Question,,,no,no,no,unknown type for this validator (no required/recommended table for 'Question')
https://www.orangejelly.co.uk/licensees-guide/brewery-tie-improve-your-deal,Answer,,,no,no,no,unknown type for this validator (no required/recommended table for 'Answer')
https://www.orangejelly.co.uk/licensees-guide/brewery-tie-improve-your-deal,Question,,,no,no,no,unknown type for this validator (no required/recommended table for 'Question')
https://www.orangejelly.co.uk/licensees-guide/brewery-tie-improve-your-deal,Answer,,,no,no,no,unknown type for this validator (no required/recommended table for 'Answer')
https://www.orangejelly.co.uk/licensees-guide/brewery-tie-improve-your-deal,Question,,,no,no,no,unknown type for this validator (no required/recommended table for 'Question')
https://www.orangejelly.co.uk/licensees-guide/brewery-tie-improve-your-deal,Answer,,,no,no,no,unknown type for this validator (no required/recommended table for 'Answer')
https://www.orangejelly.co.uk/licensees-guide/brewery-tie-improve-your-deal,Question,,,no,no,no,unknown type for this validator (no required/recommended table for 'Question')
https://www.orangejelly.co.uk/licensees-guide/brewery-tie-improve-your-deal,Answer,,,no,no,no,unknown type for this validator (no required/recommended table for 'Answer')
https://www.orangejelly.co.uk/licensees-guide/brewery-tie-improve-your-deal,BreadcrumbList,,,no,no,yes,
https://www.orangejelly.co.uk/licensees-guide/brewery-tie-improve-your-deal,ListItem,,,no,no,no,unknown type for this validator (no required/recommended table for 'ListItem')
https://www.orangejelly.co.uk/licensees-guide/brewery-tie-improve-your-deal,ListItem,,,no,no,no,unknown type for this validator (no required/recommended table for 'ListItem')
https://www.orangejelly.co.uk/licensees-guide/brewery-tie-improve-your-deal,ListItem,,,no,no,no,unknown type for this validator (no required/recommended table for 'ListItem')
https://www.orangejelly.co.uk/licensees-guide/brewery-tie-improve-your-deal,BreadcrumbList,,,no,no,yes,
https://www.orangejelly.co.uk/licensees-guide/brewery-tie-improve-your-deal,ListItem,,,no,no,no,unknown type for this validator (no required/recommended table for 'ListItem')
https://www.orangejelly.co.uk/licensees-guide/brewery-tie-improve-your-deal,ListItem,,,no,no,no,unknown type for this validator (no required/recommended table for 'ListItem')
https://www.orangejelly.co.uk/licensees-guide/brewery-tie-improve-your-deal,ListItem,,,no,no,no,unknown type for this validator (no required/recommended table for 'ListItem')
https://www.orangejelly.co.uk/licensees-guide/build-loyalty-scheme-fill-pub,ProfessionalService,,,no,no,no,unknown type for this validator (no required/recommended table for 'ProfessionalService')
https://www.orangejelly.co.uk/licensees-guide/build-loyalty-scheme-fill-pub,ImageObject,,,no,no,no,unknown type for this validator (no required/recommended table for 'ImageObject')
https://www.orangejelly.co.uk/licensees-guide/build-loyalty-scheme-fill-pub,Person,,,no,no,no,unknown type for this validator (no required/recommended table for 'Person')
https://www.orangejelly.co.uk/licensees-guide/build-loyalty-scheme-fill-pub,ContactPoint,,,no,no,no,unknown type for this validator (no required/recommended table for 'ContactPoint')
https://www.orangejelly.co.uk/licensees-guide/build-loyalty-scheme-fill-pub,PostalAddress,,,no,no,no,unknown type for this validator (no required/recommended table for 'PostalAddress')
https://www.orangejelly.co.uk/licensees-guide/build-loyalty-scheme-fill-pub,GeoCoordinates,,,no,no,no,unknown type for this validator (no required/recommended table for 'GeoCoordinates')
https://www.orangejelly.co.uk/licensees-guide/build-loyalty-scheme-fill-pub,WebSite,,potentialAction,no,no,no,
https://www.orangejelly.co.uk/licensees-guide/build-loyalty-scheme-fill-pub,BreadcrumbList,,,no,no,yes,
https://www.orangejelly.co.uk/licensees-guide/build-loyalty-scheme-fill-pub,ListItem,,,no,no,no,unknown type for this validator (no required/recommended table for 'ListItem')
https://www.orangejelly.co.uk/licensees-guide/build-loyalty-scheme-fill-pub,BlogPosting,,image,no,no,yes,
https://www.orangejelly.co.uk/licensees-guide/build-loyalty-scheme-fill-pub,Person,,,no,no,no,unknown type for this validator (no required/recommended table for 'Person')
https://www.orangejelly.co.uk/licensees-guide/build-loyalty-scheme-fill-pub,Organization,,url; sameAs; contactPoint,no,no,no,
https://www.orangejelly.co.uk/licensees-guide/build-loyalty-scheme-fill-pub,ImageObject,,,no,no,no,unknown type for this validator (no required/recommended table for 'ImageObject')
https://www.orangejelly.co.uk/licensees-guide/build-loyalty-scheme-fill-pub,WebPage,,,no,no,no,unknown type for this validator (no required/recommended table for 'WebPage')
https://www.orangejelly.co.uk/licensees-guide/build-loyalty-scheme-fill-pub,SpeakableSpecification,,,no,no,no,unknown type for this validator (no required/recommended table for 'SpeakableSpecification')
https://www.orangejelly.co.uk/licensees-guide/build-loyalty-scheme-fill-pub,Thing,,,no,no,no,unknown type for this validator (no required/recommended table for 'Thing')
https://www.orangejelly.co.uk/licensees-guide/build-loyalty-scheme-fill-pub,Thing,,,no,no,no,unknown type for this validator (no required/recommended table for 'Thing')
https://www.orangejelly.co.uk/licensees-guide/build-loyalty-scheme-fill-pub,Thing,,,no,no,no,unknown type for this validator (no required/recommended table for 'Thing')
https://www.orangejelly.co.uk/licensees-guide/build-loyalty-scheme-fill-pub,FAQPage,,,yes,no,no,FAQ rich results are now limited to authoritative government/health sites (Aug 2023). Markup is still valid but most sites no longer earn a rich result.
https://www.orangejelly.co.uk/licensees-guide/build-loyalty-scheme-fill-pub,Question,,,no,no,no,unknown type for this validator (no required/recommended table for 'Question')
https://www.orangejelly.co.uk/licensees-guide/build-loyalty-scheme-fill-pub,Answer,,,no,no,no,unknown type for this validator (no required/recommended table for 'Answer')
https://www.orangejelly.co.uk/licensees-guide/build-loyalty-scheme-fill-pub,Question,,,no,no,no,unknown type for this validator (no required/recommended table for 'Question')
https://www.orangejelly.co.uk/licensees-guide/build-loyalty-scheme-fill-pub,Answer,,,no,no,no,unknown type for this validator (no required/recommended table for 'Answer')
https://www.orangejelly.co.uk/licensees-guide/build-loyalty-scheme-fill-pub,Question,,,no,no,no,unknown type for this validator (no required/recommended table for 'Question')
https://www.orangejelly.co.uk/licensees-guide/build-loyalty-scheme-fill-pub,Answer,,,no,no,no,unknown type for this validator (no required/recommended table for 'Answer')
https://www.orangejelly.co.uk/licensees-guide/build-loyalty-scheme-fill-pub,BreadcrumbList,,,no,no,yes,
https://www.orangejelly.co.uk/licensees-guide/build-loyalty-scheme-fill-pub,ListItem,,,no,no,no,unknown type for this validator (no required/recommended table for 'ListItem')
https://www.orangejelly.co.uk/licensees-guide/build-loyalty-scheme-fill-pub,ListItem,,,no,no,no,unknown type for this validator (no required/recommended table for 'ListItem')
https://www.orangejelly.co.uk/licensees-guide/build-loyalty-scheme-fill-pub,ListItem,,,no,no,no,unknown type for this validator (no required/recommended table for 'ListItem')
https://www.orangejelly.co.uk/licensees-guide/build-loyalty-scheme-fill-pub,ListItem,,,no,no,no,unknown type for this validator (no required/recommended table for 'ListItem')
https://www.orangejelly.co.uk/licensees-guide/build-loyalty-scheme-fill-pub,BreadcrumbList,,,no,no,yes,
https://www.orangejelly.co.uk/licensees-guide/build-loyalty-scheme-fill-pub,ListItem,,,no,no,no,unknown type for this validator (no required/recommended table for 'ListItem')
https://www.orangejelly.co.uk/licensees-guide/build-loyalty-scheme-fill-pub,ListItem,,,no,no,no,unknown type for this validator (no required/recommended table for 'ListItem')
https://www.orangejelly.co.uk/licensees-guide/build-loyalty-scheme-fill-pub,ListItem,,,no,no,no,unknown type for this validator (no required/recommended table for 'ListItem')
https://www.orangejelly.co.uk/licensees-guide/build-loyalty-scheme-fill-pub,ListItem,,,no,no,no,unknown type for this validator (no required/recommended table for 'ListItem')
https://www.orangejelly.co.uk/licensees-guide/buying-a-pub-complete-guide,ProfessionalService,,,no,no,no,unknown type for this validator (no required/recommended table for 'ProfessionalService')
https://www.orangejelly.co.uk/licensees-guide/buying-a-pub-complete-guide,ImageObject,,,no,no,no,unknown type for this validator (no required/recommended table for 'ImageObject')
https://www.orangejelly.co.uk/licensees-guide/buying-a-pub-complete-guide,Person,,,no,no,no,unknown type for this validator (no required/recommended table for 'Person')
https://www.orangejelly.co.uk/licensees-guide/buying-a-pub-complete-guide,ContactPoint,,,no,no,no,unknown type for this validator (no required/recommended table for 'ContactPoint')
https://www.orangejelly.co.uk/licensees-guide/buying-a-pub-complete-guide,PostalAddress,,,no,no,no,unknown type for this validator (no required/recommended table for 'PostalAddress')
https://www.orangejelly.co.uk/licensees-guide/buying-a-pub-complete-guide,GeoCoordinates,,,no,no,no,unknown type for this validator (no required/recommended table for 'GeoCoordinates')
https://www.orangejelly.co.uk/licensees-guide/buying-a-pub-complete-guide,WebSite,,potentialAction,no,no,no,
https://www.orangejelly.co.uk/licensees-guide/buying-a-pub-complete-guide,BreadcrumbList,,,no,no,yes,
https://www.orangejelly.co.uk/licensees-guide/buying-a-pub-complete-guide,ListItem,,,no,no,no,unknown type for this validator (no required/recommended table for 'ListItem')
https://www.orangejelly.co.uk/licensees-guide/buying-a-pub-complete-guide,BlogPosting,,image,no,no,yes,
https://www.orangejelly.co.uk/licensees-guide/buying-a-pub-complete-guide,Person,,,no,no,no,unknown type for this validator (no required/recommended table for 'Person')
https://www.orangejelly.co.uk/licensees-guide/buying-a-pub-complete-guide,Organization,,url; sameAs; contactPoint,no,no,no,
https://www.orangejelly.co.uk/licensees-guide/buying-a-pub-complete-guide,ImageObject,,,no,no,no,unknown type for this validator (no required/recommended table for 'ImageObject')
https://www.orangejelly.co.uk/licensees-guide/buying-a-pub-complete-guide,WebPage,,,no,no,no,unknown type for this validator (no required/recommended table for 'WebPage')
https://www.orangejelly.co.uk/licensees-guide/buying-a-pub-complete-guide,SpeakableSpecification,,,no,no,no,unknown type for this validator (no required/recommended table for 'SpeakableSpecification')
https://www.orangejelly.co.uk/licensees-guide/buying-a-pub-complete-guide,Thing,,,no,no,no,unknown type for this validator (no required/recommended table for 'Thing')
https://www.orangejelly.co.uk/licensees-guide/buying-a-pub-complete-guide,Thing,,,no,no,no,unknown type for this validator (no required/recommended table for 'Thing')
https://www.orangejelly.co.uk/licensees-guide/buying-a-pub-complete-guide,Thing,,,no,no,no,unknown type for this validator (no required/recommended table for 'Thing')
https://www.orangejelly.co.uk/licensees-guide/buying-a-pub-complete-guide,Thing,,,no,no,no,unknown type for this validator (no required/recommended table for 'Thing')
https://www.orangejelly.co.uk/licensees-guide/buying-a-pub-complete-guide,FAQPage,,,yes,no,no,FAQ rich results are now limited to authoritative government/health sites (Aug 2023). Markup is still valid but most sites no longer earn a rich result.
https://www.orangejelly.co.uk/licensees-guide/buying-a-pub-complete-guide,Question,,,no,no,no,unknown type for this validator (no required/recommended table for 'Question')
https://www.orangejelly.co.uk/licensees-guide/buying-a-pub-complete-guide,Answer,,,no,no,no,unknown type for this validator (no required/recommended table for 'Answer')
https://www.orangejelly.co.uk/licensees-guide/buying-a-pub-complete-guide,Question,,,no,no,no,unknown type for this validator (no required/recommended table for 'Question')
https://www.orangejelly.co.uk/licensees-guide/buying-a-pub-complete-guide,Answer,,,no,no,no,unknown type for this validator (no required/recommended table for 'Answer')
https://www.orangejelly.co.uk/licensees-guide/buying-a-pub-complete-guide,Question,,,no,no,no,unknown type for this validator (no required/recommended table for 'Question')
https://www.orangejelly.co.uk/licensees-guide/buying-a-pub-complete-guide,Answer,,,no,no,no,unknown type for this validator (no required/recommended table for 'Answer')
https://www.orangejelly.co.uk/licensees-guide/buying-a-pub-complete-guide,Question,,,no,no,no,unknown type for this validator (no required/recommended table for 'Question')
https://www.orangejelly.co.uk/licensees-guide/buying-a-pub-complete-guide,Answer,,,no,no,no,unknown type for this validator (no required/recommended table for 'Answer')
https://www.orangejelly.co.uk/licensees-guide/buying-a-pub-complete-guide,Question,,,no,no,no,unknown type for this validator (no required/recommended table for 'Question')
https://www.orangejelly.co.uk/licensees-guide/buying-a-pub-complete-guide,Answer,,,no,no,no,unknown type for this validator (no required/recommended table for 'Answer')
https://www.orangejelly.co.uk/licensees-guide/buying-a-pub-complete-guide,Question,,,no,no,no,unknown type for this validator (no required/recommended table for 'Question')
https://www.orangejelly.co.uk/licensees-guide/buying-a-pub-complete-guide,Answer,,,no,no,no,unknown type for this validator (no required/recommended table for 'Answer')
https://www.orangejelly.co.uk/licensees-guide/buying-a-pub-complete-guide,BreadcrumbList,,,no,no,yes,
https://www.orangejelly.co.uk/licensees-guide/buying-a-pub-complete-guide,ListItem,,,no,no,no,unknown type for this validator (no required/recommended table for 'ListItem')
https://www.orangejelly.co.uk/licensees-guide/buying-a-pub-complete-guide,ListItem,,,no,no,no,unknown type for this validator (no required/recommended table for 'ListItem')
https://www.orangejelly.co.uk/licensees-guide/buying-a-pub-complete-guide,ListItem,,,no,no,no,unknown type for this validator (no required/recommended table for 'ListItem')
https://www.orangejelly.co.uk/licensees-guide/buying-a-pub-complete-guide,BreadcrumbList,,,no,no,yes,
https://www.orangejelly.co.uk/licensees-guide/buying-a-pub-complete-guide,ListItem,,,no,no,no,unknown type for this validator (no required/recommended table for 'ListItem')
https://www.orangejelly.co.uk/licensees-guide/buying-a-pub-complete-guide,ListItem,,,no,no,no,unknown type for this validator (no required/recommended table for 'ListItem')
https://www.orangejelly.co.uk/licensees-guide/buying-a-pub-complete-guide,ListItem,,,no,no,no,unknown type for this validator (no required/recommended table for 'ListItem')
https://www.orangejelly.co.uk/licensees-guide/cash-bingo-101,ProfessionalService,,,no,no,no,unknown type for this validator (no required/recommended table for 'ProfessionalService')
https://www.orangejelly.co.uk/licensees-guide/cash-bingo-101,ImageObject,,,no,no,no,unknown type for this validator (no required/recommended table for 'ImageObject')
https://www.orangejelly.co.uk/licensees-guide/cash-bingo-101,Person,,,no,no,no,unknown type for this validator (no required/recommended table for 'Person')
https://www.orangejelly.co.uk/licensees-guide/cash-bingo-101,ContactPoint,,,no,no,no,unknown type for this validator (no required/recommended table for 'ContactPoint')
https://www.orangejelly.co.uk/licensees-guide/cash-bingo-101,PostalAddress,,,no,no,no,unknown type for this validator (no required/recommended table for 'PostalAddress')
https://www.orangejelly.co.uk/licensees-guide/cash-bingo-101,GeoCoordinates,,,no,no,no,unknown type for this validator (no required/recommended table for 'GeoCoordinates')
https://www.orangejelly.co.uk/licensees-guide/cash-bingo-101,WebSite,,potentialAction,no,no,no,
https://www.orangejelly.co.uk/licensees-guide/cash-bingo-101,BreadcrumbList,,,no,no,yes,
https://www.orangejelly.co.uk/licensees-guide/cash-bingo-101,ListItem,,,no,no,no,unknown type for this validator (no required/recommended table for 'ListItem')
https://www.orangejelly.co.uk/licensees-guide/cash-bingo-101,BlogPosting,,image,no,no,yes,
https://www.orangejelly.co.uk/licensees-guide/cash-bingo-101,Person,,,no,no,no,unknown type for this validator (no required/recommended table for 'Person')
https://www.orangejelly.co.uk/licensees-guide/cash-bingo-101,Organization,,url; sameAs; contactPoint,no,no,no,
https://www.orangejelly.co.uk/licensees-guide/cash-bingo-101,ImageObject,,,no,no,no,unknown type for this validator (no required/recommended table for 'ImageObject')
https://www.orangejelly.co.uk/licensees-guide/cash-bingo-101,WebPage,,,no,no,no,unknown type for this validator (no required/recommended table for 'WebPage')
https://www.orangejelly.co.uk/licensees-guide/cash-bingo-101,SpeakableSpecification,,,no,no,no,unknown type for this validator (no required/recommended table for 'SpeakableSpecification')
https://www.orangejelly.co.uk/licensees-guide/cash-bingo-101,Thing,,,no,no,no,unknown type for this validator (no required/recommended table for 'Thing')
https://www.orangejelly.co.uk/licensees-guide/cash-bingo-101,Thing,,,no,no,no,unknown type for this validator (no required/recommended table for 'Thing')
https://www.orangejelly.co.uk/licensees-guide/cash-bingo-101,Thing,,,no,no,no,unknown type for this validator (no required/recommended table for 'Thing')
https://www.orangejelly.co.uk/licensees-guide/cash-bingo-101,FAQPage,,,yes,no,no,FAQ rich results are now limited to authoritative government/health sites (Aug 2023). Markup is still valid but most sites no longer earn a rich result.
https://www.orangejelly.co.uk/licensees-guide/cash-bingo-101,Question,,,no,no,no,unknown type for this validator (no required/recommended table for 'Question')
https://www.orangejelly.co.uk/licensees-guide/cash-bingo-101,Answer,,,no,no,no,unknown type for this validator (no required/recommended table for 'Answer')
https://www.orangejelly.co.uk/licensees-guide/cash-bingo-101,Question,,,no,no,no,unknown type for this validator (no required/recommended table for 'Question')
https://www.orangejelly.co.uk/licensees-guide/cash-bingo-101,Answer,,,no,no,no,unknown type for this validator (no required/recommended table for 'Answer')
https://www.orangejelly.co.uk/licensees-guide/cash-bingo-101,Question,,,no,no,no,unknown type for this validator (no required/recommended table for 'Question')
https://www.orangejelly.co.uk/licensees-guide/cash-bingo-101,Answer,,,no,no,no,unknown type for this validator (no required/recommended table for 'Answer')
https://www.orangejelly.co.uk/licensees-guide/cash-bingo-101,BreadcrumbList,,,no,no,yes,
https://www.orangejelly.co.uk/licensees-guide/cash-bingo-101,ListItem,,,no,no,no,unknown type for this validator (no required/recommended table for 'ListItem')
https://www.orangejelly.co.uk/licensees-guide/cash-bingo-101,ListItem,,,no,no,no,unknown type for this validator (no required/recommended table for 'ListItem')
https://www.orangejelly.co.uk/licensees-guide/cash-bingo-101,ListItem,,,no,no,no,unknown type for this validator (no required/recommended table for 'ListItem')
https://www.orangejelly.co.uk/licensees-guide/cash-bingo-101,BreadcrumbList,,,no,no,yes,
https://www.orangejelly.co.uk/licensees-guide/cash-bingo-101,ListItem,,,no,no,no,unknown type for this validator (no required/recommended table for 'ListItem')
https://www.orangejelly.co.uk/licensees-guide/cash-bingo-101,ListItem,,,no,no,no,unknown type for this validator (no required/recommended table for 'ListItem')
https://www.orangejelly.co.uk/licensees-guide/cash-bingo-101,ListItem,,,no,no,no,unknown type for this validator (no required/recommended table for 'ListItem')
https://www.orangejelly.co.uk/licensees-guide/cash-flow-crisis-breaking-cycle,ProfessionalService,,,no,no,no,unknown type for this validator (no required/recommended table for 'ProfessionalService')
https://www.orangejelly.co.uk/licensees-guide/cash-flow-crisis-breaking-cycle,ImageObject,,,no,no,no,unknown type for this validator (no required/recommended table for 'ImageObject')
https://www.orangejelly.co.uk/licensees-guide/cash-flow-crisis-breaking-cycle,Person,,,no,no,no,unknown type for this validator (no required/recommended table for 'Person')
https://www.orangejelly.co.uk/licensees-guide/cash-flow-crisis-breaking-cycle,ContactPoint,,,no,no,no,unknown type for this validator (no required/recommended table for 'ContactPoint')
https://www.orangejelly.co.uk/licensees-guide/cash-flow-crisis-breaking-cycle,PostalAddress,,,no,no,no,unknown type for this validator (no required/recommended table for 'PostalAddress')
https://www.orangejelly.co.uk/licensees-guide/cash-flow-crisis-breaking-cycle,GeoCoordinates,,,no,no,no,unknown type for this validator (no required/recommended table for 'GeoCoordinates')
https://www.orangejelly.co.uk/licensees-guide/cash-flow-crisis-breaking-cycle,WebSite,,potentialAction,no,no,no,
https://www.orangejelly.co.uk/licensees-guide/cash-flow-crisis-breaking-cycle,BreadcrumbList,,,no,no,yes,
https://www.orangejelly.co.uk/licensees-guide/cash-flow-crisis-breaking-cycle,ListItem,,,no,no,no,unknown type for this validator (no required/recommended table for 'ListItem')
https://www.orangejelly.co.uk/licensees-guide/cash-flow-crisis-breaking-cycle,FAQPage,,,yes,no,no,FAQ rich results are now limited to authoritative government/health sites (Aug 2023). Markup is still valid but most sites no longer earn a rich result.
https://www.orangejelly.co.uk/licensees-guide/cash-flow-crisis-breaking-cycle,Question,,,no,no,no,unknown type for this validator (no required/recommended table for 'Question')
https://www.orangejelly.co.uk/licensees-guide/cash-flow-crisis-breaking-cycle,Answer,,,no,no,no,unknown type for this validator (no required/recommended table for 'Answer')
https://www.orangejelly.co.uk/licensees-guide/cash-flow-crisis-breaking-cycle,Question,,,no,no,no,unknown type for this validator (no required/recommended table for 'Question')
https://www.orangejelly.co.uk/licensees-guide/cash-flow-crisis-breaking-cycle,Answer,,,no,no,no,unknown type for this validator (no required/recommended table for 'Answer')
https://www.orangejelly.co.uk/licensees-guide/cash-flow-crisis-breaking-cycle,Question,,,no,no,no,unknown type for this validator (no required/recommended table for 'Question')
https://www.orangejelly.co.uk/licensees-guide/cash-flow-crisis-breaking-cycle,Answer,,,no,no,no,unknown type for this validator (no required/recommended table for 'Answer')
https://www.orangejelly.co.uk/licensees-guide/cash-flow-crisis-breaking-cycle,BreadcrumbList,,,no,no,yes,
https://www.orangejelly.co.uk/licensees-guide/cash-flow-crisis-breaking-cycle,ListItem,,,no,no,no,unknown type for this validator (no required/recommended table for 'ListItem')
https://www.orangejelly.co.uk/licensees-guide/cash-flow-crisis-breaking-cycle,ListItem,,,no,no,no,unknown type for this validator (no required/recommended table for 'ListItem')
https://www.orangejelly.co.uk/licensees-guide/cashflow-fixes-when-trade-drops,ProfessionalService,,,no,no,no,unknown type for this validator (no required/recommended table for 'ProfessionalService')
https://www.orangejelly.co.uk/licensees-guide/cashflow-fixes-when-trade-drops,ImageObject,,,no,no,no,unknown type for this validator (no required/recommended table for 'ImageObject')
https://www.orangejelly.co.uk/licensees-guide/cashflow-fixes-when-trade-drops,Person,,,no,no,no,unknown type for this validator (no required/recommended table for 'Person')
https://www.orangejelly.co.uk/licensees-guide/cashflow-fixes-when-trade-drops,ContactPoint,,,no,no,no,unknown type for this validator (no required/recommended table for 'ContactPoint')
https://www.orangejelly.co.uk/licensees-guide/cashflow-fixes-when-trade-drops,PostalAddress,,,no,no,no,unknown type for this validator (no required/recommended table for 'PostalAddress')
https://www.orangejelly.co.uk/licensees-guide/cashflow-fixes-when-trade-drops,GeoCoordinates,,,no,no,no,unknown type for this validator (no required/recommended table for 'GeoCoordinates')
https://www.orangejelly.co.uk/licensees-guide/cashflow-fixes-when-trade-drops,WebSite,,potentialAction,no,no,no,
https://www.orangejelly.co.uk/licensees-guide/cashflow-fixes-when-trade-drops,BreadcrumbList,,,no,no,yes,
https://www.orangejelly.co.uk/licensees-guide/cashflow-fixes-when-trade-drops,ListItem,,,no,no,no,unknown type for this validator (no required/recommended table for 'ListItem')
https://www.orangejelly.co.uk/licensees-guide/cashflow-fixes-when-trade-drops,BlogPosting,,image,no,no,yes,
https://www.orangejelly.co.uk/licensees-guide/cashflow-fixes-when-trade-drops,Person,,,no,no,no,unknown type for this validator (no required/recommended table for 'Person')
https://www.orangejelly.co.uk/licensees-guide/cashflow-fixes-when-trade-drops,Organization,,url; sameAs; contactPoint,no,no,no,
https://www.orangejelly.co.uk/licensees-guide/cashflow-fixes-when-trade-drops,ImageObject,,,no,no,no,unknown type for this validator (no required/recommended table for 'ImageObject')
https://www.orangejelly.co.uk/licensees-guide/cashflow-fixes-when-trade-drops,WebPage,,,no,no,no,unknown type for this validator (no required/recommended table for 'WebPage')
https://www.orangejelly.co.uk/licensees-guide/cashflow-fixes-when-trade-drops,SpeakableSpecification,,,no,no,no,unknown type for this validator (no required/recommended table for 'SpeakableSpecification')
https://www.orangejelly.co.uk/licensees-guide/cashflow-fixes-when-trade-drops,Thing,,,no,no,no,unknown type for this validator (no required/recommended table for 'Thing')
https://www.orangejelly.co.uk/licensees-guide/cashflow-fixes-when-trade-drops,Thing,,,no,no,no,unknown type for this validator (no required/recommended table for 'Thing')
https://www.orangejelly.co.uk/licensees-guide/cashflow-fixes-when-trade-drops,Thing,,,no,no,no,unknown type for this validator (no required/recommended table for 'Thing')
https://www.orangejelly.co.uk/licensees-guide/cashflow-fixes-when-trade-drops,FAQPage,,,yes,no,no,FAQ rich results are now limited to authoritative government/health sites (Aug 2023). Markup is still valid but most sites no longer earn a rich result.
https://www.orangejelly.co.uk/licensees-guide/cashflow-fixes-when-trade-drops,Question,,,no,no,no,unknown type for this validator (no required/recommended table for 'Question')
https://www.orangejelly.co.uk/licensees-guide/cashflow-fixes-when-trade-drops,Answer,,,no,no,no,unknown type for this validator (no required/recommended table for 'Answer')
https://www.orangejelly.co.uk/licensees-guide/cashflow-fixes-when-trade-drops,Question,,,no,no,no,unknown type for this validator (no required/recommended table for 'Question')
https://www.orangejelly.co.uk/licensees-guide/cashflow-fixes-when-trade-drops,Answer,,,no,no,no,unknown type for this validator (no required/recommended table for 'Answer')
https://www.orangejelly.co.uk/licensees-guide/cashflow-fixes-when-trade-drops,Question,,,no,no,no,unknown type for this validator (no required/recommended table for 'Question')
https://www.orangejelly.co.uk/licensees-guide/cashflow-fixes-when-trade-drops,Answer,,,no,no,no,unknown type for this validator (no required/recommended table for 'Answer')
https://www.orangejelly.co.uk/licensees-guide/cashflow-fixes-when-trade-drops,BreadcrumbList,,,no,no,yes,
https://www.orangejelly.co.uk/licensees-guide/cashflow-fixes-when-trade-drops,ListItem,,,no,no,no,unknown type for this validator (no required/recommended table for 'ListItem')
https://www.orangejelly.co.uk/licensees-guide/cashflow-fixes-when-trade-drops,ListItem,,,no,no,no,unknown type for this validator (no required/recommended table for 'ListItem')
https://www.orangejelly.co.uk/licensees-guide/cashflow-fixes-when-trade-drops,ListItem,,,no,no,no,unknown type for this validator (no required/recommended table for 'ListItem')
https://www.orangejelly.co.uk/licensees-guide/cashflow-fixes-when-trade-drops,BreadcrumbList,,,no,no,yes,
https://www.orangejelly.co.uk/licensees-guide/cashflow-fixes-when-trade-drops,ListItem,,,no,no,no,unknown type for this validator (no required/recommended table for 'ListItem')
https://www.orangejelly.co.uk/licensees-guide/cashflow-fixes-when-trade-drops,ListItem,,,no,no,no,unknown type for this validator (no required/recommended table for 'ListItem')
https://www.orangejelly.co.uk/licensees-guide/cashflow-fixes-when-trade-drops,ListItem,,,no,no,no,unknown type for this validator (no required/recommended table for 'ListItem')
https://www.orangejelly.co.uk/licensees-guide/cask-ale-week-pub-guide,ProfessionalService,,,no,no,no,unknown type for this validator (no required/recommended table for 'ProfessionalService')
https://www.orangejelly.co.uk/licensees-guide/cask-ale-week-pub-guide,ImageObject,,,no,no,no,unknown type for this validator (no required/recommended table for 'ImageObject')
https://www.orangejelly.co.uk/licensees-guide/cask-ale-week-pub-guide,Person,,,no,no,no,unknown type for this validator (no required/recommended table for 'Person')
https://www.orangejelly.co.uk/licensees-guide/cask-ale-week-pub-guide,ContactPoint,,,no,no,no,unknown type for this validator (no required/recommended table for 'ContactPoint')
https://www.orangejelly.co.uk/licensees-guide/cask-ale-week-pub-guide,PostalAddress,,,no,no,no,unknown type for this validator (no required/recommended table for 'PostalAddress')
https://www.orangejelly.co.uk/licensees-guide/cask-ale-week-pub-guide,GeoCoordinates,,,no,no,no,unknown type for this validator (no required/recommended table for 'GeoCoordinates')
https://www.orangejelly.co.uk/licensees-guide/cask-ale-week-pub-guide,WebSite,,potentialAction,no,no,no,
https://www.orangejelly.co.uk/licensees-guide/cask-ale-week-pub-guide,BreadcrumbList,,,no,no,yes,
https://www.orangejelly.co.uk/licensees-guide/cask-ale-week-pub-guide,ListItem,,,no,no,no,unknown type for this validator (no required/recommended table for 'ListItem')
https://www.orangejelly.co.uk/licensees-guide/cask-ale-week-pub-guide,BlogPosting,,image,no,no,yes,
https://www.orangejelly.co.uk/licensees-guide/cask-ale-week-pub-guide,Person,,,no,no,no,unknown type for this validator (no required/recommended table for 'Person')
https://www.orangejelly.co.uk/licensees-guide/cask-ale-week-pub-guide,Organization,,url; sameAs; contactPoint,no,no,no,
https://www.orangejelly.co.uk/licensees-guide/cask-ale-week-pub-guide,ImageObject,,,no,no,no,unknown type for this validator (no required/recommended table for 'ImageObject')
https://www.orangejelly.co.uk/licensees-guide/cask-ale-week-pub-guide,WebPage,,,no,no,no,unknown type for this validator (no required/recommended table for 'WebPage')
https://www.orangejelly.co.uk/licensees-guide/cask-ale-week-pub-guide,SpeakableSpecification,,,no,no,no,unknown type for this validator (no required/recommended table for 'SpeakableSpecification')
https://www.orangejelly.co.uk/licensees-guide/cask-ale-week-pub-guide,Thing,,,no,no,no,unknown type for this validator (no required/recommended table for 'Thing')
https://www.orangejelly.co.uk/licensees-guide/cask-ale-week-pub-guide,Thing,,,no,no,no,unknown type for this validator (no required/recommended table for 'Thing')
https://www.orangejelly.co.uk/licensees-guide/cask-ale-week-pub-guide,Thing,,,no,no,no,unknown type for this validator (no required/recommended table for 'Thing')
https://www.orangejelly.co.uk/licensees-guide/cask-ale-week-pub-guide,Thing,,,no,no,no,unknown type for this validator (no required/recommended table for 'Thing')
https://www.orangejelly.co.uk/licensees-guide/cask-ale-week-pub-guide,FAQPage,,,yes,no,no,FAQ rich results are now limited to authoritative government/health sites (Aug 2023). Markup is still valid but most sites no longer earn a rich result.
https://www.orangejelly.co.uk/licensees-guide/cask-ale-week-pub-guide,Question,,,no,no,no,unknown type for this validator (no required/recommended table for 'Question')
https://www.orangejelly.co.uk/licensees-guide/cask-ale-week-pub-guide,Answer,,,no,no,no,unknown type for this validator (no required/recommended table for 'Answer')
https://www.orangejelly.co.uk/licensees-guide/cask-ale-week-pub-guide,Question,,,no,no,no,unknown type for this validator (no required/recommended table for 'Question')
https://www.orangejelly.co.uk/licensees-guide/cask-ale-week-pub-guide,Answer,,,no,no,no,unknown type for this validator (no required/recommended table for 'Answer')
https://www.orangejelly.co.uk/licensees-guide/cask-ale-week-pub-guide,Question,,,no,no,no,unknown type for this validator (no required/recommended table for 'Question')
https://www.orangejelly.co.uk/licensees-guide/cask-ale-week-pub-guide,Answer,,,no,no,no,unknown type for this validator (no required/recommended table for 'Answer')
https://www.orangejelly.co.uk/licensees-guide/cask-ale-week-pub-guide,Question,,,no,no,no,unknown type for this validator (no required/recommended table for 'Question')
https://www.orangejelly.co.uk/licensees-guide/cask-ale-week-pub-guide,Answer,,,no,no,no,unknown type for this validator (no required/recommended table for 'Answer')
https://www.orangejelly.co.uk/licensees-guide/cask-ale-week-pub-guide,Question,,,no,no,no,unknown type for this validator (no required/recommended table for 'Question')
https://www.orangejelly.co.uk/licensees-guide/cask-ale-week-pub-guide,Answer,,,no,no,no,unknown type for this validator (no required/recommended table for 'Answer')
https://www.orangejelly.co.uk/licensees-guide/cask-ale-week-pub-guide,BreadcrumbList,,,no,no,yes,
https://www.orangejelly.co.uk/licensees-guide/cask-ale-week-pub-guide,ListItem,,,no,no,no,unknown type for this validator (no required/recommended table for 'ListItem')
https://www.orangejelly.co.uk/licensees-guide/cask-ale-week-pub-guide,ListItem,,,no,no,no,unknown type for this validator (no required/recommended table for 'ListItem')
https://www.orangejelly.co.uk/licensees-guide/cask-ale-week-pub-guide,ListItem,,,no,no,no,unknown type for this validator (no required/recommended table for 'ListItem')
https://www.orangejelly.co.uk/licensees-guide/cask-ale-week-pub-guide,ListItem,,,no,no,no,unknown type for this validator (no required/recommended table for 'ListItem')
https://www.orangejelly.co.uk/licensees-guide/cask-ale-week-pub-guide,BreadcrumbList,,,no,no,yes,
https://www.orangejelly.co.uk/licensees-guide/cask-ale-week-pub-guide,ListItem,,,no,no,no,unknown type for this validator (no required/recommended table for 'ListItem')
https://www.orangejelly.co.uk/licensees-guide/cask-ale-week-pub-guide,ListItem,,,no,no,no,unknown type for this validator (no required/recommended table for 'ListItem')
https://www.orangejelly.co.uk/licensees-guide/cask-ale-week-pub-guide,ListItem,,,no,no,no,unknown type for this validator (no required/recommended table for 'ListItem')
https://www.orangejelly.co.uk/licensees-guide/cask-ale-week-pub-guide,ListItem,,,no,no,no,unknown type for this validator (no required/recommended table for 'ListItem')
https://www.orangejelly.co.uk/licensees-guide/category/events,ProfessionalService,,,no,no,no,unknown type for this validator (no required/recommended table for 'ProfessionalService')
https://www.orangejelly.co.uk/licensees-guide/category/events,ImageObject,,,no,no,no,unknown type for this validator (no required/recommended table for 'ImageObject')
https://www.orangejelly.co.uk/licensees-guide/category/events,Person,,,no,no,no,unknown type for this validator (no required/recommended table for 'Person')
https://www.orangejelly.co.uk/licensees-guide/category/events,ContactPoint,,,no,no,no,unknown type for this validator (no required/recommended table for 'ContactPoint')
https://www.orangejelly.co.uk/licensees-guide/category/events,PostalAddress,,,no,no,no,unknown type for this validator (no required/recommended table for 'PostalAddress')
https://www.orangejelly.co.uk/licensees-guide/category/events,GeoCoordinates,,,no,no,no,unknown type for this validator (no required/recommended table for 'GeoCoordinates')
https://www.orangejelly.co.uk/licensees-guide/category/events,WebSite,,potentialAction,no,no,no,
https://www.orangejelly.co.uk/licensees-guide/category/events,BreadcrumbList,,,no,no,yes,
https://www.orangejelly.co.uk/licensees-guide/category/events,ListItem,,,no,no,no,unknown type for this validator (no required/recommended table for 'ListItem')
https://www.orangejelly.co.uk/licensees-guide/category/events,CollectionPage,,,no,no,no,unknown type for this validator (no required/recommended table for 'CollectionPage')
https://www.orangejelly.co.uk/licensees-guide/category/events,WebSite,name; url,potentialAction,no,no,no,
https://www.orangejelly.co.uk/licensees-guide/category/events,BreadcrumbList,,,no,no,yes,
https://www.orangejelly.co.uk/licensees-guide/category/events,ListItem,,,no,no,no,unknown type for this validator (no required/recommended table for 'ListItem')
https://www.orangejelly.co.uk/licensees-guide/category/events,ListItem,,,no,no,no,unknown type for this validator (no required/recommended table for 'ListItem')
https://www.orangejelly.co.uk/licensees-guide/category/events,ListItem,,,no,no,no,unknown type for this validator (no required/recommended table for 'ListItem')
https://www.orangejelly.co.uk/licensees-guide/category/events,ItemList,,,no,no,no,unknown type for this validator (no required/recommended table for 'ItemList')
https://www.orangejelly.co.uk/licensees-guide/category/events,ListItem,,,no,no,no,unknown type for this validator (no required/recommended table for 'ListItem')
https://www.orangejelly.co.uk/licensees-guide/category/events,BlogPosting,,dateModified,no,no,yes,
https://www.orangejelly.co.uk/licensees-guide/category/events,Person,,,no,no,no,unknown type for this validator (no required/recommended table for 'Person')
https://www.orangejelly.co.uk/licensees-guide/category/events,ImageObject,,,no,no,no,unknown type for this validator (no required/recommended table for 'ImageObject')
https://www.orangejelly.co.uk/licensees-guide/category/events,Organization,,url; logo; sameAs; contactPoint,no,no,no,
https://www.orangejelly.co.uk/licensees-guide/category/events,ListItem,,,no,no,no,unknown type for this validator (no required/recommended table for 'ListItem')
https://www.orangejelly.co.uk/licensees-guide/category/events,BlogPosting,,dateModified,no,no,yes,
https://www.orangejelly.co.uk/licensees-guide/category/events,Person,,,no,no,no,unknown type for this validator (no required/recommended table for 'Person')
https://www.orangejelly.co.uk/licensees-guide/category/events,ImageObject,,,no,no,no,unknown type for this validator (no required/recommended table for 'ImageObject')
https://www.orangejelly.co.uk/licensees-guide/category/events,Organization,,url; logo; sameAs; contactPoint,no,no,no,
https://www.orangejelly.co.uk/licensees-guide/category/events,ListItem,,,no,no,no,unknown type for this validator (no required/recommended table for 'ListItem')
https://www.orangejelly.co.uk/licensees-guide/category/events,BlogPosting,,dateModified,no,no,yes,
https://www.orangejelly.co.uk/licensees-guide/category/events,Person,,,no,no,no,unknown type for this validator (no required/recommended table for 'Person')
https://www.orangejelly.co.uk/licensees-guide/category/events,ImageObject,,,no,no,no,unknown type for this validator (no required/recommended table for 'ImageObject')
https://www.orangejelly.co.uk/licensees-guide/category/events,Organization,,url; logo; sameAs; contactPoint,no,no,no,
https://www.orangejelly.co.uk/licensees-guide/category/events,ListItem,,,no,no,no,unknown type for this validator (no required/recommended table for 'ListItem')
https://www.orangejelly.co.uk/licensees-guide/category/events,BlogPosting,,dateModified,no,no,yes,
https://www.orangejelly.co.uk/licensees-guide/category/events,Person,,,no,no,no,unknown type for this validator (no required/recommended table for 'Person')
https://www.orangejelly.co.uk/licensees-guide/category/events,ImageObject,,,no,no,no,unknown type for this validator (no required/recommended table for 'ImageObject')
https://www.orangejelly.co.uk/licensees-guide/category/events,Organization,,url; logo; sameAs; contactPoint,no,no,no,
https://www.orangejelly.co.uk/licensees-guide/category/events,ListItem,,,no,no,no,unknown type for this validator (no required/recommended table for 'ListItem')
https://www.orangejelly.co.uk/licensees-guide/category/events,BlogPosting,,dateModified,no,no,yes,
https://www.orangejelly.co.uk/licensees-guide/category/events,Person,,,no,no,no,unknown type for this validator (no required/recommended table for 'Person')
https://www.orangejelly.co.uk/licensees-guide/category/events,ImageObject,,,no,no,no,unknown type for this validator (no required/recommended table for 'ImageObject')
https://www.orangejelly.co.uk/licensees-guide/category/events,Organization,,url; logo; sameAs; contactPoint,no,no,no,
https://www.orangejelly.co.uk/licensees-guide/category/events,ListItem,,,no,no,no,unknown type for this validator (no required/recommended table for 'ListItem')
https://www.orangejelly.co.uk/licensees-guide/category/events,BlogPosting,,dateModified,no,no,yes,
https://www.orangejelly.co.uk/licensees-guide/category/events,Person,,,no,no,no,unknown type for this validator (no required/recommended table for 'Person')
https://www.orangejelly.co.uk/licensees-guide/category/events,ImageObject,,,no,no,no,unknown type for this validator (no required/recommended table for 'ImageObject')
https://www.orangejelly.co.uk/licensees-guide/category/events,Organization,,url; logo; sameAs; contactPoint,no,no,no,
https://www.orangejelly.co.uk/licensees-guide/category/events,ListItem,,,no,no,no,unknown type for this validator (no required/recommended table for 'ListItem')
https://www.orangejelly.co.uk/licensees-guide/category/events,BlogPosting,,dateModified,no,no,yes,
https://www.orangejelly.co.uk/licensees-guide/category/events,Person,,,no,no,no,unknown type for this validator (no required/recommended table for 'Person')
https://www.orangejelly.co.uk/licensees-guide/category/events,ImageObject,,,no,no,no,unknown type for this validator (no required/recommended table for 'ImageObject')
https://www.orangejelly.co.uk/licensees-guide/category/events,Organization,,url; logo; sameAs; contactPoint,no,no,no,
https://www.orangejelly.co.uk/licensees-guide/category/events,ListItem,,,no,no,no,unknown type for this validator (no required/recommended table for 'ListItem')
https://www.orangejelly.co.uk/licensees-guide/category/events,BlogPosting,,dateModified,no,no,yes,
https://www.orangejelly.co.uk/licensees-guide/category/events,Person,,,no,no,no,unknown type for this validator (no required/recommended table for 'Person')
https://www.orangejelly.co.uk/licensees-guide/category/events,ImageObject,,,no,no,no,unknown type for this validator (no required/recommended table for 'ImageObject')
https://www.orangejelly.co.uk/licensees-guide/category/events,Organization,,url; logo; sameAs; contactPoint,no,no,no,
https://www.orangejelly.co.uk/licensees-guide/category/events,ListItem,,,no,no,no,unknown type for this validator (no required/recommended table for 'ListItem')
https://www.orangejelly.co.uk/licensees-guide/category/events,BlogPosting,,dateModified,no,no,yes,
https://www.orangejelly.co.uk/licensees-guide/category/events,Person,,,no,no,no,unknown type for this validator (no required/recommended table for 'Person')
https://www.orangejelly.co.uk/licensees-guide/category/events,ImageObject,,,no,no,no,unknown type for this validator (no required/recommended table for 'ImageObject')
https://www.orangejelly.co.uk/licensees-guide/category/events,Organization,,url; logo; sameAs; contactPoint,no,no,no,
https://www.orangejelly.co.uk/licensees-guide/category/events,ListItem,,,no,no,no,unknown type for this validator (no required/recommended table for 'ListItem')
https://www.orangejelly.co.uk/licensees-guide/category/events,BlogPosting,,dateModified,no,no,yes,
https://www.orangejelly.co.uk/licensees-guide/category/events,Person,,,no,no,no,unknown type for this validator (no required/recommended table for 'Person')
https://www.orangejelly.co.uk/licensees-guide/category/events,ImageObject,,,no,no,no,unknown type for this validator (no required/recommended table for 'ImageObject')
https://www.orangejelly.co.uk/licensees-guide/category/events,Organization,,url; logo; sameAs; contactPoint,no,no,no,
https://www.orangejelly.co.uk/licensees-guide/category/events,ListItem,,,no,no,no,unknown type for this validator (no required/recommended table for 'ListItem')
https://www.orangejelly.co.uk/licensees-guide/category/events,BlogPosting,,dateModified,no,no,yes,
https://www.orangejelly.co.uk/licensees-guide/category/events,Person,,,no,no,no,unknown type for this validator (no required/recommended table for 'Person')
https://www.orangejelly.co.uk/licensees-guide/category/events,ImageObject,,,no,no,no,unknown type for this validator (no required/recommended table for 'ImageObject')
https://www.orangejelly.co.uk/licensees-guide/category/events,Organization,,url; logo; sameAs; contactPoint,no,no,no,
https://www.orangejelly.co.uk/licensees-guide/category/events,ListItem,,,no,no,no,unknown type for this validator (no required/recommended table for 'ListItem')
https://www.orangejelly.co.uk/licensees-guide/category/events,BlogPosting,,dateModified,no,no,yes,
https://www.orangejelly.co.uk/licensees-guide/category/events,Person,,,no,no,no,unknown type for this validator (no required/recommended table for 'Person')
https://www.orangejelly.co.uk/licensees-guide/category/events,ImageObject,,,no,no,no,unknown type for this validator (no required/recommended table for 'ImageObject')
https://www.orangejelly.co.uk/licensees-guide/category/events,Organization,,url; logo; sameAs; contactPoint,no,no,no,
https://www.orangejelly.co.uk/licensees-guide/category/events,ListItem,,,no,no,no,unknown type for this validator (no required/recommended table for 'ListItem')
https://www.orangejelly.co.uk/licensees-guide/category/events,BlogPosting,,dateModified,no,no,yes,
https://www.orangejelly.co.uk/licensees-guide/category/events,Person,,,no,no,no,unknown type for this validator (no required/recommended table for 'Person')
https://www.orangejelly.co.uk/licensees-guide/category/events,ImageObject,,,no,no,no,unknown type for this validator (no required/recommended table for 'ImageObject')
https://www.orangejelly.co.uk/licensees-guide/category/events,Organization,,url; logo; sameAs; contactPoint,no,no,no,
https://www.orangejelly.co.uk/licensees-guide/category/events,ListItem,,,no,no,no,unknown type for this validator (no required/recommended table for 'ListItem')
https://www.orangejelly.co.uk/licensees-guide/category/events,BlogPosting,,dateModified,no,no,yes,
https://www.orangejelly.co.uk/licensees-guide/category/events,Person,,,no,no,no,unknown type for this validator (no required/recommended table for 'Person')
https://www.orangejelly.co.uk/licensees-guide/category/events,ImageObject,,,no,no,no,unknown type for this validator (no required/recommended table for 'ImageObject')
https://www.orangejelly.co.uk/licensees-guide/category/events,Organization,,url; logo; sameAs; contactPoint,no,no,no,
https://www.orangejelly.co.uk/licensees-guide/category/events,ListItem,,,no,no,no,unknown type for this validator (no required/recommended table for 'ListItem')
https://www.orangejelly.co.uk/licensees-guide/category/events,BlogPosting,,dateModified,no,no,yes,
https://www.orangejelly.co.uk/licensees-guide/category/events,Person,,,no,no,no,unknown type for this validator (no required/recommended table for 'Person')
https://www.orangejelly.co.uk/licensees-guide/category/events,ImageObject,,,no,no,no,unknown type for this validator (no required/recommended table for 'ImageObject')
https://www.orangejelly.co.uk/licensees-guide/category/events,Organization,,url; logo; sameAs; contactPoint,no,no,no,
https://www.orangejelly.co.uk/licensees-guide/category/events,ListItem,,,no,no,no,unknown type for this validator (no required/recommended table for 'ListItem')
https://www.orangejelly.co.uk/licensees-guide/category/events,BlogPosting,,dateModified,no,no,yes,
https://www.orangejelly.co.uk/licensees-guide/category/events,Person,,,no,no,no,unknown type for this validator (no required/recommended table for 'Person')
https://www.orangejelly.co.uk/licensees-guide/category/events,ImageObject,,,no,no,no,unknown type for this validator (no required/recommended table for 'ImageObject')
https://www.orangejelly.co.uk/licensees-guide/category/events,Organization,,url; logo; sameAs; contactPoint,no,no,no,
https://www.orangejelly.co.uk/licensees-guide/category/events,ListItem,,,no,no,no,unknown type for this validator (no required/recommended table for 'ListItem')
https://www.orangejelly.co.uk/licensees-guide/category/events,BlogPosting,,dateModified,no,no,yes,
https://www.orangejelly.co.uk/licensees-guide/category/events,Person,,,no,no,no,unknown type for this validator (no required/recommended table for 'Person')
https://www.orangejelly.co.uk/licensees-guide/category/events,ImageObject,,,no,no,no,unknown type for this validator (no required/recommended table for 'ImageObject')
https://www.orangejelly.co.uk/licensees-guide/category/events,Organization,,url; logo; sameAs; contactPoint,no,no,no,
https://www.orangejelly.co.uk/licensees-guide/category/events,ListItem,,,no,no,no,unknown type for this validator (no required/recommended table for 'ListItem')
https://www.orangejelly.co.uk/licensees-guide/category/events,BlogPosting,,dateModified,no,no,yes,
https://www.orangejelly.co.uk/licensees-guide/category/events,Person,,,no,no,no,unknown type for this validator (no required/recommended table for 'Person')
https://www.orangejelly.co.uk/licensees-guide/category/events,ImageObject,,,no,no,no,unknown type for this validator (no required/recommended table for 'ImageObject')
https://www.orangejelly.co.uk/licensees-guide/category/events,Organization,,url; logo; sameAs; contactPoint,no,no,no,
https://www.orangejelly.co.uk/licensees-guide/category/events,ListItem,,,no,no,no,unknown type for this validator (no required/recommended table for 'ListItem')
https://www.orangejelly.co.uk/licensees-guide/category/events,BlogPosting,,dateModified,no,no,yes,
https://www.orangejelly.co.uk/licensees-guide/category/events,Person,,,no,no,no,unknown type for this validator (no required/recommended table for 'Person')
https://www.orangejelly.co.uk/licensees-guide/category/events,ImageObject,,,no,no,no,unknown type for this validator (no required/recommended table for 'ImageObject')
https://www.orangejelly.co.uk/licensees-guide/category/events,Organization,,url; logo; sameAs; contactPoint,no,no,no,
https://www.orangejelly.co.uk/licensees-guide/category/events,ListItem,,,no,no,no,unknown type for this validator (no required/recommended table for 'ListItem')
https://www.orangejelly.co.uk/licensees-guide/category/events,BlogPosting,,dateModified,no,no,yes,
https://www.orangejelly.co.uk/licensees-guide/category/events,Person,,,no,no,no,unknown type for this validator (no required/recommended table for 'Person')
https://www.orangejelly.co.uk/licensees-guide/category/events,ImageObject,,,no,no,no,unknown type for this validator (no required/recommended table for 'ImageObject')
https://www.orangejelly.co.uk/licensees-guide/category/events,Organization,,url; logo; sameAs; contactPoint,no,no,no,
https://www.orangejelly.co.uk/licensees-guide/category/events,ListItem,,,no,no,no,unknown type for this validator (no required/recommended table for 'ListItem')
https://www.orangejelly.co.uk/licensees-guide/category/events,BlogPosting,,dateModified,no,no,yes,
https://www.orangejelly.co.uk/licensees-guide/category/events,Person,,,no,no,no,unknown type for this validator (no required/recommended table for 'Person')
https://www.orangejelly.co.uk/licensees-guide/category/events,ImageObject,,,no,no,no,unknown type for this validator (no required/recommended table for 'ImageObject')
https://www.orangejelly.co.uk/licensees-guide/category/events,Organization,,url; logo; sameAs; contactPoint,no,no,no,
https://www.orangejelly.co.uk/licensees-guide/category/events,ListItem,,,no,no,no,unknown type for this validator (no required/recommended table for 'ListItem')
https://www.orangejelly.co.uk/licensees-guide/category/events,BlogPosting,,dateModified,no,no,yes,
https://www.orangejelly.co.uk/licensees-guide/category/events,Person,,,no,no,no,unknown type for this validator (no required/recommended table for 'Person')
https://www.orangejelly.co.uk/licensees-guide/category/events,ImageObject,,,no,no,no,unknown type for this validator (no required/recommended table for 'ImageObject')
https://www.orangejelly.co.uk/licensees-guide/category/events,Organization,,url; logo; sameAs; contactPoint,no,no,no,
https://www.orangejelly.co.uk/licensees-guide/category/events,ListItem,,,no,no,no,unknown type for this validator (no required/recommended table for 'ListItem')
https://www.orangejelly.co.uk/licensees-guide/category/events,BlogPosting,,dateModified,no,no,yes,
https://www.orangejelly.co.uk/licensees-guide/category/events,Person,,,no,no,no,unknown type for this validator (no required/recommended table for 'Person')
https://www.orangejelly.co.uk/licensees-guide/category/events,ImageObject,,,no,no,no,unknown type for this validator (no required/recommended table for 'ImageObject')
https://www.orangejelly.co.uk/licensees-guide/category/events,Organization,,url; logo; sameAs; contactPoint,no,no,no,
https://www.orangejelly.co.uk/licensees-guide/category/events,ListItem,,,no,no,no,unknown type for this validator (no required/recommended table for 'ListItem')
https://www.orangejelly.co.uk/licensees-guide/category/events,BlogPosting,,dateModified,no,no,yes,
https://www.orangejelly.co.uk/licensees-guide/category/events,Person,,,no,no,no,unknown type for this validator (no required/recommended table for 'Person')
https://www.orangejelly.co.uk/licensees-guide/category/events,ImageObject,,,no,no,no,unknown type for this validator (no required/recommended table for 'ImageObject')
https://www.orangejelly.co.uk/licensees-guide/category/events,Organization,,url; logo; sameAs; contactPoint,no,no,no,
https://www.orangejelly.co.uk/licensees-guide/category/events,ListItem,,,no,no,no,unknown type for this validator (no required/recommended table for 'ListItem')
https://www.orangejelly.co.uk/licensees-guide/category/events,BlogPosting,,dateModified,no,no,yes,
https://www.orangejelly.co.uk/licensees-guide/category/events,Person,,,no,no,no,unknown type for this validator (no required/recommended table for 'Person')
https://www.orangejelly.co.uk/licensees-guide/category/events,ImageObject,,,no,no,no,unknown type for this validator (no required/recommended table for 'ImageObject')
https://www.orangejelly.co.uk/licensees-guide/category/events,Organization,,url; logo; sameAs; contactPoint,no,no,no,
https://www.orangejelly.co.uk/licensees-guide/category/events,ListItem,,,no,no,no,unknown type for this validator (no required/recommended table for 'ListItem')
https://www.orangejelly.co.uk/licensees-guide/category/events,BlogPosting,,dateModified,no,no,yes,
https://www.orangejelly.co.uk/licensees-guide/category/events,Person,,,no,no,no,unknown type for this validator (no required/recommended table for 'Person')
https://www.orangejelly.co.uk/licensees-guide/category/events,ImageObject,,,no,no,no,unknown type for this validator (no required/recommended table for 'ImageObject')
https://www.orangejelly.co.uk/licensees-guide/category/events,Organization,,url; logo; sameAs; contactPoint,no,no,no,
https://www.orangejelly.co.uk/licensees-guide/category/events,ListItem,,,no,no,no,unknown type for this validator (no required/recommended table for 'ListItem')
https://www.orangejelly.co.uk/licensees-guide/category/events,BlogPosting,,dateModified,no,no,yes,
https://www.orangejelly.co.uk/licensees-guide/category/events,Person,,,no,no,no,unknown type for this validator (no required/recommended table for 'Person')
https://www.orangejelly.co.uk/licensees-guide/category/events,ImageObject,,,no,no,no,unknown type for this validator (no required/recommended table for 'ImageObject')
https://www.orangejelly.co.uk/licensees-guide/category/events,Organization,,url; logo; sameAs; contactPoint,no,no,no,
https://www.orangejelly.co.uk/licensees-guide/category/events,ListItem,,,no,no,no,unknown type for this validator (no required/recommended table for 'ListItem')
https://www.orangejelly.co.uk/licensees-guide/category/events,BlogPosting,,dateModified,no,no,yes,
https://www.orangejelly.co.uk/licensees-guide/category/events,Person,,,no,no,no,unknown type for this validator (no required/recommended table for 'Person')
https://www.orangejelly.co.uk/licensees-guide/category/events,ImageObject,,,no,no,no,unknown type for this validator (no required/recommended table for 'ImageObject')
https://www.orangejelly.co.uk/licensees-guide/category/events,Organization,,url; logo; sameAs; contactPoint,no,no,no,
https://www.orangejelly.co.uk/licensees-guide/category/events,ListItem,,,no,no,no,unknown type for this validator (no required/recommended table for 'ListItem')
https://www.orangejelly.co.uk/licensees-guide/category/events,BlogPosting,,dateModified,no,no,yes,
https://www.orangejelly.co.uk/licensees-guide/category/events,Person,,,no,no,no,unknown type for this validator (no required/recommended table for 'Person')
https://www.orangejelly.co.uk/licensees-guide/category/events,ImageObject,,,no,no,no,unknown type for this validator (no required/recommended table for 'ImageObject')
https://www.orangejelly.co.uk/licensees-guide/category/events,Organization,,url; logo; sameAs; contactPoint,no,no,no,
https://www.orangejelly.co.uk/licensees-guide/category/events,ListItem,,,no,no,no,unknown type for this validator (no required/recommended table for 'ListItem')
https://www.orangejelly.co.uk/licensees-guide/category/events,BlogPosting,,dateModified,no,no,yes,
https://www.orangejelly.co.uk/licensees-guide/category/events,Person,,,no,no,no,unknown type for this validator (no required/recommended table for 'Person')
https://www.orangejelly.co.uk/licensees-guide/category/events,ImageObject,,,no,no,no,unknown type for this validator (no required/recommended table for 'ImageObject')
https://www.orangejelly.co.uk/licensees-guide/category/events,Organization,,url; logo; sameAs; contactPoint,no,no,no,
https://www.orangejelly.co.uk/licensees-guide/category/events,ListItem,,,no,no,no,unknown type for this validator (no required/recommended table for 'ListItem')
https://www.orangejelly.co.uk/licensees-guide/category/events,BlogPosting,,dateModified,no,no,yes,
https://www.orangejelly.co.uk/licensees-guide/category/events,Person,,,no,no,no,unknown type for this validator (no required/recommended table for 'Person')
https://www.orangejelly.co.uk/licensees-guide/category/events,ImageObject,,,no,no,no,unknown type for this validator (no required/recommended table for 'ImageObject')
https://www.orangejelly.co.uk/licensees-guide/category/events,Organization,,url; logo; sameAs; contactPoint,no,no,no,
https://www.orangejelly.co.uk/licensees-guide/category/events,ListItem,,,no,no,no,unknown type for this validator (no required/recommended table for 'ListItem')
https://www.orangejelly.co.uk/licensees-guide/category/events,BlogPosting,,dateModified,no,no,yes,
https://www.orangejelly.co.uk/licensees-guide/category/events,Person,,,no,no,no,unknown type for this validator (no required/recommended table for 'Person')
https://www.orangejelly.co.uk/licensees-guide/category/events,ImageObject,,,no,no,no,unknown type for this validator (no required/recommended table for 'ImageObject')
https://www.orangejelly.co.uk/licensees-guide/category/events,Organization,,url; logo; sameAs; contactPoint,no,no,no,
https://www.orangejelly.co.uk/licensees-guide/category/events,BreadcrumbList,,,no,no,yes,
https://www.orangejelly.co.uk/licensees-guide/category/events,ListItem,,,no,no,no,unknown type for this validator (no required/recommended table for 'ListItem')
https://www.orangejelly.co.uk/licensees-guide/category/events,ListItem,,,no,no,no,unknown type for this validator (no required/recommended table for 'ListItem')
https://www.orangejelly.co.uk/licensees-guide/category/events,ListItem,,,no,no,no,unknown type for this validator (no required/recommended table for 'ListItem')
https://www.orangejelly.co.uk/licensees-guide/category/events,BreadcrumbList,,,no,no,yes,
https://www.orangejelly.co.uk/licensees-guide/category/events,ListItem,,,no,no,no,unknown type for this validator (no required/recommended table for 'ListItem')
https://www.orangejelly.co.uk/licensees-guide/category/events,ListItem,,,no,no,no,unknown type for this validator (no required/recommended table for 'ListItem')
https://www.orangejelly.co.uk/licensees-guide/category/events,ListItem,,,no,no,no,unknown type for this validator (no required/recommended table for 'ListItem')
https://www.orangejelly.co.uk/licensees-guide/category/food-drink,ProfessionalService,,,no,no,no,unknown type for this validator (no required/recommended table for 'ProfessionalService')
https://www.orangejelly.co.uk/licensees-guide/category/food-drink,ImageObject,,,no,no,no,unknown type for this validator (no required/recommended table for 'ImageObject')
https://www.orangejelly.co.uk/licensees-guide/category/food-drink,Person,,,no,no,no,unknown type for this validator (no required/recommended table for 'Person')
https://www.orangejelly.co.uk/licensees-guide/category/food-drink,ContactPoint,,,no,no,no,unknown type for this validator (no required/recommended table for 'ContactPoint')
https://www.orangejelly.co.uk/licensees-guide/category/food-drink,PostalAddress,,,no,no,no,unknown type for this validator (no required/recommended table for 'PostalAddress')
https://www.orangejelly.co.uk/licensees-guide/category/food-drink,GeoCoordinates,,,no,no,no,unknown type for this validator (no required/recommended table for 'GeoCoordinates')
https://www.orangejelly.co.uk/licensees-guide/category/food-drink,WebSite,,potentialAction,no,no,no,
https://www.orangejelly.co.uk/licensees-guide/category/food-drink,BreadcrumbList,,,no,no,yes,
https://www.orangejelly.co.uk/licensees-guide/category/food-drink,ListItem,,,no,no,no,unknown type for this validator (no required/recommended table for 'ListItem')
https://www.orangejelly.co.uk/licensees-guide/category/food-drink,CollectionPage,,,no,no,no,unknown type for this validator (no required/recommended table for 'CollectionPage')
https://www.orangejelly.co.uk/licensees-guide/category/food-drink,WebSite,name; url,potentialAction,no,no,no,
https://www.orangejelly.co.uk/licensees-guide/category/food-drink,BreadcrumbList,,,no,no,yes,
https://www.orangejelly.co.uk/licensees-guide/category/food-drink,ListItem,,,no,no,no,unknown type for this validator (no required/recommended table for 'ListItem')
https://www.orangejelly.co.uk/licensees-guide/category/food-drink,ListItem,,,no,no,no,unknown type for this validator (no required/recommended table for 'ListItem')
https://www.orangejelly.co.uk/licensees-guide/category/food-drink,ListItem,,,no,no,no,unknown type for this validator (no required/recommended table for 'ListItem')
https://www.orangejelly.co.uk/licensees-guide/category/food-drink,ItemList,,,no,no,no,unknown type for this validator (no required/recommended table for 'ItemList')
https://www.orangejelly.co.uk/licensees-guide/category/food-drink,ListItem,,,no,no,no,unknown type for this validator (no required/recommended table for 'ListItem')
https://www.orangejelly.co.uk/licensees-guide/category/food-drink,BlogPosting,,dateModified,no,no,yes,
https://www.orangejelly.co.uk/licensees-guide/category/food-drink,Person,,,no,no,no,unknown type for this validator (no required/recommended table for 'Person')
https://www.orangejelly.co.uk/licensees-guide/category/food-drink,ImageObject,,,no,no,no,unknown type for this validator (no required/recommended table for 'ImageObject')
https://www.orangejelly.co.uk/licensees-guide/category/food-drink,Organization,,url; logo; sameAs; contactPoint,no,no,no,
https://www.orangejelly.co.uk/licensees-guide/category/food-drink,BreadcrumbList,,,no,no,yes,
https://www.orangejelly.co.uk/licensees-guide/category/food-drink,ListItem,,,no,no,no,unknown type for this validator (no required/recommended table for 'ListItem')
https://www.orangejelly.co.uk/licensees-guide/category/food-drink,ListItem,,,no,no,no,unknown type for this validator (no required/recommended table for 'ListItem')
https://www.orangejelly.co.uk/licensees-guide/category/food-drink,ListItem,,,no,no,no,unknown type for this validator (no required/recommended table for 'ListItem')
https://www.orangejelly.co.uk/licensees-guide/category/food-drink,BreadcrumbList,,,no,no,yes,
https://www.orangejelly.co.uk/licensees-guide/category/food-drink,ListItem,,,no,no,no,unknown type for this validator (no required/recommended table for 'ListItem')
https://www.orangejelly.co.uk/licensees-guide/category/food-drink,ListItem,,,no,no,no,unknown type for this validator (no required/recommended table for 'ListItem')
https://www.orangejelly.co.uk/licensees-guide/category/food-drink,ListItem,,,no,no,no,unknown type for this validator (no required/recommended table for 'ListItem')
https://www.orangejelly.co.uk/licensees-guide/category/marketing,ProfessionalService,,,no,no,no,unknown type for this validator (no required/recommended table for 'ProfessionalService')
https://www.orangejelly.co.uk/licensees-guide/category/marketing,ImageObject,,,no,no,no,unknown type for this validator (no required/recommended table for 'ImageObject')
https://www.orangejelly.co.uk/licensees-guide/category/marketing,Person,,,no,no,no,unknown type for this validator (no required/recommended table for 'Person')
https://www.orangejelly.co.uk/licensees-guide/category/marketing,ContactPoint,,,no,no,no,unknown type for this validator (no required/recommended table for 'ContactPoint')
https://www.orangejelly.co.uk/licensees-guide/category/marketing,PostalAddress,,,no,no,no,unknown type for this validator (no required/recommended table for 'PostalAddress')
https://www.orangejelly.co.uk/licensees-guide/category/marketing,GeoCoordinates,,,no,no,no,unknown type for this validator (no required/recommended table for 'GeoCoordinates')
https://www.orangejelly.co.uk/licensees-guide/category/marketing,WebSite,,potentialAction,no,no,no,
https://www.orangejelly.co.uk/licensees-guide/category/marketing,BreadcrumbList,,,no,no,yes,
https://www.orangejelly.co.uk/licensees-guide/category/marketing,ListItem,,,no,no,no,unknown type for this validator (no required/recommended table for 'ListItem')
https://www.orangejelly.co.uk/licensees-guide/category/marketing,CollectionPage,,,no,no,no,unknown type for this validator (no required/recommended table for 'CollectionPage')
https://www.orangejelly.co.uk/licensees-guide/category/marketing,WebSite,name; url,potentialAction,no,no,no,
https://www.orangejelly.co.uk/licensees-guide/category/marketing,BreadcrumbList,,,no,no,yes,
https://www.orangejelly.co.uk/licensees-guide/category/marketing,ListItem,,,no,no,no,unknown type for this validator (no required/recommended table for 'ListItem')
https://www.orangejelly.co.uk/licensees-guide/category/marketing,ListItem,,,no,no,no,unknown type for this validator (no required/recommended table for 'ListItem')
https://www.orangejelly.co.uk/licensees-guide/category/marketing,ListItem,,,no,no,no,unknown type for this validator (no required/recommended table for 'ListItem')
https://www.orangejelly.co.uk/licensees-guide/category/marketing,ItemList,,,no,no,no,unknown type for this validator (no required/recommended table for 'ItemList')
https://www.orangejelly.co.uk/licensees-guide/category/marketing,ListItem,,,no,no,no,unknown type for this validator (no required/recommended table for 'ListItem')
https://www.orangejelly.co.uk/licensees-guide/category/marketing,BlogPosting,,dateModified,no,no,yes,
https://www.orangejelly.co.uk/licensees-guide/category/marketing,Person,,,no,no,no,unknown type for this validator (no required/recommended table for 'Person')
https://www.orangejelly.co.uk/licensees-guide/category/marketing,ImageObject,,,no,no,no,unknown type for this validator (no required/recommended table for 'ImageObject')
https://www.orangejelly.co.uk/licensees-guide/category/marketing,Organization,,url; logo; sameAs; contactPoint,no,no,no,
https://www.orangejelly.co.uk/licensees-guide/category/marketing,ListItem,,,no,no,no,unknown type for this validator (no required/recommended table for 'ListItem')
https://www.orangejelly.co.uk/licensees-guide/category/marketing,BlogPosting,,dateModified,no,no,yes,
https://www.orangejelly.co.uk/licensees-guide/category/marketing,Person,,,no,no,no,unknown type for this validator (no required/recommended table for 'Person')
https://www.orangejelly.co.uk/licensees-guide/category/marketing,ImageObject,,,no,no,no,unknown type for this validator (no required/recommended table for 'ImageObject')
https://www.orangejelly.co.uk/licensees-guide/category/marketing,Organization,,url; logo; sameAs; contactPoint,no,no,no,
https://www.orangejelly.co.uk/licensees-guide/category/marketing,ListItem,,,no,no,no,unknown type for this validator (no required/recommended table for 'ListItem')
https://www.orangejelly.co.uk/licensees-guide/category/marketing,BlogPosting,,dateModified,no,no,yes,
https://www.orangejelly.co.uk/licensees-guide/category/marketing,Person,,,no,no,no,unknown type for this validator (no required/recommended table for 'Person')
https://www.orangejelly.co.uk/licensees-guide/category/marketing,ImageObject,,,no,no,no,unknown type for this validator (no required/recommended table for 'ImageObject')
https://www.orangejelly.co.uk/licensees-guide/category/marketing,Organization,,url; logo; sameAs; contactPoint,no,no,no,
https://www.orangejelly.co.uk/licensees-guide/category/marketing,ListItem,,,no,no,no,unknown type for this validator (no required/recommended table for 'ListItem')
https://www.orangejelly.co.uk/licensees-guide/category/marketing,BlogPosting,,dateModified,no,no,yes,
https://www.orangejelly.co.uk/licensees-guide/category/marketing,Person,,,no,no,no,unknown type for this validator (no required/recommended table for 'Person')
https://www.orangejelly.co.uk/licensees-guide/category/marketing,ImageObject,,,no,no,no,unknown type for this validator (no required/recommended table for 'ImageObject')
https://www.orangejelly.co.uk/licensees-guide/category/marketing,Organization,,url; logo; sameAs; contactPoint,no,no,no,
https://www.orangejelly.co.uk/licensees-guide/category/marketing,ListItem,,,no,no,no,unknown type for this validator (no required/recommended table for 'ListItem')
https://www.orangejelly.co.uk/licensees-guide/category/marketing,BlogPosting,,dateModified,no,no,yes,
https://www.orangejelly.co.uk/licensees-guide/category/marketing,Person,,,no,no,no,unknown type for this validator (no required/recommended table for 'Person')
https://www.orangejelly.co.uk/licensees-guide/category/marketing,ImageObject,,,no,no,no,unknown type for this validator (no required/recommended table for 'ImageObject')
https://www.orangejelly.co.uk/licensees-guide/category/marketing,Organization,,url; logo; sameAs; contactPoint,no,no,no,
https://www.orangejelly.co.uk/licensees-guide/category/marketing,ListItem,,,no,no,no,unknown type for this validator (no required/recommended table for 'ListItem')
https://www.orangejelly.co.uk/licensees-guide/category/marketing,BlogPosting,,dateModified,no,no,yes,
https://www.orangejelly.co.uk/licensees-guide/category/marketing,Person,,,no,no,no,unknown type for this validator (no required/recommended table for 'Person')
https://www.orangejelly.co.uk/licensees-guide/category/marketing,ImageObject,,,no,no,no,unknown type for this validator (no required/recommended table for 'ImageObject')
https://www.orangejelly.co.uk/licensees-guide/category/marketing,Organization,,url; logo; sameAs; contactPoint,no,no,no,
https://www.orangejelly.co.uk/licensees-guide/category/marketing,ListItem,,,no,no,no,unknown type for this validator (no required/recommended table for 'ListItem')
https://www.orangejelly.co.uk/licensees-guide/category/marketing,BlogPosting,,dateModified,no,no,yes,
https://www.orangejelly.co.uk/licensees-guide/category/marketing,Person,,,no,no,no,unknown type for this validator (no required/recommended table for 'Person')
https://www.orangejelly.co.uk/licensees-guide/category/marketing,ImageObject,,,no,no,no,unknown type for this validator (no required/recommended table for 'ImageObject')
https://www.orangejelly.co.uk/licensees-guide/category/marketing,Organization,,url; logo; sameAs; contactPoint,no,no,no,
https://www.orangejelly.co.uk/licensees-guide/category/marketing,ListItem,,,no,no,no,unknown type for this validator (no required/recommended table for 'ListItem')
https://www.orangejelly.co.uk/licensees-guide/category/marketing,BlogPosting,,dateModified,no,no,yes,
https://www.orangejelly.co.uk/licensees-guide/category/marketing,Person,,,no,no,no,unknown type for this validator (no required/recommended table for 'Person')
https://www.orangejelly.co.uk/licensees-guide/category/marketing,ImageObject,,,no,no,no,unknown type for this validator (no required/recommended table for 'ImageObject')
https://www.orangejelly.co.uk/licensees-guide/category/marketing,Organization,,url; logo; sameAs; contactPoint,no,no,no,
https://www.orangejelly.co.uk/licensees-guide/category/marketing,ListItem,,,no,no,no,unknown type for this validator (no required/recommended table for 'ListItem')
https://www.orangejelly.co.uk/licensees-guide/category/marketing,BlogPosting,,dateModified,no,no,yes,
https://www.orangejelly.co.uk/licensees-guide/category/marketing,Person,,,no,no,no,unknown type for this validator (no required/recommended table for 'Person')
https://www.orangejelly.co.uk/licensees-guide/category/marketing,ImageObject,,,no,no,no,unknown type for this validator (no required/recommended table for 'ImageObject')
https://www.orangejelly.co.uk/licensees-guide/category/marketing,Organization,,url; logo; sameAs; contactPoint,no,no,no,
https://www.orangejelly.co.uk/licensees-guide/category/marketing,ListItem,,,no,no,no,unknown type for this validator (no required/recommended table for 'ListItem')
https://www.orangejelly.co.uk/licensees-guide/category/marketing,BlogPosting,,dateModified,no,no,yes,
https://www.orangejelly.co.uk/licensees-guide/category/marketing,Person,,,no,no,no,unknown type for this validator (no required/recommended table for 'Person')
https://www.orangejelly.co.uk/licensees-guide/category/marketing,ImageObject,,,no,no,no,unknown type for this validator (no required/recommended table for 'ImageObject')
https://www.orangejelly.co.uk/licensees-guide/category/marketing,Organization,,url; logo; sameAs; contactPoint,no,no,no,
https://www.orangejelly.co.uk/licensees-guide/category/marketing,ListItem,,,no,no,no,unknown type for this validator (no required/recommended table for 'ListItem')
https://www.orangejelly.co.uk/licensees-guide/category/marketing,BlogPosting,,dateModified,no,no,yes,
https://www.orangejelly.co.uk/licensees-guide/category/marketing,Person,,,no,no,no,unknown type for this validator (no required/recommended table for 'Person')
https://www.orangejelly.co.uk/licensees-guide/category/marketing,ImageObject,,,no,no,no,unknown type for this validator (no required/recommended table for 'ImageObject')
https://www.orangejelly.co.uk/licensees-guide/category/marketing,Organization,,url; logo; sameAs; contactPoint,no,no,no,
https://www.orangejelly.co.uk/licensees-guide/category/marketing,ListItem,,,no,no,no,unknown type for this validator (no required/recommended table for 'ListItem')
https://www.orangejelly.co.uk/licensees-guide/category/marketing,BlogPosting,,dateModified,no,no,yes,
https://www.orangejelly.co.uk/licensees-guide/category/marketing,Person,,,no,no,no,unknown type for this validator (no required/recommended table for 'Person')
https://www.orangejelly.co.uk/licensees-guide/category/marketing,ImageObject,,,no,no,no,unknown type for this validator (no required/recommended table for 'ImageObject')
https://www.orangejelly.co.uk/licensees-guide/category/marketing,Organization,,url; logo; sameAs; contactPoint,no,no,no,
https://www.orangejelly.co.uk/licensees-guide/category/marketing,ListItem,,,no,no,no,unknown type for this validator (no required/recommended table for 'ListItem')
https://www.orangejelly.co.uk/licensees-guide/category/marketing,BlogPosting,,dateModified,no,no,yes,
https://www.orangejelly.co.uk/licensees-guide/category/marketing,Person,,,no,no,no,unknown type for this validator (no required/recommended table for 'Person')
https://www.orangejelly.co.uk/licensees-guide/category/marketing,ImageObject,,,no,no,no,unknown type for this validator (no required/recommended table for 'ImageObject')
https://www.orangejelly.co.uk/licensees-guide/category/marketing,Organization,,url; logo; sameAs; contactPoint,no,no,no,
https://www.orangejelly.co.uk/licensees-guide/category/marketing,ListItem,,,no,no,no,unknown type for this validator (no required/recommended table for 'ListItem')
https://www.orangejelly.co.uk/licensees-guide/category/marketing,BlogPosting,,dateModified,no,no,yes,
https://www.orangejelly.co.uk/licensees-guide/category/marketing,Person,,,no,no,no,unknown type for this validator (no required/recommended table for 'Person')
https://www.orangejelly.co.uk/licensees-guide/category/marketing,ImageObject,,,no,no,no,unknown type for this validator (no required/recommended table for 'ImageObject')
https://www.orangejelly.co.uk/licensees-guide/category/marketing,Organization,,url; logo; sameAs; contactPoint,no,no,no,
https://www.orangejelly.co.uk/licensees-guide/category/marketing,ListItem,,,no,no,no,unknown type for this validator (no required/recommended table for 'ListItem')
https://www.orangejelly.co.uk/licensees-guide/category/marketing,BlogPosting,,dateModified,no,no,yes,
https://www.orangejelly.co.uk/licensees-guide/category/marketing,Person,,,no,no,no,unknown type for this validator (no required/recommended table for 'Person')
https://www.orangejelly.co.uk/licensees-guide/category/marketing,ImageObject,,,no,no,no,unknown type for this validator (no required/recommended table for 'ImageObject')
https://www.orangejelly.co.uk/licensees-guide/category/marketing,Organization,,url; logo; sameAs; contactPoint,no,no,no,
https://www.orangejelly.co.uk/licensees-guide/category/marketing,ListItem,,,no,no,no,unknown type for this validator (no required/recommended table for 'ListItem')
https://www.orangejelly.co.uk/licensees-guide/category/marketing,BlogPosting,,dateModified,no,no,yes,
https://www.orangejelly.co.uk/licensees-guide/category/marketing,Person,,,no,no,no,unknown type for this validator (no required/recommended table for 'Person')
https://www.orangejelly.co.uk/licensees-guide/category/marketing,ImageObject,,,no,no,no,unknown type for this validator (no required/recommended table for 'ImageObject')
https://www.orangejelly.co.uk/licensees-guide/category/marketing,Organization,,url; logo; sameAs; contactPoint,no,no,no,
https://www.orangejelly.co.uk/licensees-guide/category/marketing,ListItem,,,no,no,no,unknown type for this validator (no required/recommended table for 'ListItem')
https://www.orangejelly.co.uk/licensees-guide/category/marketing,BlogPosting,,dateModified,no,no,yes,
https://www.orangejelly.co.uk/licensees-guide/category/marketing,Person,,,no,no,no,unknown type for this validator (no required/recommended table for 'Person')
https://www.orangejelly.co.uk/licensees-guide/category/marketing,ImageObject,,,no,no,no,unknown type for this validator (no required/recommended table for 'ImageObject')
https://www.orangejelly.co.uk/licensees-guide/category/marketing,Organization,,url; logo; sameAs; contactPoint,no,no,no,
https://www.orangejelly.co.uk/licensees-guide/category/marketing,ListItem,,,no,no,no,unknown type for this validator (no required/recommended table for 'ListItem')
https://www.orangejelly.co.uk/licensees-guide/category/marketing,BlogPosting,,dateModified,no,no,yes,
https://www.orangejelly.co.uk/licensees-guide/category/marketing,Person,,,no,no,no,unknown type for this validator (no required/recommended table for 'Person')
https://www.orangejelly.co.uk/licensees-guide/category/marketing,ImageObject,,,no,no,no,unknown type for this validator (no required/recommended table for 'ImageObject')
https://www.orangejelly.co.uk/licensees-guide/category/marketing,Organization,,url; logo; sameAs; contactPoint,no,no,no,
https://www.orangejelly.co.uk/licensees-guide/category/marketing,ListItem,,,no,no,no,unknown type for this validator (no required/recommended table for 'ListItem')
https://www.orangejelly.co.uk/licensees-guide/category/marketing,BlogPosting,,dateModified,no,no,yes,
https://www.orangejelly.co.uk/licensees-guide/category/marketing,Person,,,no,no,no,unknown type for this validator (no required/recommended table for 'Person')
https://www.orangejelly.co.uk/licensees-guide/category/marketing,ImageObject,,,no,no,no,unknown type for this validator (no required/recommended table for 'ImageObject')
https://www.orangejelly.co.uk/licensees-guide/category/marketing,Organization,,url; logo; sameAs; contactPoint,no,no,no,
https://www.orangejelly.co.uk/licensees-guide/category/marketing,ListItem,,,no,no,no,unknown type for this validator (no required/recommended table for 'ListItem')
https://www.orangejelly.co.uk/licensees-guide/category/marketing,BlogPosting,,dateModified,no,no,yes,
https://www.orangejelly.co.uk/licensees-guide/category/marketing,Person,,,no,no,no,unknown type for this validator (no required/recommended table for 'Person')
https://www.orangejelly.co.uk/licensees-guide/category/marketing,ImageObject,,,no,no,no,unknown type for this validator (no required/recommended table for 'ImageObject')
https://www.orangejelly.co.uk/licensees-guide/category/marketing,Organization,,url; logo; sameAs; contactPoint,no,no,no,
https://www.orangejelly.co.uk/licensees-guide/category/marketing,BreadcrumbList,,,no,no,yes,
https://www.orangejelly.co.uk/licensees-guide/category/marketing,ListItem,,,no,no,no,unknown type for this validator (no required/recommended table for 'ListItem')
https://www.orangejelly.co.uk/licensees-guide/category/marketing,ListItem,,,no,no,no,unknown type for this validator (no required/recommended table for 'ListItem')
https://www.orangejelly.co.uk/licensees-guide/category/marketing,ListItem,,,no,no,no,unknown type for this validator (no required/recommended table for 'ListItem')
https://www.orangejelly.co.uk/licensees-guide/category/marketing,BreadcrumbList,,,no,no,yes,
https://www.orangejelly.co.uk/licensees-guide/category/marketing,ListItem,,,no,no,no,unknown type for this validator (no required/recommended table for 'ListItem')
https://www.orangejelly.co.uk/licensees-guide/category/marketing,ListItem,,,no,no,no,unknown type for this validator (no required/recommended table for 'ListItem')
https://www.orangejelly.co.uk/licensees-guide/category/marketing,ListItem,,,no,no,no,unknown type for this validator (no required/recommended table for 'ListItem')
https://www.orangejelly.co.uk/licensees-guide/category/operations,ProfessionalService,,,no,no,no,unknown type for this validator (no required/recommended table for 'ProfessionalService')
https://www.orangejelly.co.uk/licensees-guide/category/operations,ImageObject,,,no,no,no,unknown type for this validator (no required/recommended table for 'ImageObject')
https://www.orangejelly.co.uk/licensees-guide/category/operations,Person,,,no,no,no,unknown type for this validator (no required/recommended table for 'Person')
https://www.orangejelly.co.uk/licensees-guide/category/operations,ContactPoint,,,no,no,no,unknown type for this validator (no required/recommended table for 'ContactPoint')
https://www.orangejelly.co.uk/licensees-guide/category/operations,PostalAddress,,,no,no,no,unknown type for this validator (no required/recommended table for 'PostalAddress')
https://www.orangejelly.co.uk/licensees-guide/category/operations,GeoCoordinates,,,no,no,no,unknown type for this validator (no required/recommended table for 'GeoCoordinates')
https://www.orangejelly.co.uk/licensees-guide/category/operations,WebSite,,potentialAction,no,no,no,
https://www.orangejelly.co.uk/licensees-guide/category/operations,BreadcrumbList,,,no,no,yes,
https://www.orangejelly.co.uk/licensees-guide/category/operations,ListItem,,,no,no,no,unknown type for this validator (no required/recommended table for 'ListItem')
https://www.orangejelly.co.uk/licensees-guide/category/operations,CollectionPage,,,no,no,no,unknown type for this validator (no required/recommended table for 'CollectionPage')
https://www.orangejelly.co.uk/licensees-guide/category/operations,WebSite,name; url,potentialAction,no,no,no,
https://www.orangejelly.co.uk/licensees-guide/category/operations,BreadcrumbList,,,no,no,yes,
https://www.orangejelly.co.uk/licensees-guide/category/operations,ListItem,,,no,no,no,unknown type for this validator (no required/recommended table for 'ListItem')
https://www.orangejelly.co.uk/licensees-guide/category/operations,ListItem,,,no,no,no,unknown type for this validator (no required/recommended table for 'ListItem')
https://www.orangejelly.co.uk/licensees-guide/category/operations,ListItem,,,no,no,no,unknown type for this validator (no required/recommended table for 'ListItem')
https://www.orangejelly.co.uk/licensees-guide/category/operations,ItemList,,,no,no,no,unknown type for this validator (no required/recommended table for 'ItemList')
https://www.orangejelly.co.uk/licensees-guide/category/operations,ListItem,,,no,no,no,unknown type for this validator (no required/recommended table for 'ListItem')
https://www.orangejelly.co.uk/licensees-guide/category/operations,BlogPosting,,dateModified,no,no,yes,
https://www.orangejelly.co.uk/licensees-guide/category/operations,Person,,,no,no,no,unknown type for this validator (no required/recommended table for 'Person')
https://www.orangejelly.co.uk/licensees-guide/category/operations,ImageObject,,,no,no,no,unknown type for this validator (no required/recommended table for 'ImageObject')
https://www.orangejelly.co.uk/licensees-guide/category/operations,Organization,,url; logo; sameAs; contactPoint,no,no,no,
https://www.orangejelly.co.uk/licensees-guide/category/operations,ListItem,,,no,no,no,unknown type for this validator (no required/recommended table for 'ListItem')
https://www.orangejelly.co.uk/licensees-guide/category/operations,BlogPosting,,dateModified,no,no,yes,
https://www.orangejelly.co.uk/licensees-guide/category/operations,Person,,,no,no,no,unknown type for this validator (no required/recommended table for 'Person')
https://www.orangejelly.co.uk/licensees-guide/category/operations,ImageObject,,,no,no,no,unknown type for this validator (no required/recommended table for 'ImageObject')
https://www.orangejelly.co.uk/licensees-guide/category/operations,Organization,,url; logo; sameAs; contactPoint,no,no,no,
https://www.orangejelly.co.uk/licensees-guide/category/operations,ListItem,,,no,no,no,unknown type for this validator (no required/recommended table for 'ListItem')
https://www.orangejelly.co.uk/licensees-guide/category/operations,BlogPosting,,dateModified,no,no,yes,
https://www.orangejelly.co.uk/licensees-guide/category/operations,Person,,,no,no,no,unknown type for this validator (no required/recommended table for 'Person')
https://www.orangejelly.co.uk/licensees-guide/category/operations,ImageObject,,,no,no,no,unknown type for this validator (no required/recommended table for 'ImageObject')
https://www.orangejelly.co.uk/licensees-guide/category/operations,Organization,,url; logo; sameAs; contactPoint,no,no,no,
https://www.orangejelly.co.uk/licensees-guide/category/operations,ListItem,,,no,no,no,unknown type for this validator (no required/recommended table for 'ListItem')
https://www.orangejelly.co.uk/licensees-guide/category/operations,BlogPosting,,dateModified,no,no,yes,
https://www.orangejelly.co.uk/licensees-guide/category/operations,Person,,,no,no,no,unknown type for this validator (no required/recommended table for 'Person')
https://www.orangejelly.co.uk/licensees-guide/category/operations,ImageObject,,,no,no,no,unknown type for this validator (no required/recommended table for 'ImageObject')
https://www.orangejelly.co.uk/licensees-guide/category/operations,Organization,,url; logo; sameAs; contactPoint,no,no,no,
https://www.orangejelly.co.uk/licensees-guide/category/operations,ListItem,,,no,no,no,unknown type for this validator (no required/recommended table for 'ListItem')
https://www.orangejelly.co.uk/licensees-guide/category/operations,BlogPosting,,dateModified,no,no,yes,
https://www.orangejelly.co.uk/licensees-guide/category/operations,Person,,,no,no,no,unknown type for this validator (no required/recommended table for 'Person')
https://www.orangejelly.co.uk/licensees-guide/category/operations,ImageObject,,,no,no,no,unknown type for this validator (no required/recommended table for 'ImageObject')
https://www.orangejelly.co.uk/licensees-guide/category/operations,Organization,,url; logo; sameAs; contactPoint,no,no,no,
https://www.orangejelly.co.uk/licensees-guide/category/operations,ListItem,,,no,no,no,unknown type for this validator (no required/recommended table for 'ListItem')
https://www.orangejelly.co.uk/licensees-guide/category/operations,BlogPosting,,dateModified,no,no,yes,
https://www.orangejelly.co.uk/licensees-guide/category/operations,Person,,,no,no,no,unknown type for this validator (no required/recommended table for 'Person')
https://www.orangejelly.co.uk/licensees-guide/category/operations,ImageObject,,,no,no,no,unknown type for this validator (no required/recommended table for 'ImageObject')
https://www.orangejelly.co.uk/licensees-guide/category/operations,Organization,,url; logo; sameAs; contactPoint,no,no,no,
https://www.orangejelly.co.uk/licensees-guide/category/operations,ListItem,,,no,no,no,unknown type for this validator (no required/recommended table for 'ListItem')
https://www.orangejelly.co.uk/licensees-guide/category/operations,BlogPosting,,dateModified,no,no,yes,
https://www.orangejelly.co.uk/licensees-guide/category/operations,Person,,,no,no,no,unknown type for this validator (no required/recommended table for 'Person')
https://www.orangejelly.co.uk/licensees-guide/category/operations,ImageObject,,,no,no,no,unknown type for this validator (no required/recommended table for 'ImageObject')
https://www.orangejelly.co.uk/licensees-guide/category/operations,Organization,,url; logo; sameAs; contactPoint,no,no,no,
https://www.orangejelly.co.uk/licensees-guide/category/operations,ListItem,,,no,no,no,unknown type for this validator (no required/recommended table for 'ListItem')
https://www.orangejelly.co.uk/licensees-guide/category/operations,BlogPosting,,dateModified,no,no,yes,
https://www.orangejelly.co.uk/licensees-guide/category/operations,Person,,,no,no,no,unknown type for this validator (no required/recommended table for 'Person')
https://www.orangejelly.co.uk/licensees-guide/category/operations,ImageObject,,,no,no,no,unknown type for this validator (no required/recommended table for 'ImageObject')
https://www.orangejelly.co.uk/licensees-guide/category/operations,Organization,,url; logo; sameAs; contactPoint,no,no,no,
https://www.orangejelly.co.uk/licensees-guide/category/operations,ListItem,,,no,no,no,unknown type for this validator (no required/recommended table for 'ListItem')
https://www.orangejelly.co.uk/licensees-guide/category/operations,BlogPosting,,dateModified,no,no,yes,
https://www.orangejelly.co.uk/licensees-guide/category/operations,Person,,,no,no,no,unknown type for this validator (no required/recommended table for 'Person')
https://www.orangejelly.co.uk/licensees-guide/category/operations,ImageObject,,,no,no,no,unknown type for this validator (no required/recommended table for 'ImageObject')
https://www.orangejelly.co.uk/licensees-guide/category/operations,Organization,,url; logo; sameAs; contactPoint,no,no,no,
https://www.orangejelly.co.uk/licensees-guide/category/operations,ListItem,,,no,no,no,unknown type for this validator (no required/recommended table for 'ListItem')
https://www.orangejelly.co.uk/licensees-guide/category/operations,BlogPosting,,dateModified,no,no,yes,
https://www.orangejelly.co.uk/licensees-guide/category/operations,Person,,,no,no,no,unknown type for this validator (no required/recommended table for 'Person')
https://www.orangejelly.co.uk/licensees-guide/category/operations,ImageObject,,,no,no,no,unknown type for this validator (no required/recommended table for 'ImageObject')
https://www.orangejelly.co.uk/licensees-guide/category/operations,Organization,,url; logo; sameAs; contactPoint,no,no,no,
https://www.orangejelly.co.uk/licensees-guide/category/operations,ListItem,,,no,no,no,unknown type for this validator (no required/recommended table for 'ListItem')
https://www.orangejelly.co.uk/licensees-guide/category/operations,BlogPosting,,dateModified,no,no,yes,
https://www.orangejelly.co.uk/licensees-guide/category/operations,Person,,,no,no,no,unknown type for this validator (no required/recommended table for 'Person')
https://www.orangejelly.co.uk/licensees-guide/category/operations,ImageObject,,,no,no,no,unknown type for this validator (no required/recommended table for 'ImageObject')
https://www.orangejelly.co.uk/licensees-guide/category/operations,Organization,,url; logo; sameAs; contactPoint,no,no,no,
https://www.orangejelly.co.uk/licensees-guide/category/operations,ListItem,,,no,no,no,unknown type for this validator (no required/recommended table for 'ListItem')
https://www.orangejelly.co.uk/licensees-guide/category/operations,BlogPosting,,dateModified,no,no,yes,
https://www.orangejelly.co.uk/licensees-guide/category/operations,Person,,,no,no,no,unknown type for this validator (no required/recommended table for 'Person')
https://www.orangejelly.co.uk/licensees-guide/category/operations,ImageObject,,,no,no,no,unknown type for this validator (no required/recommended table for 'ImageObject')
https://www.orangejelly.co.uk/licensees-guide/category/operations,Organization,,url; logo; sameAs; contactPoint,no,no,no,
https://www.orangejelly.co.uk/licensees-guide/category/operations,ListItem,,,no,no,no,unknown type for this validator (no required/recommended table for 'ListItem')
https://www.orangejelly.co.uk/licensees-guide/category/operations,BlogPosting,,dateModified,no,no,yes,
https://www.orangejelly.co.uk/licensees-guide/category/operations,Person,,,no,no,no,unknown type for this validator (no required/recommended table for 'Person')
https://www.orangejelly.co.uk/licensees-guide/category/operations,ImageObject,,,no,no,no,unknown type for this validator (no required/recommended table for 'ImageObject')
https://www.orangejelly.co.uk/licensees-guide/category/operations,Organization,,url; logo; sameAs; contactPoint,no,no,no,
https://www.orangejelly.co.uk/licensees-guide/category/operations,ListItem,,,no,no,no,unknown type for this validator (no required/recommended table for 'ListItem')
https://www.orangejelly.co.uk/licensees-guide/category/operations,BlogPosting,,dateModified,no,no,yes,
https://www.orangejelly.co.uk/licensees-guide/category/operations,Person,,,no,no,no,unknown type for this validator (no required/recommended table for 'Person')
https://www.orangejelly.co.uk/licensees-guide/category/operations,ImageObject,,,no,no,no,unknown type for this validator (no required/recommended table for 'ImageObject')
https://www.orangejelly.co.uk/licensees-guide/category/operations,Organization,,url; logo; sameAs; contactPoint,no,no,no,
https://www.orangejelly.co.uk/licensees-guide/category/operations,ListItem,,,no,no,no,unknown type for this validator (no required/recommended table for 'ListItem')
https://www.orangejelly.co.uk/licensees-guide/category/operations,BlogPosting,,dateModified,no,no,yes,
https://www.orangejelly.co.uk/licensees-guide/category/operations,Person,,,no,no,no,unknown type for this validator (no required/recommended table for 'Person')
https://www.orangejelly.co.uk/licensees-guide/category/operations,ImageObject,,,no,no,no,unknown type for this validator (no required/recommended table for 'ImageObject')
https://www.orangejelly.co.uk/licensees-guide/category/operations,Organization,,url; logo; sameAs; contactPoint,no,no,no,
https://www.orangejelly.co.uk/licensees-guide/category/operations,ListItem,,,no,no,no,unknown type for this validator (no required/recommended table for 'ListItem')
https://www.orangejelly.co.uk/licensees-guide/category/operations,BlogPosting,,dateModified,no,no,yes,
https://www.orangejelly.co.uk/licensees-guide/category/operations,Person,,,no,no,no,unknown type for this validator (no required/recommended table for 'Person')
https://www.orangejelly.co.uk/licensees-guide/category/operations,ImageObject,,,no,no,no,unknown type for this validator (no required/recommended table for 'ImageObject')
https://www.orangejelly.co.uk/licensees-guide/category/operations,Organization,,url; logo; sameAs; contactPoint,no,no,no,
https://www.orangejelly.co.uk/licensees-guide/category/operations,ListItem,,,no,no,no,unknown type for this validator (no required/recommended table for 'ListItem')
https://www.orangejelly.co.uk/licensees-guide/category/operations,BlogPosting,,dateModified,no,no,yes,
https://www.orangejelly.co.uk/licensees-guide/category/operations,Person,,,no,no,no,unknown type for this validator (no required/recommended table for 'Person')
https://www.orangejelly.co.uk/licensees-guide/category/operations,ImageObject,,,no,no,no,unknown type for this validator (no required/recommended table for 'ImageObject')
https://www.orangejelly.co.uk/licensees-guide/category/operations,Organization,,url; logo; sameAs; contactPoint,no,no,no,
https://www.orangejelly.co.uk/licensees-guide/category/operations,ListItem,,,no,no,no,unknown type for this validator (no required/recommended table for 'ListItem')
https://www.orangejelly.co.uk/licensees-guide/category/operations,BlogPosting,,dateModified,no,no,yes,
https://www.orangejelly.co.uk/licensees-guide/category/operations,Person,,,no,no,no,unknown type for this validator (no required/recommended table for 'Person')
https://www.orangejelly.co.uk/licensees-guide/category/operations,ImageObject,,,no,no,no,unknown type for this validator (no required/recommended table for 'ImageObject')
https://www.orangejelly.co.uk/licensees-guide/category/operations,Organization,,url; logo; sameAs; contactPoint,no,no,no,
https://www.orangejelly.co.uk/licensees-guide/category/operations,ListItem,,,no,no,no,unknown type for this validator (no required/recommended table for 'ListItem')
https://www.orangejelly.co.uk/licensees-guide/category/operations,BlogPosting,,dateModified,no,no,yes,
https://www.orangejelly.co.uk/licensees-guide/category/operations,Person,,,no,no,no,unknown type for this validator (no required/recommended table for 'Person')
https://www.orangejelly.co.uk/licensees-guide/category/operations,ImageObject,,,no,no,no,unknown type for this validator (no required/recommended table for 'ImageObject')
https://www.orangejelly.co.uk/licensees-guide/category/operations,Organization,,url; logo; sameAs; contactPoint,no,no,no,
https://www.orangejelly.co.uk/licensees-guide/category/operations,ListItem,,,no,no,no,unknown type for this validator (no required/recommended table for 'ListItem')
https://www.orangejelly.co.uk/licensees-guide/category/operations,BlogPosting,,dateModified,no,no,yes,
https://www.orangejelly.co.uk/licensees-guide/category/operations,Person,,,no,no,no,unknown type for this validator (no required/recommended table for 'Person')
https://www.orangejelly.co.uk/licensees-guide/category/operations,ImageObject,,,no,no,no,unknown type for this validator (no required/recommended table for 'ImageObject')
https://www.orangejelly.co.uk/licensees-guide/category/operations,Organization,,url; logo; sameAs; contactPoint,no,no,no,
https://www.orangejelly.co.uk/licensees-guide/category/operations,ListItem,,,no,no,no,unknown type for this validator (no required/recommended table for 'ListItem')
https://www.orangejelly.co.uk/licensees-guide/category/operations,BlogPosting,,dateModified,no,no,yes,
https://www.orangejelly.co.uk/licensees-guide/category/operations,Person,,,no,no,no,unknown type for this validator (no required/recommended table for 'Person')
https://www.orangejelly.co.uk/licensees-guide/category/operations,ImageObject,,,no,no,no,unknown type for this validator (no required/recommended table for 'ImageObject')
https://www.orangejelly.co.uk/licensees-guide/category/operations,Organization,,url; logo; sameAs; contactPoint,no,no,no,
https://www.orangejelly.co.uk/licensees-guide/category/operations,ListItem,,,no,no,no,unknown type for this validator (no required/recommended table for 'ListItem')
https://www.orangejelly.co.uk/licensees-guide/category/operations,BlogPosting,,dateModified,no,no,yes,
https://www.orangejelly.co.uk/licensees-guide/category/operations,Person,,,no,no,no,unknown type for this validator (no required/recommended table for 'Person')
https://www.orangejelly.co.uk/licensees-guide/category/operations,ImageObject,,,no,no,no,unknown type for this validator (no required/recommended table for 'ImageObject')
https://www.orangejelly.co.uk/licensees-guide/category/operations,Organization,,url; logo; sameAs; contactPoint,no,no,no,
https://www.orangejelly.co.uk/licensees-guide/category/operations,ListItem,,,no,no,no,unknown type for this validator (no required/recommended table for 'ListItem')
https://www.orangejelly.co.uk/licensees-guide/category/operations,BlogPosting,,dateModified,no,no,yes,
https://www.orangejelly.co.uk/licensees-guide/category/operations,Person,,,no,no,no,unknown type for this validator (no required/recommended table for 'Person')
https://www.orangejelly.co.uk/licensees-guide/category/operations,ImageObject,,,no,no,no,unknown type for this validator (no required/recommended table for 'ImageObject')
https://www.orangejelly.co.uk/licensees-guide/category/operations,Organization,,url; logo; sameAs; contactPoint,no,no,no,
https://www.orangejelly.co.uk/licensees-guide/category/operations,BreadcrumbList,,,no,no,yes,
https://www.orangejelly.co.uk/licensees-guide/category/operations,ListItem,,,no,no,no,unknown type for this validator (no required/recommended table for 'ListItem')
https://www.orangejelly.co.uk/licensees-guide/category/operations,ListItem,,,no,no,no,unknown type for this validator (no required/recommended table for 'ListItem')
https://www.orangejelly.co.uk/licensees-guide/category/operations,ListItem,,,no,no,no,unknown type for this validator (no required/recommended table for 'ListItem')
https://www.orangejelly.co.uk/licensees-guide/category/operations,BreadcrumbList,,,no,no,yes,
https://www.orangejelly.co.uk/licensees-guide/category/operations,ListItem,,,no,no,no,unknown type for this validator (no required/recommended table for 'ListItem')
https://www.orangejelly.co.uk/licensees-guide/category/operations,ListItem,,,no,no,no,unknown type for this validator (no required/recommended table for 'ListItem')
https://www.orangejelly.co.uk/licensees-guide/category/operations,ListItem,,,no,no,no,unknown type for this validator (no required/recommended table for 'ListItem')
https://www.orangejelly.co.uk/licensees-guide/category/people,ProfessionalService,,,no,no,no,unknown type for this validator (no required/recommended table for 'ProfessionalService')
https://www.orangejelly.co.uk/licensees-guide/category/people,ImageObject,,,no,no,no,unknown type for this validator (no required/recommended table for 'ImageObject')
https://www.orangejelly.co.uk/licensees-guide/category/people,Person,,,no,no,no,unknown type for this validator (no required/recommended table for 'Person')
https://www.orangejelly.co.uk/licensees-guide/category/people,ContactPoint,,,no,no,no,unknown type for this validator (no required/recommended table for 'ContactPoint')
https://www.orangejelly.co.uk/licensees-guide/category/people,PostalAddress,,,no,no,no,unknown type for this validator (no required/recommended table for 'PostalAddress')
https://www.orangejelly.co.uk/licensees-guide/category/people,GeoCoordinates,,,no,no,no,unknown type for this validator (no required/recommended table for 'GeoCoordinates')
https://www.orangejelly.co.uk/licensees-guide/category/people,WebSite,,potentialAction,no,no,no,
https://www.orangejelly.co.uk/licensees-guide/category/people,BreadcrumbList,,,no,no,yes,
https://www.orangejelly.co.uk/licensees-guide/category/people,ListItem,,,no,no,no,unknown type for this validator (no required/recommended table for 'ListItem')
https://www.orangejelly.co.uk/licensees-guide/category/people,CollectionPage,,,no,no,no,unknown type for this validator (no required/recommended table for 'CollectionPage')
https://www.orangejelly.co.uk/licensees-guide/category/people,WebSite,name; url,potentialAction,no,no,no,
https://www.orangejelly.co.uk/licensees-guide/category/people,BreadcrumbList,,,no,no,yes,
https://www.orangejelly.co.uk/licensees-guide/category/people,ListItem,,,no,no,no,unknown type for this validator (no required/recommended table for 'ListItem')
https://www.orangejelly.co.uk/licensees-guide/category/people,ListItem,,,no,no,no,unknown type for this validator (no required/recommended table for 'ListItem')
https://www.orangejelly.co.uk/licensees-guide/category/people,ListItem,,,no,no,no,unknown type for this validator (no required/recommended table for 'ListItem')
https://www.orangejelly.co.uk/licensees-guide/category/people,ItemList,,,no,no,no,unknown type for this validator (no required/recommended table for 'ItemList')
https://www.orangejelly.co.uk/licensees-guide/category/people,ListItem,,,no,no,no,unknown type for this validator (no required/recommended table for 'ListItem')
https://www.orangejelly.co.uk/licensees-guide/category/people,BlogPosting,,dateModified,no,no,yes,
https://www.orangejelly.co.uk/licensees-guide/category/people,Person,,,no,no,no,unknown type for this validator (no required/recommended table for 'Person')
https://www.orangejelly.co.uk/licensees-guide/category/people,ImageObject,,,no,no,no,unknown type for this validator (no required/recommended table for 'ImageObject')
https://www.orangejelly.co.uk/licensees-guide/category/people,Organization,,url; logo; sameAs; contactPoint,no,no,no,
https://www.orangejelly.co.uk/licensees-guide/category/people,ListItem,,,no,no,no,unknown type for this validator (no required/recommended table for 'ListItem')
https://www.orangejelly.co.uk/licensees-guide/category/people,BlogPosting,,dateModified,no,no,yes,
https://www.orangejelly.co.uk/licensees-guide/category/people,Person,,,no,no,no,unknown type for this validator (no required/recommended table for 'Person')
https://www.orangejelly.co.uk/licensees-guide/category/people,ImageObject,,,no,no,no,unknown type for this validator (no required/recommended table for 'ImageObject')
https://www.orangejelly.co.uk/licensees-guide/category/people,Organization,,url; logo; sameAs; contactPoint,no,no,no,
https://www.orangejelly.co.uk/licensees-guide/category/people,BreadcrumbList,,,no,no,yes,
https://www.orangejelly.co.uk/licensees-guide/category/people,ListItem,,,no,no,no,unknown type for this validator (no required/recommended table for 'ListItem')
https://www.orangejelly.co.uk/licensees-guide/category/people,ListItem,,,no,no,no,unknown type for this validator (no required/recommended table for 'ListItem')
https://www.orangejelly.co.uk/licensees-guide/category/people,ListItem,,,no,no,no,unknown type for this validator (no required/recommended table for 'ListItem')
https://www.orangejelly.co.uk/licensees-guide/category/people,BreadcrumbList,,,no,no,yes,
https://www.orangejelly.co.uk/licensees-guide/category/people,ListItem,,,no,no,no,unknown type for this validator (no required/recommended table for 'ListItem')
https://www.orangejelly.co.uk/licensees-guide/category/people,ListItem,,,no,no,no,unknown type for this validator (no required/recommended table for 'ListItem')
https://www.orangejelly.co.uk/licensees-guide/category/people,ListItem,,,no,no,no,unknown type for this validator (no required/recommended table for 'ListItem')
https://www.orangejelly.co.uk/licensees-guide/category/property,ProfessionalService,,,no,no,no,unknown type for this validator (no required/recommended table for 'ProfessionalService')
https://www.orangejelly.co.uk/licensees-guide/category/property,ImageObject,,,no,no,no,unknown type for this validator (no required/recommended table for 'ImageObject')
https://www.orangejelly.co.uk/licensees-guide/category/property,Person,,,no,no,no,unknown type for this validator (no required/recommended table for 'Person')
https://www.orangejelly.co.uk/licensees-guide/category/property,ContactPoint,,,no,no,no,unknown type for this validator (no required/recommended table for 'ContactPoint')
https://www.orangejelly.co.uk/licensees-guide/category/property,PostalAddress,,,no,no,no,unknown type for this validator (no required/recommended table for 'PostalAddress')
https://www.orangejelly.co.uk/licensees-guide/category/property,GeoCoordinates,,,no,no,no,unknown type for this validator (no required/recommended table for 'GeoCoordinates')
https://www.orangejelly.co.uk/licensees-guide/category/property,WebSite,,potentialAction,no,no,no,
https://www.orangejelly.co.uk/licensees-guide/category/property,BreadcrumbList,,,no,no,yes,
https://www.orangejelly.co.uk/licensees-guide/category/property,ListItem,,,no,no,no,unknown type for this validator (no required/recommended table for 'ListItem')
https://www.orangejelly.co.uk/licensees-guide/category/property,CollectionPage,,,no,no,no,unknown type for this validator (no required/recommended table for 'CollectionPage')
https://www.orangejelly.co.uk/licensees-guide/category/property,WebSite,name; url,potentialAction,no,no,no,
https://www.orangejelly.co.uk/licensees-guide/category/property,BreadcrumbList,,,no,no,yes,
https://www.orangejelly.co.uk/licensees-guide/category/property,ListItem,,,no,no,no,unknown type for this validator (no required/recommended table for 'ListItem')
https://www.orangejelly.co.uk/licensees-guide/category/property,ListItem,,,no,no,no,unknown type for this validator (no required/recommended table for 'ListItem')
https://www.orangejelly.co.uk/licensees-guide/category/property,ListItem,,,no,no,no,unknown type for this validator (no required/recommended table for 'ListItem')
https://www.orangejelly.co.uk/licensees-guide/category/property,ItemList,,,no,no,no,unknown type for this validator (no required/recommended table for 'ItemList')
https://www.orangejelly.co.uk/licensees-guide/category/property,ListItem,,,no,no,no,unknown type for this validator (no required/recommended table for 'ListItem')
https://www.orangejelly.co.uk/licensees-guide/category/property,BlogPosting,,dateModified,no,no,yes,
https://www.orangejelly.co.uk/licensees-guide/category/property,Person,,,no,no,no,unknown type for this validator (no required/recommended table for 'Person')
https://www.orangejelly.co.uk/licensees-guide/category/property,ImageObject,,,no,no,no,unknown type for this validator (no required/recommended table for 'ImageObject')
https://www.orangejelly.co.uk/licensees-guide/category/property,Organization,,url; logo; sameAs; contactPoint,no,no,no,
https://www.orangejelly.co.uk/licensees-guide/category/property,BreadcrumbList,,,no,no,yes,
https://www.orangejelly.co.uk/licensees-guide/category/property,ListItem,,,no,no,no,unknown type for this validator (no required/recommended table for 'ListItem')
https://www.orangejelly.co.uk/licensees-guide/category/property,ListItem,,,no,no,no,unknown type for this validator (no required/recommended table for 'ListItem')
https://www.orangejelly.co.uk/licensees-guide/category/property,ListItem,,,no,no,no,unknown type for this validator (no required/recommended table for 'ListItem')
https://www.orangejelly.co.uk/licensees-guide/category/property,BreadcrumbList,,,no,no,yes,
https://www.orangejelly.co.uk/licensees-guide/category/property,ListItem,,,no,no,no,unknown type for this validator (no required/recommended table for 'ListItem')
https://www.orangejelly.co.uk/licensees-guide/category/property,ListItem,,,no,no,no,unknown type for this validator (no required/recommended table for 'ListItem')
https://www.orangejelly.co.uk/licensees-guide/category/property,ListItem,,,no,no,no,unknown type for this validator (no required/recommended table for 'ListItem')
https://www.orangejelly.co.uk/licensees-guide/category/revenue-growth,ProfessionalService,,,no,no,no,unknown type for this validator (no required/recommended table for 'ProfessionalService')
https://www.orangejelly.co.uk/licensees-guide/category/revenue-growth,ImageObject,,,no,no,no,unknown type for this validator (no required/recommended table for 'ImageObject')
https://www.orangejelly.co.uk/licensees-guide/category/revenue-growth,Person,,,no,no,no,unknown type for this validator (no required/recommended table for 'Person')
https://www.orangejelly.co.uk/licensees-guide/category/revenue-growth,ContactPoint,,,no,no,no,unknown type for this validator (no required/recommended table for 'ContactPoint')
https://www.orangejelly.co.uk/licensees-guide/category/revenue-growth,PostalAddress,,,no,no,no,unknown type for this validator (no required/recommended table for 'PostalAddress')
https://www.orangejelly.co.uk/licensees-guide/category/revenue-growth,GeoCoordinates,,,no,no,no,unknown type for this validator (no required/recommended table for 'GeoCoordinates')
https://www.orangejelly.co.uk/licensees-guide/category/revenue-growth,WebSite,,potentialAction,no,no,no,
https://www.orangejelly.co.uk/licensees-guide/category/revenue-growth,BreadcrumbList,,,no,no,yes,
https://www.orangejelly.co.uk/licensees-guide/category/revenue-growth,ListItem,,,no,no,no,unknown type for this validator (no required/recommended table for 'ListItem')
https://www.orangejelly.co.uk/licensees-guide/category/revenue-growth,CollectionPage,,,no,no,no,unknown type for this validator (no required/recommended table for 'CollectionPage')
https://www.orangejelly.co.uk/licensees-guide/category/revenue-growth,WebSite,name; url,potentialAction,no,no,no,
https://www.orangejelly.co.uk/licensees-guide/category/revenue-growth,BreadcrumbList,,,no,no,yes,
https://www.orangejelly.co.uk/licensees-guide/category/revenue-growth,ListItem,,,no,no,no,unknown type for this validator (no required/recommended table for 'ListItem')
https://www.orangejelly.co.uk/licensees-guide/category/revenue-growth,ListItem,,,no,no,no,unknown type for this validator (no required/recommended table for 'ListItem')
https://www.orangejelly.co.uk/licensees-guide/category/revenue-growth,ListItem,,,no,no,no,unknown type for this validator (no required/recommended table for 'ListItem')
https://www.orangejelly.co.uk/licensees-guide/category/revenue-growth,ItemList,,,no,no,no,unknown type for this validator (no required/recommended table for 'ItemList')
https://www.orangejelly.co.uk/licensees-guide/category/revenue-growth,ListItem,,,no,no,no,unknown type for this validator (no required/recommended table for 'ListItem')
https://www.orangejelly.co.uk/licensees-guide/category/revenue-growth,BlogPosting,,dateModified,no,no,yes,
https://www.orangejelly.co.uk/licensees-guide/category/revenue-growth,Person,,,no,no,no,unknown type for this validator (no required/recommended table for 'Person')
https://www.orangejelly.co.uk/licensees-guide/category/revenue-growth,ImageObject,,,no,no,no,unknown type for this validator (no required/recommended table for 'ImageObject')
https://www.orangejelly.co.uk/licensees-guide/category/revenue-growth,Organization,,url; logo; sameAs; contactPoint,no,no,no,
https://www.orangejelly.co.uk/licensees-guide/category/revenue-growth,ListItem,,,no,no,no,unknown type for this validator (no required/recommended table for 'ListItem')
https://www.orangejelly.co.uk/licensees-guide/category/revenue-growth,BlogPosting,,dateModified,no,no,yes,
https://www.orangejelly.co.uk/licensees-guide/category/revenue-growth,Person,,,no,no,no,unknown type for this validator (no required/recommended table for 'Person')
https://www.orangejelly.co.uk/licensees-guide/category/revenue-growth,ImageObject,,,no,no,no,unknown type for this validator (no required/recommended table for 'ImageObject')
https://www.orangejelly.co.uk/licensees-guide/category/revenue-growth,Organization,,url; logo; sameAs; contactPoint,no,no,no,
https://www.orangejelly.co.uk/licensees-guide/category/revenue-growth,ListItem,,,no,no,no,unknown type for this validator (no required/recommended table for 'ListItem')
https://www.orangejelly.co.uk/licensees-guide/category/revenue-growth,BlogPosting,,dateModified,no,no,yes,
https://www.orangejelly.co.uk/licensees-guide/category/revenue-growth,Person,,,no,no,no,unknown type for this validator (no required/recommended table for 'Person')
https://www.orangejelly.co.uk/licensees-guide/category/revenue-growth,ImageObject,,,no,no,no,unknown type for this validator (no required/recommended table for 'ImageObject')
https://www.orangejelly.co.uk/licensees-guide/category/revenue-growth,Organization,,url; logo; sameAs; contactPoint,no,no,no,
https://www.orangejelly.co.uk/licensees-guide/category/revenue-growth,ListItem,,,no,no,no,unknown type for this validator (no required/recommended table for 'ListItem')
https://www.orangejelly.co.uk/licensees-guide/category/revenue-growth,BlogPosting,,dateModified,no,no,yes,
https://www.orangejelly.co.uk/licensees-guide/category/revenue-growth,Person,,,no,no,no,unknown type for this validator (no required/recommended table for 'Person')
https://www.orangejelly.co.uk/licensees-guide/category/revenue-growth,ImageObject,,,no,no,no,unknown type for this validator (no required/recommended table for 'ImageObject')
https://www.orangejelly.co.uk/licensees-guide/category/revenue-growth,Organization,,url; logo; sameAs; contactPoint,no,no,no,
https://www.orangejelly.co.uk/licensees-guide/category/revenue-growth,ListItem,,,no,no,no,unknown type for this validator (no required/recommended table for 'ListItem')
https://www.orangejelly.co.uk/licensees-guide/category/revenue-growth,BlogPosting,,dateModified,no,no,yes,
https://www.orangejelly.co.uk/licensees-guide/category/revenue-growth,Person,,,no,no,no,unknown type for this validator (no required/recommended table for 'Person')
https://www.orangejelly.co.uk/licensees-guide/category/revenue-growth,ImageObject,,,no,no,no,unknown type for this validator (no required/recommended table for 'ImageObject')
https://www.orangejelly.co.uk/licensees-guide/category/revenue-growth,Organization,,url; logo; sameAs; contactPoint,no,no,no,
https://www.orangejelly.co.uk/licensees-guide/category/revenue-growth,ListItem,,,no,no,no,unknown type for this validator (no required/recommended table for 'ListItem')
https://www.orangejelly.co.uk/licensees-guide/category/revenue-growth,BlogPosting,,dateModified,no,no,yes,
https://www.orangejelly.co.uk/licensees-guide/category/revenue-growth,Person,,,no,no,no,unknown type for this validator (no required/recommended table for 'Person')
https://www.orangejelly.co.uk/licensees-guide/category/revenue-growth,ImageObject,,,no,no,no,unknown type for this validator (no required/recommended table for 'ImageObject')
https://www.orangejelly.co.uk/licensees-guide/category/revenue-growth,Organization,,url; logo; sameAs; contactPoint,no,no,no,
https://www.orangejelly.co.uk/licensees-guide/category/revenue-growth,ListItem,,,no,no,no,unknown type for this validator (no required/recommended table for 'ListItem')
https://www.orangejelly.co.uk/licensees-guide/category/revenue-growth,BlogPosting,,dateModified,no,no,yes,
https://www.orangejelly.co.uk/licensees-guide/category/revenue-growth,Person,,,no,no,no,unknown type for this validator (no required/recommended table for 'Person')
https://www.orangejelly.co.uk/licensees-guide/category/revenue-growth,ImageObject,,,no,no,no,unknown type for this validator (no required/recommended table for 'ImageObject')
https://www.orangejelly.co.uk/licensees-guide/category/revenue-growth,Organization,,url; logo; sameAs; contactPoint,no,no,no,
https://www.orangejelly.co.uk/licensees-guide/category/revenue-growth,ListItem,,,no,no,no,unknown type for this validator (no required/recommended table for 'ListItem')
https://www.orangejelly.co.uk/licensees-guide/category/revenue-growth,BlogPosting,,dateModified,no,no,yes,
https://www.orangejelly.co.uk/licensees-guide/category/revenue-growth,Person,,,no,no,no,unknown type for this validator (no required/recommended table for 'Person')
https://www.orangejelly.co.uk/licensees-guide/category/revenue-growth,ImageObject,,,no,no,no,unknown type for this validator (no required/recommended table for 'ImageObject')
https://www.orangejelly.co.uk/licensees-guide/category/revenue-growth,Organization,,url; logo; sameAs; contactPoint,no,no,no,
https://www.orangejelly.co.uk/licensees-guide/category/revenue-growth,ListItem,,,no,no,no,unknown type for this validator (no required/recommended table for 'ListItem')
https://www.orangejelly.co.uk/licensees-guide/category/revenue-growth,BlogPosting,,dateModified,no,no,yes,
https://www.orangejelly.co.uk/licensees-guide/category/revenue-growth,Person,,,no,no,no,unknown type for this validator (no required/recommended table for 'Person')
https://www.orangejelly.co.uk/licensees-guide/category/revenue-growth,ImageObject,,,no,no,no,unknown type for this validator (no required/recommended table for 'ImageObject')
https://www.orangejelly.co.uk/licensees-guide/category/revenue-growth,Organization,,url; logo; sameAs; contactPoint,no,no,no,
https://www.orangejelly.co.uk/licensees-guide/category/revenue-growth,ListItem,,,no,no,no,unknown type for this validator (no required/recommended table for 'ListItem')
https://www.orangejelly.co.uk/licensees-guide/category/revenue-growth,BlogPosting,,dateModified,no,no,yes,
https://www.orangejelly.co.uk/licensees-guide/category/revenue-growth,Person,,,no,no,no,unknown type for this validator (no required/recommended table for 'Person')
https://www.orangejelly.co.uk/licensees-guide/category/revenue-growth,ImageObject,,,no,no,no,unknown type for this validator (no required/recommended table for 'ImageObject')
https://www.orangejelly.co.uk/licensees-guide/category/revenue-growth,Organization,,url; logo; sameAs; contactPoint,no,no,no,
https://www.orangejelly.co.uk/licensees-guide/category/revenue-growth,ListItem,,,no,no,no,unknown type for this validator (no required/recommended table for 'ListItem')
https://www.orangejelly.co.uk/licensees-guide/category/revenue-growth,BlogPosting,,dateModified,no,no,yes,
https://www.orangejelly.co.uk/licensees-guide/category/revenue-growth,Person,,,no,no,no,unknown type for this validator (no required/recommended table for 'Person')
https://www.orangejelly.co.uk/licensees-guide/category/revenue-growth,ImageObject,,,no,no,no,unknown type for this validator (no required/recommended table for 'ImageObject')
https://www.orangejelly.co.uk/licensees-guide/category/revenue-growth,Organization,,url; logo; sameAs; contactPoint,no,no,no,
https://www.orangejelly.co.uk/licensees-guide/category/revenue-growth,ListItem,,,no,no,no,unknown type for this validator (no required/recommended table for 'ListItem')
https://www.orangejelly.co.uk/licensees-guide/category/revenue-growth,BlogPosting,,dateModified,no,no,yes,
https://www.orangejelly.co.uk/licensees-guide/category/revenue-growth,Person,,,no,no,no,unknown type for this validator (no required/recommended table for 'Person')
https://www.orangejelly.co.uk/licensees-guide/category/revenue-growth,ImageObject,,,no,no,no,unknown type for this validator (no required/recommended table for 'ImageObject')
https://www.orangejelly.co.uk/licensees-guide/category/revenue-growth,Organization,,url; logo; sameAs; contactPoint,no,no,no,
https://www.orangejelly.co.uk/licensees-guide/category/revenue-growth,BreadcrumbList,,,no,no,yes,
https://www.orangejelly.co.uk/licensees-guide/category/revenue-growth,ListItem,,,no,no,no,unknown type for this validator (no required/recommended table for 'ListItem')
https://www.orangejelly.co.uk/licensees-guide/category/revenue-growth,ListItem,,,no,no,no,unknown type for this validator (no required/recommended table for 'ListItem')
https://www.orangejelly.co.uk/licensees-guide/category/revenue-growth,ListItem,,,no,no,no,unknown type for this validator (no required/recommended table for 'ListItem')
https://www.orangejelly.co.uk/licensees-guide/category/revenue-growth,BreadcrumbList,,,no,no,yes,
https://www.orangejelly.co.uk/licensees-guide/category/revenue-growth,ListItem,,,no,no,no,unknown type for this validator (no required/recommended table for 'ListItem')
https://www.orangejelly.co.uk/licensees-guide/category/revenue-growth,ListItem,,,no,no,no,unknown type for this validator (no required/recommended table for 'ListItem')
https://www.orangejelly.co.uk/licensees-guide/category/revenue-growth,ListItem,,,no,no,no,unknown type for this validator (no required/recommended table for 'ListItem')
https://www.orangejelly.co.uk/licensees-guide/category/turnaround,ProfessionalService,,,no,no,no,unknown type for this validator (no required/recommended table for 'ProfessionalService')
https://www.orangejelly.co.uk/licensees-guide/category/turnaround,ImageObject,,,no,no,no,unknown type for this validator (no required/recommended table for 'ImageObject')
https://www.orangejelly.co.uk/licensees-guide/category/turnaround,Person,,,no,no,no,unknown type for this validator (no required/recommended table for 'Person')
https://www.orangejelly.co.uk/licensees-guide/category/turnaround,ContactPoint,,,no,no,no,unknown type for this validator (no required/recommended table for 'ContactPoint')
https://www.orangejelly.co.uk/licensees-guide/category/turnaround,PostalAddress,,,no,no,no,unknown type for this validator (no required/recommended table for 'PostalAddress')
https://www.orangejelly.co.uk/licensees-guide/category/turnaround,GeoCoordinates,,,no,no,no,unknown type for this validator (no required/recommended table for 'GeoCoordinates')
https://www.orangejelly.co.uk/licensees-guide/category/turnaround,WebSite,,potentialAction,no,no,no,
https://www.orangejelly.co.uk/licensees-guide/category/turnaround,BreadcrumbList,,,no,no,yes,
https://www.orangejelly.co.uk/licensees-guide/category/turnaround,ListItem,,,no,no,no,unknown type for this validator (no required/recommended table for 'ListItem')
https://www.orangejelly.co.uk/licensees-guide/category/turnaround,CollectionPage,,,no,no,no,unknown type for this validator (no required/recommended table for 'CollectionPage')
https://www.orangejelly.co.uk/licensees-guide/category/turnaround,WebSite,name; url,potentialAction,no,no,no,
https://www.orangejelly.co.uk/licensees-guide/category/turnaround,BreadcrumbList,,,no,no,yes,
https://www.orangejelly.co.uk/licensees-guide/category/turnaround,ListItem,,,no,no,no,unknown type for this validator (no required/recommended table for 'ListItem')
https://www.orangejelly.co.uk/licensees-guide/category/turnaround,ListItem,,,no,no,no,unknown type for this validator (no required/recommended table for 'ListItem')
https://www.orangejelly.co.uk/licensees-guide/category/turnaround,ListItem,,,no,no,no,unknown type for this validator (no required/recommended table for 'ListItem')
https://www.orangejelly.co.uk/licensees-guide/category/turnaround,ItemList,,,no,no,no,unknown type for this validator (no required/recommended table for 'ItemList')
https://www.orangejelly.co.uk/licensees-guide/category/turnaround,ListItem,,,no,no,no,unknown type for this validator (no required/recommended table for 'ListItem')
https://www.orangejelly.co.uk/licensees-guide/category/turnaround,BlogPosting,,dateModified,no,no,yes,
https://www.orangejelly.co.uk/licensees-guide/category/turnaround,Person,,,no,no,no,unknown type for this validator (no required/recommended table for 'Person')
https://www.orangejelly.co.uk/licensees-guide/category/turnaround,ImageObject,,,no,no,no,unknown type for this validator (no required/recommended table for 'ImageObject')
https://www.orangejelly.co.uk/licensees-guide/category/turnaround,Organization,,url; logo; sameAs; contactPoint,no,no,no,
https://www.orangejelly.co.uk/licensees-guide/category/turnaround,ListItem,,,no,no,no,unknown type for this validator (no required/recommended table for 'ListItem')
https://www.orangejelly.co.uk/licensees-guide/category/turnaround,BlogPosting,,dateModified,no,no,yes,
https://www.orangejelly.co.uk/licensees-guide/category/turnaround,Person,,,no,no,no,unknown type for this validator (no required/recommended table for 'Person')
https://www.orangejelly.co.uk/licensees-guide/category/turnaround,ImageObject,,,no,no,no,unknown type for this validator (no required/recommended table for 'ImageObject')
https://www.orangejelly.co.uk/licensees-guide/category/turnaround,Organization,,url; logo; sameAs; contactPoint,no,no,no,
https://www.orangejelly.co.uk/licensees-guide/category/turnaround,ListItem,,,no,no,no,unknown type for this validator (no required/recommended table for 'ListItem')
https://www.orangejelly.co.uk/licensees-guide/category/turnaround,BlogPosting,,dateModified,no,no,yes,
https://www.orangejelly.co.uk/licensees-guide/category/turnaround,Person,,,no,no,no,unknown type for this validator (no required/recommended table for 'Person')
https://www.orangejelly.co.uk/licensees-guide/category/turnaround,ImageObject,,,no,no,no,unknown type for this validator (no required/recommended table for 'ImageObject')
https://www.orangejelly.co.uk/licensees-guide/category/turnaround,Organization,,url; logo; sameAs; contactPoint,no,no,no,
https://www.orangejelly.co.uk/licensees-guide/category/turnaround,ListItem,,,no,no,no,unknown type for this validator (no required/recommended table for 'ListItem')
https://www.orangejelly.co.uk/licensees-guide/category/turnaround,BlogPosting,,dateModified,no,no,yes,
https://www.orangejelly.co.uk/licensees-guide/category/turnaround,Person,,,no,no,no,unknown type for this validator (no required/recommended table for 'Person')
https://www.orangejelly.co.uk/licensees-guide/category/turnaround,ImageObject,,,no,no,no,unknown type for this validator (no required/recommended table for 'ImageObject')
https://www.orangejelly.co.uk/licensees-guide/category/turnaround,Organization,,url; logo; sameAs; contactPoint,no,no,no,
https://www.orangejelly.co.uk/licensees-guide/category/turnaround,ListItem,,,no,no,no,unknown type for this validator (no required/recommended table for 'ListItem')
https://www.orangejelly.co.uk/licensees-guide/category/turnaround,BlogPosting,,dateModified,no,no,yes,
https://www.orangejelly.co.uk/licensees-guide/category/turnaround,Person,,,no,no,no,unknown type for this validator (no required/recommended table for 'Person')
https://www.orangejelly.co.uk/licensees-guide/category/turnaround,ImageObject,,,no,no,no,unknown type for this validator (no required/recommended table for 'ImageObject')
https://www.orangejelly.co.uk/licensees-guide/category/turnaround,Organization,,url; logo; sameAs; contactPoint,no,no,no,
https://www.orangejelly.co.uk/licensees-guide/category/turnaround,ListItem,,,no,no,no,unknown type for this validator (no required/recommended table for 'ListItem')
https://www.orangejelly.co.uk/licensees-guide/category/turnaround,BlogPosting,,dateModified,no,no,yes,
https://www.orangejelly.co.uk/licensees-guide/category/turnaround,Person,,,no,no,no,unknown type for this validator (no required/recommended table for 'Person')
https://www.orangejelly.co.uk/licensees-guide/category/turnaround,ImageObject,,,no,no,no,unknown type for this validator (no required/recommended table for 'ImageObject')
https://www.orangejelly.co.uk/licensees-guide/category/turnaround,Organization,,url; logo; sameAs; contactPoint,no,no,no,
https://www.orangejelly.co.uk/licensees-guide/category/turnaround,ListItem,,,no,no,no,unknown type for this validator (no required/recommended table for 'ListItem')
https://www.orangejelly.co.uk/licensees-guide/category/turnaround,BlogPosting,,dateModified,no,no,yes,
https://www.orangejelly.co.uk/licensees-guide/category/turnaround,Person,,,no,no,no,unknown type for this validator (no required/recommended table for 'Person')
https://www.orangejelly.co.uk/licensees-guide/category/turnaround,ImageObject,,,no,no,no,unknown type for this validator (no required/recommended table for 'ImageObject')
https://www.orangejelly.co.uk/licensees-guide/category/turnaround,Organization,,url; logo; sameAs; contactPoint,no,no,no,
https://www.orangejelly.co.uk/licensees-guide/category/turnaround,ListItem,,,no,no,no,unknown type for this validator (no required/recommended table for 'ListItem')
https://www.orangejelly.co.uk/licensees-guide/category/turnaround,BlogPosting,,dateModified,no,no,yes,
https://www.orangejelly.co.uk/licensees-guide/category/turnaround,Person,,,no,no,no,unknown type for this validator (no required/recommended table for 'Person')
https://www.orangejelly.co.uk/licensees-guide/category/turnaround,ImageObject,,,no,no,no,unknown type for this validator (no required/recommended table for 'ImageObject')
https://www.orangejelly.co.uk/licensees-guide/category/turnaround,Organization,,url; logo; sameAs; contactPoint,no,no,no,
https://www.orangejelly.co.uk/licensees-guide/category/turnaround,ListItem,,,no,no,no,unknown type for this validator (no required/recommended table for 'ListItem')
https://www.orangejelly.co.uk/licensees-guide/category/turnaround,BlogPosting,,dateModified,no,no,yes,
https://www.orangejelly.co.uk/licensees-guide/category/turnaround,Person,,,no,no,no,unknown type for this validator (no required/recommended table for 'Person')
https://www.orangejelly.co.uk/licensees-guide/category/turnaround,ImageObject,,,no,no,no,unknown type for this validator (no required/recommended table for 'ImageObject')
https://www.orangejelly.co.uk/licensees-guide/category/turnaround,Organization,,url; logo; sameAs; contactPoint,no,no,no,
https://www.orangejelly.co.uk/licensees-guide/category/turnaround,ListItem,,,no,no,no,unknown type for this validator (no required/recommended table for 'ListItem')
https://www.orangejelly.co.uk/licensees-guide/category/turnaround,BlogPosting,,dateModified,no,no,yes,
https://www.orangejelly.co.uk/licensees-guide/category/turnaround,Person,,,no,no,no,unknown type for this validator (no required/recommended table for 'Person')
https://www.orangejelly.co.uk/licensees-guide/category/turnaround,ImageObject,,,no,no,no,unknown type for this validator (no required/recommended table for 'ImageObject')
https://www.orangejelly.co.uk/licensees-guide/category/turnaround,Organization,,url; logo; sameAs; contactPoint,no,no,no,
https://www.orangejelly.co.uk/licensees-guide/category/turnaround,ListItem,,,no,no,no,unknown type for this validator (no required/recommended table for 'ListItem')
https://www.orangejelly.co.uk/licensees-guide/category/turnaround,BlogPosting,,dateModified,no,no,yes,
https://www.orangejelly.co.uk/licensees-guide/category/turnaround,Person,,,no,no,no,unknown type for this validator (no required/recommended table for 'Person')
https://www.orangejelly.co.uk/licensees-guide/category/turnaround,ImageObject,,,no,no,no,unknown type for this validator (no required/recommended table for 'ImageObject')
https://www.orangejelly.co.uk/licensees-guide/category/turnaround,Organization,,url; logo; sameAs; contactPoint,no,no,no,
https://www.orangejelly.co.uk/licensees-guide/category/turnaround,ListItem,,,no,no,no,unknown type for this validator (no required/recommended table for 'ListItem')
https://www.orangejelly.co.uk/licensees-guide/category/turnaround,BlogPosting,,dateModified,no,no,yes,
https://www.orangejelly.co.uk/licensees-guide/category/turnaround,Person,,,no,no,no,unknown type for this validator (no required/recommended table for 'Person')
https://www.orangejelly.co.uk/licensees-guide/category/turnaround,ImageObject,,,no,no,no,unknown type for this validator (no required/recommended table for 'ImageObject')
https://www.orangejelly.co.uk/licensees-guide/category/turnaround,Organization,,url; logo; sameAs; contactPoint,no,no,no,
https://www.orangejelly.co.uk/licensees-guide/category/turnaround,ListItem,,,no,no,no,unknown type for this validator (no required/recommended table for 'ListItem')
https://www.orangejelly.co.uk/licensees-guide/category/turnaround,BlogPosting,,dateModified,no,no,yes,
https://www.orangejelly.co.uk/licensees-guide/category/turnaround,Person,,,no,no,no,unknown type for this validator (no required/recommended table for 'Person')
https://www.orangejelly.co.uk/licensees-guide/category/turnaround,ImageObject,,,no,no,no,unknown type for this validator (no required/recommended table for 'ImageObject')
https://www.orangejelly.co.uk/licensees-guide/category/turnaround,Organization,,url; logo; sameAs; contactPoint,no,no,no,
https://www.orangejelly.co.uk/licensees-guide/category/turnaround,ListItem,,,no,no,no,unknown type for this validator (no required/recommended table for 'ListItem')
https://www.orangejelly.co.uk/licensees-guide/category/turnaround,BlogPosting,,dateModified,no,no,yes,
https://www.orangejelly.co.uk/licensees-guide/category/turnaround,Person,,,no,no,no,unknown type for this validator (no required/recommended table for 'Person')
https://www.orangejelly.co.uk/licensees-guide/category/turnaround,ImageObject,,,no,no,no,unknown type for this validator (no required/recommended table for 'ImageObject')
https://www.orangejelly.co.uk/licensees-guide/category/turnaround,Organization,,url; logo; sameAs; contactPoint,no,no,no,
https://www.orangejelly.co.uk/licensees-guide/category/turnaround,BreadcrumbList,,,no,no,yes,
https://www.orangejelly.co.uk/licensees-guide/category/turnaround,ListItem,,,no,no,no,unknown type for this validator (no required/recommended table for 'ListItem')
https://www.orangejelly.co.uk/licensees-guide/category/turnaround,ListItem,,,no,no,no,unknown type for this validator (no required/recommended table for 'ListItem')
https://www.orangejelly.co.uk/licensees-guide/category/turnaround,ListItem,,,no,no,no,unknown type for this validator (no required/recommended table for 'ListItem')
https://www.orangejelly.co.uk/licensees-guide/category/turnaround,BreadcrumbList,,,no,no,yes,
https://www.orangejelly.co.uk/licensees-guide/category/turnaround,ListItem,,,no,no,no,unknown type for this validator (no required/recommended table for 'ListItem')
https://www.orangejelly.co.uk/licensees-guide/category/turnaround,ListItem,,,no,no,no,unknown type for this validator (no required/recommended table for 'ListItem')
https://www.orangejelly.co.uk/licensees-guide/category/turnaround,ListItem,,,no,no,no,unknown type for this validator (no required/recommended table for 'ListItem')
https://www.orangejelly.co.uk/licensees-guide/cellar-management-beer-quality-guide,ProfessionalService,,,no,no,no,unknown type for this validator (no required/recommended table for 'ProfessionalService')
https://www.orangejelly.co.uk/licensees-guide/cellar-management-beer-quality-guide,ImageObject,,,no,no,no,unknown type for this validator (no required/recommended table for 'ImageObject')
https://www.orangejelly.co.uk/licensees-guide/cellar-management-beer-quality-guide,Person,,,no,no,no,unknown type for this validator (no required/recommended table for 'Person')
https://www.orangejelly.co.uk/licensees-guide/cellar-management-beer-quality-guide,ContactPoint,,,no,no,no,unknown type for this validator (no required/recommended table for 'ContactPoint')
https://www.orangejelly.co.uk/licensees-guide/cellar-management-beer-quality-guide,PostalAddress,,,no,no,no,unknown type for this validator (no required/recommended table for 'PostalAddress')
https://www.orangejelly.co.uk/licensees-guide/cellar-management-beer-quality-guide,GeoCoordinates,,,no,no,no,unknown type for this validator (no required/recommended table for 'GeoCoordinates')
https://www.orangejelly.co.uk/licensees-guide/cellar-management-beer-quality-guide,WebSite,,potentialAction,no,no,no,
https://www.orangejelly.co.uk/licensees-guide/cellar-management-beer-quality-guide,BreadcrumbList,,,no,no,yes,
https://www.orangejelly.co.uk/licensees-guide/cellar-management-beer-quality-guide,ListItem,,,no,no,no,unknown type for this validator (no required/recommended table for 'ListItem')
https://www.orangejelly.co.uk/licensees-guide/cellar-management-beer-quality-guide,BlogPosting,,image,no,no,yes,
https://www.orangejelly.co.uk/licensees-guide/cellar-management-beer-quality-guide,Person,,,no,no,no,unknown type for this validator (no required/recommended table for 'Person')
https://www.orangejelly.co.uk/licensees-guide/cellar-management-beer-quality-guide,Organization,,url; sameAs; contactPoint,no,no,no,
https://www.orangejelly.co.uk/licensees-guide/cellar-management-beer-quality-guide,ImageObject,,,no,no,no,unknown type for this validator (no required/recommended table for 'ImageObject')
https://www.orangejelly.co.uk/licensees-guide/cellar-management-beer-quality-guide,WebPage,,,no,no,no,unknown type for this validator (no required/recommended table for 'WebPage')
https://www.orangejelly.co.uk/licensees-guide/cellar-management-beer-quality-guide,SpeakableSpecification,,,no,no,no,unknown type for this validator (no required/recommended table for 'SpeakableSpecification')
https://www.orangejelly.co.uk/licensees-guide/cellar-management-beer-quality-guide,Thing,,,no,no,no,unknown type for this validator (no required/recommended table for 'Thing')
https://www.orangejelly.co.uk/licensees-guide/cellar-management-beer-quality-guide,Thing,,,no,no,no,unknown type for this validator (no required/recommended table for 'Thing')
https://www.orangejelly.co.uk/licensees-guide/cellar-management-beer-quality-guide,Thing,,,no,no,no,unknown type for this validator (no required/recommended table for 'Thing')
https://www.orangejelly.co.uk/licensees-guide/cellar-management-beer-quality-guide,FAQPage,,,yes,no,no,FAQ rich results are now limited to authoritative government/health sites (Aug 2023). Markup is still valid but most sites no longer earn a rich result.
https://www.orangejelly.co.uk/licensees-guide/cellar-management-beer-quality-guide,Question,,,no,no,no,unknown type for this validator (no required/recommended table for 'Question')
https://www.orangejelly.co.uk/licensees-guide/cellar-management-beer-quality-guide,Answer,,,no,no,no,unknown type for this validator (no required/recommended table for 'Answer')
https://www.orangejelly.co.uk/licensees-guide/cellar-management-beer-quality-guide,Question,,,no,no,no,unknown type for this validator (no required/recommended table for 'Question')
https://www.orangejelly.co.uk/licensees-guide/cellar-management-beer-quality-guide,Answer,,,no,no,no,unknown type for this validator (no required/recommended table for 'Answer')
https://www.orangejelly.co.uk/licensees-guide/cellar-management-beer-quality-guide,Question,,,no,no,no,unknown type for this validator (no required/recommended table for 'Question')
https://www.orangejelly.co.uk/licensees-guide/cellar-management-beer-quality-guide,Answer,,,no,no,no,unknown type for this validator (no required/recommended table for 'Answer')
https://www.orangejelly.co.uk/licensees-guide/cellar-management-beer-quality-guide,Question,,,no,no,no,unknown type for this validator (no required/recommended table for 'Question')
https://www.orangejelly.co.uk/licensees-guide/cellar-management-beer-quality-guide,Answer,,,no,no,no,unknown type for this validator (no required/recommended table for 'Answer')
https://www.orangejelly.co.uk/licensees-guide/cellar-management-beer-quality-guide,Question,,,no,no,no,unknown type for this validator (no required/recommended table for 'Question')
https://www.orangejelly.co.uk/licensees-guide/cellar-management-beer-quality-guide,Answer,,,no,no,no,unknown type for this validator (no required/recommended table for 'Answer')
https://www.orangejelly.co.uk/licensees-guide/cellar-management-beer-quality-guide,BreadcrumbList,,,no,no,yes,
https://www.orangejelly.co.uk/licensees-guide/cellar-management-beer-quality-guide,ListItem,,,no,no,no,unknown type for this validator (no required/recommended table for 'ListItem')
https://www.orangejelly.co.uk/licensees-guide/cellar-management-beer-quality-guide,ListItem,,,no,no,no,unknown type for this validator (no required/recommended table for 'ListItem')
https://www.orangejelly.co.uk/licensees-guide/cellar-management-beer-quality-guide,ListItem,,,no,no,no,unknown type for this validator (no required/recommended table for 'ListItem')
https://www.orangejelly.co.uk/licensees-guide/cellar-management-beer-quality-guide,BreadcrumbList,,,no,no,yes,
https://www.orangejelly.co.uk/licensees-guide/cellar-management-beer-quality-guide,ListItem,,,no,no,no,unknown type for this validator (no required/recommended table for 'ListItem')
https://www.orangejelly.co.uk/licensees-guide/cellar-management-beer-quality-guide,ListItem,,,no,no,no,unknown type for this validator (no required/recommended table for 'ListItem')
https://www.orangejelly.co.uk/licensees-guide/cellar-management-beer-quality-guide,ListItem,,,no,no,no,unknown type for this validator (no required/recommended table for 'ListItem')
https://www.orangejelly.co.uk/licensees-guide/christmas-pub-event-ideas,ProfessionalService,,,no,no,no,unknown type for this validator (no required/recommended table for 'ProfessionalService')
https://www.orangejelly.co.uk/licensees-guide/christmas-pub-event-ideas,ImageObject,,,no,no,no,unknown type for this validator (no required/recommended table for 'ImageObject')
https://www.orangejelly.co.uk/licensees-guide/christmas-pub-event-ideas,Person,,,no,no,no,unknown type for this validator (no required/recommended table for 'Person')
https://www.orangejelly.co.uk/licensees-guide/christmas-pub-event-ideas,ContactPoint,,,no,no,no,unknown type for this validator (no required/recommended table for 'ContactPoint')
https://www.orangejelly.co.uk/licensees-guide/christmas-pub-event-ideas,PostalAddress,,,no,no,no,unknown type for this validator (no required/recommended table for 'PostalAddress')
https://www.orangejelly.co.uk/licensees-guide/christmas-pub-event-ideas,GeoCoordinates,,,no,no,no,unknown type for this validator (no required/recommended table for 'GeoCoordinates')
https://www.orangejelly.co.uk/licensees-guide/christmas-pub-event-ideas,WebSite,,potentialAction,no,no,no,
https://www.orangejelly.co.uk/licensees-guide/christmas-pub-event-ideas,BreadcrumbList,,,no,no,yes,
https://www.orangejelly.co.uk/licensees-guide/christmas-pub-event-ideas,ListItem,,,no,no,no,unknown type for this validator (no required/recommended table for 'ListItem')
https://www.orangejelly.co.uk/licensees-guide/christmas-pub-event-ideas,BlogPosting,,image,no,no,yes,
https://www.orangejelly.co.uk/licensees-guide/christmas-pub-event-ideas,Person,,,no,no,no,unknown type for this validator (no required/recommended table for 'Person')
https://www.orangejelly.co.uk/licensees-guide/christmas-pub-event-ideas,Organization,,url; sameAs; contactPoint,no,no,no,
https://www.orangejelly.co.uk/licensees-guide/christmas-pub-event-ideas,ImageObject,,,no,no,no,unknown type for this validator (no required/recommended table for 'ImageObject')
https://www.orangejelly.co.uk/licensees-guide/christmas-pub-event-ideas,WebPage,,,no,no,no,unknown type for this validator (no required/recommended table for 'WebPage')
https://www.orangejelly.co.uk/licensees-guide/christmas-pub-event-ideas,SpeakableSpecification,,,no,no,no,unknown type for this validator (no required/recommended table for 'SpeakableSpecification')
https://www.orangejelly.co.uk/licensees-guide/christmas-pub-event-ideas,Thing,,,no,no,no,unknown type for this validator (no required/recommended table for 'Thing')
https://www.orangejelly.co.uk/licensees-guide/christmas-pub-event-ideas,Thing,,,no,no,no,unknown type for this validator (no required/recommended table for 'Thing')
https://www.orangejelly.co.uk/licensees-guide/christmas-pub-event-ideas,Thing,,,no,no,no,unknown type for this validator (no required/recommended table for 'Thing')
https://www.orangejelly.co.uk/licensees-guide/christmas-pub-event-ideas,Thing,,,no,no,no,unknown type for this validator (no required/recommended table for 'Thing')
https://www.orangejelly.co.uk/licensees-guide/christmas-pub-event-ideas,FAQPage,,,yes,no,no,FAQ rich results are now limited to authoritative government/health sites (Aug 2023). Markup is still valid but most sites no longer earn a rich result.
https://www.orangejelly.co.uk/licensees-guide/christmas-pub-event-ideas,Question,,,no,no,no,unknown type for this validator (no required/recommended table for 'Question')
https://www.orangejelly.co.uk/licensees-guide/christmas-pub-event-ideas,Answer,,,no,no,no,unknown type for this validator (no required/recommended table for 'Answer')
https://www.orangejelly.co.uk/licensees-guide/christmas-pub-event-ideas,Question,,,no,no,no,unknown type for this validator (no required/recommended table for 'Question')
https://www.orangejelly.co.uk/licensees-guide/christmas-pub-event-ideas,Answer,,,no,no,no,unknown type for this validator (no required/recommended table for 'Answer')
https://www.orangejelly.co.uk/licensees-guide/christmas-pub-event-ideas,Question,,,no,no,no,unknown type for this validator (no required/recommended table for 'Question')
https://www.orangejelly.co.uk/licensees-guide/christmas-pub-event-ideas,Answer,,,no,no,no,unknown type for this validator (no required/recommended table for 'Answer')
https://www.orangejelly.co.uk/licensees-guide/christmas-pub-event-ideas,Question,,,no,no,no,unknown type for this validator (no required/recommended table for 'Question')
https://www.orangejelly.co.uk/licensees-guide/christmas-pub-event-ideas,Answer,,,no,no,no,unknown type for this validator (no required/recommended table for 'Answer')
https://www.orangejelly.co.uk/licensees-guide/christmas-pub-event-ideas,BreadcrumbList,,,no,no,yes,
https://www.orangejelly.co.uk/licensees-guide/christmas-pub-event-ideas,ListItem,,,no,no,no,unknown type for this validator (no required/recommended table for 'ListItem')
https://www.orangejelly.co.uk/licensees-guide/christmas-pub-event-ideas,ListItem,,,no,no,no,unknown type for this validator (no required/recommended table for 'ListItem')
https://www.orangejelly.co.uk/licensees-guide/christmas-pub-event-ideas,ListItem,,,no,no,no,unknown type for this validator (no required/recommended table for 'ListItem')
https://www.orangejelly.co.uk/licensees-guide/christmas-pub-event-ideas,BreadcrumbList,,,no,no,yes,
https://www.orangejelly.co.uk/licensees-guide/christmas-pub-event-ideas,ListItem,,,no,no,no,unknown type for this validator (no required/recommended table for 'ListItem')
https://www.orangejelly.co.uk/licensees-guide/christmas-pub-event-ideas,ListItem,,,no,no,no,unknown type for this validator (no required/recommended table for 'ListItem')
https://www.orangejelly.co.uk/licensees-guide/christmas-pub-event-ideas,ListItem,,,no,no,no,unknown type for this validator (no required/recommended table for 'ListItem')
https://www.orangejelly.co.uk/licensees-guide/christmas-pub-event-ideas,ItemList,,,no,no,no,unknown type for this validator (no required/recommended table for 'ItemList')
https://www.orangejelly.co.uk/licensees-guide/christmas-pub-event-ideas,ListItem,,,no,no,no,unknown type for this validator (no required/recommended table for 'ListItem')
https://www.orangejelly.co.uk/licensees-guide/christmas-pub-event-ideas,ListItem,,,no,no,no,unknown type for this validator (no required/recommended table for 'ListItem')
https://www.orangejelly.co.uk/licensees-guide/christmas-pub-event-ideas,ListItem,,,no,no,no,unknown type for this validator (no required/recommended table for 'ListItem')
https://www.orangejelly.co.uk/licensees-guide/christmas-pub-event-ideas,ListItem,,,no,no,no,unknown type for this validator (no required/recommended table for 'ListItem')
https://www.orangejelly.co.uk/licensees-guide/christmas-pub-event-ideas,ListItem,,,no,no,no,unknown type for this validator (no required/recommended table for 'ListItem')
https://www.orangejelly.co.uk/licensees-guide/christmas-pub-event-ideas,ListItem,,,no,no,no,unknown type for this validator (no required/recommended table for 'ListItem')
https://www.orangejelly.co.uk/licensees-guide/christmas-pub-event-ideas,ItemList,,,no,no,no,unknown type for this validator (no required/recommended table for 'ItemList')
https://www.orangejelly.co.uk/licensees-guide/christmas-pub-event-ideas,ListItem,,,no,no,no,unknown type for this validator (no required/recommended table for 'ListItem')
https://www.orangejelly.co.uk/licensees-guide/christmas-pub-event-ideas,ListItem,,,no,no,no,unknown type for this validator (no required/recommended table for 'ListItem')
https://www.orangejelly.co.uk/licensees-guide/christmas-pub-event-ideas,ListItem,,,no,no,no,unknown type for this validator (no required/recommended table for 'ListItem')
https://www.orangejelly.co.uk/licensees-guide/christmas-pub-event-ideas,ListItem,,,no,no,no,unknown type for this validator (no required/recommended table for 'ListItem')
https://www.orangejelly.co.uk/licensees-guide/christmas-pub-promotion-ideas,ProfessionalService,,,no,no,no,unknown type for this validator (no required/recommended table for 'ProfessionalService')
https://www.orangejelly.co.uk/licensees-guide/christmas-pub-promotion-ideas,ImageObject,,,no,no,no,unknown type for this validator (no required/recommended table for 'ImageObject')
https://www.orangejelly.co.uk/licensees-guide/christmas-pub-promotion-ideas,Person,,,no,no,no,unknown type for this validator (no required/recommended table for 'Person')
https://www.orangejelly.co.uk/licensees-guide/christmas-pub-promotion-ideas,ContactPoint,,,no,no,no,unknown type for this validator (no required/recommended table for 'ContactPoint')
https://www.orangejelly.co.uk/licensees-guide/christmas-pub-promotion-ideas,PostalAddress,,,no,no,no,unknown type for this validator (no required/recommended table for 'PostalAddress')
https://www.orangejelly.co.uk/licensees-guide/christmas-pub-promotion-ideas,GeoCoordinates,,,no,no,no,unknown type for this validator (no required/recommended table for 'GeoCoordinates')
https://www.orangejelly.co.uk/licensees-guide/christmas-pub-promotion-ideas,WebSite,,potentialAction,no,no,no,
https://www.orangejelly.co.uk/licensees-guide/christmas-pub-promotion-ideas,BreadcrumbList,,,no,no,yes,
https://www.orangejelly.co.uk/licensees-guide/christmas-pub-promotion-ideas,ListItem,,,no,no,no,unknown type for this validator (no required/recommended table for 'ListItem')
https://www.orangejelly.co.uk/licensees-guide/christmas-pub-promotion-ideas,BlogPosting,,image,no,no,yes,
https://www.orangejelly.co.uk/licensees-guide/christmas-pub-promotion-ideas,Person,,,no,no,no,unknown type for this validator (no required/recommended table for 'Person')
https://www.orangejelly.co.uk/licensees-guide/christmas-pub-promotion-ideas,Organization,,url; sameAs; contactPoint,no,no,no,
https://www.orangejelly.co.uk/licensees-guide/christmas-pub-promotion-ideas,ImageObject,,,no,no,no,unknown type for this validator (no required/recommended table for 'ImageObject')
https://www.orangejelly.co.uk/licensees-guide/christmas-pub-promotion-ideas,WebPage,,,no,no,no,unknown type for this validator (no required/recommended table for 'WebPage')
https://www.orangejelly.co.uk/licensees-guide/christmas-pub-promotion-ideas,SpeakableSpecification,,,no,no,no,unknown type for this validator (no required/recommended table for 'SpeakableSpecification')
https://www.orangejelly.co.uk/licensees-guide/christmas-pub-promotion-ideas,Thing,,,no,no,no,unknown type for this validator (no required/recommended table for 'Thing')
https://www.orangejelly.co.uk/licensees-guide/christmas-pub-promotion-ideas,Thing,,,no,no,no,unknown type for this validator (no required/recommended table for 'Thing')
https://www.orangejelly.co.uk/licensees-guide/christmas-pub-promotion-ideas,Thing,,,no,no,no,unknown type for this validator (no required/recommended table for 'Thing')
https://www.orangejelly.co.uk/licensees-guide/christmas-pub-promotion-ideas,FAQPage,,,yes,no,no,FAQ rich results are now limited to authoritative government/health sites (Aug 2023). Markup is still valid but most sites no longer earn a rich result.
https://www.orangejelly.co.uk/licensees-guide/christmas-pub-promotion-ideas,Question,,,no,no,no,unknown type for this validator (no required/recommended table for 'Question')
https://www.orangejelly.co.uk/licensees-guide/christmas-pub-promotion-ideas,Answer,,,no,no,no,unknown type for this validator (no required/recommended table for 'Answer')
https://www.orangejelly.co.uk/licensees-guide/christmas-pub-promotion-ideas,Question,,,no,no,no,unknown type for this validator (no required/recommended table for 'Question')
https://www.orangejelly.co.uk/licensees-guide/christmas-pub-promotion-ideas,Answer,,,no,no,no,unknown type for this validator (no required/recommended table for 'Answer')
https://www.orangejelly.co.uk/licensees-guide/christmas-pub-promotion-ideas,Question,,,no,no,no,unknown type for this validator (no required/recommended table for 'Question')
https://www.orangejelly.co.uk/licensees-guide/christmas-pub-promotion-ideas,Answer,,,no,no,no,unknown type for this validator (no required/recommended table for 'Answer')
https://www.orangejelly.co.uk/licensees-guide/christmas-pub-promotion-ideas,BreadcrumbList,,,no,no,yes,
https://www.orangejelly.co.uk/licensees-guide/christmas-pub-promotion-ideas,ListItem,,,no,no,no,unknown type for this validator (no required/recommended table for 'ListItem')
https://www.orangejelly.co.uk/licensees-guide/christmas-pub-promotion-ideas,ListItem,,,no,no,no,unknown type for this validator (no required/recommended table for 'ListItem')
https://www.orangejelly.co.uk/licensees-guide/christmas-pub-promotion-ideas,ListItem,,,no,no,no,unknown type for this validator (no required/recommended table for 'ListItem')
https://www.orangejelly.co.uk/licensees-guide/christmas-pub-promotion-ideas,ListItem,,,no,no,no,unknown type for this validator (no required/recommended table for 'ListItem')
https://www.orangejelly.co.uk/licensees-guide/christmas-pub-promotion-ideas,BreadcrumbList,,,no,no,yes,
https://www.orangejelly.co.uk/licensees-guide/christmas-pub-promotion-ideas,ListItem,,,no,no,no,unknown type for this validator (no required/recommended table for 'ListItem')
https://www.orangejelly.co.uk/licensees-guide/christmas-pub-promotion-ideas,ListItem,,,no,no,no,unknown type for this validator (no required/recommended table for 'ListItem')
https://www.orangejelly.co.uk/licensees-guide/christmas-pub-promotion-ideas,ListItem,,,no,no,no,unknown type for this validator (no required/recommended table for 'ListItem')
https://www.orangejelly.co.uk/licensees-guide/christmas-pub-promotion-ideas,ListItem,,,no,no,no,unknown type for this validator (no required/recommended table for 'ListItem')
https://www.orangejelly.co.uk/licensees-guide/community-outreach-reintroduce-pub,ProfessionalService,,,no,no,no,unknown type for this validator (no required/recommended table for 'ProfessionalService')
https://www.orangejelly.co.uk/licensees-guide/community-outreach-reintroduce-pub,ImageObject,,,no,no,no,unknown type for this validator (no required/recommended table for 'ImageObject')
https://www.orangejelly.co.uk/licensees-guide/community-outreach-reintroduce-pub,Person,,,no,no,no,unknown type for this validator (no required/recommended table for 'Person')
https://www.orangejelly.co.uk/licensees-guide/community-outreach-reintroduce-pub,ContactPoint,,,no,no,no,unknown type for this validator (no required/recommended table for 'ContactPoint')
https://www.orangejelly.co.uk/licensees-guide/community-outreach-reintroduce-pub,PostalAddress,,,no,no,no,unknown type for this validator (no required/recommended table for 'PostalAddress')
https://www.orangejelly.co.uk/licensees-guide/community-outreach-reintroduce-pub,GeoCoordinates,,,no,no,no,unknown type for this validator (no required/recommended table for 'GeoCoordinates')
https://www.orangejelly.co.uk/licensees-guide/community-outreach-reintroduce-pub,WebSite,,potentialAction,no,no,no,
https://www.orangejelly.co.uk/licensees-guide/community-outreach-reintroduce-pub,BreadcrumbList,,,no,no,yes,
https://www.orangejelly.co.uk/licensees-guide/community-outreach-reintroduce-pub,ListItem,,,no,no,no,unknown type for this validator (no required/recommended table for 'ListItem')
https://www.orangejelly.co.uk/licensees-guide/community-outreach-reintroduce-pub,BlogPosting,,image,no,no,yes,
https://www.orangejelly.co.uk/licensees-guide/community-outreach-reintroduce-pub,Person,,,no,no,no,unknown type for this validator (no required/recommended table for 'Person')
https://www.orangejelly.co.uk/licensees-guide/community-outreach-reintroduce-pub,Organization,,url; sameAs; contactPoint,no,no,no,
https://www.orangejelly.co.uk/licensees-guide/community-outreach-reintroduce-pub,ImageObject,,,no,no,no,unknown type for this validator (no required/recommended table for 'ImageObject')
https://www.orangejelly.co.uk/licensees-guide/community-outreach-reintroduce-pub,WebPage,,,no,no,no,unknown type for this validator (no required/recommended table for 'WebPage')
https://www.orangejelly.co.uk/licensees-guide/community-outreach-reintroduce-pub,SpeakableSpecification,,,no,no,no,unknown type for this validator (no required/recommended table for 'SpeakableSpecification')
https://www.orangejelly.co.uk/licensees-guide/community-outreach-reintroduce-pub,Thing,,,no,no,no,unknown type for this validator (no required/recommended table for 'Thing')
https://www.orangejelly.co.uk/licensees-guide/community-outreach-reintroduce-pub,Thing,,,no,no,no,unknown type for this validator (no required/recommended table for 'Thing')
https://www.orangejelly.co.uk/licensees-guide/community-outreach-reintroduce-pub,Thing,,,no,no,no,unknown type for this validator (no required/recommended table for 'Thing')
https://www.orangejelly.co.uk/licensees-guide/community-outreach-reintroduce-pub,FAQPage,,,yes,no,no,FAQ rich results are now limited to authoritative government/health sites (Aug 2023). Markup is still valid but most sites no longer earn a rich result.
https://www.orangejelly.co.uk/licensees-guide/community-outreach-reintroduce-pub,Question,,,no,no,no,unknown type for this validator (no required/recommended table for 'Question')
https://www.orangejelly.co.uk/licensees-guide/community-outreach-reintroduce-pub,Answer,,,no,no,no,unknown type for this validator (no required/recommended table for 'Answer')
https://www.orangejelly.co.uk/licensees-guide/community-outreach-reintroduce-pub,Question,,,no,no,no,unknown type for this validator (no required/recommended table for 'Question')
https://www.orangejelly.co.uk/licensees-guide/community-outreach-reintroduce-pub,Answer,,,no,no,no,unknown type for this validator (no required/recommended table for 'Answer')
https://www.orangejelly.co.uk/licensees-guide/community-outreach-reintroduce-pub,Question,,,no,no,no,unknown type for this validator (no required/recommended table for 'Question')
https://www.orangejelly.co.uk/licensees-guide/community-outreach-reintroduce-pub,Answer,,,no,no,no,unknown type for this validator (no required/recommended table for 'Answer')
https://www.orangejelly.co.uk/licensees-guide/community-outreach-reintroduce-pub,BreadcrumbList,,,no,no,yes,
https://www.orangejelly.co.uk/licensees-guide/community-outreach-reintroduce-pub,ListItem,,,no,no,no,unknown type for this validator (no required/recommended table for 'ListItem')
https://www.orangejelly.co.uk/licensees-guide/community-outreach-reintroduce-pub,ListItem,,,no,no,no,unknown type for this validator (no required/recommended table for 'ListItem')
https://www.orangejelly.co.uk/licensees-guide/community-outreach-reintroduce-pub,ListItem,,,no,no,no,unknown type for this validator (no required/recommended table for 'ListItem')
https://www.orangejelly.co.uk/licensees-guide/community-outreach-reintroduce-pub,BreadcrumbList,,,no,no,yes,
https://www.orangejelly.co.uk/licensees-guide/community-outreach-reintroduce-pub,ListItem,,,no,no,no,unknown type for this validator (no required/recommended table for 'ListItem')
https://www.orangejelly.co.uk/licensees-guide/community-outreach-reintroduce-pub,ListItem,,,no,no,no,unknown type for this validator (no required/recommended table for 'ListItem')
https://www.orangejelly.co.uk/licensees-guide/community-outreach-reintroduce-pub,ListItem,,,no,no,no,unknown type for this validator (no required/recommended table for 'ListItem')
https://www.orangejelly.co.uk/licensees-guide/compete-with-wetherspoons,ProfessionalService,,,no,no,no,unknown type for this validator (no required/recommended table for 'ProfessionalService')
https://www.orangejelly.co.uk/licensees-guide/compete-with-wetherspoons,ImageObject,,,no,no,no,unknown type for this validator (no required/recommended table for 'ImageObject')
https://www.orangejelly.co.uk/licensees-guide/compete-with-wetherspoons,Person,,,no,no,no,unknown type for this validator (no required/recommended table for 'Person')
https://www.orangejelly.co.uk/licensees-guide/compete-with-wetherspoons,ContactPoint,,,no,no,no,unknown type for this validator (no required/recommended table for 'ContactPoint')
https://www.orangejelly.co.uk/licensees-guide/compete-with-wetherspoons,PostalAddress,,,no,no,no,unknown type for this validator (no required/recommended table for 'PostalAddress')
https://www.orangejelly.co.uk/licensees-guide/compete-with-wetherspoons,GeoCoordinates,,,no,no,no,unknown type for this validator (no required/recommended table for 'GeoCoordinates')
https://www.orangejelly.co.uk/licensees-guide/compete-with-wetherspoons,WebSite,,potentialAction,no,no,no,
https://www.orangejelly.co.uk/licensees-guide/compete-with-wetherspoons,BreadcrumbList,,,no,no,yes,
https://www.orangejelly.co.uk/licensees-guide/compete-with-wetherspoons,ListItem,,,no,no,no,unknown type for this validator (no required/recommended table for 'ListItem')
https://www.orangejelly.co.uk/licensees-guide/compete-with-wetherspoons,BlogPosting,,image,no,no,yes,
https://www.orangejelly.co.uk/licensees-guide/compete-with-wetherspoons,Person,,,no,no,no,unknown type for this validator (no required/recommended table for 'Person')
https://www.orangejelly.co.uk/licensees-guide/compete-with-wetherspoons,Organization,,url; sameAs; contactPoint,no,no,no,
https://www.orangejelly.co.uk/licensees-guide/compete-with-wetherspoons,ImageObject,,,no,no,no,unknown type for this validator (no required/recommended table for 'ImageObject')
https://www.orangejelly.co.uk/licensees-guide/compete-with-wetherspoons,WebPage,,,no,no,no,unknown type for this validator (no required/recommended table for 'WebPage')
https://www.orangejelly.co.uk/licensees-guide/compete-with-wetherspoons,SpeakableSpecification,,,no,no,no,unknown type for this validator (no required/recommended table for 'SpeakableSpecification')
https://www.orangejelly.co.uk/licensees-guide/compete-with-wetherspoons,Thing,,,no,no,no,unknown type for this validator (no required/recommended table for 'Thing')
https://www.orangejelly.co.uk/licensees-guide/compete-with-wetherspoons,Thing,,,no,no,no,unknown type for this validator (no required/recommended table for 'Thing')
https://www.orangejelly.co.uk/licensees-guide/compete-with-wetherspoons,Thing,,,no,no,no,unknown type for this validator (no required/recommended table for 'Thing')
https://www.orangejelly.co.uk/licensees-guide/compete-with-wetherspoons,FAQPage,,,yes,no,no,FAQ rich results are now limited to authoritative government/health sites (Aug 2023). Markup is still valid but most sites no longer earn a rich result.
https://www.orangejelly.co.uk/licensees-guide/compete-with-wetherspoons,Question,,,no,no,no,unknown type for this validator (no required/recommended table for 'Question')
https://www.orangejelly.co.uk/licensees-guide/compete-with-wetherspoons,Answer,,,no,no,no,unknown type for this validator (no required/recommended table for 'Answer')
https://www.orangejelly.co.uk/licensees-guide/compete-with-wetherspoons,Question,,,no,no,no,unknown type for this validator (no required/recommended table for 'Question')
https://www.orangejelly.co.uk/licensees-guide/compete-with-wetherspoons,Answer,,,no,no,no,unknown type for this validator (no required/recommended table for 'Answer')
https://www.orangejelly.co.uk/licensees-guide/compete-with-wetherspoons,Question,,,no,no,no,unknown type for this validator (no required/recommended table for 'Question')
https://www.orangejelly.co.uk/licensees-guide/compete-with-wetherspoons,Answer,,,no,no,no,unknown type for this validator (no required/recommended table for 'Answer')
https://www.orangejelly.co.uk/licensees-guide/compete-with-wetherspoons,BreadcrumbList,,,no,no,yes,
https://www.orangejelly.co.uk/licensees-guide/compete-with-wetherspoons,ListItem,,,no,no,no,unknown type for this validator (no required/recommended table for 'ListItem')
https://www.orangejelly.co.uk/licensees-guide/compete-with-wetherspoons,ListItem,,,no,no,no,unknown type for this validator (no required/recommended table for 'ListItem')
https://www.orangejelly.co.uk/licensees-guide/compete-with-wetherspoons,ListItem,,,no,no,no,unknown type for this validator (no required/recommended table for 'ListItem')
https://www.orangejelly.co.uk/licensees-guide/compete-with-wetherspoons,BreadcrumbList,,,no,no,yes,
https://www.orangejelly.co.uk/licensees-guide/compete-with-wetherspoons,ListItem,,,no,no,no,unknown type for this validator (no required/recommended table for 'ListItem')
https://www.orangejelly.co.uk/licensees-guide/compete-with-wetherspoons,ListItem,,,no,no,no,unknown type for this validator (no required/recommended table for 'ListItem')
https://www.orangejelly.co.uk/licensees-guide/compete-with-wetherspoons,ListItem,,,no,no,no,unknown type for this validator (no required/recommended table for 'ListItem')
https://www.orangejelly.co.uk/licensees-guide/content-marketing-ideas-pubs,ProfessionalService,,,no,no,no,unknown type for this validator (no required/recommended table for 'ProfessionalService')
https://www.orangejelly.co.uk/licensees-guide/content-marketing-ideas-pubs,ImageObject,,,no,no,no,unknown type for this validator (no required/recommended table for 'ImageObject')
https://www.orangejelly.co.uk/licensees-guide/content-marketing-ideas-pubs,Person,,,no,no,no,unknown type for this validator (no required/recommended table for 'Person')
https://www.orangejelly.co.uk/licensees-guide/content-marketing-ideas-pubs,ContactPoint,,,no,no,no,unknown type for this validator (no required/recommended table for 'ContactPoint')
https://www.orangejelly.co.uk/licensees-guide/content-marketing-ideas-pubs,PostalAddress,,,no,no,no,unknown type for this validator (no required/recommended table for 'PostalAddress')
https://www.orangejelly.co.uk/licensees-guide/content-marketing-ideas-pubs,GeoCoordinates,,,no,no,no,unknown type for this validator (no required/recommended table for 'GeoCoordinates')
https://www.orangejelly.co.uk/licensees-guide/content-marketing-ideas-pubs,WebSite,,potentialAction,no,no,no,
https://www.orangejelly.co.uk/licensees-guide/content-marketing-ideas-pubs,BreadcrumbList,,,no,no,yes,
https://www.orangejelly.co.uk/licensees-guide/content-marketing-ideas-pubs,ListItem,,,no,no,no,unknown type for this validator (no required/recommended table for 'ListItem')
https://www.orangejelly.co.uk/licensees-guide/content-marketing-ideas-pubs,BlogPosting,,image,no,no,yes,
https://www.orangejelly.co.uk/licensees-guide/content-marketing-ideas-pubs,Person,,,no,no,no,unknown type for this validator (no required/recommended table for 'Person')
https://www.orangejelly.co.uk/licensees-guide/content-marketing-ideas-pubs,Organization,,url; sameAs; contactPoint,no,no,no,
https://www.orangejelly.co.uk/licensees-guide/content-marketing-ideas-pubs,ImageObject,,,no,no,no,unknown type for this validator (no required/recommended table for 'ImageObject')
https://www.orangejelly.co.uk/licensees-guide/content-marketing-ideas-pubs,WebPage,,,no,no,no,unknown type for this validator (no required/recommended table for 'WebPage')
https://www.orangejelly.co.uk/licensees-guide/content-marketing-ideas-pubs,SpeakableSpecification,,,no,no,no,unknown type for this validator (no required/recommended table for 'SpeakableSpecification')
https://www.orangejelly.co.uk/licensees-guide/content-marketing-ideas-pubs,Thing,,,no,no,no,unknown type for this validator (no required/recommended table for 'Thing')
https://www.orangejelly.co.uk/licensees-guide/content-marketing-ideas-pubs,Thing,,,no,no,no,unknown type for this validator (no required/recommended table for 'Thing')
https://www.orangejelly.co.uk/licensees-guide/content-marketing-ideas-pubs,Thing,,,no,no,no,unknown type for this validator (no required/recommended table for 'Thing')
https://www.orangejelly.co.uk/licensees-guide/content-marketing-ideas-pubs,FAQPage,,,yes,no,no,FAQ rich results are now limited to authoritative government/health sites (Aug 2023). Markup is still valid but most sites no longer earn a rich result.
https://www.orangejelly.co.uk/licensees-guide/content-marketing-ideas-pubs,Question,,,no,no,no,unknown type for this validator (no required/recommended table for 'Question')
https://www.orangejelly.co.uk/licensees-guide/content-marketing-ideas-pubs,Answer,,,no,no,no,unknown type for this validator (no required/recommended table for 'Answer')
https://www.orangejelly.co.uk/licensees-guide/content-marketing-ideas-pubs,Question,,,no,no,no,unknown type for this validator (no required/recommended table for 'Question')
https://www.orangejelly.co.uk/licensees-guide/content-marketing-ideas-pubs,Answer,,,no,no,no,unknown type for this validator (no required/recommended table for 'Answer')
https://www.orangejelly.co.uk/licensees-guide/content-marketing-ideas-pubs,Question,,,no,no,no,unknown type for this validator (no required/recommended table for 'Question')
https://www.orangejelly.co.uk/licensees-guide/content-marketing-ideas-pubs,Answer,,,no,no,no,unknown type for this validator (no required/recommended table for 'Answer')
https://www.orangejelly.co.uk/licensees-guide/content-marketing-ideas-pubs,BreadcrumbList,,,no,no,yes,
https://www.orangejelly.co.uk/licensees-guide/content-marketing-ideas-pubs,ListItem,,,no,no,no,unknown type for this validator (no required/recommended table for 'ListItem')
https://www.orangejelly.co.uk/licensees-guide/content-marketing-ideas-pubs,ListItem,,,no,no,no,unknown type for this validator (no required/recommended table for 'ListItem')
https://www.orangejelly.co.uk/licensees-guide/content-marketing-ideas-pubs,ListItem,,,no,no,no,unknown type for this validator (no required/recommended table for 'ListItem')
https://www.orangejelly.co.uk/licensees-guide/content-marketing-ideas-pubs,BreadcrumbList,,,no,no,yes,
https://www.orangejelly.co.uk/licensees-guide/content-marketing-ideas-pubs,ListItem,,,no,no,no,unknown type for this validator (no required/recommended table for 'ListItem')
https://www.orangejelly.co.uk/licensees-guide/content-marketing-ideas-pubs,ListItem,,,no,no,no,unknown type for this validator (no required/recommended table for 'ListItem')
https://www.orangejelly.co.uk/licensees-guide/content-marketing-ideas-pubs,ListItem,,,no,no,no,unknown type for this validator (no required/recommended table for 'ListItem')
https://www.orangejelly.co.uk/licensees-guide/delivery-click-collect-without-harm,ProfessionalService,,,no,no,no,unknown type for this validator (no required/recommended table for 'ProfessionalService')
https://www.orangejelly.co.uk/licensees-guide/delivery-click-collect-without-harm,ImageObject,,,no,no,no,unknown type for this validator (no required/recommended table for 'ImageObject')
https://www.orangejelly.co.uk/licensees-guide/delivery-click-collect-without-harm,Person,,,no,no,no,unknown type for this validator (no required/recommended table for 'Person')
https://www.orangejelly.co.uk/licensees-guide/delivery-click-collect-without-harm,ContactPoint,,,no,no,no,unknown type for this validator (no required/recommended table for 'ContactPoint')
https://www.orangejelly.co.uk/licensees-guide/delivery-click-collect-without-harm,PostalAddress,,,no,no,no,unknown type for this validator (no required/recommended table for 'PostalAddress')
https://www.orangejelly.co.uk/licensees-guide/delivery-click-collect-without-harm,GeoCoordinates,,,no,no,no,unknown type for this validator (no required/recommended table for 'GeoCoordinates')
https://www.orangejelly.co.uk/licensees-guide/delivery-click-collect-without-harm,WebSite,,potentialAction,no,no,no,
https://www.orangejelly.co.uk/licensees-guide/delivery-click-collect-without-harm,BreadcrumbList,,,no,no,yes,
https://www.orangejelly.co.uk/licensees-guide/delivery-click-collect-without-harm,ListItem,,,no,no,no,unknown type for this validator (no required/recommended table for 'ListItem')
https://www.orangejelly.co.uk/licensees-guide/delivery-click-collect-without-harm,BlogPosting,,image,no,no,yes,
https://www.orangejelly.co.uk/licensees-guide/delivery-click-collect-without-harm,Person,,,no,no,no,unknown type for this validator (no required/recommended table for 'Person')
https://www.orangejelly.co.uk/licensees-guide/delivery-click-collect-without-harm,Organization,,url; sameAs; contactPoint,no,no,no,
https://www.orangejelly.co.uk/licensees-guide/delivery-click-collect-without-harm,ImageObject,,,no,no,no,unknown type for this validator (no required/recommended table for 'ImageObject')
https://www.orangejelly.co.uk/licensees-guide/delivery-click-collect-without-harm,WebPage,,,no,no,no,unknown type for this validator (no required/recommended table for 'WebPage')
https://www.orangejelly.co.uk/licensees-guide/delivery-click-collect-without-harm,SpeakableSpecification,,,no,no,no,unknown type for this validator (no required/recommended table for 'SpeakableSpecification')
https://www.orangejelly.co.uk/licensees-guide/delivery-click-collect-without-harm,Thing,,,no,no,no,unknown type for this validator (no required/recommended table for 'Thing')
https://www.orangejelly.co.uk/licensees-guide/delivery-click-collect-without-harm,Thing,,,no,no,no,unknown type for this validator (no required/recommended table for 'Thing')
https://www.orangejelly.co.uk/licensees-guide/delivery-click-collect-without-harm,Thing,,,no,no,no,unknown type for this validator (no required/recommended table for 'Thing')
https://www.orangejelly.co.uk/licensees-guide/delivery-click-collect-without-harm,FAQPage,,,yes,no,no,FAQ rich results are now limited to authoritative government/health sites (Aug 2023). Markup is still valid but most sites no longer earn a rich result.
https://www.orangejelly.co.uk/licensees-guide/delivery-click-collect-without-harm,Question,,,no,no,no,unknown type for this validator (no required/recommended table for 'Question')
https://www.orangejelly.co.uk/licensees-guide/delivery-click-collect-without-harm,Answer,,,no,no,no,unknown type for this validator (no required/recommended table for 'Answer')
https://www.orangejelly.co.uk/licensees-guide/delivery-click-collect-without-harm,Question,,,no,no,no,unknown type for this validator (no required/recommended table for 'Question')
https://www.orangejelly.co.uk/licensees-guide/delivery-click-collect-without-harm,Answer,,,no,no,no,unknown type for this validator (no required/recommended table for 'Answer')
https://www.orangejelly.co.uk/licensees-guide/delivery-click-collect-without-harm,Question,,,no,no,no,unknown type for this validator (no required/recommended table for 'Question')
https://www.orangejelly.co.uk/licensees-guide/delivery-click-collect-without-harm,Answer,,,no,no,no,unknown type for this validator (no required/recommended table for 'Answer')
https://www.orangejelly.co.uk/licensees-guide/delivery-click-collect-without-harm,BreadcrumbList,,,no,no,yes,
https://www.orangejelly.co.uk/licensees-guide/delivery-click-collect-without-harm,ListItem,,,no,no,no,unknown type for this validator (no required/recommended table for 'ListItem')
https://www.orangejelly.co.uk/licensees-guide/delivery-click-collect-without-harm,ListItem,,,no,no,no,unknown type for this validator (no required/recommended table for 'ListItem')
https://www.orangejelly.co.uk/licensees-guide/delivery-click-collect-without-harm,ListItem,,,no,no,no,unknown type for this validator (no required/recommended table for 'ListItem')
https://www.orangejelly.co.uk/licensees-guide/delivery-click-collect-without-harm,BreadcrumbList,,,no,no,yes,
https://www.orangejelly.co.uk/licensees-guide/delivery-click-collect-without-harm,ListItem,,,no,no,no,unknown type for this validator (no required/recommended table for 'ListItem')
https://www.orangejelly.co.uk/licensees-guide/delivery-click-collect-without-harm,ListItem,,,no,no,no,unknown type for this validator (no required/recommended table for 'ListItem')
https://www.orangejelly.co.uk/licensees-guide/delivery-click-collect-without-harm,ListItem,,,no,no,no,unknown type for this validator (no required/recommended table for 'ListItem')
https://www.orangejelly.co.uk/licensees-guide/does-your-pub-need-a-website,ProfessionalService,,,no,no,no,unknown type for this validator (no required/recommended table for 'ProfessionalService')
https://www.orangejelly.co.uk/licensees-guide/does-your-pub-need-a-website,ImageObject,,,no,no,no,unknown type for this validator (no required/recommended table for 'ImageObject')
https://www.orangejelly.co.uk/licensees-guide/does-your-pub-need-a-website,Person,,,no,no,no,unknown type for this validator (no required/recommended table for 'Person')
https://www.orangejelly.co.uk/licensees-guide/does-your-pub-need-a-website,ContactPoint,,,no,no,no,unknown type for this validator (no required/recommended table for 'ContactPoint')
https://www.orangejelly.co.uk/licensees-guide/does-your-pub-need-a-website,PostalAddress,,,no,no,no,unknown type for this validator (no required/recommended table for 'PostalAddress')
https://www.orangejelly.co.uk/licensees-guide/does-your-pub-need-a-website,GeoCoordinates,,,no,no,no,unknown type for this validator (no required/recommended table for 'GeoCoordinates')
https://www.orangejelly.co.uk/licensees-guide/does-your-pub-need-a-website,WebSite,,potentialAction,no,no,no,
https://www.orangejelly.co.uk/licensees-guide/does-your-pub-need-a-website,BreadcrumbList,,,no,no,yes,
https://www.orangejelly.co.uk/licensees-guide/does-your-pub-need-a-website,ListItem,,,no,no,no,unknown type for this validator (no required/recommended table for 'ListItem')
https://www.orangejelly.co.uk/licensees-guide/does-your-pub-need-a-website,BlogPosting,,image,no,no,yes,
https://www.orangejelly.co.uk/licensees-guide/does-your-pub-need-a-website,Person,,,no,no,no,unknown type for this validator (no required/recommended table for 'Person')
https://www.orangejelly.co.uk/licensees-guide/does-your-pub-need-a-website,Organization,,url; sameAs; contactPoint,no,no,no,
https://www.orangejelly.co.uk/licensees-guide/does-your-pub-need-a-website,ImageObject,,,no,no,no,unknown type for this validator (no required/recommended table for 'ImageObject')
https://www.orangejelly.co.uk/licensees-guide/does-your-pub-need-a-website,WebPage,,,no,no,no,unknown type for this validator (no required/recommended table for 'WebPage')
https://www.orangejelly.co.uk/licensees-guide/does-your-pub-need-a-website,SpeakableSpecification,,,no,no,no,unknown type for this validator (no required/recommended table for 'SpeakableSpecification')
https://www.orangejelly.co.uk/licensees-guide/does-your-pub-need-a-website,Thing,,,no,no,no,unknown type for this validator (no required/recommended table for 'Thing')
https://www.orangejelly.co.uk/licensees-guide/does-your-pub-need-a-website,Thing,,,no,no,no,unknown type for this validator (no required/recommended table for 'Thing')
https://www.orangejelly.co.uk/licensees-guide/does-your-pub-need-a-website,Thing,,,no,no,no,unknown type for this validator (no required/recommended table for 'Thing')
https://www.orangejelly.co.uk/licensees-guide/does-your-pub-need-a-website,FAQPage,,,yes,no,no,FAQ rich results are now limited to authoritative government/health sites (Aug 2023). Markup is still valid but most sites no longer earn a rich result.
https://www.orangejelly.co.uk/licensees-guide/does-your-pub-need-a-website,Question,,,no,no,no,unknown type for this validator (no required/recommended table for 'Question')
https://www.orangejelly.co.uk/licensees-guide/does-your-pub-need-a-website,Answer,,,no,no,no,unknown type for this validator (no required/recommended table for 'Answer')
https://www.orangejelly.co.uk/licensees-guide/does-your-pub-need-a-website,Question,,,no,no,no,unknown type for this validator (no required/recommended table for 'Question')
https://www.orangejelly.co.uk/licensees-guide/does-your-pub-need-a-website,Answer,,,no,no,no,unknown type for this validator (no required/recommended table for 'Answer')
https://www.orangejelly.co.uk/licensees-guide/does-your-pub-need-a-website,Question,,,no,no,no,unknown type for this validator (no required/recommended table for 'Question')
https://www.orangejelly.co.uk/licensees-guide/does-your-pub-need-a-website,Answer,,,no,no,no,unknown type for this validator (no required/recommended table for 'Answer')
https://www.orangejelly.co.uk/licensees-guide/does-your-pub-need-a-website,Question,,,no,no,no,unknown type for this validator (no required/recommended table for 'Question')
https://www.orangejelly.co.uk/licensees-guide/does-your-pub-need-a-website,Answer,,,no,no,no,unknown type for this validator (no required/recommended table for 'Answer')
https://www.orangejelly.co.uk/licensees-guide/does-your-pub-need-a-website,Question,,,no,no,no,unknown type for this validator (no required/recommended table for 'Question')
https://www.orangejelly.co.uk/licensees-guide/does-your-pub-need-a-website,Answer,,,no,no,no,unknown type for this validator (no required/recommended table for 'Answer')
https://www.orangejelly.co.uk/licensees-guide/does-your-pub-need-a-website,BreadcrumbList,,,no,no,yes,
https://www.orangejelly.co.uk/licensees-guide/does-your-pub-need-a-website,ListItem,,,no,no,no,unknown type for this validator (no required/recommended table for 'ListItem')
https://www.orangejelly.co.uk/licensees-guide/does-your-pub-need-a-website,ListItem,,,no,no,no,unknown type for this validator (no required/recommended table for 'ListItem')
https://www.orangejelly.co.uk/licensees-guide/does-your-pub-need-a-website,ListItem,,,no,no,no,unknown type for this validator (no required/recommended table for 'ListItem')
https://www.orangejelly.co.uk/licensees-guide/does-your-pub-need-a-website,BreadcrumbList,,,no,no,yes,
https://www.orangejelly.co.uk/licensees-guide/does-your-pub-need-a-website,ListItem,,,no,no,no,unknown type for this validator (no required/recommended table for 'ListItem')
https://www.orangejelly.co.uk/licensees-guide/does-your-pub-need-a-website,ListItem,,,no,no,no,unknown type for this validator (no required/recommended table for 'ListItem')
https://www.orangejelly.co.uk/licensees-guide/does-your-pub-need-a-website,ListItem,,,no,no,no,unknown type for this validator (no required/recommended table for 'ListItem')
https://www.orangejelly.co.uk/licensees-guide/double-drinks-profit-without-selling-more,ProfessionalService,,,no,no,no,unknown type for this validator (no required/recommended table for 'ProfessionalService')
https://www.orangejelly.co.uk/licensees-guide/double-drinks-profit-without-selling-more,ImageObject,,,no,no,no,unknown type for this validator (no required/recommended table for 'ImageObject')
https://www.orangejelly.co.uk/licensees-guide/double-drinks-profit-without-selling-more,Person,,,no,no,no,unknown type for this validator (no required/recommended table for 'Person')
https://www.orangejelly.co.uk/licensees-guide/double-drinks-profit-without-selling-more,ContactPoint,,,no,no,no,unknown type for this validator (no required/recommended table for 'ContactPoint')
https://www.orangejelly.co.uk/licensees-guide/double-drinks-profit-without-selling-more,PostalAddress,,,no,no,no,unknown type for this validator (no required/recommended table for 'PostalAddress')
https://www.orangejelly.co.uk/licensees-guide/double-drinks-profit-without-selling-more,GeoCoordinates,,,no,no,no,unknown type for this validator (no required/recommended table for 'GeoCoordinates')
https://www.orangejelly.co.uk/licensees-guide/double-drinks-profit-without-selling-more,WebSite,,potentialAction,no,no,no,
https://www.orangejelly.co.uk/licensees-guide/double-drinks-profit-without-selling-more,BreadcrumbList,,,no,no,yes,
https://www.orangejelly.co.uk/licensees-guide/double-drinks-profit-without-selling-more,ListItem,,,no,no,no,unknown type for this validator (no required/recommended table for 'ListItem')
https://www.orangejelly.co.uk/licensees-guide/double-drinks-profit-without-selling-more,BlogPosting,,image,no,no,yes,
https://www.orangejelly.co.uk/licensees-guide/double-drinks-profit-without-selling-more,Person,,,no,no,no,unknown type for this validator (no required/recommended table for 'Person')
https://www.orangejelly.co.uk/licensees-guide/double-drinks-profit-without-selling-more,Organization,,url; sameAs; contactPoint,no,no,no,
https://www.orangejelly.co.uk/licensees-guide/double-drinks-profit-without-selling-more,ImageObject,,,no,no,no,unknown type for this validator (no required/recommended table for 'ImageObject')
https://www.orangejelly.co.uk/licensees-guide/double-drinks-profit-without-selling-more,WebPage,,,no,no,no,unknown type for this validator (no required/recommended table for 'WebPage')
https://www.orangejelly.co.uk/licensees-guide/double-drinks-profit-without-selling-more,SpeakableSpecification,,,no,no,no,unknown type for this validator (no required/recommended table for 'SpeakableSpecification')
https://www.orangejelly.co.uk/licensees-guide/double-drinks-profit-without-selling-more,FAQPage,,,yes,no,no,FAQ rich results are now limited to authoritative government/health sites (Aug 2023). Markup is still valid but most sites no longer earn a rich result.
https://www.orangejelly.co.uk/licensees-guide/double-drinks-profit-without-selling-more,Question,,,no,no,no,unknown type for this validator (no required/recommended table for 'Question')
https://www.orangejelly.co.uk/licensees-guide/double-drinks-profit-without-selling-more,Answer,,,no,no,no,unknown type for this validator (no required/recommended table for 'Answer')
https://www.orangejelly.co.uk/licensees-guide/double-drinks-profit-without-selling-more,Question,,,no,no,no,unknown type for this validator (no required/recommended table for 'Question')
https://www.orangejelly.co.uk/licensees-guide/double-drinks-profit-without-selling-more,Answer,,,no,no,no,unknown type for this validator (no required/recommended table for 'Answer')
https://www.orangejelly.co.uk/licensees-guide/double-drinks-profit-without-selling-more,Question,,,no,no,no,unknown type for this validator (no required/recommended table for 'Question')
https://www.orangejelly.co.uk/licensees-guide/double-drinks-profit-without-selling-more,Answer,,,no,no,no,unknown type for this validator (no required/recommended table for 'Answer')
https://www.orangejelly.co.uk/licensees-guide/double-drinks-profit-without-selling-more,Question,,,no,no,no,unknown type for this validator (no required/recommended table for 'Question')
https://www.orangejelly.co.uk/licensees-guide/double-drinks-profit-without-selling-more,Answer,,,no,no,no,unknown type for this validator (no required/recommended table for 'Answer')
https://www.orangejelly.co.uk/licensees-guide/double-drinks-profit-without-selling-more,Question,,,no,no,no,unknown type for this validator (no required/recommended table for 'Question')
https://www.orangejelly.co.uk/licensees-guide/double-drinks-profit-without-selling-more,Answer,,,no,no,no,unknown type for this validator (no required/recommended table for 'Answer')
https://www.orangejelly.co.uk/licensees-guide/double-drinks-profit-without-selling-more,BreadcrumbList,,,no,no,yes,
https://www.orangejelly.co.uk/licensees-guide/double-drinks-profit-without-selling-more,ListItem,,,no,no,no,unknown type for this validator (no required/recommended table for 'ListItem')
https://www.orangejelly.co.uk/licensees-guide/double-drinks-profit-without-selling-more,ListItem,,,no,no,no,unknown type for this validator (no required/recommended table for 'ListItem')
https://www.orangejelly.co.uk/licensees-guide/double-drinks-profit-without-selling-more,ListItem,,,no,no,no,unknown type for this validator (no required/recommended table for 'ListItem')
https://www.orangejelly.co.uk/licensees-guide/double-drinks-profit-without-selling-more,BreadcrumbList,,,no,no,yes,
https://www.orangejelly.co.uk/licensees-guide/double-drinks-profit-without-selling-more,ListItem,,,no,no,no,unknown type for this validator (no required/recommended table for 'ListItem')
https://www.orangejelly.co.uk/licensees-guide/double-drinks-profit-without-selling-more,ListItem,,,no,no,no,unknown type for this validator (no required/recommended table for 'ListItem')
https://www.orangejelly.co.uk/licensees-guide/double-drinks-profit-without-selling-more,ListItem,,,no,no,no,unknown type for this validator (no required/recommended table for 'ListItem')
https://www.orangejelly.co.uk/licensees-guide/email-marketing-pub-retention,ProfessionalService,,,no,no,no,unknown type for this validator (no required/recommended table for 'ProfessionalService')
https://www.orangejelly.co.uk/licensees-guide/email-marketing-pub-retention,ImageObject,,,no,no,no,unknown type for this validator (no required/recommended table for 'ImageObject')
https://www.orangejelly.co.uk/licensees-guide/email-marketing-pub-retention,Person,,,no,no,no,unknown type for this validator (no required/recommended table for 'Person')
https://www.orangejelly.co.uk/licensees-guide/email-marketing-pub-retention,ContactPoint,,,no,no,no,unknown type for this validator (no required/recommended table for 'ContactPoint')
https://www.orangejelly.co.uk/licensees-guide/email-marketing-pub-retention,PostalAddress,,,no,no,no,unknown type for this validator (no required/recommended table for 'PostalAddress')
https://www.orangejelly.co.uk/licensees-guide/email-marketing-pub-retention,GeoCoordinates,,,no,no,no,unknown type for this validator (no required/recommended table for 'GeoCoordinates')
https://www.orangejelly.co.uk/licensees-guide/email-marketing-pub-retention,WebSite,,potentialAction,no,no,no,
https://www.orangejelly.co.uk/licensees-guide/email-marketing-pub-retention,BreadcrumbList,,,no,no,yes,
https://www.orangejelly.co.uk/licensees-guide/email-marketing-pub-retention,ListItem,,,no,no,no,unknown type for this validator (no required/recommended table for 'ListItem')
https://www.orangejelly.co.uk/licensees-guide/email-marketing-pub-retention,BlogPosting,,image,no,no,yes,
https://www.orangejelly.co.uk/licensees-guide/email-marketing-pub-retention,Person,,,no,no,no,unknown type for this validator (no required/recommended table for 'Person')
https://www.orangejelly.co.uk/licensees-guide/email-marketing-pub-retention,Organization,,url; sameAs; contactPoint,no,no,no,
https://www.orangejelly.co.uk/licensees-guide/email-marketing-pub-retention,ImageObject,,,no,no,no,unknown type for this validator (no required/recommended table for 'ImageObject')
https://www.orangejelly.co.uk/licensees-guide/email-marketing-pub-retention,WebPage,,,no,no,no,unknown type for this validator (no required/recommended table for 'WebPage')
https://www.orangejelly.co.uk/licensees-guide/email-marketing-pub-retention,SpeakableSpecification,,,no,no,no,unknown type for this validator (no required/recommended table for 'SpeakableSpecification')
https://www.orangejelly.co.uk/licensees-guide/email-marketing-pub-retention,Thing,,,no,no,no,unknown type for this validator (no required/recommended table for 'Thing')
https://www.orangejelly.co.uk/licensees-guide/email-marketing-pub-retention,Thing,,,no,no,no,unknown type for this validator (no required/recommended table for 'Thing')
https://www.orangejelly.co.uk/licensees-guide/email-marketing-pub-retention,Thing,,,no,no,no,unknown type for this validator (no required/recommended table for 'Thing')
https://www.orangejelly.co.uk/licensees-guide/email-marketing-pub-retention,FAQPage,,,yes,no,no,FAQ rich results are now limited to authoritative government/health sites (Aug 2023). Markup is still valid but most sites no longer earn a rich result.
https://www.orangejelly.co.uk/licensees-guide/email-marketing-pub-retention,Question,,,no,no,no,unknown type for this validator (no required/recommended table for 'Question')
https://www.orangejelly.co.uk/licensees-guide/email-marketing-pub-retention,Answer,,,no,no,no,unknown type for this validator (no required/recommended table for 'Answer')
https://www.orangejelly.co.uk/licensees-guide/email-marketing-pub-retention,Question,,,no,no,no,unknown type for this validator (no required/recommended table for 'Question')
https://www.orangejelly.co.uk/licensees-guide/email-marketing-pub-retention,Answer,,,no,no,no,unknown type for this validator (no required/recommended table for 'Answer')
https://www.orangejelly.co.uk/licensees-guide/email-marketing-pub-retention,Question,,,no,no,no,unknown type for this validator (no required/recommended table for 'Question')
https://www.orangejelly.co.uk/licensees-guide/email-marketing-pub-retention,Answer,,,no,no,no,unknown type for this validator (no required/recommended table for 'Answer')
https://www.orangejelly.co.uk/licensees-guide/email-marketing-pub-retention,BreadcrumbList,,,no,no,yes,
https://www.orangejelly.co.uk/licensees-guide/email-marketing-pub-retention,ListItem,,,no,no,no,unknown type for this validator (no required/recommended table for 'ListItem')
https://www.orangejelly.co.uk/licensees-guide/email-marketing-pub-retention,ListItem,,,no,no,no,unknown type for this validator (no required/recommended table for 'ListItem')
https://www.orangejelly.co.uk/licensees-guide/email-marketing-pub-retention,ListItem,,,no,no,no,unknown type for this validator (no required/recommended table for 'ListItem')
https://www.orangejelly.co.uk/licensees-guide/email-marketing-pub-retention,ListItem,,,no,no,no,unknown type for this validator (no required/recommended table for 'ListItem')
https://www.orangejelly.co.uk/licensees-guide/email-marketing-pub-retention,BreadcrumbList,,,no,no,yes,
https://www.orangejelly.co.uk/licensees-guide/email-marketing-pub-retention,ListItem,,,no,no,no,unknown type for this validator (no required/recommended table for 'ListItem')
https://www.orangejelly.co.uk/licensees-guide/email-marketing-pub-retention,ListItem,,,no,no,no,unknown type for this validator (no required/recommended table for 'ListItem')
https://www.orangejelly.co.uk/licensees-guide/email-marketing-pub-retention,ListItem,,,no,no,no,unknown type for this validator (no required/recommended table for 'ListItem')
https://www.orangejelly.co.uk/licensees-guide/email-marketing-pub-retention,ListItem,,,no,no,no,unknown type for this validator (no required/recommended table for 'ListItem')
https://www.orangejelly.co.uk/licensees-guide/energy-bill-shock-cut-venue-costs,ProfessionalService,,,no,no,no,unknown type for this validator (no required/recommended table for 'ProfessionalService')
https://www.orangejelly.co.uk/licensees-guide/energy-bill-shock-cut-venue-costs,ImageObject,,,no,no,no,unknown type for this validator (no required/recommended table for 'ImageObject')
https://www.orangejelly.co.uk/licensees-guide/energy-bill-shock-cut-venue-costs,Person,,,no,no,no,unknown type for this validator (no required/recommended table for 'Person')
https://www.orangejelly.co.uk/licensees-guide/energy-bill-shock-cut-venue-costs,ContactPoint,,,no,no,no,unknown type for this validator (no required/recommended table for 'ContactPoint')
https://www.orangejelly.co.uk/licensees-guide/energy-bill-shock-cut-venue-costs,PostalAddress,,,no,no,no,unknown type for this validator (no required/recommended table for 'PostalAddress')
https://www.orangejelly.co.uk/licensees-guide/energy-bill-shock-cut-venue-costs,GeoCoordinates,,,no,no,no,unknown type for this validator (no required/recommended table for 'GeoCoordinates')
https://www.orangejelly.co.uk/licensees-guide/energy-bill-shock-cut-venue-costs,WebSite,,potentialAction,no,no,no,
https://www.orangejelly.co.uk/licensees-guide/energy-bill-shock-cut-venue-costs,BreadcrumbList,,,no,no,yes,
https://www.orangejelly.co.uk/licensees-guide/energy-bill-shock-cut-venue-costs,ListItem,,,no,no,no,unknown type for this validator (no required/recommended table for 'ListItem')
https://www.orangejelly.co.uk/licensees-guide/energy-bill-shock-cut-venue-costs,BlogPosting,,image,no,no,yes,
https://www.orangejelly.co.uk/licensees-guide/energy-bill-shock-cut-venue-costs,Person,,,no,no,no,unknown type for this validator (no required/recommended table for 'Person')
https://www.orangejelly.co.uk/licensees-guide/energy-bill-shock-cut-venue-costs,Organization,,url; sameAs; contactPoint,no,no,no,
https://www.orangejelly.co.uk/licensees-guide/energy-bill-shock-cut-venue-costs,ImageObject,,,no,no,no,unknown type for this validator (no required/recommended table for 'ImageObject')
https://www.orangejelly.co.uk/licensees-guide/energy-bill-shock-cut-venue-costs,WebPage,,,no,no,no,unknown type for this validator (no required/recommended table for 'WebPage')
https://www.orangejelly.co.uk/licensees-guide/energy-bill-shock-cut-venue-costs,SpeakableSpecification,,,no,no,no,unknown type for this validator (no required/recommended table for 'SpeakableSpecification')
https://www.orangejelly.co.uk/licensees-guide/energy-bill-shock-cut-venue-costs,Thing,,,no,no,no,unknown type for this validator (no required/recommended table for 'Thing')
https://www.orangejelly.co.uk/licensees-guide/energy-bill-shock-cut-venue-costs,Thing,,,no,no,no,unknown type for this validator (no required/recommended table for 'Thing')
https://www.orangejelly.co.uk/licensees-guide/energy-bill-shock-cut-venue-costs,Thing,,,no,no,no,unknown type for this validator (no required/recommended table for 'Thing')
https://www.orangejelly.co.uk/licensees-guide/energy-bill-shock-cut-venue-costs,FAQPage,,,yes,no,no,FAQ rich results are now limited to authoritative government/health sites (Aug 2023). Markup is still valid but most sites no longer earn a rich result.
https://www.orangejelly.co.uk/licensees-guide/energy-bill-shock-cut-venue-costs,Question,,,no,no,no,unknown type for this validator (no required/recommended table for 'Question')
https://www.orangejelly.co.uk/licensees-guide/energy-bill-shock-cut-venue-costs,Answer,,,no,no,no,unknown type for this validator (no required/recommended table for 'Answer')
https://www.orangejelly.co.uk/licensees-guide/energy-bill-shock-cut-venue-costs,Question,,,no,no,no,unknown type for this validator (no required/recommended table for 'Question')
https://www.orangejelly.co.uk/licensees-guide/energy-bill-shock-cut-venue-costs,Answer,,,no,no,no,unknown type for this validator (no required/recommended table for 'Answer')
https://www.orangejelly.co.uk/licensees-guide/energy-bill-shock-cut-venue-costs,Question,,,no,no,no,unknown type for this validator (no required/recommended table for 'Question')
https://www.orangejelly.co.uk/licensees-guide/energy-bill-shock-cut-venue-costs,Answer,,,no,no,no,unknown type for this validator (no required/recommended table for 'Answer')
https://www.orangejelly.co.uk/licensees-guide/energy-bill-shock-cut-venue-costs,BreadcrumbList,,,no,no,yes,
https://www.orangejelly.co.uk/licensees-guide/energy-bill-shock-cut-venue-costs,ListItem,,,no,no,no,unknown type for this validator (no required/recommended table for 'ListItem')
https://www.orangejelly.co.uk/licensees-guide/energy-bill-shock-cut-venue-costs,ListItem,,,no,no,no,unknown type for this validator (no required/recommended table for 'ListItem')
https://www.orangejelly.co.uk/licensees-guide/energy-bill-shock-cut-venue-costs,ListItem,,,no,no,no,unknown type for this validator (no required/recommended table for 'ListItem')
https://www.orangejelly.co.uk/licensees-guide/energy-bill-shock-cut-venue-costs,BreadcrumbList,,,no,no,yes,
https://www.orangejelly.co.uk/licensees-guide/energy-bill-shock-cut-venue-costs,ListItem,,,no,no,no,unknown type for this validator (no required/recommended table for 'ListItem')
https://www.orangejelly.co.uk/licensees-guide/energy-bill-shock-cut-venue-costs,ListItem,,,no,no,no,unknown type for this validator (no required/recommended table for 'ListItem')
https://www.orangejelly.co.uk/licensees-guide/energy-bill-shock-cut-venue-costs,ListItem,,,no,no,no,unknown type for this validator (no required/recommended table for 'ListItem')
https://www.orangejelly.co.uk/licensees-guide/epos-data-revenue-comeback,ProfessionalService,,,no,no,no,unknown type for this validator (no required/recommended table for 'ProfessionalService')
https://www.orangejelly.co.uk/licensees-guide/epos-data-revenue-comeback,ImageObject,,,no,no,no,unknown type for this validator (no required/recommended table for 'ImageObject')
https://www.orangejelly.co.uk/licensees-guide/epos-data-revenue-comeback,Person,,,no,no,no,unknown type for this validator (no required/recommended table for 'Person')
https://www.orangejelly.co.uk/licensees-guide/epos-data-revenue-comeback,ContactPoint,,,no,no,no,unknown type for this validator (no required/recommended table for 'ContactPoint')
https://www.orangejelly.co.uk/licensees-guide/epos-data-revenue-comeback,PostalAddress,,,no,no,no,unknown type for this validator (no required/recommended table for 'PostalAddress')
https://www.orangejelly.co.uk/licensees-guide/epos-data-revenue-comeback,GeoCoordinates,,,no,no,no,unknown type for this validator (no required/recommended table for 'GeoCoordinates')
https://www.orangejelly.co.uk/licensees-guide/epos-data-revenue-comeback,WebSite,,potentialAction,no,no,no,
https://www.orangejelly.co.uk/licensees-guide/epos-data-revenue-comeback,BreadcrumbList,,,no,no,yes,
https://www.orangejelly.co.uk/licensees-guide/epos-data-revenue-comeback,ListItem,,,no,no,no,unknown type for this validator (no required/recommended table for 'ListItem')
https://www.orangejelly.co.uk/licensees-guide/epos-data-revenue-comeback,BlogPosting,,image,no,no,yes,
https://www.orangejelly.co.uk/licensees-guide/epos-data-revenue-comeback,Person,,,no,no,no,unknown type for this validator (no required/recommended table for 'Person')
https://www.orangejelly.co.uk/licensees-guide/epos-data-revenue-comeback,Organization,,url; sameAs; contactPoint,no,no,no,
https://www.orangejelly.co.uk/licensees-guide/epos-data-revenue-comeback,ImageObject,,,no,no,no,unknown type for this validator (no required/recommended table for 'ImageObject')
https://www.orangejelly.co.uk/licensees-guide/epos-data-revenue-comeback,WebPage,,,no,no,no,unknown type for this validator (no required/recommended table for 'WebPage')
https://www.orangejelly.co.uk/licensees-guide/epos-data-revenue-comeback,SpeakableSpecification,,,no,no,no,unknown type for this validator (no required/recommended table for 'SpeakableSpecification')
https://www.orangejelly.co.uk/licensees-guide/epos-data-revenue-comeback,Thing,,,no,no,no,unknown type for this validator (no required/recommended table for 'Thing')
https://www.orangejelly.co.uk/licensees-guide/epos-data-revenue-comeback,Thing,,,no,no,no,unknown type for this validator (no required/recommended table for 'Thing')
https://www.orangejelly.co.uk/licensees-guide/epos-data-revenue-comeback,Thing,,,no,no,no,unknown type for this validator (no required/recommended table for 'Thing')
https://www.orangejelly.co.uk/licensees-guide/epos-data-revenue-comeback,FAQPage,,,yes,no,no,FAQ rich results are now limited to authoritative government/health sites (Aug 2023). Markup is still valid but most sites no longer earn a rich result.
https://www.orangejelly.co.uk/licensees-guide/epos-data-revenue-comeback,Question,,,no,no,no,unknown type for this validator (no required/recommended table for 'Question')
https://www.orangejelly.co.uk/licensees-guide/epos-data-revenue-comeback,Answer,,,no,no,no,unknown type for this validator (no required/recommended table for 'Answer')
https://www.orangejelly.co.uk/licensees-guide/epos-data-revenue-comeback,Question,,,no,no,no,unknown type for this validator (no required/recommended table for 'Question')
https://www.orangejelly.co.uk/licensees-guide/epos-data-revenue-comeback,Answer,,,no,no,no,unknown type for this validator (no required/recommended table for 'Answer')
https://www.orangejelly.co.uk/licensees-guide/epos-data-revenue-comeback,Question,,,no,no,no,unknown type for this validator (no required/recommended table for 'Question')
https://www.orangejelly.co.uk/licensees-guide/epos-data-revenue-comeback,Answer,,,no,no,no,unknown type for this validator (no required/recommended table for 'Answer')
https://www.orangejelly.co.uk/licensees-guide/epos-data-revenue-comeback,BreadcrumbList,,,no,no,yes,
https://www.orangejelly.co.uk/licensees-guide/epos-data-revenue-comeback,ListItem,,,no,no,no,unknown type for this validator (no required/recommended table for 'ListItem')
https://www.orangejelly.co.uk/licensees-guide/epos-data-revenue-comeback,ListItem,,,no,no,no,unknown type for this validator (no required/recommended table for 'ListItem')
https://www.orangejelly.co.uk/licensees-guide/epos-data-revenue-comeback,ListItem,,,no,no,no,unknown type for this validator (no required/recommended table for 'ListItem')
https://www.orangejelly.co.uk/licensees-guide/epos-data-revenue-comeback,BreadcrumbList,,,no,no,yes,
https://www.orangejelly.co.uk/licensees-guide/epos-data-revenue-comeback,ListItem,,,no,no,no,unknown type for this validator (no required/recommended table for 'ListItem')
https://www.orangejelly.co.uk/licensees-guide/epos-data-revenue-comeback,ListItem,,,no,no,no,unknown type for this validator (no required/recommended table for 'ListItem')
https://www.orangejelly.co.uk/licensees-guide/epos-data-revenue-comeback,ListItem,,,no,no,no,unknown type for this validator (no required/recommended table for 'ListItem')
https://www.orangejelly.co.uk/licensees-guide/facebook-marketing-local-pubs,ProfessionalService,,,no,no,no,unknown type for this validator (no required/recommended table for 'ProfessionalService')
https://www.orangejelly.co.uk/licensees-guide/facebook-marketing-local-pubs,ImageObject,,,no,no,no,unknown type for this validator (no required/recommended table for 'ImageObject')
https://www.orangejelly.co.uk/licensees-guide/facebook-marketing-local-pubs,Person,,,no,no,no,unknown type for this validator (no required/recommended table for 'Person')
https://www.orangejelly.co.uk/licensees-guide/facebook-marketing-local-pubs,ContactPoint,,,no,no,no,unknown type for this validator (no required/recommended table for 'ContactPoint')
https://www.orangejelly.co.uk/licensees-guide/facebook-marketing-local-pubs,PostalAddress,,,no,no,no,unknown type for this validator (no required/recommended table for 'PostalAddress')
https://www.orangejelly.co.uk/licensees-guide/facebook-marketing-local-pubs,GeoCoordinates,,,no,no,no,unknown type for this validator (no required/recommended table for 'GeoCoordinates')
https://www.orangejelly.co.uk/licensees-guide/facebook-marketing-local-pubs,WebSite,,potentialAction,no,no,no,
https://www.orangejelly.co.uk/licensees-guide/facebook-marketing-local-pubs,BreadcrumbList,,,no,no,yes,
https://www.orangejelly.co.uk/licensees-guide/facebook-marketing-local-pubs,ListItem,,,no,no,no,unknown type for this validator (no required/recommended table for 'ListItem')
https://www.orangejelly.co.uk/licensees-guide/facebook-marketing-local-pubs,BlogPosting,,image,no,no,yes,
https://www.orangejelly.co.uk/licensees-guide/facebook-marketing-local-pubs,Person,,,no,no,no,unknown type for this validator (no required/recommended table for 'Person')
https://www.orangejelly.co.uk/licensees-guide/facebook-marketing-local-pubs,Organization,,url; sameAs; contactPoint,no,no,no,
https://www.orangejelly.co.uk/licensees-guide/facebook-marketing-local-pubs,ImageObject,,,no,no,no,unknown type for this validator (no required/recommended table for 'ImageObject')
https://www.orangejelly.co.uk/licensees-guide/facebook-marketing-local-pubs,WebPage,,,no,no,no,unknown type for this validator (no required/recommended table for 'WebPage')
https://www.orangejelly.co.uk/licensees-guide/facebook-marketing-local-pubs,SpeakableSpecification,,,no,no,no,unknown type for this validator (no required/recommended table for 'SpeakableSpecification')
https://www.orangejelly.co.uk/licensees-guide/facebook-marketing-local-pubs,Thing,,,no,no,no,unknown type for this validator (no required/recommended table for 'Thing')
https://www.orangejelly.co.uk/licensees-guide/facebook-marketing-local-pubs,Thing,,,no,no,no,unknown type for this validator (no required/recommended table for 'Thing')
https://www.orangejelly.co.uk/licensees-guide/facebook-marketing-local-pubs,Thing,,,no,no,no,unknown type for this validator (no required/recommended table for 'Thing')
https://www.orangejelly.co.uk/licensees-guide/facebook-marketing-local-pubs,FAQPage,,,yes,no,no,FAQ rich results are now limited to authoritative government/health sites (Aug 2023). Markup is still valid but most sites no longer earn a rich result.
https://www.orangejelly.co.uk/licensees-guide/facebook-marketing-local-pubs,Question,,,no,no,no,unknown type for this validator (no required/recommended table for 'Question')
https://www.orangejelly.co.uk/licensees-guide/facebook-marketing-local-pubs,Answer,,,no,no,no,unknown type for this validator (no required/recommended table for 'Answer')
https://www.orangejelly.co.uk/licensees-guide/facebook-marketing-local-pubs,Question,,,no,no,no,unknown type for this validator (no required/recommended table for 'Question')
https://www.orangejelly.co.uk/licensees-guide/facebook-marketing-local-pubs,Answer,,,no,no,no,unknown type for this validator (no required/recommended table for 'Answer')
https://www.orangejelly.co.uk/licensees-guide/facebook-marketing-local-pubs,Question,,,no,no,no,unknown type for this validator (no required/recommended table for 'Question')
https://www.orangejelly.co.uk/licensees-guide/facebook-marketing-local-pubs,Answer,,,no,no,no,unknown type for this validator (no required/recommended table for 'Answer')
https://www.orangejelly.co.uk/licensees-guide/facebook-marketing-local-pubs,BreadcrumbList,,,no,no,yes,
https://www.orangejelly.co.uk/licensees-guide/facebook-marketing-local-pubs,ListItem,,,no,no,no,unknown type for this validator (no required/recommended table for 'ListItem')
https://www.orangejelly.co.uk/licensees-guide/facebook-marketing-local-pubs,ListItem,,,no,no,no,unknown type for this validator (no required/recommended table for 'ListItem')
https://www.orangejelly.co.uk/licensees-guide/facebook-marketing-local-pubs,ListItem,,,no,no,no,unknown type for this validator (no required/recommended table for 'ListItem')
https://www.orangejelly.co.uk/licensees-guide/facebook-marketing-local-pubs,BreadcrumbList,,,no,no,yes,
https://www.orangejelly.co.uk/licensees-guide/facebook-marketing-local-pubs,ListItem,,,no,no,no,unknown type for this validator (no required/recommended table for 'ListItem')
https://www.orangejelly.co.uk/licensees-guide/facebook-marketing-local-pubs,ListItem,,,no,no,no,unknown type for this validator (no required/recommended table for 'ListItem')
https://www.orangejelly.co.uk/licensees-guide/facebook-marketing-local-pubs,ListItem,,,no,no,no,unknown type for this validator (no required/recommended table for 'ListItem')
https://www.orangejelly.co.uk/licensees-guide/family-craft-hour-101,ProfessionalService,,,no,no,no,unknown type for this validator (no required/recommended table for 'ProfessionalService')
https://www.orangejelly.co.uk/licensees-guide/family-craft-hour-101,ImageObject,,,no,no,no,unknown type for this validator (no required/recommended table for 'ImageObject')
https://www.orangejelly.co.uk/licensees-guide/family-craft-hour-101,Person,,,no,no,no,unknown type for this validator (no required/recommended table for 'Person')
https://www.orangejelly.co.uk/licensees-guide/family-craft-hour-101,ContactPoint,,,no,no,no,unknown type for this validator (no required/recommended table for 'ContactPoint')
https://www.orangejelly.co.uk/licensees-guide/family-craft-hour-101,PostalAddress,,,no,no,no,unknown type for this validator (no required/recommended table for 'PostalAddress')
https://www.orangejelly.co.uk/licensees-guide/family-craft-hour-101,GeoCoordinates,,,no,no,no,unknown type for this validator (no required/recommended table for 'GeoCoordinates')
https://www.orangejelly.co.uk/licensees-guide/family-craft-hour-101,WebSite,,potentialAction,no,no,no,
https://www.orangejelly.co.uk/licensees-guide/family-craft-hour-101,BreadcrumbList,,,no,no,yes,
https://www.orangejelly.co.uk/licensees-guide/family-craft-hour-101,ListItem,,,no,no,no,unknown type for this validator (no required/recommended table for 'ListItem')
https://www.orangejelly.co.uk/licensees-guide/family-craft-hour-101,BlogPosting,,image,no,no,yes,
https://www.orangejelly.co.uk/licensees-guide/family-craft-hour-101,Person,,,no,no,no,unknown type for this validator (no required/recommended table for 'Person')
https://www.orangejelly.co.uk/licensees-guide/family-craft-hour-101,Organization,,url; sameAs; contactPoint,no,no,no,
https://www.orangejelly.co.uk/licensees-guide/family-craft-hour-101,ImageObject,,,no,no,no,unknown type for this validator (no required/recommended table for 'ImageObject')
https://www.orangejelly.co.uk/licensees-guide/family-craft-hour-101,WebPage,,,no,no,no,unknown type for this validator (no required/recommended table for 'WebPage')
https://www.orangejelly.co.uk/licensees-guide/family-craft-hour-101,SpeakableSpecification,,,no,no,no,unknown type for this validator (no required/recommended table for 'SpeakableSpecification')
https://www.orangejelly.co.uk/licensees-guide/family-craft-hour-101,Thing,,,no,no,no,unknown type for this validator (no required/recommended table for 'Thing')
https://www.orangejelly.co.uk/licensees-guide/family-craft-hour-101,Thing,,,no,no,no,unknown type for this validator (no required/recommended table for 'Thing')
https://www.orangejelly.co.uk/licensees-guide/family-craft-hour-101,Thing,,,no,no,no,unknown type for this validator (no required/recommended table for 'Thing')
https://www.orangejelly.co.uk/licensees-guide/family-craft-hour-101,FAQPage,,,yes,no,no,FAQ rich results are now limited to authoritative government/health sites (Aug 2023). Markup is still valid but most sites no longer earn a rich result.
https://www.orangejelly.co.uk/licensees-guide/family-craft-hour-101,Question,,,no,no,no,unknown type for this validator (no required/recommended table for 'Question')
https://www.orangejelly.co.uk/licensees-guide/family-craft-hour-101,Answer,,,no,no,no,unknown type for this validator (no required/recommended table for 'Answer')
https://www.orangejelly.co.uk/licensees-guide/family-craft-hour-101,Question,,,no,no,no,unknown type for this validator (no required/recommended table for 'Question')
https://www.orangejelly.co.uk/licensees-guide/family-craft-hour-101,Answer,,,no,no,no,unknown type for this validator (no required/recommended table for 'Answer')
https://www.orangejelly.co.uk/licensees-guide/family-craft-hour-101,Question,,,no,no,no,unknown type for this validator (no required/recommended table for 'Question')
https://www.orangejelly.co.uk/licensees-guide/family-craft-hour-101,Answer,,,no,no,no,unknown type for this validator (no required/recommended table for 'Answer')
https://www.orangejelly.co.uk/licensees-guide/family-craft-hour-101,BreadcrumbList,,,no,no,yes,
https://www.orangejelly.co.uk/licensees-guide/family-craft-hour-101,ListItem,,,no,no,no,unknown type for this validator (no required/recommended table for 'ListItem')
https://www.orangejelly.co.uk/licensees-guide/family-craft-hour-101,ListItem,,,no,no,no,unknown type for this validator (no required/recommended table for 'ListItem')
https://www.orangejelly.co.uk/licensees-guide/family-craft-hour-101,ListItem,,,no,no,no,unknown type for this validator (no required/recommended table for 'ListItem')
https://www.orangejelly.co.uk/licensees-guide/family-craft-hour-101,BreadcrumbList,,,no,no,yes,
https://www.orangejelly.co.uk/licensees-guide/family-craft-hour-101,ListItem,,,no,no,no,unknown type for this validator (no required/recommended table for 'ListItem')
https://www.orangejelly.co.uk/licensees-guide/family-craft-hour-101,ListItem,,,no,no,no,unknown type for this validator (no required/recommended table for 'ListItem')
https://www.orangejelly.co.uk/licensees-guide/family-craft-hour-101,ListItem,,,no,no,no,unknown type for this validator (no required/recommended table for 'ListItem')
https://www.orangejelly.co.uk/licensees-guide/fill-empty-pub-tables,ProfessionalService,,,no,no,no,unknown type for this validator (no required/recommended table for 'ProfessionalService')
https://www.orangejelly.co.uk/licensees-guide/fill-empty-pub-tables,ImageObject,,,no,no,no,unknown type for this validator (no required/recommended table for 'ImageObject')
https://www.orangejelly.co.uk/licensees-guide/fill-empty-pub-tables,Person,,,no,no,no,unknown type for this validator (no required/recommended table for 'Person')
https://www.orangejelly.co.uk/licensees-guide/fill-empty-pub-tables,ContactPoint,,,no,no,no,unknown type for this validator (no required/recommended table for 'ContactPoint')
https://www.orangejelly.co.uk/licensees-guide/fill-empty-pub-tables,PostalAddress,,,no,no,no,unknown type for this validator (no required/recommended table for 'PostalAddress')
https://www.orangejelly.co.uk/licensees-guide/fill-empty-pub-tables,GeoCoordinates,,,no,no,no,unknown type for this validator (no required/recommended table for 'GeoCoordinates')
https://www.orangejelly.co.uk/licensees-guide/fill-empty-pub-tables,WebSite,,potentialAction,no,no,no,
https://www.orangejelly.co.uk/licensees-guide/fill-empty-pub-tables,BreadcrumbList,,,no,no,yes,
https://www.orangejelly.co.uk/licensees-guide/fill-empty-pub-tables,ListItem,,,no,no,no,unknown type for this validator (no required/recommended table for 'ListItem')
https://www.orangejelly.co.uk/licensees-guide/fill-empty-pub-tables,BlogPosting,,image,no,no,yes,
https://www.orangejelly.co.uk/licensees-guide/fill-empty-pub-tables,Person,,,no,no,no,unknown type for this validator (no required/recommended table for 'Person')
https://www.orangejelly.co.uk/licensees-guide/fill-empty-pub-tables,Organization,,url; sameAs; contactPoint,no,no,no,
https://www.orangejelly.co.uk/licensees-guide/fill-empty-pub-tables,ImageObject,,,no,no,no,unknown type for this validator (no required/recommended table for 'ImageObject')
https://www.orangejelly.co.uk/licensees-guide/fill-empty-pub-tables,WebPage,,,no,no,no,unknown type for this validator (no required/recommended table for 'WebPage')
https://www.orangejelly.co.uk/licensees-guide/fill-empty-pub-tables,SpeakableSpecification,,,no,no,no,unknown type for this validator (no required/recommended table for 'SpeakableSpecification')
https://www.orangejelly.co.uk/licensees-guide/fill-empty-pub-tables,Thing,,,no,no,no,unknown type for this validator (no required/recommended table for 'Thing')
https://www.orangejelly.co.uk/licensees-guide/fill-empty-pub-tables,Thing,,,no,no,no,unknown type for this validator (no required/recommended table for 'Thing')
https://www.orangejelly.co.uk/licensees-guide/fill-empty-pub-tables,Thing,,,no,no,no,unknown type for this validator (no required/recommended table for 'Thing')
https://www.orangejelly.co.uk/licensees-guide/fill-empty-pub-tables,FAQPage,,,yes,no,no,FAQ rich results are now limited to authoritative government/health sites (Aug 2023). Markup is still valid but most sites no longer earn a rich result.
https://www.orangejelly.co.uk/licensees-guide/fill-empty-pub-tables,Question,,,no,no,no,unknown type for this validator (no required/recommended table for 'Question')
https://www.orangejelly.co.uk/licensees-guide/fill-empty-pub-tables,Answer,,,no,no,no,unknown type for this validator (no required/recommended table for 'Answer')
https://www.orangejelly.co.uk/licensees-guide/fill-empty-pub-tables,Question,,,no,no,no,unknown type for this validator (no required/recommended table for 'Question')
https://www.orangejelly.co.uk/licensees-guide/fill-empty-pub-tables,Answer,,,no,no,no,unknown type for this validator (no required/recommended table for 'Answer')
https://www.orangejelly.co.uk/licensees-guide/fill-empty-pub-tables,Question,,,no,no,no,unknown type for this validator (no required/recommended table for 'Question')
https://www.orangejelly.co.uk/licensees-guide/fill-empty-pub-tables,Answer,,,no,no,no,unknown type for this validator (no required/recommended table for 'Answer')
https://www.orangejelly.co.uk/licensees-guide/fill-empty-pub-tables,BreadcrumbList,,,no,no,yes,
https://www.orangejelly.co.uk/licensees-guide/fill-empty-pub-tables,ListItem,,,no,no,no,unknown type for this validator (no required/recommended table for 'ListItem')
https://www.orangejelly.co.uk/licensees-guide/fill-empty-pub-tables,ListItem,,,no,no,no,unknown type for this validator (no required/recommended table for 'ListItem')
https://www.orangejelly.co.uk/licensees-guide/fill-empty-pub-tables,ListItem,,,no,no,no,unknown type for this validator (no required/recommended table for 'ListItem')
https://www.orangejelly.co.uk/licensees-guide/fill-empty-pub-tables,BreadcrumbList,,,no,no,yes,
https://www.orangejelly.co.uk/licensees-guide/fill-empty-pub-tables,ListItem,,,no,no,no,unknown type for this validator (no required/recommended table for 'ListItem')
https://www.orangejelly.co.uk/licensees-guide/fill-empty-pub-tables,ListItem,,,no,no,no,unknown type for this validator (no required/recommended table for 'ListItem')
https://www.orangejelly.co.uk/licensees-guide/fill-empty-pub-tables,ListItem,,,no,no,no,unknown type for this validator (no required/recommended table for 'ListItem')
https://www.orangejelly.co.uk/licensees-guide/fill-empty-seats-midweek-offers,ProfessionalService,,,no,no,no,unknown type for this validator (no required/recommended table for 'ProfessionalService')
https://www.orangejelly.co.uk/licensees-guide/fill-empty-seats-midweek-offers,ImageObject,,,no,no,no,unknown type for this validator (no required/recommended table for 'ImageObject')
https://www.orangejelly.co.uk/licensees-guide/fill-empty-seats-midweek-offers,Person,,,no,no,no,unknown type for this validator (no required/recommended table for 'Person')
https://www.orangejelly.co.uk/licensees-guide/fill-empty-seats-midweek-offers,ContactPoint,,,no,no,no,unknown type for this validator (no required/recommended table for 'ContactPoint')
https://www.orangejelly.co.uk/licensees-guide/fill-empty-seats-midweek-offers,PostalAddress,,,no,no,no,unknown type for this validator (no required/recommended table for 'PostalAddress')
https://www.orangejelly.co.uk/licensees-guide/fill-empty-seats-midweek-offers,GeoCoordinates,,,no,no,no,unknown type for this validator (no required/recommended table for 'GeoCoordinates')
https://www.orangejelly.co.uk/licensees-guide/fill-empty-seats-midweek-offers,WebSite,,potentialAction,no,no,no,
https://www.orangejelly.co.uk/licensees-guide/fill-empty-seats-midweek-offers,BreadcrumbList,,,no,no,yes,
https://www.orangejelly.co.uk/licensees-guide/fill-empty-seats-midweek-offers,ListItem,,,no,no,no,unknown type for this validator (no required/recommended table for 'ListItem')
https://www.orangejelly.co.uk/licensees-guide/fill-empty-seats-midweek-offers,BlogPosting,,image,no,no,yes,
https://www.orangejelly.co.uk/licensees-guide/fill-empty-seats-midweek-offers,Person,,,no,no,no,unknown type for this validator (no required/recommended table for 'Person')
https://www.orangejelly.co.uk/licensees-guide/fill-empty-seats-midweek-offers,Organization,,url; sameAs; contactPoint,no,no,no,
https://www.orangejelly.co.uk/licensees-guide/fill-empty-seats-midweek-offers,ImageObject,,,no,no,no,unknown type for this validator (no required/recommended table for 'ImageObject')
https://www.orangejelly.co.uk/licensees-guide/fill-empty-seats-midweek-offers,WebPage,,,no,no,no,unknown type for this validator (no required/recommended table for 'WebPage')
https://www.orangejelly.co.uk/licensees-guide/fill-empty-seats-midweek-offers,SpeakableSpecification,,,no,no,no,unknown type for this validator (no required/recommended table for 'SpeakableSpecification')
https://www.orangejelly.co.uk/licensees-guide/fill-empty-seats-midweek-offers,Thing,,,no,no,no,unknown type for this validator (no required/recommended table for 'Thing')
https://www.orangejelly.co.uk/licensees-guide/fill-empty-seats-midweek-offers,Thing,,,no,no,no,unknown type for this validator (no required/recommended table for 'Thing')
https://www.orangejelly.co.uk/licensees-guide/fill-empty-seats-midweek-offers,Thing,,,no,no,no,unknown type for this validator (no required/recommended table for 'Thing')
https://www.orangejelly.co.uk/licensees-guide/fill-empty-seats-midweek-offers,FAQPage,,,yes,no,no,FAQ rich results are now limited to authoritative government/health sites (Aug 2023). Markup is still valid but most sites no longer earn a rich result.
https://www.orangejelly.co.uk/licensees-guide/fill-empty-seats-midweek-offers,Question,,,no,no,no,unknown type for this validator (no required/recommended table for 'Question')
https://www.orangejelly.co.uk/licensees-guide/fill-empty-seats-midweek-offers,Answer,,,no,no,no,unknown type for this validator (no required/recommended table for 'Answer')
https://www.orangejelly.co.uk/licensees-guide/fill-empty-seats-midweek-offers,Question,,,no,no,no,unknown type for this validator (no required/recommended table for 'Question')
https://www.orangejelly.co.uk/licensees-guide/fill-empty-seats-midweek-offers,Answer,,,no,no,no,unknown type for this validator (no required/recommended table for 'Answer')
https://www.orangejelly.co.uk/licensees-guide/fill-empty-seats-midweek-offers,Question,,,no,no,no,unknown type for this validator (no required/recommended table for 'Question')
https://www.orangejelly.co.uk/licensees-guide/fill-empty-seats-midweek-offers,Answer,,,no,no,no,unknown type for this validator (no required/recommended table for 'Answer')
https://www.orangejelly.co.uk/licensees-guide/fill-empty-seats-midweek-offers,BreadcrumbList,,,no,no,yes,
https://www.orangejelly.co.uk/licensees-guide/fill-empty-seats-midweek-offers,ListItem,,,no,no,no,unknown type for this validator (no required/recommended table for 'ListItem')
https://www.orangejelly.co.uk/licensees-guide/fill-empty-seats-midweek-offers,ListItem,,,no,no,no,unknown type for this validator (no required/recommended table for 'ListItem')
https://www.orangejelly.co.uk/licensees-guide/fill-empty-seats-midweek-offers,ListItem,,,no,no,no,unknown type for this validator (no required/recommended table for 'ListItem')
https://www.orangejelly.co.uk/licensees-guide/fill-empty-seats-midweek-offers,BreadcrumbList,,,no,no,yes,
https://www.orangejelly.co.uk/licensees-guide/fill-empty-seats-midweek-offers,ListItem,,,no,no,no,unknown type for this validator (no required/recommended table for 'ListItem')
https://www.orangejelly.co.uk/licensees-guide/fill-empty-seats-midweek-offers,ListItem,,,no,no,no,unknown type for this validator (no required/recommended table for 'ListItem')
https://www.orangejelly.co.uk/licensees-guide/fill-empty-seats-midweek-offers,ListItem,,,no,no,no,unknown type for this validator (no required/recommended table for 'ListItem')
https://www.orangejelly.co.uk/licensees-guide/food-allergies-gdpr-compliance,ProfessionalService,,,no,no,no,unknown type for this validator (no required/recommended table for 'ProfessionalService')
https://www.orangejelly.co.uk/licensees-guide/food-allergies-gdpr-compliance,ImageObject,,,no,no,no,unknown type for this validator (no required/recommended table for 'ImageObject')
https://www.orangejelly.co.uk/licensees-guide/food-allergies-gdpr-compliance,Person,,,no,no,no,unknown type for this validator (no required/recommended table for 'Person')
https://www.orangejelly.co.uk/licensees-guide/food-allergies-gdpr-compliance,ContactPoint,,,no,no,no,unknown type for this validator (no required/recommended table for 'ContactPoint')
https://www.orangejelly.co.uk/licensees-guide/food-allergies-gdpr-compliance,PostalAddress,,,no,no,no,unknown type for this validator (no required/recommended table for 'PostalAddress')
https://www.orangejelly.co.uk/licensees-guide/food-allergies-gdpr-compliance,GeoCoordinates,,,no,no,no,unknown type for this validator (no required/recommended table for 'GeoCoordinates')
https://www.orangejelly.co.uk/licensees-guide/food-allergies-gdpr-compliance,WebSite,,potentialAction,no,no,no,
https://www.orangejelly.co.uk/licensees-guide/food-allergies-gdpr-compliance,BreadcrumbList,,,no,no,yes,
https://www.orangejelly.co.uk/licensees-guide/food-allergies-gdpr-compliance,ListItem,,,no,no,no,unknown type for this validator (no required/recommended table for 'ListItem')
https://www.orangejelly.co.uk/licensees-guide/food-allergies-gdpr-compliance,BlogPosting,,image,no,no,yes,
https://www.orangejelly.co.uk/licensees-guide/food-allergies-gdpr-compliance,Person,,,no,no,no,unknown type for this validator (no required/recommended table for 'Person')
https://www.orangejelly.co.uk/licensees-guide/food-allergies-gdpr-compliance,Organization,,url; sameAs; contactPoint,no,no,no,
https://www.orangejelly.co.uk/licensees-guide/food-allergies-gdpr-compliance,ImageObject,,,no,no,no,unknown type for this validator (no required/recommended table for 'ImageObject')
https://www.orangejelly.co.uk/licensees-guide/food-allergies-gdpr-compliance,WebPage,,,no,no,no,unknown type for this validator (no required/recommended table for 'WebPage')
https://www.orangejelly.co.uk/licensees-guide/food-allergies-gdpr-compliance,SpeakableSpecification,,,no,no,no,unknown type for this validator (no required/recommended table for 'SpeakableSpecification')
https://www.orangejelly.co.uk/licensees-guide/food-allergies-gdpr-compliance,Thing,,,no,no,no,unknown type for this validator (no required/recommended table for 'Thing')
https://www.orangejelly.co.uk/licensees-guide/food-allergies-gdpr-compliance,Thing,,,no,no,no,unknown type for this validator (no required/recommended table for 'Thing')
https://www.orangejelly.co.uk/licensees-guide/food-allergies-gdpr-compliance,Thing,,,no,no,no,unknown type for this validator (no required/recommended table for 'Thing')
https://www.orangejelly.co.uk/licensees-guide/food-allergies-gdpr-compliance,Thing,,,no,no,no,unknown type for this validator (no required/recommended table for 'Thing')
https://www.orangejelly.co.uk/licensees-guide/food-allergies-gdpr-compliance,FAQPage,,,yes,no,no,FAQ rich results are now limited to authoritative government/health sites (Aug 2023). Markup is still valid but most sites no longer earn a rich result.
https://www.orangejelly.co.uk/licensees-guide/food-allergies-gdpr-compliance,Question,,,no,no,no,unknown type for this validator (no required/recommended table for 'Question')
https://www.orangejelly.co.uk/licensees-guide/food-allergies-gdpr-compliance,Answer,,,no,no,no,unknown type for this validator (no required/recommended table for 'Answer')
https://www.orangejelly.co.uk/licensees-guide/food-allergies-gdpr-compliance,Question,,,no,no,no,unknown type for this validator (no required/recommended table for 'Question')
https://www.orangejelly.co.uk/licensees-guide/food-allergies-gdpr-compliance,Answer,,,no,no,no,unknown type for this validator (no required/recommended table for 'Answer')
https://www.orangejelly.co.uk/licensees-guide/food-allergies-gdpr-compliance,Question,,,no,no,no,unknown type for this validator (no required/recommended table for 'Question')
https://www.orangejelly.co.uk/licensees-guide/food-allergies-gdpr-compliance,Answer,,,no,no,no,unknown type for this validator (no required/recommended table for 'Answer')
https://www.orangejelly.co.uk/licensees-guide/food-allergies-gdpr-compliance,BreadcrumbList,,,no,no,yes,
https://www.orangejelly.co.uk/licensees-guide/food-allergies-gdpr-compliance,ListItem,,,no,no,no,unknown type for this validator (no required/recommended table for 'ListItem')
https://www.orangejelly.co.uk/licensees-guide/food-allergies-gdpr-compliance,ListItem,,,no,no,no,unknown type for this validator (no required/recommended table for 'ListItem')
https://www.orangejelly.co.uk/licensees-guide/food-allergies-gdpr-compliance,ListItem,,,no,no,no,unknown type for this validator (no required/recommended table for 'ListItem')
https://www.orangejelly.co.uk/licensees-guide/food-allergies-gdpr-compliance,BreadcrumbList,,,no,no,yes,
https://www.orangejelly.co.uk/licensees-guide/food-allergies-gdpr-compliance,ListItem,,,no,no,no,unknown type for this validator (no required/recommended table for 'ListItem')
https://www.orangejelly.co.uk/licensees-guide/food-allergies-gdpr-compliance,ListItem,,,no,no,no,unknown type for this validator (no required/recommended table for 'ListItem')
https://www.orangejelly.co.uk/licensees-guide/food-allergies-gdpr-compliance,ListItem,,,no,no,no,unknown type for this validator (no required/recommended table for 'ListItem')
https://www.orangejelly.co.uk/licensees-guide/food-hygiene-rating-five-star-guide,ProfessionalService,,,no,no,no,unknown type for this validator (no required/recommended table for 'ProfessionalService')
https://www.orangejelly.co.uk/licensees-guide/food-hygiene-rating-five-star-guide,ImageObject,,,no,no,no,unknown type for this validator (no required/recommended table for 'ImageObject')
https://www.orangejelly.co.uk/licensees-guide/food-hygiene-rating-five-star-guide,Person,,,no,no,no,unknown type for this validator (no required/recommended table for 'Person')
https://www.orangejelly.co.uk/licensees-guide/food-hygiene-rating-five-star-guide,ContactPoint,,,no,no,no,unknown type for this validator (no required/recommended table for 'ContactPoint')
https://www.orangejelly.co.uk/licensees-guide/food-hygiene-rating-five-star-guide,PostalAddress,,,no,no,no,unknown type for this validator (no required/recommended table for 'PostalAddress')
https://www.orangejelly.co.uk/licensees-guide/food-hygiene-rating-five-star-guide,GeoCoordinates,,,no,no,no,unknown type for this validator (no required/recommended table for 'GeoCoordinates')
https://www.orangejelly.co.uk/licensees-guide/food-hygiene-rating-five-star-guide,WebSite,,potentialAction,no,no,no,
https://www.orangejelly.co.uk/licensees-guide/food-hygiene-rating-five-star-guide,BreadcrumbList,,,no,no,yes,
https://www.orangejelly.co.uk/licensees-guide/food-hygiene-rating-five-star-guide,ListItem,,,no,no,no,unknown type for this validator (no required/recommended table for 'ListItem')
https://www.orangejelly.co.uk/licensees-guide/food-hygiene-rating-five-star-guide,BlogPosting,,image,no,no,yes,
https://www.orangejelly.co.uk/licensees-guide/food-hygiene-rating-five-star-guide,Person,,,no,no,no,unknown type for this validator (no required/recommended table for 'Person')
https://www.orangejelly.co.uk/licensees-guide/food-hygiene-rating-five-star-guide,Organization,,url; sameAs; contactPoint,no,no,no,
https://www.orangejelly.co.uk/licensees-guide/food-hygiene-rating-five-star-guide,ImageObject,,,no,no,no,unknown type for this validator (no required/recommended table for 'ImageObject')
https://www.orangejelly.co.uk/licensees-guide/food-hygiene-rating-five-star-guide,WebPage,,,no,no,no,unknown type for this validator (no required/recommended table for 'WebPage')
https://www.orangejelly.co.uk/licensees-guide/food-hygiene-rating-five-star-guide,SpeakableSpecification,,,no,no,no,unknown type for this validator (no required/recommended table for 'SpeakableSpecification')
https://www.orangejelly.co.uk/licensees-guide/food-hygiene-rating-five-star-guide,Thing,,,no,no,no,unknown type for this validator (no required/recommended table for 'Thing')
https://www.orangejelly.co.uk/licensees-guide/food-hygiene-rating-five-star-guide,Thing,,,no,no,no,unknown type for this validator (no required/recommended table for 'Thing')
https://www.orangejelly.co.uk/licensees-guide/food-hygiene-rating-five-star-guide,Thing,,,no,no,no,unknown type for this validator (no required/recommended table for 'Thing')
https://www.orangejelly.co.uk/licensees-guide/food-hygiene-rating-five-star-guide,FAQPage,,,yes,no,no,FAQ rich results are now limited to authoritative government/health sites (Aug 2023). Markup is still valid but most sites no longer earn a rich result.
https://www.orangejelly.co.uk/licensees-guide/food-hygiene-rating-five-star-guide,Question,,,no,no,no,unknown type for this validator (no required/recommended table for 'Question')
https://www.orangejelly.co.uk/licensees-guide/food-hygiene-rating-five-star-guide,Answer,,,no,no,no,unknown type for this validator (no required/recommended table for 'Answer')
https://www.orangejelly.co.uk/licensees-guide/food-hygiene-rating-five-star-guide,Question,,,no,no,no,unknown type for this validator (no required/recommended table for 'Question')
https://www.orangejelly.co.uk/licensees-guide/food-hygiene-rating-five-star-guide,Answer,,,no,no,no,unknown type for this validator (no required/recommended table for 'Answer')
https://www.orangejelly.co.uk/licensees-guide/food-hygiene-rating-five-star-guide,Question,,,no,no,no,unknown type for this validator (no required/recommended table for 'Question')
https://www.orangejelly.co.uk/licensees-guide/food-hygiene-rating-five-star-guide,Answer,,,no,no,no,unknown type for this validator (no required/recommended table for 'Answer')
https://www.orangejelly.co.uk/licensees-guide/food-hygiene-rating-five-star-guide,Question,,,no,no,no,unknown type for this validator (no required/recommended table for 'Question')
https://www.orangejelly.co.uk/licensees-guide/food-hygiene-rating-five-star-guide,Answer,,,no,no,no,unknown type for this validator (no required/recommended table for 'Answer')
https://www.orangejelly.co.uk/licensees-guide/food-hygiene-rating-five-star-guide,Question,,,no,no,no,unknown type for this validator (no required/recommended table for 'Question')
https://www.orangejelly.co.uk/licensees-guide/food-hygiene-rating-five-star-guide,Answer,,,no,no,no,unknown type for this validator (no required/recommended table for 'Answer')
https://www.orangejelly.co.uk/licensees-guide/food-hygiene-rating-five-star-guide,Question,,,no,no,no,unknown type for this validator (no required/recommended table for 'Question')
https://www.orangejelly.co.uk/licensees-guide/food-hygiene-rating-five-star-guide,Answer,,,no,no,no,unknown type for this validator (no required/recommended table for 'Answer')
https://www.orangejelly.co.uk/licensees-guide/food-hygiene-rating-five-star-guide,Question,,,no,no,no,unknown type for this validator (no required/recommended table for 'Question')
https://www.orangejelly.co.uk/licensees-guide/food-hygiene-rating-five-star-guide,Answer,,,no,no,no,unknown type for this validator (no required/recommended table for 'Answer')
https://www.orangejelly.co.uk/licensees-guide/food-hygiene-rating-five-star-guide,BreadcrumbList,,,no,no,yes,
https://www.orangejelly.co.uk/licensees-guide/food-hygiene-rating-five-star-guide,ListItem,,,no,no,no,unknown type for this validator (no required/recommended table for 'ListItem')
https://www.orangejelly.co.uk/licensees-guide/food-hygiene-rating-five-star-guide,ListItem,,,no,no,no,unknown type for this validator (no required/recommended table for 'ListItem')
https://www.orangejelly.co.uk/licensees-guide/food-hygiene-rating-five-star-guide,ListItem,,,no,no,no,unknown type for this validator (no required/recommended table for 'ListItem')
https://www.orangejelly.co.uk/licensees-guide/food-hygiene-rating-five-star-guide,BreadcrumbList,,,no,no,yes,
https://www.orangejelly.co.uk/licensees-guide/food-hygiene-rating-five-star-guide,ListItem,,,no,no,no,unknown type for this validator (no required/recommended table for 'ListItem')
https://www.orangejelly.co.uk/licensees-guide/food-hygiene-rating-five-star-guide,ListItem,,,no,no,no,unknown type for this validator (no required/recommended table for 'ListItem')
https://www.orangejelly.co.uk/licensees-guide/food-hygiene-rating-five-star-guide,ListItem,,,no,no,no,unknown type for this validator (no required/recommended table for 'ListItem')
https://www.orangejelly.co.uk/licensees-guide/google-business-profile-pub-guide,ProfessionalService,,,no,no,no,unknown type for this validator (no required/recommended table for 'ProfessionalService')
https://www.orangejelly.co.uk/licensees-guide/google-business-profile-pub-guide,ImageObject,,,no,no,no,unknown type for this validator (no required/recommended table for 'ImageObject')
https://www.orangejelly.co.uk/licensees-guide/google-business-profile-pub-guide,Person,,,no,no,no,unknown type for this validator (no required/recommended table for 'Person')
https://www.orangejelly.co.uk/licensees-guide/google-business-profile-pub-guide,ContactPoint,,,no,no,no,unknown type for this validator (no required/recommended table for 'ContactPoint')
https://www.orangejelly.co.uk/licensees-guide/google-business-profile-pub-guide,PostalAddress,,,no,no,no,unknown type for this validator (no required/recommended table for 'PostalAddress')
https://www.orangejelly.co.uk/licensees-guide/google-business-profile-pub-guide,GeoCoordinates,,,no,no,no,unknown type for this validator (no required/recommended table for 'GeoCoordinates')
https://www.orangejelly.co.uk/licensees-guide/google-business-profile-pub-guide,WebSite,,potentialAction,no,no,no,
https://www.orangejelly.co.uk/licensees-guide/google-business-profile-pub-guide,BreadcrumbList,,,no,no,yes,
https://www.orangejelly.co.uk/licensees-guide/google-business-profile-pub-guide,ListItem,,,no,no,no,unknown type for this validator (no required/recommended table for 'ListItem')
https://www.orangejelly.co.uk/licensees-guide/google-business-profile-pub-guide,BlogPosting,,image,no,no,yes,
https://www.orangejelly.co.uk/licensees-guide/google-business-profile-pub-guide,Person,,,no,no,no,unknown type for this validator (no required/recommended table for 'Person')
https://www.orangejelly.co.uk/licensees-guide/google-business-profile-pub-guide,Organization,,url; sameAs; contactPoint,no,no,no,
https://www.orangejelly.co.uk/licensees-guide/google-business-profile-pub-guide,ImageObject,,,no,no,no,unknown type for this validator (no required/recommended table for 'ImageObject')
https://www.orangejelly.co.uk/licensees-guide/google-business-profile-pub-guide,WebPage,,,no,no,no,unknown type for this validator (no required/recommended table for 'WebPage')
https://www.orangejelly.co.uk/licensees-guide/google-business-profile-pub-guide,SpeakableSpecification,,,no,no,no,unknown type for this validator (no required/recommended table for 'SpeakableSpecification')
https://www.orangejelly.co.uk/licensees-guide/google-business-profile-pub-guide,Thing,,,no,no,no,unknown type for this validator (no required/recommended table for 'Thing')
https://www.orangejelly.co.uk/licensees-guide/google-business-profile-pub-guide,Thing,,,no,no,no,unknown type for this validator (no required/recommended table for 'Thing')
https://www.orangejelly.co.uk/licensees-guide/google-business-profile-pub-guide,Thing,,,no,no,no,unknown type for this validator (no required/recommended table for 'Thing')
https://www.orangejelly.co.uk/licensees-guide/google-business-profile-pub-guide,Thing,,,no,no,no,unknown type for this validator (no required/recommended table for 'Thing')
https://www.orangejelly.co.uk/licensees-guide/google-business-profile-pub-guide,FAQPage,,,yes,no,no,FAQ rich results are now limited to authoritative government/health sites (Aug 2023). Markup is still valid but most sites no longer earn a rich result.
https://www.orangejelly.co.uk/licensees-guide/google-business-profile-pub-guide,Question,,,no,no,no,unknown type for this validator (no required/recommended table for 'Question')
https://www.orangejelly.co.uk/licensees-guide/google-business-profile-pub-guide,Answer,,,no,no,no,unknown type for this validator (no required/recommended table for 'Answer')
https://www.orangejelly.co.uk/licensees-guide/google-business-profile-pub-guide,Question,,,no,no,no,unknown type for this validator (no required/recommended table for 'Question')
https://www.orangejelly.co.uk/licensees-guide/google-business-profile-pub-guide,Answer,,,no,no,no,unknown type for this validator (no required/recommended table for 'Answer')
https://www.orangejelly.co.uk/licensees-guide/google-business-profile-pub-guide,Question,,,no,no,no,unknown type for this validator (no required/recommended table for 'Question')
https://www.orangejelly.co.uk/licensees-guide/google-business-profile-pub-guide,Answer,,,no,no,no,unknown type for this validator (no required/recommended table for 'Answer')
https://www.orangejelly.co.uk/licensees-guide/google-business-profile-pub-guide,Question,,,no,no,no,unknown type for this validator (no required/recommended table for 'Question')
https://www.orangejelly.co.uk/licensees-guide/google-business-profile-pub-guide,Answer,,,no,no,no,unknown type for this validator (no required/recommended table for 'Answer')
https://www.orangejelly.co.uk/licensees-guide/google-business-profile-pub-guide,Question,,,no,no,no,unknown type for this validator (no required/recommended table for 'Question')
https://www.orangejelly.co.uk/licensees-guide/google-business-profile-pub-guide,Answer,,,no,no,no,unknown type for this validator (no required/recommended table for 'Answer')
https://www.orangejelly.co.uk/licensees-guide/google-business-profile-pub-guide,Question,,,no,no,no,unknown type for this validator (no required/recommended table for 'Question')
https://www.orangejelly.co.uk/licensees-guide/google-business-profile-pub-guide,Answer,,,no,no,no,unknown type for this validator (no required/recommended table for 'Answer')
https://www.orangejelly.co.uk/licensees-guide/google-business-profile-pub-guide,BreadcrumbList,,,no,no,yes,
https://www.orangejelly.co.uk/licensees-guide/google-business-profile-pub-guide,ListItem,,,no,no,no,unknown type for this validator (no required/recommended table for 'ListItem')
https://www.orangejelly.co.uk/licensees-guide/google-business-profile-pub-guide,ListItem,,,no,no,no,unknown type for this validator (no required/recommended table for 'ListItem')
https://www.orangejelly.co.uk/licensees-guide/google-business-profile-pub-guide,ListItem,,,no,no,no,unknown type for this validator (no required/recommended table for 'ListItem')
https://www.orangejelly.co.uk/licensees-guide/google-business-profile-pub-guide,ListItem,,,no,no,no,unknown type for this validator (no required/recommended table for 'ListItem')
https://www.orangejelly.co.uk/licensees-guide/google-business-profile-pub-guide,BreadcrumbList,,,no,no,yes,
https://www.orangejelly.co.uk/licensees-guide/google-business-profile-pub-guide,ListItem,,,no,no,no,unknown type for this validator (no required/recommended table for 'ListItem')
https://www.orangejelly.co.uk/licensees-guide/google-business-profile-pub-guide,ListItem,,,no,no,no,unknown type for this validator (no required/recommended table for 'ListItem')
https://www.orangejelly.co.uk/licensees-guide/google-business-profile-pub-guide,ListItem,,,no,no,no,unknown type for this validator (no required/recommended table for 'ListItem')
https://www.orangejelly.co.uk/licensees-guide/google-business-profile-pub-guide,ListItem,,,no,no,no,unknown type for this validator (no required/recommended table for 'ListItem')
https://www.orangejelly.co.uk/licensees-guide/how-much-profit-does-a-pub-make,ProfessionalService,,,no,no,no,unknown type for this validator (no required/recommended table for 'ProfessionalService')
https://www.orangejelly.co.uk/licensees-guide/how-much-profit-does-a-pub-make,ImageObject,,,no,no,no,unknown type for this validator (no required/recommended table for 'ImageObject')
https://www.orangejelly.co.uk/licensees-guide/how-much-profit-does-a-pub-make,Person,,,no,no,no,unknown type for this validator (no required/recommended table for 'Person')
https://www.orangejelly.co.uk/licensees-guide/how-much-profit-does-a-pub-make,ContactPoint,,,no,no,no,unknown type for this validator (no required/recommended table for 'ContactPoint')
https://www.orangejelly.co.uk/licensees-guide/how-much-profit-does-a-pub-make,PostalAddress,,,no,no,no,unknown type for this validator (no required/recommended table for 'PostalAddress')
https://www.orangejelly.co.uk/licensees-guide/how-much-profit-does-a-pub-make,GeoCoordinates,,,no,no,no,unknown type for this validator (no required/recommended table for 'GeoCoordinates')
https://www.orangejelly.co.uk/licensees-guide/how-much-profit-does-a-pub-make,WebSite,,potentialAction,no,no,no,
https://www.orangejelly.co.uk/licensees-guide/how-much-profit-does-a-pub-make,BreadcrumbList,,,no,no,yes,
https://www.orangejelly.co.uk/licensees-guide/how-much-profit-does-a-pub-make,ListItem,,,no,no,no,unknown type for this validator (no required/recommended table for 'ListItem')
https://www.orangejelly.co.uk/licensees-guide/how-much-profit-does-a-pub-make,BlogPosting,,image,no,no,yes,
https://www.orangejelly.co.uk/licensees-guide/how-much-profit-does-a-pub-make,Person,,,no,no,no,unknown type for this validator (no required/recommended table for 'Person')
https://www.orangejelly.co.uk/licensees-guide/how-much-profit-does-a-pub-make,Organization,,url; sameAs; contactPoint,no,no,no,
https://www.orangejelly.co.uk/licensees-guide/how-much-profit-does-a-pub-make,ImageObject,,,no,no,no,unknown type for this validator (no required/recommended table for 'ImageObject')
https://www.orangejelly.co.uk/licensees-guide/how-much-profit-does-a-pub-make,WebPage,,,no,no,no,unknown type for this validator (no required/recommended table for 'WebPage')
https://www.orangejelly.co.uk/licensees-guide/how-much-profit-does-a-pub-make,SpeakableSpecification,,,no,no,no,unknown type for this validator (no required/recommended table for 'SpeakableSpecification')
https://www.orangejelly.co.uk/licensees-guide/how-much-profit-does-a-pub-make,Thing,,,no,no,no,unknown type for this validator (no required/recommended table for 'Thing')
https://www.orangejelly.co.uk/licensees-guide/how-much-profit-does-a-pub-make,Thing,,,no,no,no,unknown type for this validator (no required/recommended table for 'Thing')
https://www.orangejelly.co.uk/licensees-guide/how-much-profit-does-a-pub-make,Thing,,,no,no,no,unknown type for this validator (no required/recommended table for 'Thing')
https://www.orangejelly.co.uk/licensees-guide/how-much-profit-does-a-pub-make,FAQPage,,,yes,no,no,FAQ rich results are now limited to authoritative government/health sites (Aug 2023). Markup is still valid but most sites no longer earn a rich result.
https://www.orangejelly.co.uk/licensees-guide/how-much-profit-does-a-pub-make,Question,,,no,no,no,unknown type for this validator (no required/recommended table for 'Question')
https://www.orangejelly.co.uk/licensees-guide/how-much-profit-does-a-pub-make,Answer,,,no,no,no,unknown type for this validator (no required/recommended table for 'Answer')
https://www.orangejelly.co.uk/licensees-guide/how-much-profit-does-a-pub-make,Question,,,no,no,no,unknown type for this validator (no required/recommended table for 'Question')
https://www.orangejelly.co.uk/licensees-guide/how-much-profit-does-a-pub-make,Answer,,,no,no,no,unknown type for this validator (no required/recommended table for 'Answer')
https://www.orangejelly.co.uk/licensees-guide/how-much-profit-does-a-pub-make,Question,,,no,no,no,unknown type for this validator (no required/recommended table for 'Question')
https://www.orangejelly.co.uk/licensees-guide/how-much-profit-does-a-pub-make,Answer,,,no,no,no,unknown type for this validator (no required/recommended table for 'Answer')
https://www.orangejelly.co.uk/licensees-guide/how-much-profit-does-a-pub-make,Question,,,no,no,no,unknown type for this validator (no required/recommended table for 'Question')
https://www.orangejelly.co.uk/licensees-guide/how-much-profit-does-a-pub-make,Answer,,,no,no,no,unknown type for this validator (no required/recommended table for 'Answer')
https://www.orangejelly.co.uk/licensees-guide/how-much-profit-does-a-pub-make,Question,,,no,no,no,unknown type for this validator (no required/recommended table for 'Question')
https://www.orangejelly.co.uk/licensees-guide/how-much-profit-does-a-pub-make,Answer,,,no,no,no,unknown type for this validator (no required/recommended table for 'Answer')
https://www.orangejelly.co.uk/licensees-guide/how-much-profit-does-a-pub-make,Question,,,no,no,no,unknown type for this validator (no required/recommended table for 'Question')
https://www.orangejelly.co.uk/licensees-guide/how-much-profit-does-a-pub-make,Answer,,,no,no,no,unknown type for this validator (no required/recommended table for 'Answer')
https://www.orangejelly.co.uk/licensees-guide/how-much-profit-does-a-pub-make,BreadcrumbList,,,no,no,yes,
https://www.orangejelly.co.uk/licensees-guide/how-much-profit-does-a-pub-make,ListItem,,,no,no,no,unknown type for this validator (no required/recommended table for 'ListItem')
https://www.orangejelly.co.uk/licensees-guide/how-much-profit-does-a-pub-make,ListItem,,,no,no,no,unknown type for this validator (no required/recommended table for 'ListItem')
https://www.orangejelly.co.uk/licensees-guide/how-much-profit-does-a-pub-make,ListItem,,,no,no,no,unknown type for this validator (no required/recommended table for 'ListItem')
https://www.orangejelly.co.uk/licensees-guide/how-much-profit-does-a-pub-make,BreadcrumbList,,,no,no,yes,
https://www.orangejelly.co.uk/licensees-guide/how-much-profit-does-a-pub-make,ListItem,,,no,no,no,unknown type for this validator (no required/recommended table for 'ListItem')
https://www.orangejelly.co.uk/licensees-guide/how-much-profit-does-a-pub-make,ListItem,,,no,no,no,unknown type for this validator (no required/recommended table for 'ListItem')
https://www.orangejelly.co.uk/licensees-guide/how-much-profit-does-a-pub-make,ListItem,,,no,no,no,unknown type for this validator (no required/recommended table for 'ListItem')
https://www.orangejelly.co.uk/licensees-guide/how-to-attract-families-to-your-pub,ProfessionalService,,,no,no,no,unknown type for this validator (no required/recommended table for 'ProfessionalService')
https://www.orangejelly.co.uk/licensees-guide/how-to-attract-families-to-your-pub,ImageObject,,,no,no,no,unknown type for this validator (no required/recommended table for 'ImageObject')
https://www.orangejelly.co.uk/licensees-guide/how-to-attract-families-to-your-pub,Person,,,no,no,no,unknown type for this validator (no required/recommended table for 'Person')
https://www.orangejelly.co.uk/licensees-guide/how-to-attract-families-to-your-pub,ContactPoint,,,no,no,no,unknown type for this validator (no required/recommended table for 'ContactPoint')
https://www.orangejelly.co.uk/licensees-guide/how-to-attract-families-to-your-pub,PostalAddress,,,no,no,no,unknown type for this validator (no required/recommended table for 'PostalAddress')
https://www.orangejelly.co.uk/licensees-guide/how-to-attract-families-to-your-pub,GeoCoordinates,,,no,no,no,unknown type for this validator (no required/recommended table for 'GeoCoordinates')
https://www.orangejelly.co.uk/licensees-guide/how-to-attract-families-to-your-pub,WebSite,,potentialAction,no,no,no,
https://www.orangejelly.co.uk/licensees-guide/how-to-attract-families-to-your-pub,BreadcrumbList,,,no,no,yes,
https://www.orangejelly.co.uk/licensees-guide/how-to-attract-families-to-your-pub,ListItem,,,no,no,no,unknown type for this validator (no required/recommended table for 'ListItem')
https://www.orangejelly.co.uk/licensees-guide/how-to-attract-families-to-your-pub,BlogPosting,,image,no,no,yes,
https://www.orangejelly.co.uk/licensees-guide/how-to-attract-families-to-your-pub,Person,,,no,no,no,unknown type for this validator (no required/recommended table for 'Person')
https://www.orangejelly.co.uk/licensees-guide/how-to-attract-families-to-your-pub,Organization,,url; sameAs; contactPoint,no,no,no,
https://www.orangejelly.co.uk/licensees-guide/how-to-attract-families-to-your-pub,ImageObject,,,no,no,no,unknown type for this validator (no required/recommended table for 'ImageObject')
https://www.orangejelly.co.uk/licensees-guide/how-to-attract-families-to-your-pub,WebPage,,,no,no,no,unknown type for this validator (no required/recommended table for 'WebPage')
https://www.orangejelly.co.uk/licensees-guide/how-to-attract-families-to-your-pub,SpeakableSpecification,,,no,no,no,unknown type for this validator (no required/recommended table for 'SpeakableSpecification')
https://www.orangejelly.co.uk/licensees-guide/how-to-attract-families-to-your-pub,FAQPage,,,yes,no,no,FAQ rich results are now limited to authoritative government/health sites (Aug 2023). Markup is still valid but most sites no longer earn a rich result.
https://www.orangejelly.co.uk/licensees-guide/how-to-attract-families-to-your-pub,Question,,,no,no,no,unknown type for this validator (no required/recommended table for 'Question')
https://www.orangejelly.co.uk/licensees-guide/how-to-attract-families-to-your-pub,Answer,,,no,no,no,unknown type for this validator (no required/recommended table for 'Answer')
https://www.orangejelly.co.uk/licensees-guide/how-to-attract-families-to-your-pub,Question,,,no,no,no,unknown type for this validator (no required/recommended table for 'Question')
https://www.orangejelly.co.uk/licensees-guide/how-to-attract-families-to-your-pub,Answer,,,no,no,no,unknown type for this validator (no required/recommended table for 'Answer')
https://www.orangejelly.co.uk/licensees-guide/how-to-attract-families-to-your-pub,Question,,,no,no,no,unknown type for this validator (no required/recommended table for 'Question')
https://www.orangejelly.co.uk/licensees-guide/how-to-attract-families-to-your-pub,Answer,,,no,no,no,unknown type for this validator (no required/recommended table for 'Answer')
https://www.orangejelly.co.uk/licensees-guide/how-to-attract-families-to-your-pub,Question,,,no,no,no,unknown type for this validator (no required/recommended table for 'Question')
https://www.orangejelly.co.uk/licensees-guide/how-to-attract-families-to-your-pub,Answer,,,no,no,no,unknown type for this validator (no required/recommended table for 'Answer')
https://www.orangejelly.co.uk/licensees-guide/how-to-attract-families-to-your-pub,BreadcrumbList,,,no,no,yes,
https://www.orangejelly.co.uk/licensees-guide/how-to-attract-families-to-your-pub,ListItem,,,no,no,no,unknown type for this validator (no required/recommended table for 'ListItem')
https://www.orangejelly.co.uk/licensees-guide/how-to-attract-families-to-your-pub,ListItem,,,no,no,no,unknown type for this validator (no required/recommended table for 'ListItem')
https://www.orangejelly.co.uk/licensees-guide/how-to-attract-families-to-your-pub,ListItem,,,no,no,no,unknown type for this validator (no required/recommended table for 'ListItem')
https://www.orangejelly.co.uk/licensees-guide/how-to-attract-families-to-your-pub,BreadcrumbList,,,no,no,yes,
https://www.orangejelly.co.uk/licensees-guide/how-to-attract-families-to-your-pub,ListItem,,,no,no,no,unknown type for this validator (no required/recommended table for 'ListItem')
https://www.orangejelly.co.uk/licensees-guide/how-to-attract-families-to-your-pub,ListItem,,,no,no,no,unknown type for this validator (no required/recommended table for 'ListItem')
https://www.orangejelly.co.uk/licensees-guide/how-to-attract-families-to-your-pub,ListItem,,,no,no,no,unknown type for this validator (no required/recommended table for 'ListItem')
https://www.orangejelly.co.uk/licensees-guide/how-to-respond-bad-pub-reviews,ProfessionalService,,,no,no,no,unknown type for this validator (no required/recommended table for 'ProfessionalService')
https://www.orangejelly.co.uk/licensees-guide/how-to-respond-bad-pub-reviews,ImageObject,,,no,no,no,unknown type for this validator (no required/recommended table for 'ImageObject')
https://www.orangejelly.co.uk/licensees-guide/how-to-respond-bad-pub-reviews,Person,,,no,no,no,unknown type for this validator (no required/recommended table for 'Person')
https://www.orangejelly.co.uk/licensees-guide/how-to-respond-bad-pub-reviews,ContactPoint,,,no,no,no,unknown type for this validator (no required/recommended table for 'ContactPoint')
https://www.orangejelly.co.uk/licensees-guide/how-to-respond-bad-pub-reviews,PostalAddress,,,no,no,no,unknown type for this validator (no required/recommended table for 'PostalAddress')
https://www.orangejelly.co.uk/licensees-guide/how-to-respond-bad-pub-reviews,GeoCoordinates,,,no,no,no,unknown type for this validator (no required/recommended table for 'GeoCoordinates')
https://www.orangejelly.co.uk/licensees-guide/how-to-respond-bad-pub-reviews,WebSite,,potentialAction,no,no,no,
https://www.orangejelly.co.uk/licensees-guide/how-to-respond-bad-pub-reviews,BreadcrumbList,,,no,no,yes,
https://www.orangejelly.co.uk/licensees-guide/how-to-respond-bad-pub-reviews,ListItem,,,no,no,no,unknown type for this validator (no required/recommended table for 'ListItem')
https://www.orangejelly.co.uk/licensees-guide/how-to-respond-bad-pub-reviews,BlogPosting,,image,no,no,yes,
https://www.orangejelly.co.uk/licensees-guide/how-to-respond-bad-pub-reviews,Person,,,no,no,no,unknown type for this validator (no required/recommended table for 'Person')
https://www.orangejelly.co.uk/licensees-guide/how-to-respond-bad-pub-reviews,Organization,,url; sameAs; contactPoint,no,no,no,
https://www.orangejelly.co.uk/licensees-guide/how-to-respond-bad-pub-reviews,ImageObject,,,no,no,no,unknown type for this validator (no required/recommended table for 'ImageObject')
https://www.orangejelly.co.uk/licensees-guide/how-to-respond-bad-pub-reviews,WebPage,,,no,no,no,unknown type for this validator (no required/recommended table for 'WebPage')
https://www.orangejelly.co.uk/licensees-guide/how-to-respond-bad-pub-reviews,SpeakableSpecification,,,no,no,no,unknown type for this validator (no required/recommended table for 'SpeakableSpecification')
https://www.orangejelly.co.uk/licensees-guide/how-to-respond-bad-pub-reviews,Thing,,,no,no,no,unknown type for this validator (no required/recommended table for 'Thing')
https://www.orangejelly.co.uk/licensees-guide/how-to-respond-bad-pub-reviews,Thing,,,no,no,no,unknown type for this validator (no required/recommended table for 'Thing')
https://www.orangejelly.co.uk/licensees-guide/how-to-respond-bad-pub-reviews,Thing,,,no,no,no,unknown type for this validator (no required/recommended table for 'Thing')
https://www.orangejelly.co.uk/licensees-guide/how-to-respond-bad-pub-reviews,Thing,,,no,no,no,unknown type for this validator (no required/recommended table for 'Thing')
https://www.orangejelly.co.uk/licensees-guide/how-to-respond-bad-pub-reviews,FAQPage,,,yes,no,no,FAQ rich results are now limited to authoritative government/health sites (Aug 2023). Markup is still valid but most sites no longer earn a rich result.
https://www.orangejelly.co.uk/licensees-guide/how-to-respond-bad-pub-reviews,Question,,,no,no,no,unknown type for this validator (no required/recommended table for 'Question')
https://www.orangejelly.co.uk/licensees-guide/how-to-respond-bad-pub-reviews,Answer,,,no,no,no,unknown type for this validator (no required/recommended table for 'Answer')
https://www.orangejelly.co.uk/licensees-guide/how-to-respond-bad-pub-reviews,Question,,,no,no,no,unknown type for this validator (no required/recommended table for 'Question')
https://www.orangejelly.co.uk/licensees-guide/how-to-respond-bad-pub-reviews,Answer,,,no,no,no,unknown type for this validator (no required/recommended table for 'Answer')
https://www.orangejelly.co.uk/licensees-guide/how-to-respond-bad-pub-reviews,Question,,,no,no,no,unknown type for this validator (no required/recommended table for 'Question')
https://www.orangejelly.co.uk/licensees-guide/how-to-respond-bad-pub-reviews,Answer,,,no,no,no,unknown type for this validator (no required/recommended table for 'Answer')
https://www.orangejelly.co.uk/licensees-guide/how-to-respond-bad-pub-reviews,Question,,,no,no,no,unknown type for this validator (no required/recommended table for 'Question')
https://www.orangejelly.co.uk/licensees-guide/how-to-respond-bad-pub-reviews,Answer,,,no,no,no,unknown type for this validator (no required/recommended table for 'Answer')
https://www.orangejelly.co.uk/licensees-guide/how-to-respond-bad-pub-reviews,BreadcrumbList,,,no,no,yes,
https://www.orangejelly.co.uk/licensees-guide/how-to-respond-bad-pub-reviews,ListItem,,,no,no,no,unknown type for this validator (no required/recommended table for 'ListItem')
https://www.orangejelly.co.uk/licensees-guide/how-to-respond-bad-pub-reviews,ListItem,,,no,no,no,unknown type for this validator (no required/recommended table for 'ListItem')
https://www.orangejelly.co.uk/licensees-guide/how-to-respond-bad-pub-reviews,ListItem,,,no,no,no,unknown type for this validator (no required/recommended table for 'ListItem')
https://www.orangejelly.co.uk/licensees-guide/how-to-respond-bad-pub-reviews,BreadcrumbList,,,no,no,yes,
https://www.orangejelly.co.uk/licensees-guide/how-to-respond-bad-pub-reviews,ListItem,,,no,no,no,unknown type for this validator (no required/recommended table for 'ListItem')
https://www.orangejelly.co.uk/licensees-guide/how-to-respond-bad-pub-reviews,ListItem,,,no,no,no,unknown type for this validator (no required/recommended table for 'ListItem')
https://www.orangejelly.co.uk/licensees-guide/how-to-respond-bad-pub-reviews,ListItem,,,no,no,no,unknown type for this validator (no required/recommended table for 'ListItem')
https://www.orangejelly.co.uk/licensees-guide/how-to-run-successful-pub-events,ProfessionalService,,,no,no,no,unknown type for this validator (no required/recommended table for 'ProfessionalService')
https://www.orangejelly.co.uk/licensees-guide/how-to-run-successful-pub-events,ImageObject,,,no,no,no,unknown type for this validator (no required/recommended table for 'ImageObject')
https://www.orangejelly.co.uk/licensees-guide/how-to-run-successful-pub-events,Person,,,no,no,no,unknown type for this validator (no required/recommended table for 'Person')
https://www.orangejelly.co.uk/licensees-guide/how-to-run-successful-pub-events,ContactPoint,,,no,no,no,unknown type for this validator (no required/recommended table for 'ContactPoint')
https://www.orangejelly.co.uk/licensees-guide/how-to-run-successful-pub-events,PostalAddress,,,no,no,no,unknown type for this validator (no required/recommended table for 'PostalAddress')
https://www.orangejelly.co.uk/licensees-guide/how-to-run-successful-pub-events,GeoCoordinates,,,no,no,no,unknown type for this validator (no required/recommended table for 'GeoCoordinates')
https://www.orangejelly.co.uk/licensees-guide/how-to-run-successful-pub-events,WebSite,,potentialAction,no,no,no,
https://www.orangejelly.co.uk/licensees-guide/how-to-run-successful-pub-events,BreadcrumbList,,,no,no,yes,
https://www.orangejelly.co.uk/licensees-guide/how-to-run-successful-pub-events,ListItem,,,no,no,no,unknown type for this validator (no required/recommended table for 'ListItem')
https://www.orangejelly.co.uk/licensees-guide/how-to-run-successful-pub-events,BlogPosting,,image,no,no,yes,
https://www.orangejelly.co.uk/licensees-guide/how-to-run-successful-pub-events,Person,,,no,no,no,unknown type for this validator (no required/recommended table for 'Person')
https://www.orangejelly.co.uk/licensees-guide/how-to-run-successful-pub-events,Organization,,url; sameAs; contactPoint,no,no,no,
https://www.orangejelly.co.uk/licensees-guide/how-to-run-successful-pub-events,ImageObject,,,no,no,no,unknown type for this validator (no required/recommended table for 'ImageObject')
https://www.orangejelly.co.uk/licensees-guide/how-to-run-successful-pub-events,WebPage,,,no,no,no,unknown type for this validator (no required/recommended table for 'WebPage')
https://www.orangejelly.co.uk/licensees-guide/how-to-run-successful-pub-events,SpeakableSpecification,,,no,no,no,unknown type for this validator (no required/recommended table for 'SpeakableSpecification')
https://www.orangejelly.co.uk/licensees-guide/how-to-run-successful-pub-events,Thing,,,no,no,no,unknown type for this validator (no required/recommended table for 'Thing')
https://www.orangejelly.co.uk/licensees-guide/how-to-run-successful-pub-events,Thing,,,no,no,no,unknown type for this validator (no required/recommended table for 'Thing')
https://www.orangejelly.co.uk/licensees-guide/how-to-run-successful-pub-events,Thing,,,no,no,no,unknown type for this validator (no required/recommended table for 'Thing')
https://www.orangejelly.co.uk/licensees-guide/how-to-run-successful-pub-events,FAQPage,,,yes,no,no,FAQ rich results are now limited to authoritative government/health sites (Aug 2023). Markup is still valid but most sites no longer earn a rich result.
https://www.orangejelly.co.uk/licensees-guide/how-to-run-successful-pub-events,Question,,,no,no,no,unknown type for this validator (no required/recommended table for 'Question')
https://www.orangejelly.co.uk/licensees-guide/how-to-run-successful-pub-events,Answer,,,no,no,no,unknown type for this validator (no required/recommended table for 'Answer')
https://www.orangejelly.co.uk/licensees-guide/how-to-run-successful-pub-events,Question,,,no,no,no,unknown type for this validator (no required/recommended table for 'Question')
https://www.orangejelly.co.uk/licensees-guide/how-to-run-successful-pub-events,Answer,,,no,no,no,unknown type for this validator (no required/recommended table for 'Answer')
https://www.orangejelly.co.uk/licensees-guide/how-to-run-successful-pub-events,Question,,,no,no,no,unknown type for this validator (no required/recommended table for 'Question')
https://www.orangejelly.co.uk/licensees-guide/how-to-run-successful-pub-events,Answer,,,no,no,no,unknown type for this validator (no required/recommended table for 'Answer')
https://www.orangejelly.co.uk/licensees-guide/how-to-run-successful-pub-events,BreadcrumbList,,,no,no,yes,
https://www.orangejelly.co.uk/licensees-guide/how-to-run-successful-pub-events,ListItem,,,no,no,no,unknown type for this validator (no required/recommended table for 'ListItem')
https://www.orangejelly.co.uk/licensees-guide/how-to-run-successful-pub-events,ListItem,,,no,no,no,unknown type for this validator (no required/recommended table for 'ListItem')
https://www.orangejelly.co.uk/licensees-guide/how-to-run-successful-pub-events,ListItem,,,no,no,no,unknown type for this validator (no required/recommended table for 'ListItem')
https://www.orangejelly.co.uk/licensees-guide/how-to-run-successful-pub-events,BreadcrumbList,,,no,no,yes,
https://www.orangejelly.co.uk/licensees-guide/how-to-run-successful-pub-events,ListItem,,,no,no,no,unknown type for this validator (no required/recommended table for 'ListItem')
https://www.orangejelly.co.uk/licensees-guide/how-to-run-successful-pub-events,ListItem,,,no,no,no,unknown type for this validator (no required/recommended table for 'ListItem')
https://www.orangejelly.co.uk/licensees-guide/how-to-run-successful-pub-events,ListItem,,,no,no,no,unknown type for this validator (no required/recommended table for 'ListItem')
https://www.orangejelly.co.uk/licensees-guide/instagram-marketing-for-pubs,ProfessionalService,,,no,no,no,unknown type for this validator (no required/recommended table for 'ProfessionalService')
https://www.orangejelly.co.uk/licensees-guide/instagram-marketing-for-pubs,ImageObject,,,no,no,no,unknown type for this validator (no required/recommended table for 'ImageObject')
https://www.orangejelly.co.uk/licensees-guide/instagram-marketing-for-pubs,Person,,,no,no,no,unknown type for this validator (no required/recommended table for 'Person')
https://www.orangejelly.co.uk/licensees-guide/instagram-marketing-for-pubs,ContactPoint,,,no,no,no,unknown type for this validator (no required/recommended table for 'ContactPoint')
https://www.orangejelly.co.uk/licensees-guide/instagram-marketing-for-pubs,PostalAddress,,,no,no,no,unknown type for this validator (no required/recommended table for 'PostalAddress')
https://www.orangejelly.co.uk/licensees-guide/instagram-marketing-for-pubs,GeoCoordinates,,,no,no,no,unknown type for this validator (no required/recommended table for 'GeoCoordinates')
https://www.orangejelly.co.uk/licensees-guide/instagram-marketing-for-pubs,WebSite,,potentialAction,no,no,no,
https://www.orangejelly.co.uk/licensees-guide/instagram-marketing-for-pubs,BreadcrumbList,,,no,no,yes,
https://www.orangejelly.co.uk/licensees-guide/instagram-marketing-for-pubs,ListItem,,,no,no,no,unknown type for this validator (no required/recommended table for 'ListItem')
https://www.orangejelly.co.uk/licensees-guide/instagram-marketing-for-pubs,BlogPosting,,image,no,no,yes,
https://www.orangejelly.co.uk/licensees-guide/instagram-marketing-for-pubs,Person,,,no,no,no,unknown type for this validator (no required/recommended table for 'Person')
https://www.orangejelly.co.uk/licensees-guide/instagram-marketing-for-pubs,Organization,,url; sameAs; contactPoint,no,no,no,
https://www.orangejelly.co.uk/licensees-guide/instagram-marketing-for-pubs,ImageObject,,,no,no,no,unknown type for this validator (no required/recommended table for 'ImageObject')
https://www.orangejelly.co.uk/licensees-guide/instagram-marketing-for-pubs,WebPage,,,no,no,no,unknown type for this validator (no required/recommended table for 'WebPage')
https://www.orangejelly.co.uk/licensees-guide/instagram-marketing-for-pubs,SpeakableSpecification,,,no,no,no,unknown type for this validator (no required/recommended table for 'SpeakableSpecification')
https://www.orangejelly.co.uk/licensees-guide/instagram-marketing-for-pubs,Thing,,,no,no,no,unknown type for this validator (no required/recommended table for 'Thing')
https://www.orangejelly.co.uk/licensees-guide/instagram-marketing-for-pubs,Thing,,,no,no,no,unknown type for this validator (no required/recommended table for 'Thing')
https://www.orangejelly.co.uk/licensees-guide/instagram-marketing-for-pubs,Thing,,,no,no,no,unknown type for this validator (no required/recommended table for 'Thing')
https://www.orangejelly.co.uk/licensees-guide/instagram-marketing-for-pubs,FAQPage,,,yes,no,no,FAQ rich results are now limited to authoritative government/health sites (Aug 2023). Markup is still valid but most sites no longer earn a rich result.
https://www.orangejelly.co.uk/licensees-guide/instagram-marketing-for-pubs,Question,,,no,no,no,unknown type for this validator (no required/recommended table for 'Question')
https://www.orangejelly.co.uk/licensees-guide/instagram-marketing-for-pubs,Answer,,,no,no,no,unknown type for this validator (no required/recommended table for 'Answer')
https://www.orangejelly.co.uk/licensees-guide/instagram-marketing-for-pubs,Question,,,no,no,no,unknown type for this validator (no required/recommended table for 'Question')
https://www.orangejelly.co.uk/licensees-guide/instagram-marketing-for-pubs,Answer,,,no,no,no,unknown type for this validator (no required/recommended table for 'Answer')
https://www.orangejelly.co.uk/licensees-guide/instagram-marketing-for-pubs,Question,,,no,no,no,unknown type for this validator (no required/recommended table for 'Question')
https://www.orangejelly.co.uk/licensees-guide/instagram-marketing-for-pubs,Answer,,,no,no,no,unknown type for this validator (no required/recommended table for 'Answer')
https://www.orangejelly.co.uk/licensees-guide/instagram-marketing-for-pubs,BreadcrumbList,,,no,no,yes,
https://www.orangejelly.co.uk/licensees-guide/instagram-marketing-for-pubs,ListItem,,,no,no,no,unknown type for this validator (no required/recommended table for 'ListItem')
https://www.orangejelly.co.uk/licensees-guide/instagram-marketing-for-pubs,ListItem,,,no,no,no,unknown type for this validator (no required/recommended table for 'ListItem')
https://www.orangejelly.co.uk/licensees-guide/instagram-marketing-for-pubs,ListItem,,,no,no,no,unknown type for this validator (no required/recommended table for 'ListItem')
https://www.orangejelly.co.uk/licensees-guide/instagram-marketing-for-pubs,BreadcrumbList,,,no,no,yes,
https://www.orangejelly.co.uk/licensees-guide/instagram-marketing-for-pubs,ListItem,,,no,no,no,unknown type for this validator (no required/recommended table for 'ListItem')
https://www.orangejelly.co.uk/licensees-guide/instagram-marketing-for-pubs,ListItem,,,no,no,no,unknown type for this validator (no required/recommended table for 'ListItem')
https://www.orangejelly.co.uk/licensees-guide/instagram-marketing-for-pubs,ListItem,,,no,no,no,unknown type for this validator (no required/recommended table for 'ListItem')
https://www.orangejelly.co.uk/licensees-guide/karaoke-night-101,ProfessionalService,,,no,no,no,unknown type for this validator (no required/recommended table for 'ProfessionalService')
https://www.orangejelly.co.uk/licensees-guide/karaoke-night-101,ImageObject,,,no,no,no,unknown type for this validator (no required/recommended table for 'ImageObject')
https://www.orangejelly.co.uk/licensees-guide/karaoke-night-101,Person,,,no,no,no,unknown type for this validator (no required/recommended table for 'Person')
https://www.orangejelly.co.uk/licensees-guide/karaoke-night-101,ContactPoint,,,no,no,no,unknown type for this validator (no required/recommended table for 'ContactPoint')
https://www.orangejelly.co.uk/licensees-guide/karaoke-night-101,PostalAddress,,,no,no,no,unknown type for this validator (no required/recommended table for 'PostalAddress')
https://www.orangejelly.co.uk/licensees-guide/karaoke-night-101,GeoCoordinates,,,no,no,no,unknown type for this validator (no required/recommended table for 'GeoCoordinates')
https://www.orangejelly.co.uk/licensees-guide/karaoke-night-101,WebSite,,potentialAction,no,no,no,
https://www.orangejelly.co.uk/licensees-guide/karaoke-night-101,BreadcrumbList,,,no,no,yes,
https://www.orangejelly.co.uk/licensees-guide/karaoke-night-101,ListItem,,,no,no,no,unknown type for this validator (no required/recommended table for 'ListItem')
https://www.orangejelly.co.uk/licensees-guide/karaoke-night-101,BlogPosting,,image,no,no,yes,
https://www.orangejelly.co.uk/licensees-guide/karaoke-night-101,Person,,,no,no,no,unknown type for this validator (no required/recommended table for 'Person')
https://www.orangejelly.co.uk/licensees-guide/karaoke-night-101,Organization,,url; sameAs; contactPoint,no,no,no,
https://www.orangejelly.co.uk/licensees-guide/karaoke-night-101,ImageObject,,,no,no,no,unknown type for this validator (no required/recommended table for 'ImageObject')
https://www.orangejelly.co.uk/licensees-guide/karaoke-night-101,WebPage,,,no,no,no,unknown type for this validator (no required/recommended table for 'WebPage')
https://www.orangejelly.co.uk/licensees-guide/karaoke-night-101,SpeakableSpecification,,,no,no,no,unknown type for this validator (no required/recommended table for 'SpeakableSpecification')
https://www.orangejelly.co.uk/licensees-guide/karaoke-night-101,Thing,,,no,no,no,unknown type for this validator (no required/recommended table for 'Thing')
https://www.orangejelly.co.uk/licensees-guide/karaoke-night-101,Thing,,,no,no,no,unknown type for this validator (no required/recommended table for 'Thing')
https://www.orangejelly.co.uk/licensees-guide/karaoke-night-101,Thing,,,no,no,no,unknown type for this validator (no required/recommended table for 'Thing')
https://www.orangejelly.co.uk/licensees-guide/karaoke-night-101,FAQPage,,,yes,no,no,FAQ rich results are now limited to authoritative government/health sites (Aug 2023). Markup is still valid but most sites no longer earn a rich result.
https://www.orangejelly.co.uk/licensees-guide/karaoke-night-101,Question,,,no,no,no,unknown type for this validator (no required/recommended table for 'Question')
https://www.orangejelly.co.uk/licensees-guide/karaoke-night-101,Answer,,,no,no,no,unknown type for this validator (no required/recommended table for 'Answer')
https://www.orangejelly.co.uk/licensees-guide/karaoke-night-101,Question,,,no,no,no,unknown type for this validator (no required/recommended table for 'Question')
https://www.orangejelly.co.uk/licensees-guide/karaoke-night-101,Answer,,,no,no,no,unknown type for this validator (no required/recommended table for 'Answer')
https://www.orangejelly.co.uk/licensees-guide/karaoke-night-101,Question,,,no,no,no,unknown type for this validator (no required/recommended table for 'Question')
https://www.orangejelly.co.uk/licensees-guide/karaoke-night-101,Answer,,,no,no,no,unknown type for this validator (no required/recommended table for 'Answer')
https://www.orangejelly.co.uk/licensees-guide/karaoke-night-101,BreadcrumbList,,,no,no,yes,
https://www.orangejelly.co.uk/licensees-guide/karaoke-night-101,ListItem,,,no,no,no,unknown type for this validator (no required/recommended table for 'ListItem')
https://www.orangejelly.co.uk/licensees-guide/karaoke-night-101,ListItem,,,no,no,no,unknown type for this validator (no required/recommended table for 'ListItem')
https://www.orangejelly.co.uk/licensees-guide/karaoke-night-101,ListItem,,,no,no,no,unknown type for this validator (no required/recommended table for 'ListItem')
https://www.orangejelly.co.uk/licensees-guide/karaoke-night-101,BreadcrumbList,,,no,no,yes,
https://www.orangejelly.co.uk/licensees-guide/karaoke-night-101,ListItem,,,no,no,no,unknown type for this validator (no required/recommended table for 'ListItem')
https://www.orangejelly.co.uk/licensees-guide/karaoke-night-101,ListItem,,,no,no,no,unknown type for this validator (no required/recommended table for 'ListItem')
https://www.orangejelly.co.uk/licensees-guide/karaoke-night-101,ListItem,,,no,no,no,unknown type for this validator (no required/recommended table for 'ListItem')
https://www.orangejelly.co.uk/licensees-guide/kitchen-nightmares-chef-quits,ProfessionalService,,,no,no,no,unknown type for this validator (no required/recommended table for 'ProfessionalService')
https://www.orangejelly.co.uk/licensees-guide/kitchen-nightmares-chef-quits,ImageObject,,,no,no,no,unknown type for this validator (no required/recommended table for 'ImageObject')
https://www.orangejelly.co.uk/licensees-guide/kitchen-nightmares-chef-quits,Person,,,no,no,no,unknown type for this validator (no required/recommended table for 'Person')
https://www.orangejelly.co.uk/licensees-guide/kitchen-nightmares-chef-quits,ContactPoint,,,no,no,no,unknown type for this validator (no required/recommended table for 'ContactPoint')
https://www.orangejelly.co.uk/licensees-guide/kitchen-nightmares-chef-quits,PostalAddress,,,no,no,no,unknown type for this validator (no required/recommended table for 'PostalAddress')
https://www.orangejelly.co.uk/licensees-guide/kitchen-nightmares-chef-quits,GeoCoordinates,,,no,no,no,unknown type for this validator (no required/recommended table for 'GeoCoordinates')
https://www.orangejelly.co.uk/licensees-guide/kitchen-nightmares-chef-quits,WebSite,,potentialAction,no,no,no,
https://www.orangejelly.co.uk/licensees-guide/kitchen-nightmares-chef-quits,BreadcrumbList,,,no,no,yes,
https://www.orangejelly.co.uk/licensees-guide/kitchen-nightmares-chef-quits,ListItem,,,no,no,no,unknown type for this validator (no required/recommended table for 'ListItem')
https://www.orangejelly.co.uk/licensees-guide/kitchen-nightmares-chef-quits,BlogPosting,,image,no,no,yes,
https://www.orangejelly.co.uk/licensees-guide/kitchen-nightmares-chef-quits,Person,,,no,no,no,unknown type for this validator (no required/recommended table for 'Person')
https://www.orangejelly.co.uk/licensees-guide/kitchen-nightmares-chef-quits,Organization,,url; sameAs; contactPoint,no,no,no,
https://www.orangejelly.co.uk/licensees-guide/kitchen-nightmares-chef-quits,ImageObject,,,no,no,no,unknown type for this validator (no required/recommended table for 'ImageObject')
https://www.orangejelly.co.uk/licensees-guide/kitchen-nightmares-chef-quits,WebPage,,,no,no,no,unknown type for this validator (no required/recommended table for 'WebPage')
https://www.orangejelly.co.uk/licensees-guide/kitchen-nightmares-chef-quits,SpeakableSpecification,,,no,no,no,unknown type for this validator (no required/recommended table for 'SpeakableSpecification')
https://www.orangejelly.co.uk/licensees-guide/kitchen-nightmares-chef-quits,Thing,,,no,no,no,unknown type for this validator (no required/recommended table for 'Thing')
https://www.orangejelly.co.uk/licensees-guide/kitchen-nightmares-chef-quits,Thing,,,no,no,no,unknown type for this validator (no required/recommended table for 'Thing')
https://www.orangejelly.co.uk/licensees-guide/kitchen-nightmares-chef-quits,Thing,,,no,no,no,unknown type for this validator (no required/recommended table for 'Thing')
https://www.orangejelly.co.uk/licensees-guide/kitchen-nightmares-chef-quits,Thing,,,no,no,no,unknown type for this validator (no required/recommended table for 'Thing')
https://www.orangejelly.co.uk/licensees-guide/kitchen-nightmares-chef-quits,FAQPage,,,yes,no,no,FAQ rich results are now limited to authoritative government/health sites (Aug 2023). Markup is still valid but most sites no longer earn a rich result.
https://www.orangejelly.co.uk/licensees-guide/kitchen-nightmares-chef-quits,Question,,,no,no,no,unknown type for this validator (no required/recommended table for 'Question')
https://www.orangejelly.co.uk/licensees-guide/kitchen-nightmares-chef-quits,Answer,,,no,no,no,unknown type for this validator (no required/recommended table for 'Answer')
https://www.orangejelly.co.uk/licensees-guide/kitchen-nightmares-chef-quits,Question,,,no,no,no,unknown type for this validator (no required/recommended table for 'Question')
https://www.orangejelly.co.uk/licensees-guide/kitchen-nightmares-chef-quits,Answer,,,no,no,no,unknown type for this validator (no required/recommended table for 'Answer')
https://www.orangejelly.co.uk/licensees-guide/kitchen-nightmares-chef-quits,Question,,,no,no,no,unknown type for this validator (no required/recommended table for 'Question')
https://www.orangejelly.co.uk/licensees-guide/kitchen-nightmares-chef-quits,Answer,,,no,no,no,unknown type for this validator (no required/recommended table for 'Answer')
https://www.orangejelly.co.uk/licensees-guide/kitchen-nightmares-chef-quits,BreadcrumbList,,,no,no,yes,
https://www.orangejelly.co.uk/licensees-guide/kitchen-nightmares-chef-quits,ListItem,,,no,no,no,unknown type for this validator (no required/recommended table for 'ListItem')
https://www.orangejelly.co.uk/licensees-guide/kitchen-nightmares-chef-quits,ListItem,,,no,no,no,unknown type for this validator (no required/recommended table for 'ListItem')
https://www.orangejelly.co.uk/licensees-guide/kitchen-nightmares-chef-quits,ListItem,,,no,no,no,unknown type for this validator (no required/recommended table for 'ListItem')
https://www.orangejelly.co.uk/licensees-guide/kitchen-nightmares-chef-quits,BreadcrumbList,,,no,no,yes,
https://www.orangejelly.co.uk/licensees-guide/kitchen-nightmares-chef-quits,ListItem,,,no,no,no,unknown type for this validator (no required/recommended table for 'ListItem')
https://www.orangejelly.co.uk/licensees-guide/kitchen-nightmares-chef-quits,ListItem,,,no,no,no,unknown type for this validator (no required/recommended table for 'ListItem')
https://www.orangejelly.co.uk/licensees-guide/kitchen-nightmares-chef-quits,ListItem,,,no,no,no,unknown type for this validator (no required/recommended table for 'ListItem')
https://www.orangejelly.co.uk/licensees-guide/live-music-events-for-pubs,ProfessionalService,,,no,no,no,unknown type for this validator (no required/recommended table for 'ProfessionalService')
https://www.orangejelly.co.uk/licensees-guide/live-music-events-for-pubs,ImageObject,,,no,no,no,unknown type for this validator (no required/recommended table for 'ImageObject')
https://www.orangejelly.co.uk/licensees-guide/live-music-events-for-pubs,Person,,,no,no,no,unknown type for this validator (no required/recommended table for 'Person')
https://www.orangejelly.co.uk/licensees-guide/live-music-events-for-pubs,ContactPoint,,,no,no,no,unknown type for this validator (no required/recommended table for 'ContactPoint')
https://www.orangejelly.co.uk/licensees-guide/live-music-events-for-pubs,PostalAddress,,,no,no,no,unknown type for this validator (no required/recommended table for 'PostalAddress')
https://www.orangejelly.co.uk/licensees-guide/live-music-events-for-pubs,GeoCoordinates,,,no,no,no,unknown type for this validator (no required/recommended table for 'GeoCoordinates')
https://www.orangejelly.co.uk/licensees-guide/live-music-events-for-pubs,WebSite,,potentialAction,no,no,no,
https://www.orangejelly.co.uk/licensees-guide/live-music-events-for-pubs,BreadcrumbList,,,no,no,yes,
https://www.orangejelly.co.uk/licensees-guide/live-music-events-for-pubs,ListItem,,,no,no,no,unknown type for this validator (no required/recommended table for 'ListItem')
https://www.orangejelly.co.uk/licensees-guide/live-music-events-for-pubs,BlogPosting,,image,no,no,yes,
https://www.orangejelly.co.uk/licensees-guide/live-music-events-for-pubs,Person,,,no,no,no,unknown type for this validator (no required/recommended table for 'Person')
https://www.orangejelly.co.uk/licensees-guide/live-music-events-for-pubs,Organization,,url; sameAs; contactPoint,no,no,no,
https://www.orangejelly.co.uk/licensees-guide/live-music-events-for-pubs,ImageObject,,,no,no,no,unknown type for this validator (no required/recommended table for 'ImageObject')
https://www.orangejelly.co.uk/licensees-guide/live-music-events-for-pubs,WebPage,,,no,no,no,unknown type for this validator (no required/recommended table for 'WebPage')
https://www.orangejelly.co.uk/licensees-guide/live-music-events-for-pubs,SpeakableSpecification,,,no,no,no,unknown type for this validator (no required/recommended table for 'SpeakableSpecification')
https://www.orangejelly.co.uk/licensees-guide/live-music-events-for-pubs,Thing,,,no,no,no,unknown type for this validator (no required/recommended table for 'Thing')
https://www.orangejelly.co.uk/licensees-guide/live-music-events-for-pubs,Thing,,,no,no,no,unknown type for this validator (no required/recommended table for 'Thing')
https://www.orangejelly.co.uk/licensees-guide/live-music-events-for-pubs,Thing,,,no,no,no,unknown type for this validator (no required/recommended table for 'Thing')
https://www.orangejelly.co.uk/licensees-guide/live-music-events-for-pubs,FAQPage,,,yes,no,no,FAQ rich results are now limited to authoritative government/health sites (Aug 2023). Markup is still valid but most sites no longer earn a rich result.
https://www.orangejelly.co.uk/licensees-guide/live-music-events-for-pubs,Question,,,no,no,no,unknown type for this validator (no required/recommended table for 'Question')
https://www.orangejelly.co.uk/licensees-guide/live-music-events-for-pubs,Answer,,,no,no,no,unknown type for this validator (no required/recommended table for 'Answer')
https://www.orangejelly.co.uk/licensees-guide/live-music-events-for-pubs,Question,,,no,no,no,unknown type for this validator (no required/recommended table for 'Question')
https://www.orangejelly.co.uk/licensees-guide/live-music-events-for-pubs,Answer,,,no,no,no,unknown type for this validator (no required/recommended table for 'Answer')
https://www.orangejelly.co.uk/licensees-guide/live-music-events-for-pubs,Question,,,no,no,no,unknown type for this validator (no required/recommended table for 'Question')
https://www.orangejelly.co.uk/licensees-guide/live-music-events-for-pubs,Answer,,,no,no,no,unknown type for this validator (no required/recommended table for 'Answer')
https://www.orangejelly.co.uk/licensees-guide/live-music-events-for-pubs,BreadcrumbList,,,no,no,yes,
https://www.orangejelly.co.uk/licensees-guide/live-music-events-for-pubs,ListItem,,,no,no,no,unknown type for this validator (no required/recommended table for 'ListItem')
https://www.orangejelly.co.uk/licensees-guide/live-music-events-for-pubs,ListItem,,,no,no,no,unknown type for this validator (no required/recommended table for 'ListItem')
https://www.orangejelly.co.uk/licensees-guide/live-music-events-for-pubs,ListItem,,,no,no,no,unknown type for this validator (no required/recommended table for 'ListItem')
https://www.orangejelly.co.uk/licensees-guide/live-music-events-for-pubs,BreadcrumbList,,,no,no,yes,
https://www.orangejelly.co.uk/licensees-guide/live-music-events-for-pubs,ListItem,,,no,no,no,unknown type for this validator (no required/recommended table for 'ListItem')
https://www.orangejelly.co.uk/licensees-guide/live-music-events-for-pubs,ListItem,,,no,no,no,unknown type for this validator (no required/recommended table for 'ListItem')
https://www.orangejelly.co.uk/licensees-guide/live-music-events-for-pubs,ListItem,,,no,no,no,unknown type for this validator (no required/recommended table for 'ListItem')
https://www.orangejelly.co.uk/licensees-guide/local-pub-marketing,ProfessionalService,,,no,no,no,unknown type for this validator (no required/recommended table for 'ProfessionalService')
https://www.orangejelly.co.uk/licensees-guide/local-pub-marketing,ImageObject,,,no,no,no,unknown type for this validator (no required/recommended table for 'ImageObject')
https://www.orangejelly.co.uk/licensees-guide/local-pub-marketing,Person,,,no,no,no,unknown type for this validator (no required/recommended table for 'Person')
https://www.orangejelly.co.uk/licensees-guide/local-pub-marketing,ContactPoint,,,no,no,no,unknown type for this validator (no required/recommended table for 'ContactPoint')
https://www.orangejelly.co.uk/licensees-guide/local-pub-marketing,PostalAddress,,,no,no,no,unknown type for this validator (no required/recommended table for 'PostalAddress')
https://www.orangejelly.co.uk/licensees-guide/local-pub-marketing,GeoCoordinates,,,no,no,no,unknown type for this validator (no required/recommended table for 'GeoCoordinates')
https://www.orangejelly.co.uk/licensees-guide/local-pub-marketing,WebSite,,potentialAction,no,no,no,
https://www.orangejelly.co.uk/licensees-guide/local-pub-marketing,BreadcrumbList,,,no,no,yes,
https://www.orangejelly.co.uk/licensees-guide/local-pub-marketing,ListItem,,,no,no,no,unknown type for this validator (no required/recommended table for 'ListItem')
https://www.orangejelly.co.uk/licensees-guide/local-pub-marketing,FAQPage,,,yes,no,no,FAQ rich results are now limited to authoritative government/health sites (Aug 2023). Markup is still valid but most sites no longer earn a rich result.
https://www.orangejelly.co.uk/licensees-guide/local-pub-marketing,Question,,,no,no,no,unknown type for this validator (no required/recommended table for 'Question')
https://www.orangejelly.co.uk/licensees-guide/local-pub-marketing,Answer,,,no,no,no,unknown type for this validator (no required/recommended table for 'Answer')
https://www.orangejelly.co.uk/licensees-guide/local-pub-marketing,Question,,,no,no,no,unknown type for this validator (no required/recommended table for 'Question')
https://www.orangejelly.co.uk/licensees-guide/local-pub-marketing,Answer,,,no,no,no,unknown type for this validator (no required/recommended table for 'Answer')
https://www.orangejelly.co.uk/licensees-guide/local-pub-marketing,Question,,,no,no,no,unknown type for this validator (no required/recommended table for 'Question')
https://www.orangejelly.co.uk/licensees-guide/local-pub-marketing,Answer,,,no,no,no,unknown type for this validator (no required/recommended table for 'Answer')
https://www.orangejelly.co.uk/licensees-guide/local-pub-marketing,Question,,,no,no,no,unknown type for this validator (no required/recommended table for 'Question')
https://www.orangejelly.co.uk/licensees-guide/local-pub-marketing,Answer,,,no,no,no,unknown type for this validator (no required/recommended table for 'Answer')
https://www.orangejelly.co.uk/licensees-guide/local-pub-marketing,Question,,,no,no,no,unknown type for this validator (no required/recommended table for 'Question')
https://www.orangejelly.co.uk/licensees-guide/local-pub-marketing,Answer,,,no,no,no,unknown type for this validator (no required/recommended table for 'Answer')
https://www.orangejelly.co.uk/licensees-guide/local-pub-marketing,Question,,,no,no,no,unknown type for this validator (no required/recommended table for 'Question')
https://www.orangejelly.co.uk/licensees-guide/local-pub-marketing,Answer,,,no,no,no,unknown type for this validator (no required/recommended table for 'Answer')
https://www.orangejelly.co.uk/licensees-guide/local-pub-marketing,Question,,,no,no,no,unknown type for this validator (no required/recommended table for 'Question')
https://www.orangejelly.co.uk/licensees-guide/local-pub-marketing,Answer,,,no,no,no,unknown type for this validator (no required/recommended table for 'Answer')
https://www.orangejelly.co.uk/licensees-guide/local-pub-marketing,Question,,,no,no,no,unknown type for this validator (no required/recommended table for 'Question')
https://www.orangejelly.co.uk/licensees-guide/local-pub-marketing,Answer,,,no,no,no,unknown type for this validator (no required/recommended table for 'Answer')
https://www.orangejelly.co.uk/licensees-guide/local-pub-marketing,BreadcrumbList,,,no,no,yes,
https://www.orangejelly.co.uk/licensees-guide/local-pub-marketing,ListItem,,,no,no,no,unknown type for this validator (no required/recommended table for 'ListItem')
https://www.orangejelly.co.uk/licensees-guide/local-pub-marketing,ListItem,,,no,no,no,unknown type for this validator (no required/recommended table for 'ListItem')
https://www.orangejelly.co.uk/licensees-guide/low-budget-pub-marketing-ideas,ProfessionalService,,,no,no,no,unknown type for this validator (no required/recommended table for 'ProfessionalService')
https://www.orangejelly.co.uk/licensees-guide/low-budget-pub-marketing-ideas,ImageObject,,,no,no,no,unknown type for this validator (no required/recommended table for 'ImageObject')
https://www.orangejelly.co.uk/licensees-guide/low-budget-pub-marketing-ideas,Person,,,no,no,no,unknown type for this validator (no required/recommended table for 'Person')
https://www.orangejelly.co.uk/licensees-guide/low-budget-pub-marketing-ideas,ContactPoint,,,no,no,no,unknown type for this validator (no required/recommended table for 'ContactPoint')
https://www.orangejelly.co.uk/licensees-guide/low-budget-pub-marketing-ideas,PostalAddress,,,no,no,no,unknown type for this validator (no required/recommended table for 'PostalAddress')
https://www.orangejelly.co.uk/licensees-guide/low-budget-pub-marketing-ideas,GeoCoordinates,,,no,no,no,unknown type for this validator (no required/recommended table for 'GeoCoordinates')
https://www.orangejelly.co.uk/licensees-guide/low-budget-pub-marketing-ideas,WebSite,,potentialAction,no,no,no,
https://www.orangejelly.co.uk/licensees-guide/low-budget-pub-marketing-ideas,BreadcrumbList,,,no,no,yes,
https://www.orangejelly.co.uk/licensees-guide/low-budget-pub-marketing-ideas,ListItem,,,no,no,no,unknown type for this validator (no required/recommended table for 'ListItem')
https://www.orangejelly.co.uk/licensees-guide/low-budget-pub-marketing-ideas,BlogPosting,,image,no,no,yes,
https://www.orangejelly.co.uk/licensees-guide/low-budget-pub-marketing-ideas,Person,,,no,no,no,unknown type for this validator (no required/recommended table for 'Person')
https://www.orangejelly.co.uk/licensees-guide/low-budget-pub-marketing-ideas,Organization,,url; sameAs; contactPoint,no,no,no,
https://www.orangejelly.co.uk/licensees-guide/low-budget-pub-marketing-ideas,ImageObject,,,no,no,no,unknown type for this validator (no required/recommended table for 'ImageObject')
https://www.orangejelly.co.uk/licensees-guide/low-budget-pub-marketing-ideas,WebPage,,,no,no,no,unknown type for this validator (no required/recommended table for 'WebPage')
https://www.orangejelly.co.uk/licensees-guide/low-budget-pub-marketing-ideas,SpeakableSpecification,,,no,no,no,unknown type for this validator (no required/recommended table for 'SpeakableSpecification')
https://www.orangejelly.co.uk/licensees-guide/low-budget-pub-marketing-ideas,Thing,,,no,no,no,unknown type for this validator (no required/recommended table for 'Thing')
https://www.orangejelly.co.uk/licensees-guide/low-budget-pub-marketing-ideas,Thing,,,no,no,no,unknown type for this validator (no required/recommended table for 'Thing')
https://www.orangejelly.co.uk/licensees-guide/low-budget-pub-marketing-ideas,Thing,,,no,no,no,unknown type for this validator (no required/recommended table for 'Thing')
https://www.orangejelly.co.uk/licensees-guide/low-budget-pub-marketing-ideas,FAQPage,,,yes,no,no,FAQ rich results are now limited to authoritative government/health sites (Aug 2023). Markup is still valid but most sites no longer earn a rich result.
https://www.orangejelly.co.uk/licensees-guide/low-budget-pub-marketing-ideas,Question,,,no,no,no,unknown type for this validator (no required/recommended table for 'Question')
https://www.orangejelly.co.uk/licensees-guide/low-budget-pub-marketing-ideas,Answer,,,no,no,no,unknown type for this validator (no required/recommended table for 'Answer')
https://www.orangejelly.co.uk/licensees-guide/low-budget-pub-marketing-ideas,Question,,,no,no,no,unknown type for this validator (no required/recommended table for 'Question')
https://www.orangejelly.co.uk/licensees-guide/low-budget-pub-marketing-ideas,Answer,,,no,no,no,unknown type for this validator (no required/recommended table for 'Answer')
https://www.orangejelly.co.uk/licensees-guide/low-budget-pub-marketing-ideas,Question,,,no,no,no,unknown type for this validator (no required/recommended table for 'Question')
https://www.orangejelly.co.uk/licensees-guide/low-budget-pub-marketing-ideas,Answer,,,no,no,no,unknown type for this validator (no required/recommended table for 'Answer')
https://www.orangejelly.co.uk/licensees-guide/low-budget-pub-marketing-ideas,BreadcrumbList,,,no,no,yes,
https://www.orangejelly.co.uk/licensees-guide/low-budget-pub-marketing-ideas,ListItem,,,no,no,no,unknown type for this validator (no required/recommended table for 'ListItem')
https://www.orangejelly.co.uk/licensees-guide/low-budget-pub-marketing-ideas,ListItem,,,no,no,no,unknown type for this validator (no required/recommended table for 'ListItem')
https://www.orangejelly.co.uk/licensees-guide/low-budget-pub-marketing-ideas,ListItem,,,no,no,no,unknown type for this validator (no required/recommended table for 'ListItem')
https://www.orangejelly.co.uk/licensees-guide/low-budget-pub-marketing-ideas,BreadcrumbList,,,no,no,yes,
https://www.orangejelly.co.uk/licensees-guide/low-budget-pub-marketing-ideas,ListItem,,,no,no,no,unknown type for this validator (no required/recommended table for 'ListItem')
https://www.orangejelly.co.uk/licensees-guide/low-budget-pub-marketing-ideas,ListItem,,,no,no,no,unknown type for this validator (no required/recommended table for 'ListItem')
https://www.orangejelly.co.uk/licensees-guide/low-budget-pub-marketing-ideas,ListItem,,,no,no,no,unknown type for this validator (no required/recommended table for 'ListItem')
https://www.orangejelly.co.uk/licensees-guide/low-cost-decor-refreshes-new-improved,ProfessionalService,,,no,no,no,unknown type for this validator (no required/recommended table for 'ProfessionalService')
https://www.orangejelly.co.uk/licensees-guide/low-cost-decor-refreshes-new-improved,ImageObject,,,no,no,no,unknown type for this validator (no required/recommended table for 'ImageObject')
https://www.orangejelly.co.uk/licensees-guide/low-cost-decor-refreshes-new-improved,Person,,,no,no,no,unknown type for this validator (no required/recommended table for 'Person')
https://www.orangejelly.co.uk/licensees-guide/low-cost-decor-refreshes-new-improved,ContactPoint,,,no,no,no,unknown type for this validator (no required/recommended table for 'ContactPoint')
https://www.orangejelly.co.uk/licensees-guide/low-cost-decor-refreshes-new-improved,PostalAddress,,,no,no,no,unknown type for this validator (no required/recommended table for 'PostalAddress')
https://www.orangejelly.co.uk/licensees-guide/low-cost-decor-refreshes-new-improved,GeoCoordinates,,,no,no,no,unknown type for this validator (no required/recommended table for 'GeoCoordinates')
https://www.orangejelly.co.uk/licensees-guide/low-cost-decor-refreshes-new-improved,WebSite,,potentialAction,no,no,no,
https://www.orangejelly.co.uk/licensees-guide/low-cost-decor-refreshes-new-improved,BreadcrumbList,,,no,no,yes,
https://www.orangejelly.co.uk/licensees-guide/low-cost-decor-refreshes-new-improved,ListItem,,,no,no,no,unknown type for this validator (no required/recommended table for 'ListItem')
https://www.orangejelly.co.uk/licensees-guide/low-cost-decor-refreshes-new-improved,BlogPosting,,image,no,no,yes,
https://www.orangejelly.co.uk/licensees-guide/low-cost-decor-refreshes-new-improved,Person,,,no,no,no,unknown type for this validator (no required/recommended table for 'Person')
https://www.orangejelly.co.uk/licensees-guide/low-cost-decor-refreshes-new-improved,Organization,,url; sameAs; contactPoint,no,no,no,
https://www.orangejelly.co.uk/licensees-guide/low-cost-decor-refreshes-new-improved,ImageObject,,,no,no,no,unknown type for this validator (no required/recommended table for 'ImageObject')
https://www.orangejelly.co.uk/licensees-guide/low-cost-decor-refreshes-new-improved,WebPage,,,no,no,no,unknown type for this validator (no required/recommended table for 'WebPage')
https://www.orangejelly.co.uk/licensees-guide/low-cost-decor-refreshes-new-improved,SpeakableSpecification,,,no,no,no,unknown type for this validator (no required/recommended table for 'SpeakableSpecification')
https://www.orangejelly.co.uk/licensees-guide/low-cost-decor-refreshes-new-improved,Thing,,,no,no,no,unknown type for this validator (no required/recommended table for 'Thing')
https://www.orangejelly.co.uk/licensees-guide/low-cost-decor-refreshes-new-improved,Thing,,,no,no,no,unknown type for this validator (no required/recommended table for 'Thing')
https://www.orangejelly.co.uk/licensees-guide/low-cost-decor-refreshes-new-improved,Thing,,,no,no,no,unknown type for this validator (no required/recommended table for 'Thing')
https://www.orangejelly.co.uk/licensees-guide/low-cost-decor-refreshes-new-improved,FAQPage,,,yes,no,no,FAQ rich results are now limited to authoritative government/health sites (Aug 2023). Markup is still valid but most sites no longer earn a rich result.
https://www.orangejelly.co.uk/licensees-guide/low-cost-decor-refreshes-new-improved,Question,,,no,no,no,unknown type for this validator (no required/recommended table for 'Question')
https://www.orangejelly.co.uk/licensees-guide/low-cost-decor-refreshes-new-improved,Answer,,,no,no,no,unknown type for this validator (no required/recommended table for 'Answer')
https://www.orangejelly.co.uk/licensees-guide/low-cost-decor-refreshes-new-improved,Question,,,no,no,no,unknown type for this validator (no required/recommended table for 'Question')
https://www.orangejelly.co.uk/licensees-guide/low-cost-decor-refreshes-new-improved,Answer,,,no,no,no,unknown type for this validator (no required/recommended table for 'Answer')
https://www.orangejelly.co.uk/licensees-guide/low-cost-decor-refreshes-new-improved,Question,,,no,no,no,unknown type for this validator (no required/recommended table for 'Question')
https://www.orangejelly.co.uk/licensees-guide/low-cost-decor-refreshes-new-improved,Answer,,,no,no,no,unknown type for this validator (no required/recommended table for 'Answer')
https://www.orangejelly.co.uk/licensees-guide/low-cost-decor-refreshes-new-improved,BreadcrumbList,,,no,no,yes,
https://www.orangejelly.co.uk/licensees-guide/low-cost-decor-refreshes-new-improved,ListItem,,,no,no,no,unknown type for this validator (no required/recommended table for 'ListItem')
https://www.orangejelly.co.uk/licensees-guide/low-cost-decor-refreshes-new-improved,ListItem,,,no,no,no,unknown type for this validator (no required/recommended table for 'ListItem')
https://www.orangejelly.co.uk/licensees-guide/low-cost-decor-refreshes-new-improved,ListItem,,,no,no,no,unknown type for this validator (no required/recommended table for 'ListItem')
https://www.orangejelly.co.uk/licensees-guide/low-cost-decor-refreshes-new-improved,BreadcrumbList,,,no,no,yes,
https://www.orangejelly.co.uk/licensees-guide/low-cost-decor-refreshes-new-improved,ListItem,,,no,no,no,unknown type for this validator (no required/recommended table for 'ListItem')
https://www.orangejelly.co.uk/licensees-guide/low-cost-decor-refreshes-new-improved,ListItem,,,no,no,no,unknown type for this validator (no required/recommended table for 'ListItem')
https://www.orangejelly.co.uk/licensees-guide/low-cost-decor-refreshes-new-improved,ListItem,,,no,no,no,unknown type for this validator (no required/recommended table for 'ListItem')
https://www.orangejelly.co.uk/licensees-guide/macmillan-coffee-morning-pub-guide,ProfessionalService,,,no,no,no,unknown type for this validator (no required/recommended table for 'ProfessionalService')
https://www.orangejelly.co.uk/licensees-guide/macmillan-coffee-morning-pub-guide,ImageObject,,,no,no,no,unknown type for this validator (no required/recommended table for 'ImageObject')
https://www.orangejelly.co.uk/licensees-guide/macmillan-coffee-morning-pub-guide,Person,,,no,no,no,unknown type for this validator (no required/recommended table for 'Person')
https://www.orangejelly.co.uk/licensees-guide/macmillan-coffee-morning-pub-guide,ContactPoint,,,no,no,no,unknown type for this validator (no required/recommended table for 'ContactPoint')
https://www.orangejelly.co.uk/licensees-guide/macmillan-coffee-morning-pub-guide,PostalAddress,,,no,no,no,unknown type for this validator (no required/recommended table for 'PostalAddress')
https://www.orangejelly.co.uk/licensees-guide/macmillan-coffee-morning-pub-guide,GeoCoordinates,,,no,no,no,unknown type for this validator (no required/recommended table for 'GeoCoordinates')
https://www.orangejelly.co.uk/licensees-guide/macmillan-coffee-morning-pub-guide,WebSite,,potentialAction,no,no,no,
https://www.orangejelly.co.uk/licensees-guide/macmillan-coffee-morning-pub-guide,BreadcrumbList,,,no,no,yes,
https://www.orangejelly.co.uk/licensees-guide/macmillan-coffee-morning-pub-guide,ListItem,,,no,no,no,unknown type for this validator (no required/recommended table for 'ListItem')
https://www.orangejelly.co.uk/licensees-guide/macmillan-coffee-morning-pub-guide,BlogPosting,,image,no,no,yes,
https://www.orangejelly.co.uk/licensees-guide/macmillan-coffee-morning-pub-guide,Person,,,no,no,no,unknown type for this validator (no required/recommended table for 'Person')
https://www.orangejelly.co.uk/licensees-guide/macmillan-coffee-morning-pub-guide,Organization,,url; sameAs; contactPoint,no,no,no,
https://www.orangejelly.co.uk/licensees-guide/macmillan-coffee-morning-pub-guide,ImageObject,,,no,no,no,unknown type for this validator (no required/recommended table for 'ImageObject')
https://www.orangejelly.co.uk/licensees-guide/macmillan-coffee-morning-pub-guide,WebPage,,,no,no,no,unknown type for this validator (no required/recommended table for 'WebPage')
https://www.orangejelly.co.uk/licensees-guide/macmillan-coffee-morning-pub-guide,SpeakableSpecification,,,no,no,no,unknown type for this validator (no required/recommended table for 'SpeakableSpecification')
https://www.orangejelly.co.uk/licensees-guide/macmillan-coffee-morning-pub-guide,Thing,,,no,no,no,unknown type for this validator (no required/recommended table for 'Thing')
https://www.orangejelly.co.uk/licensees-guide/macmillan-coffee-morning-pub-guide,Thing,,,no,no,no,unknown type for this validator (no required/recommended table for 'Thing')
https://www.orangejelly.co.uk/licensees-guide/macmillan-coffee-morning-pub-guide,Thing,,,no,no,no,unknown type for this validator (no required/recommended table for 'Thing')
https://www.orangejelly.co.uk/licensees-guide/macmillan-coffee-morning-pub-guide,Thing,,,no,no,no,unknown type for this validator (no required/recommended table for 'Thing')
https://www.orangejelly.co.uk/licensees-guide/macmillan-coffee-morning-pub-guide,FAQPage,,,yes,no,no,FAQ rich results are now limited to authoritative government/health sites (Aug 2023). Markup is still valid but most sites no longer earn a rich result.
https://www.orangejelly.co.uk/licensees-guide/macmillan-coffee-morning-pub-guide,Question,,,no,no,no,unknown type for this validator (no required/recommended table for 'Question')
https://www.orangejelly.co.uk/licensees-guide/macmillan-coffee-morning-pub-guide,Answer,,,no,no,no,unknown type for this validator (no required/recommended table for 'Answer')
https://www.orangejelly.co.uk/licensees-guide/macmillan-coffee-morning-pub-guide,Question,,,no,no,no,unknown type for this validator (no required/recommended table for 'Question')
https://www.orangejelly.co.uk/licensees-guide/macmillan-coffee-morning-pub-guide,Answer,,,no,no,no,unknown type for this validator (no required/recommended table for 'Answer')
https://www.orangejelly.co.uk/licensees-guide/macmillan-coffee-morning-pub-guide,Question,,,no,no,no,unknown type for this validator (no required/recommended table for 'Question')
https://www.orangejelly.co.uk/licensees-guide/macmillan-coffee-morning-pub-guide,Answer,,,no,no,no,unknown type for this validator (no required/recommended table for 'Answer')
https://www.orangejelly.co.uk/licensees-guide/macmillan-coffee-morning-pub-guide,Question,,,no,no,no,unknown type for this validator (no required/recommended table for 'Question')
https://www.orangejelly.co.uk/licensees-guide/macmillan-coffee-morning-pub-guide,Answer,,,no,no,no,unknown type for this validator (no required/recommended table for 'Answer')
https://www.orangejelly.co.uk/licensees-guide/macmillan-coffee-morning-pub-guide,Question,,,no,no,no,unknown type for this validator (no required/recommended table for 'Question')
https://www.orangejelly.co.uk/licensees-guide/macmillan-coffee-morning-pub-guide,Answer,,,no,no,no,unknown type for this validator (no required/recommended table for 'Answer')
https://www.orangejelly.co.uk/licensees-guide/macmillan-coffee-morning-pub-guide,BreadcrumbList,,,no,no,yes,
https://www.orangejelly.co.uk/licensees-guide/macmillan-coffee-morning-pub-guide,ListItem,,,no,no,no,unknown type for this validator (no required/recommended table for 'ListItem')
https://www.orangejelly.co.uk/licensees-guide/macmillan-coffee-morning-pub-guide,ListItem,,,no,no,no,unknown type for this validator (no required/recommended table for 'ListItem')
https://www.orangejelly.co.uk/licensees-guide/macmillan-coffee-morning-pub-guide,ListItem,,,no,no,no,unknown type for this validator (no required/recommended table for 'ListItem')
https://www.orangejelly.co.uk/licensees-guide/macmillan-coffee-morning-pub-guide,ListItem,,,no,no,no,unknown type for this validator (no required/recommended table for 'ListItem')
https://www.orangejelly.co.uk/licensees-guide/macmillan-coffee-morning-pub-guide,BreadcrumbList,,,no,no,yes,
https://www.orangejelly.co.uk/licensees-guide/macmillan-coffee-morning-pub-guide,ListItem,,,no,no,no,unknown type for this validator (no required/recommended table for 'ListItem')
https://www.orangejelly.co.uk/licensees-guide/macmillan-coffee-morning-pub-guide,ListItem,,,no,no,no,unknown type for this validator (no required/recommended table for 'ListItem')
https://www.orangejelly.co.uk/licensees-guide/macmillan-coffee-morning-pub-guide,ListItem,,,no,no,no,unknown type for this validator (no required/recommended table for 'ListItem')
https://www.orangejelly.co.uk/licensees-guide/macmillan-coffee-morning-pub-guide,ListItem,,,no,no,no,unknown type for this validator (no required/recommended table for 'ListItem')
https://www.orangejelly.co.uk/licensees-guide/menu-engineering-lift-average-spend,ProfessionalService,,,no,no,no,unknown type for this validator (no required/recommended table for 'ProfessionalService')
https://www.orangejelly.co.uk/licensees-guide/menu-engineering-lift-average-spend,ImageObject,,,no,no,no,unknown type for this validator (no required/recommended table for 'ImageObject')
https://www.orangejelly.co.uk/licensees-guide/menu-engineering-lift-average-spend,Person,,,no,no,no,unknown type for this validator (no required/recommended table for 'Person')
https://www.orangejelly.co.uk/licensees-guide/menu-engineering-lift-average-spend,ContactPoint,,,no,no,no,unknown type for this validator (no required/recommended table for 'ContactPoint')
https://www.orangejelly.co.uk/licensees-guide/menu-engineering-lift-average-spend,PostalAddress,,,no,no,no,unknown type for this validator (no required/recommended table for 'PostalAddress')
https://www.orangejelly.co.uk/licensees-guide/menu-engineering-lift-average-spend,GeoCoordinates,,,no,no,no,unknown type for this validator (no required/recommended table for 'GeoCoordinates')
https://www.orangejelly.co.uk/licensees-guide/menu-engineering-lift-average-spend,WebSite,,potentialAction,no,no,no,
https://www.orangejelly.co.uk/licensees-guide/menu-engineering-lift-average-spend,BreadcrumbList,,,no,no,yes,
https://www.orangejelly.co.uk/licensees-guide/menu-engineering-lift-average-spend,ListItem,,,no,no,no,unknown type for this validator (no required/recommended table for 'ListItem')
https://www.orangejelly.co.uk/licensees-guide/menu-engineering-lift-average-spend,BlogPosting,,image,no,no,yes,
https://www.orangejelly.co.uk/licensees-guide/menu-engineering-lift-average-spend,Person,,,no,no,no,unknown type for this validator (no required/recommended table for 'Person')
https://www.orangejelly.co.uk/licensees-guide/menu-engineering-lift-average-spend,Organization,,url; sameAs; contactPoint,no,no,no,
https://www.orangejelly.co.uk/licensees-guide/menu-engineering-lift-average-spend,ImageObject,,,no,no,no,unknown type for this validator (no required/recommended table for 'ImageObject')
https://www.orangejelly.co.uk/licensees-guide/menu-engineering-lift-average-spend,WebPage,,,no,no,no,unknown type for this validator (no required/recommended table for 'WebPage')
https://www.orangejelly.co.uk/licensees-guide/menu-engineering-lift-average-spend,SpeakableSpecification,,,no,no,no,unknown type for this validator (no required/recommended table for 'SpeakableSpecification')
https://www.orangejelly.co.uk/licensees-guide/menu-engineering-lift-average-spend,Thing,,,no,no,no,unknown type for this validator (no required/recommended table for 'Thing')
https://www.orangejelly.co.uk/licensees-guide/menu-engineering-lift-average-spend,Thing,,,no,no,no,unknown type for this validator (no required/recommended table for 'Thing')
https://www.orangejelly.co.uk/licensees-guide/menu-engineering-lift-average-spend,Thing,,,no,no,no,unknown type for this validator (no required/recommended table for 'Thing')
https://www.orangejelly.co.uk/licensees-guide/menu-engineering-lift-average-spend,FAQPage,,,yes,no,no,FAQ rich results are now limited to authoritative government/health sites (Aug 2023). Markup is still valid but most sites no longer earn a rich result.
https://www.orangejelly.co.uk/licensees-guide/menu-engineering-lift-average-spend,Question,,,no,no,no,unknown type for this validator (no required/recommended table for 'Question')
https://www.orangejelly.co.uk/licensees-guide/menu-engineering-lift-average-spend,Answer,,,no,no,no,unknown type for this validator (no required/recommended table for 'Answer')
https://www.orangejelly.co.uk/licensees-guide/menu-engineering-lift-average-spend,Question,,,no,no,no,unknown type for this validator (no required/recommended table for 'Question')
https://www.orangejelly.co.uk/licensees-guide/menu-engineering-lift-average-spend,Answer,,,no,no,no,unknown type for this validator (no required/recommended table for 'Answer')
https://www.orangejelly.co.uk/licensees-guide/menu-engineering-lift-average-spend,Question,,,no,no,no,unknown type for this validator (no required/recommended table for 'Question')
https://www.orangejelly.co.uk/licensees-guide/menu-engineering-lift-average-spend,Answer,,,no,no,no,unknown type for this validator (no required/recommended table for 'Answer')
https://www.orangejelly.co.uk/licensees-guide/menu-engineering-lift-average-spend,BreadcrumbList,,,no,no,yes,
https://www.orangejelly.co.uk/licensees-guide/menu-engineering-lift-average-spend,ListItem,,,no,no,no,unknown type for this validator (no required/recommended table for 'ListItem')
https://www.orangejelly.co.uk/licensees-guide/menu-engineering-lift-average-spend,ListItem,,,no,no,no,unknown type for this validator (no required/recommended table for 'ListItem')
https://www.orangejelly.co.uk/licensees-guide/menu-engineering-lift-average-spend,ListItem,,,no,no,no,unknown type for this validator (no required/recommended table for 'ListItem')
https://www.orangejelly.co.uk/licensees-guide/menu-engineering-lift-average-spend,BreadcrumbList,,,no,no,yes,
https://www.orangejelly.co.uk/licensees-guide/menu-engineering-lift-average-spend,ListItem,,,no,no,no,unknown type for this validator (no required/recommended table for 'ListItem')
https://www.orangejelly.co.uk/licensees-guide/menu-engineering-lift-average-spend,ListItem,,,no,no,no,unknown type for this validator (no required/recommended table for 'ListItem')
https://www.orangejelly.co.uk/licensees-guide/menu-engineering-lift-average-spend,ListItem,,,no,no,no,unknown type for this validator (no required/recommended table for 'ListItem')
https://www.orangejelly.co.uk/licensees-guide/midweek-pub-offers-that-work,ProfessionalService,,,no,no,no,unknown type for this validator (no required/recommended table for 'ProfessionalService')
https://www.orangejelly.co.uk/licensees-guide/midweek-pub-offers-that-work,ImageObject,,,no,no,no,unknown type for this validator (no required/recommended table for 'ImageObject')
https://www.orangejelly.co.uk/licensees-guide/midweek-pub-offers-that-work,Person,,,no,no,no,unknown type for this validator (no required/recommended table for 'Person')
https://www.orangejelly.co.uk/licensees-guide/midweek-pub-offers-that-work,ContactPoint,,,no,no,no,unknown type for this validator (no required/recommended table for 'ContactPoint')
https://www.orangejelly.co.uk/licensees-guide/midweek-pub-offers-that-work,PostalAddress,,,no,no,no,unknown type for this validator (no required/recommended table for 'PostalAddress')
https://www.orangejelly.co.uk/licensees-guide/midweek-pub-offers-that-work,GeoCoordinates,,,no,no,no,unknown type for this validator (no required/recommended table for 'GeoCoordinates')
https://www.orangejelly.co.uk/licensees-guide/midweek-pub-offers-that-work,WebSite,,potentialAction,no,no,no,
https://www.orangejelly.co.uk/licensees-guide/midweek-pub-offers-that-work,BreadcrumbList,,,no,no,yes,
https://www.orangejelly.co.uk/licensees-guide/midweek-pub-offers-that-work,ListItem,,,no,no,no,unknown type for this validator (no required/recommended table for 'ListItem')
https://www.orangejelly.co.uk/licensees-guide/midweek-pub-offers-that-work,BlogPosting,,image,no,no,yes,
https://www.orangejelly.co.uk/licensees-guide/midweek-pub-offers-that-work,Person,,,no,no,no,unknown type for this validator (no required/recommended table for 'Person')
https://www.orangejelly.co.uk/licensees-guide/midweek-pub-offers-that-work,Organization,,url; sameAs; contactPoint,no,no,no,
https://www.orangejelly.co.uk/licensees-guide/midweek-pub-offers-that-work,ImageObject,,,no,no,no,unknown type for this validator (no required/recommended table for 'ImageObject')
https://www.orangejelly.co.uk/licensees-guide/midweek-pub-offers-that-work,WebPage,,,no,no,no,unknown type for this validator (no required/recommended table for 'WebPage')
https://www.orangejelly.co.uk/licensees-guide/midweek-pub-offers-that-work,SpeakableSpecification,,,no,no,no,unknown type for this validator (no required/recommended table for 'SpeakableSpecification')
https://www.orangejelly.co.uk/licensees-guide/midweek-pub-offers-that-work,Thing,,,no,no,no,unknown type for this validator (no required/recommended table for 'Thing')
https://www.orangejelly.co.uk/licensees-guide/midweek-pub-offers-that-work,Thing,,,no,no,no,unknown type for this validator (no required/recommended table for 'Thing')
https://www.orangejelly.co.uk/licensees-guide/midweek-pub-offers-that-work,Thing,,,no,no,no,unknown type for this validator (no required/recommended table for 'Thing')
https://www.orangejelly.co.uk/licensees-guide/midweek-pub-offers-that-work,FAQPage,,,yes,no,no,FAQ rich results are now limited to authoritative government/health sites (Aug 2023). Markup is still valid but most sites no longer earn a rich result.
https://www.orangejelly.co.uk/licensees-guide/midweek-pub-offers-that-work,Question,,,no,no,no,unknown type for this validator (no required/recommended table for 'Question')
https://www.orangejelly.co.uk/licensees-guide/midweek-pub-offers-that-work,Answer,,,no,no,no,unknown type for this validator (no required/recommended table for 'Answer')
https://www.orangejelly.co.uk/licensees-guide/midweek-pub-offers-that-work,Question,,,no,no,no,unknown type for this validator (no required/recommended table for 'Question')
https://www.orangejelly.co.uk/licensees-guide/midweek-pub-offers-that-work,Answer,,,no,no,no,unknown type for this validator (no required/recommended table for 'Answer')
https://www.orangejelly.co.uk/licensees-guide/midweek-pub-offers-that-work,Question,,,no,no,no,unknown type for this validator (no required/recommended table for 'Question')
https://www.orangejelly.co.uk/licensees-guide/midweek-pub-offers-that-work,Answer,,,no,no,no,unknown type for this validator (no required/recommended table for 'Answer')
https://www.orangejelly.co.uk/licensees-guide/midweek-pub-offers-that-work,BreadcrumbList,,,no,no,yes,
https://www.orangejelly.co.uk/licensees-guide/midweek-pub-offers-that-work,ListItem,,,no,no,no,unknown type for this validator (no required/recommended table for 'ListItem')
https://www.orangejelly.co.uk/licensees-guide/midweek-pub-offers-that-work,ListItem,,,no,no,no,unknown type for this validator (no required/recommended table for 'ListItem')
https://www.orangejelly.co.uk/licensees-guide/midweek-pub-offers-that-work,ListItem,,,no,no,no,unknown type for this validator (no required/recommended table for 'ListItem')
https://www.orangejelly.co.uk/licensees-guide/midweek-pub-offers-that-work,BreadcrumbList,,,no,no,yes,
https://www.orangejelly.co.uk/licensees-guide/midweek-pub-offers-that-work,ListItem,,,no,no,no,unknown type for this validator (no required/recommended table for 'ListItem')
https://www.orangejelly.co.uk/licensees-guide/midweek-pub-offers-that-work,ListItem,,,no,no,no,unknown type for this validator (no required/recommended table for 'ListItem')
https://www.orangejelly.co.uk/licensees-guide/midweek-pub-offers-that-work,ListItem,,,no,no,no,unknown type for this validator (no required/recommended table for 'ListItem')
https://www.orangejelly.co.uk/licensees-guide/music-bingo-101,ProfessionalService,,,no,no,no,unknown type for this validator (no required/recommended table for 'ProfessionalService')
https://www.orangejelly.co.uk/licensees-guide/music-bingo-101,ImageObject,,,no,no,no,unknown type for this validator (no required/recommended table for 'ImageObject')
https://www.orangejelly.co.uk/licensees-guide/music-bingo-101,Person,,,no,no,no,unknown type for this validator (no required/recommended table for 'Person')
https://www.orangejelly.co.uk/licensees-guide/music-bingo-101,ContactPoint,,,no,no,no,unknown type for this validator (no required/recommended table for 'ContactPoint')
https://www.orangejelly.co.uk/licensees-guide/music-bingo-101,PostalAddress,,,no,no,no,unknown type for this validator (no required/recommended table for 'PostalAddress')
https://www.orangejelly.co.uk/licensees-guide/music-bingo-101,GeoCoordinates,,,no,no,no,unknown type for this validator (no required/recommended table for 'GeoCoordinates')
https://www.orangejelly.co.uk/licensees-guide/music-bingo-101,WebSite,,potentialAction,no,no,no,
https://www.orangejelly.co.uk/licensees-guide/music-bingo-101,BreadcrumbList,,,no,no,yes,
https://www.orangejelly.co.uk/licensees-guide/music-bingo-101,ListItem,,,no,no,no,unknown type for this validator (no required/recommended table for 'ListItem')
https://www.orangejelly.co.uk/licensees-guide/music-bingo-101,BlogPosting,,image,no,no,yes,
https://www.orangejelly.co.uk/licensees-guide/music-bingo-101,Person,,,no,no,no,unknown type for this validator (no required/recommended table for 'Person')
https://www.orangejelly.co.uk/licensees-guide/music-bingo-101,Organization,,url; sameAs; contactPoint,no,no,no,
https://www.orangejelly.co.uk/licensees-guide/music-bingo-101,ImageObject,,,no,no,no,unknown type for this validator (no required/recommended table for 'ImageObject')
https://www.orangejelly.co.uk/licensees-guide/music-bingo-101,WebPage,,,no,no,no,unknown type for this validator (no required/recommended table for 'WebPage')
https://www.orangejelly.co.uk/licensees-guide/music-bingo-101,SpeakableSpecification,,,no,no,no,unknown type for this validator (no required/recommended table for 'SpeakableSpecification')
https://www.orangejelly.co.uk/licensees-guide/music-bingo-101,Thing,,,no,no,no,unknown type for this validator (no required/recommended table for 'Thing')
https://www.orangejelly.co.uk/licensees-guide/music-bingo-101,Thing,,,no,no,no,unknown type for this validator (no required/recommended table for 'Thing')
https://www.orangejelly.co.uk/licensees-guide/music-bingo-101,Thing,,,no,no,no,unknown type for this validator (no required/recommended table for 'Thing')
https://www.orangejelly.co.uk/licensees-guide/music-bingo-101,FAQPage,,,yes,no,no,FAQ rich results are now limited to authoritative government/health sites (Aug 2023). Markup is still valid but most sites no longer earn a rich result.
https://www.orangejelly.co.uk/licensees-guide/music-bingo-101,Question,,,no,no,no,unknown type for this validator (no required/recommended table for 'Question')
https://www.orangejelly.co.uk/licensees-guide/music-bingo-101,Answer,,,no,no,no,unknown type for this validator (no required/recommended table for 'Answer')
https://www.orangejelly.co.uk/licensees-guide/music-bingo-101,Question,,,no,no,no,unknown type for this validator (no required/recommended table for 'Question')
https://www.orangejelly.co.uk/licensees-guide/music-bingo-101,Answer,,,no,no,no,unknown type for this validator (no required/recommended table for 'Answer')
https://www.orangejelly.co.uk/licensees-guide/music-bingo-101,Question,,,no,no,no,unknown type for this validator (no required/recommended table for 'Question')
https://www.orangejelly.co.uk/licensees-guide/music-bingo-101,Answer,,,no,no,no,unknown type for this validator (no required/recommended table for 'Answer')
https://www.orangejelly.co.uk/licensees-guide/music-bingo-101,BreadcrumbList,,,no,no,yes,
https://www.orangejelly.co.uk/licensees-guide/music-bingo-101,ListItem,,,no,no,no,unknown type for this validator (no required/recommended table for 'ListItem')
https://www.orangejelly.co.uk/licensees-guide/music-bingo-101,ListItem,,,no,no,no,unknown type for this validator (no required/recommended table for 'ListItem')
https://www.orangejelly.co.uk/licensees-guide/music-bingo-101,ListItem,,,no,no,no,unknown type for this validator (no required/recommended table for 'ListItem')
https://www.orangejelly.co.uk/licensees-guide/music-bingo-101,BreadcrumbList,,,no,no,yes,
https://www.orangejelly.co.uk/licensees-guide/music-bingo-101,ListItem,,,no,no,no,unknown type for this validator (no required/recommended table for 'ListItem')
https://www.orangejelly.co.uk/licensees-guide/music-bingo-101,ListItem,,,no,no,no,unknown type for this validator (no required/recommended table for 'ListItem')
https://www.orangejelly.co.uk/licensees-guide/music-bingo-101,ListItem,,,no,no,no,unknown type for this validator (no required/recommended table for 'ListItem')
https://www.orangejelly.co.uk/licensees-guide/national-drinks-days-pub-guide,ProfessionalService,,,no,no,no,unknown type for this validator (no required/recommended table for 'ProfessionalService')
https://www.orangejelly.co.uk/licensees-guide/national-drinks-days-pub-guide,ImageObject,,,no,no,no,unknown type for this validator (no required/recommended table for 'ImageObject')
https://www.orangejelly.co.uk/licensees-guide/national-drinks-days-pub-guide,Person,,,no,no,no,unknown type for this validator (no required/recommended table for 'Person')
https://www.orangejelly.co.uk/licensees-guide/national-drinks-days-pub-guide,ContactPoint,,,no,no,no,unknown type for this validator (no required/recommended table for 'ContactPoint')
https://www.orangejelly.co.uk/licensees-guide/national-drinks-days-pub-guide,PostalAddress,,,no,no,no,unknown type for this validator (no required/recommended table for 'PostalAddress')
https://www.orangejelly.co.uk/licensees-guide/national-drinks-days-pub-guide,GeoCoordinates,,,no,no,no,unknown type for this validator (no required/recommended table for 'GeoCoordinates')
https://www.orangejelly.co.uk/licensees-guide/national-drinks-days-pub-guide,WebSite,,potentialAction,no,no,no,
https://www.orangejelly.co.uk/licensees-guide/national-drinks-days-pub-guide,BreadcrumbList,,,no,no,yes,
https://www.orangejelly.co.uk/licensees-guide/national-drinks-days-pub-guide,ListItem,,,no,no,no,unknown type for this validator (no required/recommended table for 'ListItem')
https://www.orangejelly.co.uk/licensees-guide/national-drinks-days-pub-guide,BlogPosting,,image,no,no,yes,
https://www.orangejelly.co.uk/licensees-guide/national-drinks-days-pub-guide,Person,,,no,no,no,unknown type for this validator (no required/recommended table for 'Person')
https://www.orangejelly.co.uk/licensees-guide/national-drinks-days-pub-guide,Organization,,url; sameAs; contactPoint,no,no,no,
https://www.orangejelly.co.uk/licensees-guide/national-drinks-days-pub-guide,ImageObject,,,no,no,no,unknown type for this validator (no required/recommended table for 'ImageObject')
https://www.orangejelly.co.uk/licensees-guide/national-drinks-days-pub-guide,WebPage,,,no,no,no,unknown type for this validator (no required/recommended table for 'WebPage')
https://www.orangejelly.co.uk/licensees-guide/national-drinks-days-pub-guide,SpeakableSpecification,,,no,no,no,unknown type for this validator (no required/recommended table for 'SpeakableSpecification')
https://www.orangejelly.co.uk/licensees-guide/national-drinks-days-pub-guide,Thing,,,no,no,no,unknown type for this validator (no required/recommended table for 'Thing')
https://www.orangejelly.co.uk/licensees-guide/national-drinks-days-pub-guide,Thing,,,no,no,no,unknown type for this validator (no required/recommended table for 'Thing')
https://www.orangejelly.co.uk/licensees-guide/national-drinks-days-pub-guide,Thing,,,no,no,no,unknown type for this validator (no required/recommended table for 'Thing')
https://www.orangejelly.co.uk/licensees-guide/national-drinks-days-pub-guide,Thing,,,no,no,no,unknown type for this validator (no required/recommended table for 'Thing')
https://www.orangejelly.co.uk/licensees-guide/national-drinks-days-pub-guide,FAQPage,,,yes,no,no,FAQ rich results are now limited to authoritative government/health sites (Aug 2023). Markup is still valid but most sites no longer earn a rich result.
https://www.orangejelly.co.uk/licensees-guide/national-drinks-days-pub-guide,Question,,,no,no,no,unknown type for this validator (no required/recommended table for 'Question')
https://www.orangejelly.co.uk/licensees-guide/national-drinks-days-pub-guide,Answer,,,no,no,no,unknown type for this validator (no required/recommended table for 'Answer')
https://www.orangejelly.co.uk/licensees-guide/national-drinks-days-pub-guide,Question,,,no,no,no,unknown type for this validator (no required/recommended table for 'Question')
https://www.orangejelly.co.uk/licensees-guide/national-drinks-days-pub-guide,Answer,,,no,no,no,unknown type for this validator (no required/recommended table for 'Answer')
https://www.orangejelly.co.uk/licensees-guide/national-drinks-days-pub-guide,Question,,,no,no,no,unknown type for this validator (no required/recommended table for 'Question')
https://www.orangejelly.co.uk/licensees-guide/national-drinks-days-pub-guide,Answer,,,no,no,no,unknown type for this validator (no required/recommended table for 'Answer')
https://www.orangejelly.co.uk/licensees-guide/national-drinks-days-pub-guide,Question,,,no,no,no,unknown type for this validator (no required/recommended table for 'Question')
https://www.orangejelly.co.uk/licensees-guide/national-drinks-days-pub-guide,Answer,,,no,no,no,unknown type for this validator (no required/recommended table for 'Answer')
https://www.orangejelly.co.uk/licensees-guide/national-drinks-days-pub-guide,Question,,,no,no,no,unknown type for this validator (no required/recommended table for 'Question')
https://www.orangejelly.co.uk/licensees-guide/national-drinks-days-pub-guide,Answer,,,no,no,no,unknown type for this validator (no required/recommended table for 'Answer')
https://www.orangejelly.co.uk/licensees-guide/national-drinks-days-pub-guide,Question,,,no,no,no,unknown type for this validator (no required/recommended table for 'Question')
https://www.orangejelly.co.uk/licensees-guide/national-drinks-days-pub-guide,Answer,,,no,no,no,unknown type for this validator (no required/recommended table for 'Answer')
https://www.orangejelly.co.uk/licensees-guide/national-drinks-days-pub-guide,BreadcrumbList,,,no,no,yes,
https://www.orangejelly.co.uk/licensees-guide/national-drinks-days-pub-guide,ListItem,,,no,no,no,unknown type for this validator (no required/recommended table for 'ListItem')
https://www.orangejelly.co.uk/licensees-guide/national-drinks-days-pub-guide,ListItem,,,no,no,no,unknown type for this validator (no required/recommended table for 'ListItem')
https://www.orangejelly.co.uk/licensees-guide/national-drinks-days-pub-guide,ListItem,,,no,no,no,unknown type for this validator (no required/recommended table for 'ListItem')
https://www.orangejelly.co.uk/licensees-guide/national-drinks-days-pub-guide,ListItem,,,no,no,no,unknown type for this validator (no required/recommended table for 'ListItem')
https://www.orangejelly.co.uk/licensees-guide/national-drinks-days-pub-guide,BreadcrumbList,,,no,no,yes,
https://www.orangejelly.co.uk/licensees-guide/national-drinks-days-pub-guide,ListItem,,,no,no,no,unknown type for this validator (no required/recommended table for 'ListItem')
https://www.orangejelly.co.uk/licensees-guide/national-drinks-days-pub-guide,ListItem,,,no,no,no,unknown type for this validator (no required/recommended table for 'ListItem')
https://www.orangejelly.co.uk/licensees-guide/national-drinks-days-pub-guide,ListItem,,,no,no,no,unknown type for this validator (no required/recommended table for 'ListItem')
https://www.orangejelly.co.uk/licensees-guide/national-drinks-days-pub-guide,ListItem,,,no,no,no,unknown type for this validator (no required/recommended table for 'ListItem')
https://www.orangejelly.co.uk/licensees-guide/nobody-books-tables-anymore,ProfessionalService,,,no,no,no,unknown type for this validator (no required/recommended table for 'ProfessionalService')
https://www.orangejelly.co.uk/licensees-guide/nobody-books-tables-anymore,ImageObject,,,no,no,no,unknown type for this validator (no required/recommended table for 'ImageObject')
https://www.orangejelly.co.uk/licensees-guide/nobody-books-tables-anymore,Person,,,no,no,no,unknown type for this validator (no required/recommended table for 'Person')
https://www.orangejelly.co.uk/licensees-guide/nobody-books-tables-anymore,ContactPoint,,,no,no,no,unknown type for this validator (no required/recommended table for 'ContactPoint')
https://www.orangejelly.co.uk/licensees-guide/nobody-books-tables-anymore,PostalAddress,,,no,no,no,unknown type for this validator (no required/recommended table for 'PostalAddress')
https://www.orangejelly.co.uk/licensees-guide/nobody-books-tables-anymore,GeoCoordinates,,,no,no,no,unknown type for this validator (no required/recommended table for 'GeoCoordinates')
https://www.orangejelly.co.uk/licensees-guide/nobody-books-tables-anymore,WebSite,,potentialAction,no,no,no,
https://www.orangejelly.co.uk/licensees-guide/nobody-books-tables-anymore,BreadcrumbList,,,no,no,yes,
https://www.orangejelly.co.uk/licensees-guide/nobody-books-tables-anymore,ListItem,,,no,no,no,unknown type for this validator (no required/recommended table for 'ListItem')
https://www.orangejelly.co.uk/licensees-guide/nobody-books-tables-anymore,BlogPosting,,image,no,no,yes,
https://www.orangejelly.co.uk/licensees-guide/nobody-books-tables-anymore,Person,,,no,no,no,unknown type for this validator (no required/recommended table for 'Person')
https://www.orangejelly.co.uk/licensees-guide/nobody-books-tables-anymore,Organization,,url; sameAs; contactPoint,no,no,no,
https://www.orangejelly.co.uk/licensees-guide/nobody-books-tables-anymore,ImageObject,,,no,no,no,unknown type for this validator (no required/recommended table for 'ImageObject')
https://www.orangejelly.co.uk/licensees-guide/nobody-books-tables-anymore,WebPage,,,no,no,no,unknown type for this validator (no required/recommended table for 'WebPage')
https://www.orangejelly.co.uk/licensees-guide/nobody-books-tables-anymore,SpeakableSpecification,,,no,no,no,unknown type for this validator (no required/recommended table for 'SpeakableSpecification')
https://www.orangejelly.co.uk/licensees-guide/nobody-books-tables-anymore,Thing,,,no,no,no,unknown type for this validator (no required/recommended table for 'Thing')
https://www.orangejelly.co.uk/licensees-guide/nobody-books-tables-anymore,Thing,,,no,no,no,unknown type for this validator (no required/recommended table for 'Thing')
https://www.orangejelly.co.uk/licensees-guide/nobody-books-tables-anymore,Thing,,,no,no,no,unknown type for this validator (no required/recommended table for 'Thing')
https://www.orangejelly.co.uk/licensees-guide/nobody-books-tables-anymore,Thing,,,no,no,no,unknown type for this validator (no required/recommended table for 'Thing')
https://www.orangejelly.co.uk/licensees-guide/nobody-books-tables-anymore,FAQPage,,,yes,no,no,FAQ rich results are now limited to authoritative government/health sites (Aug 2023). Markup is still valid but most sites no longer earn a rich result.
https://www.orangejelly.co.uk/licensees-guide/nobody-books-tables-anymore,Question,,,no,no,no,unknown type for this validator (no required/recommended table for 'Question')
https://www.orangejelly.co.uk/licensees-guide/nobody-books-tables-anymore,Answer,,,no,no,no,unknown type for this validator (no required/recommended table for 'Answer')
https://www.orangejelly.co.uk/licensees-guide/nobody-books-tables-anymore,Question,,,no,no,no,unknown type for this validator (no required/recommended table for 'Question')
https://www.orangejelly.co.uk/licensees-guide/nobody-books-tables-anymore,Answer,,,no,no,no,unknown type for this validator (no required/recommended table for 'Answer')
https://www.orangejelly.co.uk/licensees-guide/nobody-books-tables-anymore,Question,,,no,no,no,unknown type for this validator (no required/recommended table for 'Question')
https://www.orangejelly.co.uk/licensees-guide/nobody-books-tables-anymore,Answer,,,no,no,no,unknown type for this validator (no required/recommended table for 'Answer')
https://www.orangejelly.co.uk/licensees-guide/nobody-books-tables-anymore,BreadcrumbList,,,no,no,yes,
https://www.orangejelly.co.uk/licensees-guide/nobody-books-tables-anymore,ListItem,,,no,no,no,unknown type for this validator (no required/recommended table for 'ListItem')
https://www.orangejelly.co.uk/licensees-guide/nobody-books-tables-anymore,ListItem,,,no,no,no,unknown type for this validator (no required/recommended table for 'ListItem')
https://www.orangejelly.co.uk/licensees-guide/nobody-books-tables-anymore,ListItem,,,no,no,no,unknown type for this validator (no required/recommended table for 'ListItem')
https://www.orangejelly.co.uk/licensees-guide/nobody-books-tables-anymore,BreadcrumbList,,,no,no,yes,
https://www.orangejelly.co.uk/licensees-guide/nobody-books-tables-anymore,ListItem,,,no,no,no,unknown type for this validator (no required/recommended table for 'ListItem')
https://www.orangejelly.co.uk/licensees-guide/nobody-books-tables-anymore,ListItem,,,no,no,no,unknown type for this validator (no required/recommended table for 'ListItem')
https://www.orangejelly.co.uk/licensees-guide/nobody-books-tables-anymore,ListItem,,,no,no,no,unknown type for this validator (no required/recommended table for 'ListItem')
https://www.orangejelly.co.uk/licensees-guide/oktoberfest-pub-guide,ProfessionalService,,,no,no,no,unknown type for this validator (no required/recommended table for 'ProfessionalService')
https://www.orangejelly.co.uk/licensees-guide/oktoberfest-pub-guide,ImageObject,,,no,no,no,unknown type for this validator (no required/recommended table for 'ImageObject')
https://www.orangejelly.co.uk/licensees-guide/oktoberfest-pub-guide,Person,,,no,no,no,unknown type for this validator (no required/recommended table for 'Person')
https://www.orangejelly.co.uk/licensees-guide/oktoberfest-pub-guide,ContactPoint,,,no,no,no,unknown type for this validator (no required/recommended table for 'ContactPoint')
https://www.orangejelly.co.uk/licensees-guide/oktoberfest-pub-guide,PostalAddress,,,no,no,no,unknown type for this validator (no required/recommended table for 'PostalAddress')
https://www.orangejelly.co.uk/licensees-guide/oktoberfest-pub-guide,GeoCoordinates,,,no,no,no,unknown type for this validator (no required/recommended table for 'GeoCoordinates')
https://www.orangejelly.co.uk/licensees-guide/oktoberfest-pub-guide,WebSite,,potentialAction,no,no,no,
https://www.orangejelly.co.uk/licensees-guide/oktoberfest-pub-guide,BreadcrumbList,,,no,no,yes,
https://www.orangejelly.co.uk/licensees-guide/oktoberfest-pub-guide,ListItem,,,no,no,no,unknown type for this validator (no required/recommended table for 'ListItem')
https://www.orangejelly.co.uk/licensees-guide/oktoberfest-pub-guide,BlogPosting,,image,no,no,yes,
https://www.orangejelly.co.uk/licensees-guide/oktoberfest-pub-guide,Person,,,no,no,no,unknown type for this validator (no required/recommended table for 'Person')
https://www.orangejelly.co.uk/licensees-guide/oktoberfest-pub-guide,Organization,,url; sameAs; contactPoint,no,no,no,
https://www.orangejelly.co.uk/licensees-guide/oktoberfest-pub-guide,ImageObject,,,no,no,no,unknown type for this validator (no required/recommended table for 'ImageObject')
https://www.orangejelly.co.uk/licensees-guide/oktoberfest-pub-guide,WebPage,,,no,no,no,unknown type for this validator (no required/recommended table for 'WebPage')
https://www.orangejelly.co.uk/licensees-guide/oktoberfest-pub-guide,SpeakableSpecification,,,no,no,no,unknown type for this validator (no required/recommended table for 'SpeakableSpecification')
https://www.orangejelly.co.uk/licensees-guide/oktoberfest-pub-guide,Thing,,,no,no,no,unknown type for this validator (no required/recommended table for 'Thing')
https://www.orangejelly.co.uk/licensees-guide/oktoberfest-pub-guide,Thing,,,no,no,no,unknown type for this validator (no required/recommended table for 'Thing')
https://www.orangejelly.co.uk/licensees-guide/oktoberfest-pub-guide,Thing,,,no,no,no,unknown type for this validator (no required/recommended table for 'Thing')
https://www.orangejelly.co.uk/licensees-guide/oktoberfest-pub-guide,Thing,,,no,no,no,unknown type for this validator (no required/recommended table for 'Thing')
https://www.orangejelly.co.uk/licensees-guide/oktoberfest-pub-guide,FAQPage,,,yes,no,no,FAQ rich results are now limited to authoritative government/health sites (Aug 2023). Markup is still valid but most sites no longer earn a rich result.
https://www.orangejelly.co.uk/licensees-guide/oktoberfest-pub-guide,Question,,,no,no,no,unknown type for this validator (no required/recommended table for 'Question')
https://www.orangejelly.co.uk/licensees-guide/oktoberfest-pub-guide,Answer,,,no,no,no,unknown type for this validator (no required/recommended table for 'Answer')
https://www.orangejelly.co.uk/licensees-guide/oktoberfest-pub-guide,Question,,,no,no,no,unknown type for this validator (no required/recommended table for 'Question')
https://www.orangejelly.co.uk/licensees-guide/oktoberfest-pub-guide,Answer,,,no,no,no,unknown type for this validator (no required/recommended table for 'Answer')
https://www.orangejelly.co.uk/licensees-guide/oktoberfest-pub-guide,Question,,,no,no,no,unknown type for this validator (no required/recommended table for 'Question')
https://www.orangejelly.co.uk/licensees-guide/oktoberfest-pub-guide,Answer,,,no,no,no,unknown type for this validator (no required/recommended table for 'Answer')
https://www.orangejelly.co.uk/licensees-guide/oktoberfest-pub-guide,Question,,,no,no,no,unknown type for this validator (no required/recommended table for 'Question')
https://www.orangejelly.co.uk/licensees-guide/oktoberfest-pub-guide,Answer,,,no,no,no,unknown type for this validator (no required/recommended table for 'Answer')
https://www.orangejelly.co.uk/licensees-guide/oktoberfest-pub-guide,BreadcrumbList,,,no,no,yes,
https://www.orangejelly.co.uk/licensees-guide/oktoberfest-pub-guide,ListItem,,,no,no,no,unknown type for this validator (no required/recommended table for 'ListItem')
https://www.orangejelly.co.uk/licensees-guide/oktoberfest-pub-guide,ListItem,,,no,no,no,unknown type for this validator (no required/recommended table for 'ListItem')
https://www.orangejelly.co.uk/licensees-guide/oktoberfest-pub-guide,ListItem,,,no,no,no,unknown type for this validator (no required/recommended table for 'ListItem')
https://www.orangejelly.co.uk/licensees-guide/oktoberfest-pub-guide,ListItem,,,no,no,no,unknown type for this validator (no required/recommended table for 'ListItem')
https://www.orangejelly.co.uk/licensees-guide/oktoberfest-pub-guide,BreadcrumbList,,,no,no,yes,
https://www.orangejelly.co.uk/licensees-guide/oktoberfest-pub-guide,ListItem,,,no,no,no,unknown type for this validator (no required/recommended table for 'ListItem')
https://www.orangejelly.co.uk/licensees-guide/oktoberfest-pub-guide,ListItem,,,no,no,no,unknown type for this validator (no required/recommended table for 'ListItem')
https://www.orangejelly.co.uk/licensees-guide/oktoberfest-pub-guide,ListItem,,,no,no,no,unknown type for this validator (no required/recommended table for 'ListItem')
https://www.orangejelly.co.uk/licensees-guide/oktoberfest-pub-guide,ListItem,,,no,no,no,unknown type for this validator (no required/recommended table for 'ListItem')
https://www.orangejelly.co.uk/licensees-guide/partnering-local-brands-share-marketing,ProfessionalService,,,no,no,no,unknown type for this validator (no required/recommended table for 'ProfessionalService')
https://www.orangejelly.co.uk/licensees-guide/partnering-local-brands-share-marketing,ImageObject,,,no,no,no,unknown type for this validator (no required/recommended table for 'ImageObject')
https://www.orangejelly.co.uk/licensees-guide/partnering-local-brands-share-marketing,Person,,,no,no,no,unknown type for this validator (no required/recommended table for 'Person')
https://www.orangejelly.co.uk/licensees-guide/partnering-local-brands-share-marketing,ContactPoint,,,no,no,no,unknown type for this validator (no required/recommended table for 'ContactPoint')
https://www.orangejelly.co.uk/licensees-guide/partnering-local-brands-share-marketing,PostalAddress,,,no,no,no,unknown type for this validator (no required/recommended table for 'PostalAddress')
https://www.orangejelly.co.uk/licensees-guide/partnering-local-brands-share-marketing,GeoCoordinates,,,no,no,no,unknown type for this validator (no required/recommended table for 'GeoCoordinates')
https://www.orangejelly.co.uk/licensees-guide/partnering-local-brands-share-marketing,WebSite,,potentialAction,no,no,no,
https://www.orangejelly.co.uk/licensees-guide/partnering-local-brands-share-marketing,BreadcrumbList,,,no,no,yes,
https://www.orangejelly.co.uk/licensees-guide/partnering-local-brands-share-marketing,ListItem,,,no,no,no,unknown type for this validator (no required/recommended table for 'ListItem')
https://www.orangejelly.co.uk/licensees-guide/partnering-local-brands-share-marketing,BlogPosting,,image,no,no,yes,
https://www.orangejelly.co.uk/licensees-guide/partnering-local-brands-share-marketing,Person,,,no,no,no,unknown type for this validator (no required/recommended table for 'Person')
https://www.orangejelly.co.uk/licensees-guide/partnering-local-brands-share-marketing,Organization,,url; sameAs; contactPoint,no,no,no,
https://www.orangejelly.co.uk/licensees-guide/partnering-local-brands-share-marketing,ImageObject,,,no,no,no,unknown type for this validator (no required/recommended table for 'ImageObject')
https://www.orangejelly.co.uk/licensees-guide/partnering-local-brands-share-marketing,WebPage,,,no,no,no,unknown type for this validator (no required/recommended table for 'WebPage')
https://www.orangejelly.co.uk/licensees-guide/partnering-local-brands-share-marketing,SpeakableSpecification,,,no,no,no,unknown type for this validator (no required/recommended table for 'SpeakableSpecification')
https://www.orangejelly.co.uk/licensees-guide/partnering-local-brands-share-marketing,Thing,,,no,no,no,unknown type for this validator (no required/recommended table for 'Thing')
https://www.orangejelly.co.uk/licensees-guide/partnering-local-brands-share-marketing,Thing,,,no,no,no,unknown type for this validator (no required/recommended table for 'Thing')
https://www.orangejelly.co.uk/licensees-guide/partnering-local-brands-share-marketing,Thing,,,no,no,no,unknown type for this validator (no required/recommended table for 'Thing')
https://www.orangejelly.co.uk/licensees-guide/partnering-local-brands-share-marketing,FAQPage,,,yes,no,no,FAQ rich results are now limited to authoritative government/health sites (Aug 2023). Markup is still valid but most sites no longer earn a rich result.
https://www.orangejelly.co.uk/licensees-guide/partnering-local-brands-share-marketing,Question,,,no,no,no,unknown type for this validator (no required/recommended table for 'Question')
https://www.orangejelly.co.uk/licensees-guide/partnering-local-brands-share-marketing,Answer,,,no,no,no,unknown type for this validator (no required/recommended table for 'Answer')
https://www.orangejelly.co.uk/licensees-guide/partnering-local-brands-share-marketing,Question,,,no,no,no,unknown type for this validator (no required/recommended table for 'Question')
https://www.orangejelly.co.uk/licensees-guide/partnering-local-brands-share-marketing,Answer,,,no,no,no,unknown type for this validator (no required/recommended table for 'Answer')
https://www.orangejelly.co.uk/licensees-guide/partnering-local-brands-share-marketing,Question,,,no,no,no,unknown type for this validator (no required/recommended table for 'Question')
https://www.orangejelly.co.uk/licensees-guide/partnering-local-brands-share-marketing,Answer,,,no,no,no,unknown type for this validator (no required/recommended table for 'Answer')
https://www.orangejelly.co.uk/licensees-guide/partnering-local-brands-share-marketing,BreadcrumbList,,,no,no,yes,
https://www.orangejelly.co.uk/licensees-guide/partnering-local-brands-share-marketing,ListItem,,,no,no,no,unknown type for this validator (no required/recommended table for 'ListItem')
https://www.orangejelly.co.uk/licensees-guide/partnering-local-brands-share-marketing,ListItem,,,no,no,no,unknown type for this validator (no required/recommended table for 'ListItem')
https://www.orangejelly.co.uk/licensees-guide/partnering-local-brands-share-marketing,ListItem,,,no,no,no,unknown type for this validator (no required/recommended table for 'ListItem')
https://www.orangejelly.co.uk/licensees-guide/partnering-local-brands-share-marketing,BreadcrumbList,,,no,no,yes,
https://www.orangejelly.co.uk/licensees-guide/partnering-local-brands-share-marketing,ListItem,,,no,no,no,unknown type for this validator (no required/recommended table for 'ListItem')
https://www.orangejelly.co.uk/licensees-guide/partnering-local-brands-share-marketing,ListItem,,,no,no,no,unknown type for this validator (no required/recommended table for 'ListItem')
https://www.orangejelly.co.uk/licensees-guide/partnering-local-brands-share-marketing,ListItem,,,no,no,no,unknown type for this validator (no required/recommended table for 'ListItem')
https://www.orangejelly.co.uk/licensees-guide/pop-up-events-for-pubs,ProfessionalService,,,no,no,no,unknown type for this validator (no required/recommended table for 'ProfessionalService')
https://www.orangejelly.co.uk/licensees-guide/pop-up-events-for-pubs,ImageObject,,,no,no,no,unknown type for this validator (no required/recommended table for 'ImageObject')
https://www.orangejelly.co.uk/licensees-guide/pop-up-events-for-pubs,Person,,,no,no,no,unknown type for this validator (no required/recommended table for 'Person')
https://www.orangejelly.co.uk/licensees-guide/pop-up-events-for-pubs,ContactPoint,,,no,no,no,unknown type for this validator (no required/recommended table for 'ContactPoint')
https://www.orangejelly.co.uk/licensees-guide/pop-up-events-for-pubs,PostalAddress,,,no,no,no,unknown type for this validator (no required/recommended table for 'PostalAddress')
https://www.orangejelly.co.uk/licensees-guide/pop-up-events-for-pubs,GeoCoordinates,,,no,no,no,unknown type for this validator (no required/recommended table for 'GeoCoordinates')
https://www.orangejelly.co.uk/licensees-guide/pop-up-events-for-pubs,WebSite,,potentialAction,no,no,no,
https://www.orangejelly.co.uk/licensees-guide/pop-up-events-for-pubs,BreadcrumbList,,,no,no,yes,
https://www.orangejelly.co.uk/licensees-guide/pop-up-events-for-pubs,ListItem,,,no,no,no,unknown type for this validator (no required/recommended table for 'ListItem')
https://www.orangejelly.co.uk/licensees-guide/pop-up-events-for-pubs,BlogPosting,,image,no,no,yes,
https://www.orangejelly.co.uk/licensees-guide/pop-up-events-for-pubs,Person,,,no,no,no,unknown type for this validator (no required/recommended table for 'Person')
https://www.orangejelly.co.uk/licensees-guide/pop-up-events-for-pubs,Organization,,url; sameAs; contactPoint,no,no,no,
https://www.orangejelly.co.uk/licensees-guide/pop-up-events-for-pubs,ImageObject,,,no,no,no,unknown type for this validator (no required/recommended table for 'ImageObject')
https://www.orangejelly.co.uk/licensees-guide/pop-up-events-for-pubs,WebPage,,,no,no,no,unknown type for this validator (no required/recommended table for 'WebPage')
https://www.orangejelly.co.uk/licensees-guide/pop-up-events-for-pubs,SpeakableSpecification,,,no,no,no,unknown type for this validator (no required/recommended table for 'SpeakableSpecification')
https://www.orangejelly.co.uk/licensees-guide/pop-up-events-for-pubs,Thing,,,no,no,no,unknown type for this validator (no required/recommended table for 'Thing')
https://www.orangejelly.co.uk/licensees-guide/pop-up-events-for-pubs,Thing,,,no,no,no,unknown type for this validator (no required/recommended table for 'Thing')
https://www.orangejelly.co.uk/licensees-guide/pop-up-events-for-pubs,Thing,,,no,no,no,unknown type for this validator (no required/recommended table for 'Thing')
https://www.orangejelly.co.uk/licensees-guide/pop-up-events-for-pubs,FAQPage,,,yes,no,no,FAQ rich results are now limited to authoritative government/health sites (Aug 2023). Markup is still valid but most sites no longer earn a rich result.
https://www.orangejelly.co.uk/licensees-guide/pop-up-events-for-pubs,Question,,,no,no,no,unknown type for this validator (no required/recommended table for 'Question')
https://www.orangejelly.co.uk/licensees-guide/pop-up-events-for-pubs,Answer,,,no,no,no,unknown type for this validator (no required/recommended table for 'Answer')
https://www.orangejelly.co.uk/licensees-guide/pop-up-events-for-pubs,Question,,,no,no,no,unknown type for this validator (no required/recommended table for 'Question')
https://www.orangejelly.co.uk/licensees-guide/pop-up-events-for-pubs,Answer,,,no,no,no,unknown type for this validator (no required/recommended table for 'Answer')
https://www.orangejelly.co.uk/licensees-guide/pop-up-events-for-pubs,Question,,,no,no,no,unknown type for this validator (no required/recommended table for 'Question')
https://www.orangejelly.co.uk/licensees-guide/pop-up-events-for-pubs,Answer,,,no,no,no,unknown type for this validator (no required/recommended table for 'Answer')
https://www.orangejelly.co.uk/licensees-guide/pop-up-events-for-pubs,Question,,,no,no,no,unknown type for this validator (no required/recommended table for 'Question')
https://www.orangejelly.co.uk/licensees-guide/pop-up-events-for-pubs,Answer,,,no,no,no,unknown type for this validator (no required/recommended table for 'Answer')
https://www.orangejelly.co.uk/licensees-guide/pop-up-events-for-pubs,BreadcrumbList,,,no,no,yes,
https://www.orangejelly.co.uk/licensees-guide/pop-up-events-for-pubs,ListItem,,,no,no,no,unknown type for this validator (no required/recommended table for 'ListItem')
https://www.orangejelly.co.uk/licensees-guide/pop-up-events-for-pubs,ListItem,,,no,no,no,unknown type for this validator (no required/recommended table for 'ListItem')
https://www.orangejelly.co.uk/licensees-guide/pop-up-events-for-pubs,ListItem,,,no,no,no,unknown type for this validator (no required/recommended table for 'ListItem')
https://www.orangejelly.co.uk/licensees-guide/pop-up-events-for-pubs,BreadcrumbList,,,no,no,yes,
https://www.orangejelly.co.uk/licensees-guide/pop-up-events-for-pubs,ListItem,,,no,no,no,unknown type for this validator (no required/recommended table for 'ListItem')
https://www.orangejelly.co.uk/licensees-guide/pop-up-events-for-pubs,ListItem,,,no,no,no,unknown type for this validator (no required/recommended table for 'ListItem')
https://www.orangejelly.co.uk/licensees-guide/pop-up-events-for-pubs,ListItem,,,no,no,no,unknown type for this validator (no required/recommended table for 'ListItem')
https://www.orangejelly.co.uk/licensees-guide/premium-pub-positioning,ProfessionalService,,,no,no,no,unknown type for this validator (no required/recommended table for 'ProfessionalService')
https://www.orangejelly.co.uk/licensees-guide/premium-pub-positioning,ImageObject,,,no,no,no,unknown type for this validator (no required/recommended table for 'ImageObject')
https://www.orangejelly.co.uk/licensees-guide/premium-pub-positioning,Person,,,no,no,no,unknown type for this validator (no required/recommended table for 'Person')
https://www.orangejelly.co.uk/licensees-guide/premium-pub-positioning,ContactPoint,,,no,no,no,unknown type for this validator (no required/recommended table for 'ContactPoint')
https://www.orangejelly.co.uk/licensees-guide/premium-pub-positioning,PostalAddress,,,no,no,no,unknown type for this validator (no required/recommended table for 'PostalAddress')
https://www.orangejelly.co.uk/licensees-guide/premium-pub-positioning,GeoCoordinates,,,no,no,no,unknown type for this validator (no required/recommended table for 'GeoCoordinates')
https://www.orangejelly.co.uk/licensees-guide/premium-pub-positioning,WebSite,,potentialAction,no,no,no,
https://www.orangejelly.co.uk/licensees-guide/premium-pub-positioning,BreadcrumbList,,,no,no,yes,
https://www.orangejelly.co.uk/licensees-guide/premium-pub-positioning,ListItem,,,no,no,no,unknown type for this validator (no required/recommended table for 'ListItem')
https://www.orangejelly.co.uk/licensees-guide/premium-pub-positioning,BlogPosting,,image,no,no,yes,
https://www.orangejelly.co.uk/licensees-guide/premium-pub-positioning,Person,,,no,no,no,unknown type for this validator (no required/recommended table for 'Person')
https://www.orangejelly.co.uk/licensees-guide/premium-pub-positioning,Organization,,url; sameAs; contactPoint,no,no,no,
https://www.orangejelly.co.uk/licensees-guide/premium-pub-positioning,ImageObject,,,no,no,no,unknown type for this validator (no required/recommended table for 'ImageObject')
https://www.orangejelly.co.uk/licensees-guide/premium-pub-positioning,WebPage,,,no,no,no,unknown type for this validator (no required/recommended table for 'WebPage')
https://www.orangejelly.co.uk/licensees-guide/premium-pub-positioning,SpeakableSpecification,,,no,no,no,unknown type for this validator (no required/recommended table for 'SpeakableSpecification')
https://www.orangejelly.co.uk/licensees-guide/premium-pub-positioning,Thing,,,no,no,no,unknown type for this validator (no required/recommended table for 'Thing')
https://www.orangejelly.co.uk/licensees-guide/premium-pub-positioning,Thing,,,no,no,no,unknown type for this validator (no required/recommended table for 'Thing')
https://www.orangejelly.co.uk/licensees-guide/premium-pub-positioning,Thing,,,no,no,no,unknown type for this validator (no required/recommended table for 'Thing')
https://www.orangejelly.co.uk/licensees-guide/premium-pub-positioning,FAQPage,,,yes,no,no,FAQ rich results are now limited to authoritative government/health sites (Aug 2023). Markup is still valid but most sites no longer earn a rich result.
https://www.orangejelly.co.uk/licensees-guide/premium-pub-positioning,Question,,,no,no,no,unknown type for this validator (no required/recommended table for 'Question')
https://www.orangejelly.co.uk/licensees-guide/premium-pub-positioning,Answer,,,no,no,no,unknown type for this validator (no required/recommended table for 'Answer')
https://www.orangejelly.co.uk/licensees-guide/premium-pub-positioning,Question,,,no,no,no,unknown type for this validator (no required/recommended table for 'Question')
https://www.orangejelly.co.uk/licensees-guide/premium-pub-positioning,Answer,,,no,no,no,unknown type for this validator (no required/recommended table for 'Answer')
https://www.orangejelly.co.uk/licensees-guide/premium-pub-positioning,Question,,,no,no,no,unknown type for this validator (no required/recommended table for 'Question')
https://www.orangejelly.co.uk/licensees-guide/premium-pub-positioning,Answer,,,no,no,no,unknown type for this validator (no required/recommended table for 'Answer')
https://www.orangejelly.co.uk/licensees-guide/premium-pub-positioning,BreadcrumbList,,,no,no,yes,
https://www.orangejelly.co.uk/licensees-guide/premium-pub-positioning,ListItem,,,no,no,no,unknown type for this validator (no required/recommended table for 'ListItem')
https://www.orangejelly.co.uk/licensees-guide/premium-pub-positioning,ListItem,,,no,no,no,unknown type for this validator (no required/recommended table for 'ListItem')
https://www.orangejelly.co.uk/licensees-guide/premium-pub-positioning,ListItem,,,no,no,no,unknown type for this validator (no required/recommended table for 'ListItem')
https://www.orangejelly.co.uk/licensees-guide/premium-pub-positioning,BreadcrumbList,,,no,no,yes,
https://www.orangejelly.co.uk/licensees-guide/premium-pub-positioning,ListItem,,,no,no,no,unknown type for this validator (no required/recommended table for 'ListItem')
https://www.orangejelly.co.uk/licensees-guide/premium-pub-positioning,ListItem,,,no,no,no,unknown type for this validator (no required/recommended table for 'ListItem')
https://www.orangejelly.co.uk/licensees-guide/premium-pub-positioning,ListItem,,,no,no,no,unknown type for this validator (no required/recommended table for 'ListItem')
https://www.orangejelly.co.uk/licensees-guide/profitable-pub-food-menu-ideas,ProfessionalService,,,no,no,no,unknown type for this validator (no required/recommended table for 'ProfessionalService')
https://www.orangejelly.co.uk/licensees-guide/profitable-pub-food-menu-ideas,ImageObject,,,no,no,no,unknown type for this validator (no required/recommended table for 'ImageObject')
https://www.orangejelly.co.uk/licensees-guide/profitable-pub-food-menu-ideas,Person,,,no,no,no,unknown type for this validator (no required/recommended table for 'Person')
https://www.orangejelly.co.uk/licensees-guide/profitable-pub-food-menu-ideas,ContactPoint,,,no,no,no,unknown type for this validator (no required/recommended table for 'ContactPoint')
https://www.orangejelly.co.uk/licensees-guide/profitable-pub-food-menu-ideas,PostalAddress,,,no,no,no,unknown type for this validator (no required/recommended table for 'PostalAddress')
https://www.orangejelly.co.uk/licensees-guide/profitable-pub-food-menu-ideas,GeoCoordinates,,,no,no,no,unknown type for this validator (no required/recommended table for 'GeoCoordinates')
https://www.orangejelly.co.uk/licensees-guide/profitable-pub-food-menu-ideas,WebSite,,potentialAction,no,no,no,
https://www.orangejelly.co.uk/licensees-guide/profitable-pub-food-menu-ideas,BreadcrumbList,,,no,no,yes,
https://www.orangejelly.co.uk/licensees-guide/profitable-pub-food-menu-ideas,ListItem,,,no,no,no,unknown type for this validator (no required/recommended table for 'ListItem')
https://www.orangejelly.co.uk/licensees-guide/profitable-pub-food-menu-ideas,BlogPosting,,image,no,no,yes,
https://www.orangejelly.co.uk/licensees-guide/profitable-pub-food-menu-ideas,Person,,,no,no,no,unknown type for this validator (no required/recommended table for 'Person')
https://www.orangejelly.co.uk/licensees-guide/profitable-pub-food-menu-ideas,Organization,,url; sameAs; contactPoint,no,no,no,
https://www.orangejelly.co.uk/licensees-guide/profitable-pub-food-menu-ideas,ImageObject,,,no,no,no,unknown type for this validator (no required/recommended table for 'ImageObject')
https://www.orangejelly.co.uk/licensees-guide/profitable-pub-food-menu-ideas,WebPage,,,no,no,no,unknown type for this validator (no required/recommended table for 'WebPage')
https://www.orangejelly.co.uk/licensees-guide/profitable-pub-food-menu-ideas,SpeakableSpecification,,,no,no,no,unknown type for this validator (no required/recommended table for 'SpeakableSpecification')
https://www.orangejelly.co.uk/licensees-guide/profitable-pub-food-menu-ideas,Thing,,,no,no,no,unknown type for this validator (no required/recommended table for 'Thing')
https://www.orangejelly.co.uk/licensees-guide/profitable-pub-food-menu-ideas,Thing,,,no,no,no,unknown type for this validator (no required/recommended table for 'Thing')
https://www.orangejelly.co.uk/licensees-guide/profitable-pub-food-menu-ideas,Thing,,,no,no,no,unknown type for this validator (no required/recommended table for 'Thing')
https://www.orangejelly.co.uk/licensees-guide/profitable-pub-food-menu-ideas,FAQPage,,,yes,no,no,FAQ rich results are now limited to authoritative government/health sites (Aug 2023). Markup is still valid but most sites no longer earn a rich result.
https://www.orangejelly.co.uk/licensees-guide/profitable-pub-food-menu-ideas,Question,,,no,no,no,unknown type for this validator (no required/recommended table for 'Question')
https://www.orangejelly.co.uk/licensees-guide/profitable-pub-food-menu-ideas,Answer,,,no,no,no,unknown type for this validator (no required/recommended table for 'Answer')
https://www.orangejelly.co.uk/licensees-guide/profitable-pub-food-menu-ideas,Question,,,no,no,no,unknown type for this validator (no required/recommended table for 'Question')
https://www.orangejelly.co.uk/licensees-guide/profitable-pub-food-menu-ideas,Answer,,,no,no,no,unknown type for this validator (no required/recommended table for 'Answer')
https://www.orangejelly.co.uk/licensees-guide/profitable-pub-food-menu-ideas,Question,,,no,no,no,unknown type for this validator (no required/recommended table for 'Question')
https://www.orangejelly.co.uk/licensees-guide/profitable-pub-food-menu-ideas,Answer,,,no,no,no,unknown type for this validator (no required/recommended table for 'Answer')
https://www.orangejelly.co.uk/licensees-guide/profitable-pub-food-menu-ideas,BreadcrumbList,,,no,no,yes,
https://www.orangejelly.co.uk/licensees-guide/profitable-pub-food-menu-ideas,ListItem,,,no,no,no,unknown type for this validator (no required/recommended table for 'ListItem')
https://www.orangejelly.co.uk/licensees-guide/profitable-pub-food-menu-ideas,ListItem,,,no,no,no,unknown type for this validator (no required/recommended table for 'ListItem')
https://www.orangejelly.co.uk/licensees-guide/profitable-pub-food-menu-ideas,ListItem,,,no,no,no,unknown type for this validator (no required/recommended table for 'ListItem')
https://www.orangejelly.co.uk/licensees-guide/profitable-pub-food-menu-ideas,BreadcrumbList,,,no,no,yes,
https://www.orangejelly.co.uk/licensees-guide/profitable-pub-food-menu-ideas,ListItem,,,no,no,no,unknown type for this validator (no required/recommended table for 'ListItem')
https://www.orangejelly.co.uk/licensees-guide/profitable-pub-food-menu-ideas,ListItem,,,no,no,no,unknown type for this validator (no required/recommended table for 'ListItem')
https://www.orangejelly.co.uk/licensees-guide/profitable-pub-food-menu-ideas,ListItem,,,no,no,no,unknown type for this validator (no required/recommended table for 'ListItem')
https://www.orangejelly.co.uk/licensees-guide/prs-ppl-music-licensing-pubs,ProfessionalService,,,no,no,no,unknown type for this validator (no required/recommended table for 'ProfessionalService')
https://www.orangejelly.co.uk/licensees-guide/prs-ppl-music-licensing-pubs,ImageObject,,,no,no,no,unknown type for this validator (no required/recommended table for 'ImageObject')
https://www.orangejelly.co.uk/licensees-guide/prs-ppl-music-licensing-pubs,Person,,,no,no,no,unknown type for this validator (no required/recommended table for 'Person')
https://www.orangejelly.co.uk/licensees-guide/prs-ppl-music-licensing-pubs,ContactPoint,,,no,no,no,unknown type for this validator (no required/recommended table for 'ContactPoint')
https://www.orangejelly.co.uk/licensees-guide/prs-ppl-music-licensing-pubs,PostalAddress,,,no,no,no,unknown type for this validator (no required/recommended table for 'PostalAddress')
https://www.orangejelly.co.uk/licensees-guide/prs-ppl-music-licensing-pubs,GeoCoordinates,,,no,no,no,unknown type for this validator (no required/recommended table for 'GeoCoordinates')
https://www.orangejelly.co.uk/licensees-guide/prs-ppl-music-licensing-pubs,WebSite,,potentialAction,no,no,no,
https://www.orangejelly.co.uk/licensees-guide/prs-ppl-music-licensing-pubs,BreadcrumbList,,,no,no,yes,
https://www.orangejelly.co.uk/licensees-guide/prs-ppl-music-licensing-pubs,ListItem,,,no,no,no,unknown type for this validator (no required/recommended table for 'ListItem')
https://www.orangejelly.co.uk/licensees-guide/prs-ppl-music-licensing-pubs,BlogPosting,,image,no,no,yes,
https://www.orangejelly.co.uk/licensees-guide/prs-ppl-music-licensing-pubs,Person,,,no,no,no,unknown type for this validator (no required/recommended table for 'Person')
https://www.orangejelly.co.uk/licensees-guide/prs-ppl-music-licensing-pubs,Organization,,url; sameAs; contactPoint,no,no,no,
https://www.orangejelly.co.uk/licensees-guide/prs-ppl-music-licensing-pubs,ImageObject,,,no,no,no,unknown type for this validator (no required/recommended table for 'ImageObject')
https://www.orangejelly.co.uk/licensees-guide/prs-ppl-music-licensing-pubs,WebPage,,,no,no,no,unknown type for this validator (no required/recommended table for 'WebPage')
https://www.orangejelly.co.uk/licensees-guide/prs-ppl-music-licensing-pubs,SpeakableSpecification,,,no,no,no,unknown type for this validator (no required/recommended table for 'SpeakableSpecification')
https://www.orangejelly.co.uk/licensees-guide/prs-ppl-music-licensing-pubs,Thing,,,no,no,no,unknown type for this validator (no required/recommended table for 'Thing')
https://www.orangejelly.co.uk/licensees-guide/prs-ppl-music-licensing-pubs,Thing,,,no,no,no,unknown type for this validator (no required/recommended table for 'Thing')
https://www.orangejelly.co.uk/licensees-guide/prs-ppl-music-licensing-pubs,Thing,,,no,no,no,unknown type for this validator (no required/recommended table for 'Thing')
https://www.orangejelly.co.uk/licensees-guide/prs-ppl-music-licensing-pubs,Thing,,,no,no,no,unknown type for this validator (no required/recommended table for 'Thing')
https://www.orangejelly.co.uk/licensees-guide/prs-ppl-music-licensing-pubs,FAQPage,,,yes,no,no,FAQ rich results are now limited to authoritative government/health sites (Aug 2023). Markup is still valid but most sites no longer earn a rich result.
https://www.orangejelly.co.uk/licensees-guide/prs-ppl-music-licensing-pubs,Question,,,no,no,no,unknown type for this validator (no required/recommended table for 'Question')
https://www.orangejelly.co.uk/licensees-guide/prs-ppl-music-licensing-pubs,Answer,,,no,no,no,unknown type for this validator (no required/recommended table for 'Answer')
https://www.orangejelly.co.uk/licensees-guide/prs-ppl-music-licensing-pubs,Question,,,no,no,no,unknown type for this validator (no required/recommended table for 'Question')
https://www.orangejelly.co.uk/licensees-guide/prs-ppl-music-licensing-pubs,Answer,,,no,no,no,unknown type for this validator (no required/recommended table for 'Answer')
https://www.orangejelly.co.uk/licensees-guide/prs-ppl-music-licensing-pubs,Question,,,no,no,no,unknown type for this validator (no required/recommended table for 'Question')
https://www.orangejelly.co.uk/licensees-guide/prs-ppl-music-licensing-pubs,Answer,,,no,no,no,unknown type for this validator (no required/recommended table for 'Answer')
https://www.orangejelly.co.uk/licensees-guide/prs-ppl-music-licensing-pubs,Question,,,no,no,no,unknown type for this validator (no required/recommended table for 'Question')
https://www.orangejelly.co.uk/licensees-guide/prs-ppl-music-licensing-pubs,Answer,,,no,no,no,unknown type for this validator (no required/recommended table for 'Answer')
https://www.orangejelly.co.uk/licensees-guide/prs-ppl-music-licensing-pubs,Question,,,no,no,no,unknown type for this validator (no required/recommended table for 'Question')
https://www.orangejelly.co.uk/licensees-guide/prs-ppl-music-licensing-pubs,Answer,,,no,no,no,unknown type for this validator (no required/recommended table for 'Answer')
https://www.orangejelly.co.uk/licensees-guide/prs-ppl-music-licensing-pubs,Question,,,no,no,no,unknown type for this validator (no required/recommended table for 'Question')
https://www.orangejelly.co.uk/licensees-guide/prs-ppl-music-licensing-pubs,Answer,,,no,no,no,unknown type for this validator (no required/recommended table for 'Answer')
https://www.orangejelly.co.uk/licensees-guide/prs-ppl-music-licensing-pubs,BreadcrumbList,,,no,no,yes,
https://www.orangejelly.co.uk/licensees-guide/prs-ppl-music-licensing-pubs,ListItem,,,no,no,no,unknown type for this validator (no required/recommended table for 'ListItem')
https://www.orangejelly.co.uk/licensees-guide/prs-ppl-music-licensing-pubs,ListItem,,,no,no,no,unknown type for this validator (no required/recommended table for 'ListItem')
https://www.orangejelly.co.uk/licensees-guide/prs-ppl-music-licensing-pubs,ListItem,,,no,no,no,unknown type for this validator (no required/recommended table for 'ListItem')
https://www.orangejelly.co.uk/licensees-guide/prs-ppl-music-licensing-pubs,BreadcrumbList,,,no,no,yes,
https://www.orangejelly.co.uk/licensees-guide/prs-ppl-music-licensing-pubs,ListItem,,,no,no,no,unknown type for this validator (no required/recommended table for 'ListItem')
https://www.orangejelly.co.uk/licensees-guide/prs-ppl-music-licensing-pubs,ListItem,,,no,no,no,unknown type for this validator (no required/recommended table for 'ListItem')
https://www.orangejelly.co.uk/licensees-guide/prs-ppl-music-licensing-pubs,ListItem,,,no,no,no,unknown type for this validator (no required/recommended table for 'ListItem')
https://www.orangejelly.co.uk/licensees-guide/pub-accessibility-welcoming-guide,ProfessionalService,,,no,no,no,unknown type for this validator (no required/recommended table for 'ProfessionalService')
https://www.orangejelly.co.uk/licensees-guide/pub-accessibility-welcoming-guide,ImageObject,,,no,no,no,unknown type for this validator (no required/recommended table for 'ImageObject')
https://www.orangejelly.co.uk/licensees-guide/pub-accessibility-welcoming-guide,Person,,,no,no,no,unknown type for this validator (no required/recommended table for 'Person')
https://www.orangejelly.co.uk/licensees-guide/pub-accessibility-welcoming-guide,ContactPoint,,,no,no,no,unknown type for this validator (no required/recommended table for 'ContactPoint')
https://www.orangejelly.co.uk/licensees-guide/pub-accessibility-welcoming-guide,PostalAddress,,,no,no,no,unknown type for this validator (no required/recommended table for 'PostalAddress')
https://www.orangejelly.co.uk/licensees-guide/pub-accessibility-welcoming-guide,GeoCoordinates,,,no,no,no,unknown type for this validator (no required/recommended table for 'GeoCoordinates')
https://www.orangejelly.co.uk/licensees-guide/pub-accessibility-welcoming-guide,WebSite,,potentialAction,no,no,no,
https://www.orangejelly.co.uk/licensees-guide/pub-accessibility-welcoming-guide,BreadcrumbList,,,no,no,yes,
https://www.orangejelly.co.uk/licensees-guide/pub-accessibility-welcoming-guide,ListItem,,,no,no,no,unknown type for this validator (no required/recommended table for 'ListItem')
https://www.orangejelly.co.uk/licensees-guide/pub-accessibility-welcoming-guide,BlogPosting,,image,no,no,yes,
https://www.orangejelly.co.uk/licensees-guide/pub-accessibility-welcoming-guide,Person,,,no,no,no,unknown type for this validator (no required/recommended table for 'Person')
https://www.orangejelly.co.uk/licensees-guide/pub-accessibility-welcoming-guide,Organization,,url; sameAs; contactPoint,no,no,no,
https://www.orangejelly.co.uk/licensees-guide/pub-accessibility-welcoming-guide,ImageObject,,,no,no,no,unknown type for this validator (no required/recommended table for 'ImageObject')
https://www.orangejelly.co.uk/licensees-guide/pub-accessibility-welcoming-guide,WebPage,,,no,no,no,unknown type for this validator (no required/recommended table for 'WebPage')
https://www.orangejelly.co.uk/licensees-guide/pub-accessibility-welcoming-guide,SpeakableSpecification,,,no,no,no,unknown type for this validator (no required/recommended table for 'SpeakableSpecification')
https://www.orangejelly.co.uk/licensees-guide/pub-accessibility-welcoming-guide,Thing,,,no,no,no,unknown type for this validator (no required/recommended table for 'Thing')
https://www.orangejelly.co.uk/licensees-guide/pub-accessibility-welcoming-guide,Thing,,,no,no,no,unknown type for this validator (no required/recommended table for 'Thing')
https://www.orangejelly.co.uk/licensees-guide/pub-accessibility-welcoming-guide,Thing,,,no,no,no,unknown type for this validator (no required/recommended table for 'Thing')
https://www.orangejelly.co.uk/licensees-guide/pub-accessibility-welcoming-guide,Thing,,,no,no,no,unknown type for this validator (no required/recommended table for 'Thing')
https://www.orangejelly.co.uk/licensees-guide/pub-accessibility-welcoming-guide,FAQPage,,,yes,no,no,FAQ rich results are now limited to authoritative government/health sites (Aug 2023). Markup is still valid but most sites no longer earn a rich result.
https://www.orangejelly.co.uk/licensees-guide/pub-accessibility-welcoming-guide,Question,,,no,no,no,unknown type for this validator (no required/recommended table for 'Question')
https://www.orangejelly.co.uk/licensees-guide/pub-accessibility-welcoming-guide,Answer,,,no,no,no,unknown type for this validator (no required/recommended table for 'Answer')
https://www.orangejelly.co.uk/licensees-guide/pub-accessibility-welcoming-guide,Question,,,no,no,no,unknown type for this validator (no required/recommended table for 'Question')
https://www.orangejelly.co.uk/licensees-guide/pub-accessibility-welcoming-guide,Answer,,,no,no,no,unknown type for this validator (no required/recommended table for 'Answer')
https://www.orangejelly.co.uk/licensees-guide/pub-accessibility-welcoming-guide,Question,,,no,no,no,unknown type for this validator (no required/recommended table for 'Question')
https://www.orangejelly.co.uk/licensees-guide/pub-accessibility-welcoming-guide,Answer,,,no,no,no,unknown type for this validator (no required/recommended table for 'Answer')
https://www.orangejelly.co.uk/licensees-guide/pub-accessibility-welcoming-guide,Question,,,no,no,no,unknown type for this validator (no required/recommended table for 'Question')
https://www.orangejelly.co.uk/licensees-guide/pub-accessibility-welcoming-guide,Answer,,,no,no,no,unknown type for this validator (no required/recommended table for 'Answer')
https://www.orangejelly.co.uk/licensees-guide/pub-accessibility-welcoming-guide,Question,,,no,no,no,unknown type for this validator (no required/recommended table for 'Question')
https://www.orangejelly.co.uk/licensees-guide/pub-accessibility-welcoming-guide,Answer,,,no,no,no,unknown type for this validator (no required/recommended table for 'Answer')
https://www.orangejelly.co.uk/licensees-guide/pub-accessibility-welcoming-guide,Question,,,no,no,no,unknown type for this validator (no required/recommended table for 'Question')
https://www.orangejelly.co.uk/licensees-guide/pub-accessibility-welcoming-guide,Answer,,,no,no,no,unknown type for this validator (no required/recommended table for 'Answer')
https://www.orangejelly.co.uk/licensees-guide/pub-accessibility-welcoming-guide,BreadcrumbList,,,no,no,yes,
https://www.orangejelly.co.uk/licensees-guide/pub-accessibility-welcoming-guide,ListItem,,,no,no,no,unknown type for this validator (no required/recommended table for 'ListItem')
https://www.orangejelly.co.uk/licensees-guide/pub-accessibility-welcoming-guide,ListItem,,,no,no,no,unknown type for this validator (no required/recommended table for 'ListItem')
https://www.orangejelly.co.uk/licensees-guide/pub-accessibility-welcoming-guide,ListItem,,,no,no,no,unknown type for this validator (no required/recommended table for 'ListItem')
https://www.orangejelly.co.uk/licensees-guide/pub-accessibility-welcoming-guide,BreadcrumbList,,,no,no,yes,
https://www.orangejelly.co.uk/licensees-guide/pub-accessibility-welcoming-guide,ListItem,,,no,no,no,unknown type for this validator (no required/recommended table for 'ListItem')
https://www.orangejelly.co.uk/licensees-guide/pub-accessibility-welcoming-guide,ListItem,,,no,no,no,unknown type for this validator (no required/recommended table for 'ListItem')
https://www.orangejelly.co.uk/licensees-guide/pub-accessibility-welcoming-guide,ListItem,,,no,no,no,unknown type for this validator (no required/recommended table for 'ListItem')
https://www.orangejelly.co.uk/licensees-guide/pub-business-plan-template-guide,ProfessionalService,,,no,no,no,unknown type for this validator (no required/recommended table for 'ProfessionalService')
https://www.orangejelly.co.uk/licensees-guide/pub-business-plan-template-guide,ImageObject,,,no,no,no,unknown type for this validator (no required/recommended table for 'ImageObject')
https://www.orangejelly.co.uk/licensees-guide/pub-business-plan-template-guide,Person,,,no,no,no,unknown type for this validator (no required/recommended table for 'Person')
https://www.orangejelly.co.uk/licensees-guide/pub-business-plan-template-guide,ContactPoint,,,no,no,no,unknown type for this validator (no required/recommended table for 'ContactPoint')
https://www.orangejelly.co.uk/licensees-guide/pub-business-plan-template-guide,PostalAddress,,,no,no,no,unknown type for this validator (no required/recommended table for 'PostalAddress')
https://www.orangejelly.co.uk/licensees-guide/pub-business-plan-template-guide,GeoCoordinates,,,no,no,no,unknown type for this validator (no required/recommended table for 'GeoCoordinates')
https://www.orangejelly.co.uk/licensees-guide/pub-business-plan-template-guide,WebSite,,potentialAction,no,no,no,
https://www.orangejelly.co.uk/licensees-guide/pub-business-plan-template-guide,BreadcrumbList,,,no,no,yes,
https://www.orangejelly.co.uk/licensees-guide/pub-business-plan-template-guide,ListItem,,,no,no,no,unknown type for this validator (no required/recommended table for 'ListItem')
https://www.orangejelly.co.uk/licensees-guide/pub-business-plan-template-guide,BlogPosting,,image,no,no,yes,
https://www.orangejelly.co.uk/licensees-guide/pub-business-plan-template-guide,Person,,,no,no,no,unknown type for this validator (no required/recommended table for 'Person')
https://www.orangejelly.co.uk/licensees-guide/pub-business-plan-template-guide,Organization,,url; sameAs; contactPoint,no,no,no,
https://www.orangejelly.co.uk/licensees-guide/pub-business-plan-template-guide,ImageObject,,,no,no,no,unknown type for this validator (no required/recommended table for 'ImageObject')
https://www.orangejelly.co.uk/licensees-guide/pub-business-plan-template-guide,WebPage,,,no,no,no,unknown type for this validator (no required/recommended table for 'WebPage')
https://www.orangejelly.co.uk/licensees-guide/pub-business-plan-template-guide,SpeakableSpecification,,,no,no,no,unknown type for this validator (no required/recommended table for 'SpeakableSpecification')
https://www.orangejelly.co.uk/licensees-guide/pub-business-plan-template-guide,Thing,,,no,no,no,unknown type for this validator (no required/recommended table for 'Thing')
https://www.orangejelly.co.uk/licensees-guide/pub-business-plan-template-guide,Thing,,,no,no,no,unknown type for this validator (no required/recommended table for 'Thing')
https://www.orangejelly.co.uk/licensees-guide/pub-business-plan-template-guide,Thing,,,no,no,no,unknown type for this validator (no required/recommended table for 'Thing')
https://www.orangejelly.co.uk/licensees-guide/pub-business-plan-template-guide,FAQPage,,,yes,no,no,FAQ rich results are now limited to authoritative government/health sites (Aug 2023). Markup is still valid but most sites no longer earn a rich result.
https://www.orangejelly.co.uk/licensees-guide/pub-business-plan-template-guide,Question,,,no,no,no,unknown type for this validator (no required/recommended table for 'Question')
https://www.orangejelly.co.uk/licensees-guide/pub-business-plan-template-guide,Answer,,,no,no,no,unknown type for this validator (no required/recommended table for 'Answer')
https://www.orangejelly.co.uk/licensees-guide/pub-business-plan-template-guide,Question,,,no,no,no,unknown type for this validator (no required/recommended table for 'Question')
https://www.orangejelly.co.uk/licensees-guide/pub-business-plan-template-guide,Answer,,,no,no,no,unknown type for this validator (no required/recommended table for 'Answer')
https://www.orangejelly.co.uk/licensees-guide/pub-business-plan-template-guide,Question,,,no,no,no,unknown type for this validator (no required/recommended table for 'Question')
https://www.orangejelly.co.uk/licensees-guide/pub-business-plan-template-guide,Answer,,,no,no,no,unknown type for this validator (no required/recommended table for 'Answer')
https://www.orangejelly.co.uk/licensees-guide/pub-business-plan-template-guide,Question,,,no,no,no,unknown type for this validator (no required/recommended table for 'Question')
https://www.orangejelly.co.uk/licensees-guide/pub-business-plan-template-guide,Answer,,,no,no,no,unknown type for this validator (no required/recommended table for 'Answer')
https://www.orangejelly.co.uk/licensees-guide/pub-business-plan-template-guide,Question,,,no,no,no,unknown type for this validator (no required/recommended table for 'Question')
https://www.orangejelly.co.uk/licensees-guide/pub-business-plan-template-guide,Answer,,,no,no,no,unknown type for this validator (no required/recommended table for 'Answer')
https://www.orangejelly.co.uk/licensees-guide/pub-business-plan-template-guide,Question,,,no,no,no,unknown type for this validator (no required/recommended table for 'Question')
https://www.orangejelly.co.uk/licensees-guide/pub-business-plan-template-guide,Answer,,,no,no,no,unknown type for this validator (no required/recommended table for 'Answer')
https://www.orangejelly.co.uk/licensees-guide/pub-business-plan-template-guide,BreadcrumbList,,,no,no,yes,
https://www.orangejelly.co.uk/licensees-guide/pub-business-plan-template-guide,ListItem,,,no,no,no,unknown type for this validator (no required/recommended table for 'ListItem')
https://www.orangejelly.co.uk/licensees-guide/pub-business-plan-template-guide,ListItem,,,no,no,no,unknown type for this validator (no required/recommended table for 'ListItem')
https://www.orangejelly.co.uk/licensees-guide/pub-business-plan-template-guide,ListItem,,,no,no,no,unknown type for this validator (no required/recommended table for 'ListItem')
https://www.orangejelly.co.uk/licensees-guide/pub-business-plan-template-guide,BreadcrumbList,,,no,no,yes,
https://www.orangejelly.co.uk/licensees-guide/pub-business-plan-template-guide,ListItem,,,no,no,no,unknown type for this validator (no required/recommended table for 'ListItem')
https://www.orangejelly.co.uk/licensees-guide/pub-business-plan-template-guide,ListItem,,,no,no,no,unknown type for this validator (no required/recommended table for 'ListItem')
https://www.orangejelly.co.uk/licensees-guide/pub-business-plan-template-guide,ListItem,,,no,no,no,unknown type for this validator (no required/recommended table for 'ListItem')
https://www.orangejelly.co.uk/licensees-guide/pub-chalkboard-a-board-ideas,ProfessionalService,,,no,no,no,unknown type for this validator (no required/recommended table for 'ProfessionalService')
https://www.orangejelly.co.uk/licensees-guide/pub-chalkboard-a-board-ideas,ImageObject,,,no,no,no,unknown type for this validator (no required/recommended table for 'ImageObject')
https://www.orangejelly.co.uk/licensees-guide/pub-chalkboard-a-board-ideas,Person,,,no,no,no,unknown type for this validator (no required/recommended table for 'Person')
https://www.orangejelly.co.uk/licensees-guide/pub-chalkboard-a-board-ideas,ContactPoint,,,no,no,no,unknown type for this validator (no required/recommended table for 'ContactPoint')
https://www.orangejelly.co.uk/licensees-guide/pub-chalkboard-a-board-ideas,PostalAddress,,,no,no,no,unknown type for this validator (no required/recommended table for 'PostalAddress')
https://www.orangejelly.co.uk/licensees-guide/pub-chalkboard-a-board-ideas,GeoCoordinates,,,no,no,no,unknown type for this validator (no required/recommended table for 'GeoCoordinates')
https://www.orangejelly.co.uk/licensees-guide/pub-chalkboard-a-board-ideas,WebSite,,potentialAction,no,no,no,
https://www.orangejelly.co.uk/licensees-guide/pub-chalkboard-a-board-ideas,BreadcrumbList,,,no,no,yes,
https://www.orangejelly.co.uk/licensees-guide/pub-chalkboard-a-board-ideas,ListItem,,,no,no,no,unknown type for this validator (no required/recommended table for 'ListItem')
https://www.orangejelly.co.uk/licensees-guide/pub-chalkboard-a-board-ideas,BlogPosting,,image,no,no,yes,
https://www.orangejelly.co.uk/licensees-guide/pub-chalkboard-a-board-ideas,Person,,,no,no,no,unknown type for this validator (no required/recommended table for 'Person')
https://www.orangejelly.co.uk/licensees-guide/pub-chalkboard-a-board-ideas,Organization,,url; sameAs; contactPoint,no,no,no,
https://www.orangejelly.co.uk/licensees-guide/pub-chalkboard-a-board-ideas,ImageObject,,,no,no,no,unknown type for this validator (no required/recommended table for 'ImageObject')
https://www.orangejelly.co.uk/licensees-guide/pub-chalkboard-a-board-ideas,WebPage,,,no,no,no,unknown type for this validator (no required/recommended table for 'WebPage')
https://www.orangejelly.co.uk/licensees-guide/pub-chalkboard-a-board-ideas,SpeakableSpecification,,,no,no,no,unknown type for this validator (no required/recommended table for 'SpeakableSpecification')
https://www.orangejelly.co.uk/licensees-guide/pub-chalkboard-a-board-ideas,Thing,,,no,no,no,unknown type for this validator (no required/recommended table for 'Thing')
https://www.orangejelly.co.uk/licensees-guide/pub-chalkboard-a-board-ideas,Thing,,,no,no,no,unknown type for this validator (no required/recommended table for 'Thing')
https://www.orangejelly.co.uk/licensees-guide/pub-chalkboard-a-board-ideas,Thing,,,no,no,no,unknown type for this validator (no required/recommended table for 'Thing')
https://www.orangejelly.co.uk/licensees-guide/pub-chalkboard-a-board-ideas,Thing,,,no,no,no,unknown type for this validator (no required/recommended table for 'Thing')
https://www.orangejelly.co.uk/licensees-guide/pub-chalkboard-a-board-ideas,FAQPage,,,yes,no,no,FAQ rich results are now limited to authoritative government/health sites (Aug 2023). Markup is still valid but most sites no longer earn a rich result.
https://www.orangejelly.co.uk/licensees-guide/pub-chalkboard-a-board-ideas,Question,,,no,no,no,unknown type for this validator (no required/recommended table for 'Question')
https://www.orangejelly.co.uk/licensees-guide/pub-chalkboard-a-board-ideas,Answer,,,no,no,no,unknown type for this validator (no required/recommended table for 'Answer')
https://www.orangejelly.co.uk/licensees-guide/pub-chalkboard-a-board-ideas,Question,,,no,no,no,unknown type for this validator (no required/recommended table for 'Question')
https://www.orangejelly.co.uk/licensees-guide/pub-chalkboard-a-board-ideas,Answer,,,no,no,no,unknown type for this validator (no required/recommended table for 'Answer')
https://www.orangejelly.co.uk/licensees-guide/pub-chalkboard-a-board-ideas,Question,,,no,no,no,unknown type for this validator (no required/recommended table for 'Question')
https://www.orangejelly.co.uk/licensees-guide/pub-chalkboard-a-board-ideas,Answer,,,no,no,no,unknown type for this validator (no required/recommended table for 'Answer')
https://www.orangejelly.co.uk/licensees-guide/pub-chalkboard-a-board-ideas,Question,,,no,no,no,unknown type for this validator (no required/recommended table for 'Question')
https://www.orangejelly.co.uk/licensees-guide/pub-chalkboard-a-board-ideas,Answer,,,no,no,no,unknown type for this validator (no required/recommended table for 'Answer')
https://www.orangejelly.co.uk/licensees-guide/pub-chalkboard-a-board-ideas,Question,,,no,no,no,unknown type for this validator (no required/recommended table for 'Question')
https://www.orangejelly.co.uk/licensees-guide/pub-chalkboard-a-board-ideas,Answer,,,no,no,no,unknown type for this validator (no required/recommended table for 'Answer')
https://www.orangejelly.co.uk/licensees-guide/pub-chalkboard-a-board-ideas,BreadcrumbList,,,no,no,yes,
https://www.orangejelly.co.uk/licensees-guide/pub-chalkboard-a-board-ideas,ListItem,,,no,no,no,unknown type for this validator (no required/recommended table for 'ListItem')
https://www.orangejelly.co.uk/licensees-guide/pub-chalkboard-a-board-ideas,ListItem,,,no,no,no,unknown type for this validator (no required/recommended table for 'ListItem')
https://www.orangejelly.co.uk/licensees-guide/pub-chalkboard-a-board-ideas,ListItem,,,no,no,no,unknown type for this validator (no required/recommended table for 'ListItem')
https://www.orangejelly.co.uk/licensees-guide/pub-chalkboard-a-board-ideas,BreadcrumbList,,,no,no,yes,
https://www.orangejelly.co.uk/licensees-guide/pub-chalkboard-a-board-ideas,ListItem,,,no,no,no,unknown type for this validator (no required/recommended table for 'ListItem')
https://www.orangejelly.co.uk/licensees-guide/pub-chalkboard-a-board-ideas,ListItem,,,no,no,no,unknown type for this validator (no required/recommended table for 'ListItem')
https://www.orangejelly.co.uk/licensees-guide/pub-chalkboard-a-board-ideas,ListItem,,,no,no,no,unknown type for this validator (no required/recommended table for 'ListItem')
https://www.orangejelly.co.uk/licensees-guide/pub-christmas-bookings-fill-december,ProfessionalService,,,no,no,no,unknown type for this validator (no required/recommended table for 'ProfessionalService')
https://www.orangejelly.co.uk/licensees-guide/pub-christmas-bookings-fill-december,ImageObject,,,no,no,no,unknown type for this validator (no required/recommended table for 'ImageObject')
https://www.orangejelly.co.uk/licensees-guide/pub-christmas-bookings-fill-december,Person,,,no,no,no,unknown type for this validator (no required/recommended table for 'Person')
https://www.orangejelly.co.uk/licensees-guide/pub-christmas-bookings-fill-december,ContactPoint,,,no,no,no,unknown type for this validator (no required/recommended table for 'ContactPoint')
https://www.orangejelly.co.uk/licensees-guide/pub-christmas-bookings-fill-december,PostalAddress,,,no,no,no,unknown type for this validator (no required/recommended table for 'PostalAddress')
https://www.orangejelly.co.uk/licensees-guide/pub-christmas-bookings-fill-december,GeoCoordinates,,,no,no,no,unknown type for this validator (no required/recommended table for 'GeoCoordinates')
https://www.orangejelly.co.uk/licensees-guide/pub-christmas-bookings-fill-december,WebSite,,potentialAction,no,no,no,
https://www.orangejelly.co.uk/licensees-guide/pub-christmas-bookings-fill-december,BreadcrumbList,,,no,no,yes,
https://www.orangejelly.co.uk/licensees-guide/pub-christmas-bookings-fill-december,ListItem,,,no,no,no,unknown type for this validator (no required/recommended table for 'ListItem')
https://www.orangejelly.co.uk/licensees-guide/pub-christmas-bookings-fill-december,BlogPosting,,image,no,no,yes,
https://www.orangejelly.co.uk/licensees-guide/pub-christmas-bookings-fill-december,Person,,,no,no,no,unknown type for this validator (no required/recommended table for 'Person')
https://www.orangejelly.co.uk/licensees-guide/pub-christmas-bookings-fill-december,Organization,,url; sameAs; contactPoint,no,no,no,
https://www.orangejelly.co.uk/licensees-guide/pub-christmas-bookings-fill-december,ImageObject,,,no,no,no,unknown type for this validator (no required/recommended table for 'ImageObject')
https://www.orangejelly.co.uk/licensees-guide/pub-christmas-bookings-fill-december,WebPage,,,no,no,no,unknown type for this validator (no required/recommended table for 'WebPage')
https://www.orangejelly.co.uk/licensees-guide/pub-christmas-bookings-fill-december,SpeakableSpecification,,,no,no,no,unknown type for this validator (no required/recommended table for 'SpeakableSpecification')
https://www.orangejelly.co.uk/licensees-guide/pub-christmas-bookings-fill-december,Thing,,,no,no,no,unknown type for this validator (no required/recommended table for 'Thing')
https://www.orangejelly.co.uk/licensees-guide/pub-christmas-bookings-fill-december,Thing,,,no,no,no,unknown type for this validator (no required/recommended table for 'Thing')
https://www.orangejelly.co.uk/licensees-guide/pub-christmas-bookings-fill-december,Thing,,,no,no,no,unknown type for this validator (no required/recommended table for 'Thing')
https://www.orangejelly.co.uk/licensees-guide/pub-christmas-bookings-fill-december,Thing,,,no,no,no,unknown type for this validator (no required/recommended table for 'Thing')
https://www.orangejelly.co.uk/licensees-guide/pub-christmas-bookings-fill-december,FAQPage,,,yes,no,no,FAQ rich results are now limited to authoritative government/health sites (Aug 2023). Markup is still valid but most sites no longer earn a rich result.
https://www.orangejelly.co.uk/licensees-guide/pub-christmas-bookings-fill-december,Question,,,no,no,no,unknown type for this validator (no required/recommended table for 'Question')
https://www.orangejelly.co.uk/licensees-guide/pub-christmas-bookings-fill-december,Answer,,,no,no,no,unknown type for this validator (no required/recommended table for 'Answer')
https://www.orangejelly.co.uk/licensees-guide/pub-christmas-bookings-fill-december,Question,,,no,no,no,unknown type for this validator (no required/recommended table for 'Question')
https://www.orangejelly.co.uk/licensees-guide/pub-christmas-bookings-fill-december,Answer,,,no,no,no,unknown type for this validator (no required/recommended table for 'Answer')
https://www.orangejelly.co.uk/licensees-guide/pub-christmas-bookings-fill-december,Question,,,no,no,no,unknown type for this validator (no required/recommended table for 'Question')
https://www.orangejelly.co.uk/licensees-guide/pub-christmas-bookings-fill-december,Answer,,,no,no,no,unknown type for this validator (no required/recommended table for 'Answer')
https://www.orangejelly.co.uk/licensees-guide/pub-christmas-bookings-fill-december,Question,,,no,no,no,unknown type for this validator (no required/recommended table for 'Question')
https://www.orangejelly.co.uk/licensees-guide/pub-christmas-bookings-fill-december,Answer,,,no,no,no,unknown type for this validator (no required/recommended table for 'Answer')
https://www.orangejelly.co.uk/licensees-guide/pub-christmas-bookings-fill-december,Question,,,no,no,no,unknown type for this validator (no required/recommended table for 'Question')
https://www.orangejelly.co.uk/licensees-guide/pub-christmas-bookings-fill-december,Answer,,,no,no,no,unknown type for this validator (no required/recommended table for 'Answer')
https://www.orangejelly.co.uk/licensees-guide/pub-christmas-bookings-fill-december,BreadcrumbList,,,no,no,yes,
https://www.orangejelly.co.uk/licensees-guide/pub-christmas-bookings-fill-december,ListItem,,,no,no,no,unknown type for this validator (no required/recommended table for 'ListItem')
https://www.orangejelly.co.uk/licensees-guide/pub-christmas-bookings-fill-december,ListItem,,,no,no,no,unknown type for this validator (no required/recommended table for 'ListItem')
https://www.orangejelly.co.uk/licensees-guide/pub-christmas-bookings-fill-december,ListItem,,,no,no,no,unknown type for this validator (no required/recommended table for 'ListItem')
https://www.orangejelly.co.uk/licensees-guide/pub-christmas-bookings-fill-december,ListItem,,,no,no,no,unknown type for this validator (no required/recommended table for 'ListItem')
https://www.orangejelly.co.uk/licensees-guide/pub-christmas-bookings-fill-december,BreadcrumbList,,,no,no,yes,
https://www.orangejelly.co.uk/licensees-guide/pub-christmas-bookings-fill-december,ListItem,,,no,no,no,unknown type for this validator (no required/recommended table for 'ListItem')
https://www.orangejelly.co.uk/licensees-guide/pub-christmas-bookings-fill-december,ListItem,,,no,no,no,unknown type for this validator (no required/recommended table for 'ListItem')
https://www.orangejelly.co.uk/licensees-guide/pub-christmas-bookings-fill-december,ListItem,,,no,no,no,unknown type for this validator (no required/recommended table for 'ListItem')
https://www.orangejelly.co.uk/licensees-guide/pub-christmas-bookings-fill-december,ListItem,,,no,no,no,unknown type for this validator (no required/recommended table for 'ListItem')
https://www.orangejelly.co.uk/licensees-guide/pub-differentiation-strategies,ProfessionalService,,,no,no,no,unknown type for this validator (no required/recommended table for 'ProfessionalService')
https://www.orangejelly.co.uk/licensees-guide/pub-differentiation-strategies,ImageObject,,,no,no,no,unknown type for this validator (no required/recommended table for 'ImageObject')
https://www.orangejelly.co.uk/licensees-guide/pub-differentiation-strategies,Person,,,no,no,no,unknown type for this validator (no required/recommended table for 'Person')
https://www.orangejelly.co.uk/licensees-guide/pub-differentiation-strategies,ContactPoint,,,no,no,no,unknown type for this validator (no required/recommended table for 'ContactPoint')
https://www.orangejelly.co.uk/licensees-guide/pub-differentiation-strategies,PostalAddress,,,no,no,no,unknown type for this validator (no required/recommended table for 'PostalAddress')
https://www.orangejelly.co.uk/licensees-guide/pub-differentiation-strategies,GeoCoordinates,,,no,no,no,unknown type for this validator (no required/recommended table for 'GeoCoordinates')
https://www.orangejelly.co.uk/licensees-guide/pub-differentiation-strategies,WebSite,,potentialAction,no,no,no,
https://www.orangejelly.co.uk/licensees-guide/pub-differentiation-strategies,BreadcrumbList,,,no,no,yes,
https://www.orangejelly.co.uk/licensees-guide/pub-differentiation-strategies,ListItem,,,no,no,no,unknown type for this validator (no required/recommended table for 'ListItem')
https://www.orangejelly.co.uk/licensees-guide/pub-differentiation-strategies,BlogPosting,,image,no,no,yes,
https://www.orangejelly.co.uk/licensees-guide/pub-differentiation-strategies,Person,,,no,no,no,unknown type for this validator (no required/recommended table for 'Person')
https://www.orangejelly.co.uk/licensees-guide/pub-differentiation-strategies,Organization,,url; sameAs; contactPoint,no,no,no,
https://www.orangejelly.co.uk/licensees-guide/pub-differentiation-strategies,ImageObject,,,no,no,no,unknown type for this validator (no required/recommended table for 'ImageObject')
https://www.orangejelly.co.uk/licensees-guide/pub-differentiation-strategies,WebPage,,,no,no,no,unknown type for this validator (no required/recommended table for 'WebPage')
https://www.orangejelly.co.uk/licensees-guide/pub-differentiation-strategies,SpeakableSpecification,,,no,no,no,unknown type for this validator (no required/recommended table for 'SpeakableSpecification')
https://www.orangejelly.co.uk/licensees-guide/pub-differentiation-strategies,Thing,,,no,no,no,unknown type for this validator (no required/recommended table for 'Thing')
https://www.orangejelly.co.uk/licensees-guide/pub-differentiation-strategies,Thing,,,no,no,no,unknown type for this validator (no required/recommended table for 'Thing')
https://www.orangejelly.co.uk/licensees-guide/pub-differentiation-strategies,Thing,,,no,no,no,unknown type for this validator (no required/recommended table for 'Thing')
https://www.orangejelly.co.uk/licensees-guide/pub-differentiation-strategies,FAQPage,,,yes,no,no,FAQ rich results are now limited to authoritative government/health sites (Aug 2023). Markup is still valid but most sites no longer earn a rich result.
https://www.orangejelly.co.uk/licensees-guide/pub-differentiation-strategies,Question,,,no,no,no,unknown type for this validator (no required/recommended table for 'Question')
https://www.orangejelly.co.uk/licensees-guide/pub-differentiation-strategies,Answer,,,no,no,no,unknown type for this validator (no required/recommended table for 'Answer')
https://www.orangejelly.co.uk/licensees-guide/pub-differentiation-strategies,Question,,,no,no,no,unknown type for this validator (no required/recommended table for 'Question')
https://www.orangejelly.co.uk/licensees-guide/pub-differentiation-strategies,Answer,,,no,no,no,unknown type for this validator (no required/recommended table for 'Answer')
https://www.orangejelly.co.uk/licensees-guide/pub-differentiation-strategies,Question,,,no,no,no,unknown type for this validator (no required/recommended table for 'Question')
https://www.orangejelly.co.uk/licensees-guide/pub-differentiation-strategies,Answer,,,no,no,no,unknown type for this validator (no required/recommended table for 'Answer')
https://www.orangejelly.co.uk/licensees-guide/pub-differentiation-strategies,BreadcrumbList,,,no,no,yes,
https://www.orangejelly.co.uk/licensees-guide/pub-differentiation-strategies,ListItem,,,no,no,no,unknown type for this validator (no required/recommended table for 'ListItem')
https://www.orangejelly.co.uk/licensees-guide/pub-differentiation-strategies,ListItem,,,no,no,no,unknown type for this validator (no required/recommended table for 'ListItem')
https://www.orangejelly.co.uk/licensees-guide/pub-differentiation-strategies,ListItem,,,no,no,no,unknown type for this validator (no required/recommended table for 'ListItem')
https://www.orangejelly.co.uk/licensees-guide/pub-differentiation-strategies,BreadcrumbList,,,no,no,yes,
https://www.orangejelly.co.uk/licensees-guide/pub-differentiation-strategies,ListItem,,,no,no,no,unknown type for this validator (no required/recommended table for 'ListItem')
https://www.orangejelly.co.uk/licensees-guide/pub-differentiation-strategies,ListItem,,,no,no,no,unknown type for this validator (no required/recommended table for 'ListItem')
https://www.orangejelly.co.uk/licensees-guide/pub-differentiation-strategies,ListItem,,,no,no,no,unknown type for this validator (no required/recommended table for 'ListItem')
https://www.orangejelly.co.uk/licensees-guide/pub-drinks-menu-design-guide,ProfessionalService,,,no,no,no,unknown type for this validator (no required/recommended table for 'ProfessionalService')
https://www.orangejelly.co.uk/licensees-guide/pub-drinks-menu-design-guide,ImageObject,,,no,no,no,unknown type for this validator (no required/recommended table for 'ImageObject')
https://www.orangejelly.co.uk/licensees-guide/pub-drinks-menu-design-guide,Person,,,no,no,no,unknown type for this validator (no required/recommended table for 'Person')
https://www.orangejelly.co.uk/licensees-guide/pub-drinks-menu-design-guide,ContactPoint,,,no,no,no,unknown type for this validator (no required/recommended table for 'ContactPoint')
https://www.orangejelly.co.uk/licensees-guide/pub-drinks-menu-design-guide,PostalAddress,,,no,no,no,unknown type for this validator (no required/recommended table for 'PostalAddress')
https://www.orangejelly.co.uk/licensees-guide/pub-drinks-menu-design-guide,GeoCoordinates,,,no,no,no,unknown type for this validator (no required/recommended table for 'GeoCoordinates')
https://www.orangejelly.co.uk/licensees-guide/pub-drinks-menu-design-guide,WebSite,,potentialAction,no,no,no,
https://www.orangejelly.co.uk/licensees-guide/pub-drinks-menu-design-guide,BreadcrumbList,,,no,no,yes,
https://www.orangejelly.co.uk/licensees-guide/pub-drinks-menu-design-guide,ListItem,,,no,no,no,unknown type for this validator (no required/recommended table for 'ListItem')
https://www.orangejelly.co.uk/licensees-guide/pub-drinks-menu-design-guide,BlogPosting,,image,no,no,yes,
https://www.orangejelly.co.uk/licensees-guide/pub-drinks-menu-design-guide,Person,,,no,no,no,unknown type for this validator (no required/recommended table for 'Person')
https://www.orangejelly.co.uk/licensees-guide/pub-drinks-menu-design-guide,Organization,,url; sameAs; contactPoint,no,no,no,
https://www.orangejelly.co.uk/licensees-guide/pub-drinks-menu-design-guide,ImageObject,,,no,no,no,unknown type for this validator (no required/recommended table for 'ImageObject')
https://www.orangejelly.co.uk/licensees-guide/pub-drinks-menu-design-guide,WebPage,,,no,no,no,unknown type for this validator (no required/recommended table for 'WebPage')
https://www.orangejelly.co.uk/licensees-guide/pub-drinks-menu-design-guide,SpeakableSpecification,,,no,no,no,unknown type for this validator (no required/recommended table for 'SpeakableSpecification')
https://www.orangejelly.co.uk/licensees-guide/pub-drinks-menu-design-guide,Thing,,,no,no,no,unknown type for this validator (no required/recommended table for 'Thing')
https://www.orangejelly.co.uk/licensees-guide/pub-drinks-menu-design-guide,Thing,,,no,no,no,unknown type for this validator (no required/recommended table for 'Thing')
https://www.orangejelly.co.uk/licensees-guide/pub-drinks-menu-design-guide,Thing,,,no,no,no,unknown type for this validator (no required/recommended table for 'Thing')
https://www.orangejelly.co.uk/licensees-guide/pub-drinks-menu-design-guide,FAQPage,,,yes,no,no,FAQ rich results are now limited to authoritative government/health sites (Aug 2023). Markup is still valid but most sites no longer earn a rich result.
https://www.orangejelly.co.uk/licensees-guide/pub-drinks-menu-design-guide,Question,,,no,no,no,unknown type for this validator (no required/recommended table for 'Question')
https://www.orangejelly.co.uk/licensees-guide/pub-drinks-menu-design-guide,Answer,,,no,no,no,unknown type for this validator (no required/recommended table for 'Answer')
https://www.orangejelly.co.uk/licensees-guide/pub-drinks-menu-design-guide,Question,,,no,no,no,unknown type for this validator (no required/recommended table for 'Question')
https://www.orangejelly.co.uk/licensees-guide/pub-drinks-menu-design-guide,Answer,,,no,no,no,unknown type for this validator (no required/recommended table for 'Answer')
https://www.orangejelly.co.uk/licensees-guide/pub-drinks-menu-design-guide,Question,,,no,no,no,unknown type for this validator (no required/recommended table for 'Question')
https://www.orangejelly.co.uk/licensees-guide/pub-drinks-menu-design-guide,Answer,,,no,no,no,unknown type for this validator (no required/recommended table for 'Answer')
https://www.orangejelly.co.uk/licensees-guide/pub-drinks-menu-design-guide,Question,,,no,no,no,unknown type for this validator (no required/recommended table for 'Question')
https://www.orangejelly.co.uk/licensees-guide/pub-drinks-menu-design-guide,Answer,,,no,no,no,unknown type for this validator (no required/recommended table for 'Answer')
https://www.orangejelly.co.uk/licensees-guide/pub-drinks-menu-design-guide,Question,,,no,no,no,unknown type for this validator (no required/recommended table for 'Question')
https://www.orangejelly.co.uk/licensees-guide/pub-drinks-menu-design-guide,Answer,,,no,no,no,unknown type for this validator (no required/recommended table for 'Answer')
https://www.orangejelly.co.uk/licensees-guide/pub-drinks-menu-design-guide,BreadcrumbList,,,no,no,yes,
https://www.orangejelly.co.uk/licensees-guide/pub-drinks-menu-design-guide,ListItem,,,no,no,no,unknown type for this validator (no required/recommended table for 'ListItem')
https://www.orangejelly.co.uk/licensees-guide/pub-drinks-menu-design-guide,ListItem,,,no,no,no,unknown type for this validator (no required/recommended table for 'ListItem')
https://www.orangejelly.co.uk/licensees-guide/pub-drinks-menu-design-guide,ListItem,,,no,no,no,unknown type for this validator (no required/recommended table for 'ListItem')
https://www.orangejelly.co.uk/licensees-guide/pub-drinks-menu-design-guide,BreadcrumbList,,,no,no,yes,
https://www.orangejelly.co.uk/licensees-guide/pub-drinks-menu-design-guide,ListItem,,,no,no,no,unknown type for this validator (no required/recommended table for 'ListItem')
https://www.orangejelly.co.uk/licensees-guide/pub-drinks-menu-design-guide,ListItem,,,no,no,no,unknown type for this validator (no required/recommended table for 'ListItem')
https://www.orangejelly.co.uk/licensees-guide/pub-drinks-menu-design-guide,ListItem,,,no,no,no,unknown type for this validator (no required/recommended table for 'ListItem')
https://www.orangejelly.co.uk/licensees-guide/pub-empty-tuesday-nights,ProfessionalService,,,no,no,no,unknown type for this validator (no required/recommended table for 'ProfessionalService')
https://www.orangejelly.co.uk/licensees-guide/pub-empty-tuesday-nights,ImageObject,,,no,no,no,unknown type for this validator (no required/recommended table for 'ImageObject')
https://www.orangejelly.co.uk/licensees-guide/pub-empty-tuesday-nights,Person,,,no,no,no,unknown type for this validator (no required/recommended table for 'Person')
https://www.orangejelly.co.uk/licensees-guide/pub-empty-tuesday-nights,ContactPoint,,,no,no,no,unknown type for this validator (no required/recommended table for 'ContactPoint')
https://www.orangejelly.co.uk/licensees-guide/pub-empty-tuesday-nights,PostalAddress,,,no,no,no,unknown type for this validator (no required/recommended table for 'PostalAddress')
https://www.orangejelly.co.uk/licensees-guide/pub-empty-tuesday-nights,GeoCoordinates,,,no,no,no,unknown type for this validator (no required/recommended table for 'GeoCoordinates')
https://www.orangejelly.co.uk/licensees-guide/pub-empty-tuesday-nights,WebSite,,potentialAction,no,no,no,
https://www.orangejelly.co.uk/licensees-guide/pub-empty-tuesday-nights,BreadcrumbList,,,no,no,yes,
https://www.orangejelly.co.uk/licensees-guide/pub-empty-tuesday-nights,ListItem,,,no,no,no,unknown type for this validator (no required/recommended table for 'ListItem')
https://www.orangejelly.co.uk/licensees-guide/pub-empty-tuesday-nights,BlogPosting,,image,no,no,yes,
https://www.orangejelly.co.uk/licensees-guide/pub-empty-tuesday-nights,Person,,,no,no,no,unknown type for this validator (no required/recommended table for 'Person')
https://www.orangejelly.co.uk/licensees-guide/pub-empty-tuesday-nights,Organization,,url; sameAs; contactPoint,no,no,no,
https://www.orangejelly.co.uk/licensees-guide/pub-empty-tuesday-nights,ImageObject,,,no,no,no,unknown type for this validator (no required/recommended table for 'ImageObject')
https://www.orangejelly.co.uk/licensees-guide/pub-empty-tuesday-nights,WebPage,,,no,no,no,unknown type for this validator (no required/recommended table for 'WebPage')
https://www.orangejelly.co.uk/licensees-guide/pub-empty-tuesday-nights,SpeakableSpecification,,,no,no,no,unknown type for this validator (no required/recommended table for 'SpeakableSpecification')
https://www.orangejelly.co.uk/licensees-guide/pub-empty-tuesday-nights,Thing,,,no,no,no,unknown type for this validator (no required/recommended table for 'Thing')
https://www.orangejelly.co.uk/licensees-guide/pub-empty-tuesday-nights,Thing,,,no,no,no,unknown type for this validator (no required/recommended table for 'Thing')
https://www.orangejelly.co.uk/licensees-guide/pub-empty-tuesday-nights,Thing,,,no,no,no,unknown type for this validator (no required/recommended table for 'Thing')
https://www.orangejelly.co.uk/licensees-guide/pub-empty-tuesday-nights,FAQPage,,,yes,no,no,FAQ rich results are now limited to authoritative government/health sites (Aug 2023). Markup is still valid but most sites no longer earn a rich result.
https://www.orangejelly.co.uk/licensees-guide/pub-empty-tuesday-nights,Question,,,no,no,no,unknown type for this validator (no required/recommended table for 'Question')
https://www.orangejelly.co.uk/licensees-guide/pub-empty-tuesday-nights,Answer,,,no,no,no,unknown type for this validator (no required/recommended table for 'Answer')
https://www.orangejelly.co.uk/licensees-guide/pub-empty-tuesday-nights,Question,,,no,no,no,unknown type for this validator (no required/recommended table for 'Question')
https://www.orangejelly.co.uk/licensees-guide/pub-empty-tuesday-nights,Answer,,,no,no,no,unknown type for this validator (no required/recommended table for 'Answer')
https://www.orangejelly.co.uk/licensees-guide/pub-empty-tuesday-nights,Question,,,no,no,no,unknown type for this validator (no required/recommended table for 'Question')
https://www.orangejelly.co.uk/licensees-guide/pub-empty-tuesday-nights,Answer,,,no,no,no,unknown type for this validator (no required/recommended table for 'Answer')
https://www.orangejelly.co.uk/licensees-guide/pub-empty-tuesday-nights,BreadcrumbList,,,no,no,yes,
https://www.orangejelly.co.uk/licensees-guide/pub-empty-tuesday-nights,ListItem,,,no,no,no,unknown type for this validator (no required/recommended table for 'ListItem')
https://www.orangejelly.co.uk/licensees-guide/pub-empty-tuesday-nights,ListItem,,,no,no,no,unknown type for this validator (no required/recommended table for 'ListItem')
https://www.orangejelly.co.uk/licensees-guide/pub-empty-tuesday-nights,ListItem,,,no,no,no,unknown type for this validator (no required/recommended table for 'ListItem')
https://www.orangejelly.co.uk/licensees-guide/pub-empty-tuesday-nights,BreadcrumbList,,,no,no,yes,
https://www.orangejelly.co.uk/licensees-guide/pub-empty-tuesday-nights,ListItem,,,no,no,no,unknown type for this validator (no required/recommended table for 'ListItem')
https://www.orangejelly.co.uk/licensees-guide/pub-empty-tuesday-nights,ListItem,,,no,no,no,unknown type for this validator (no required/recommended table for 'ListItem')
https://www.orangejelly.co.uk/licensees-guide/pub-empty-tuesday-nights,ListItem,,,no,no,no,unknown type for this validator (no required/recommended table for 'ListItem')
https://www.orangejelly.co.uk/licensees-guide/pub-epos-system-guide,ProfessionalService,,,no,no,no,unknown type for this validator (no required/recommended table for 'ProfessionalService')
https://www.orangejelly.co.uk/licensees-guide/pub-epos-system-guide,ImageObject,,,no,no,no,unknown type for this validator (no required/recommended table for 'ImageObject')
https://www.orangejelly.co.uk/licensees-guide/pub-epos-system-guide,Person,,,no,no,no,unknown type for this validator (no required/recommended table for 'Person')
https://www.orangejelly.co.uk/licensees-guide/pub-epos-system-guide,ContactPoint,,,no,no,no,unknown type for this validator (no required/recommended table for 'ContactPoint')
https://www.orangejelly.co.uk/licensees-guide/pub-epos-system-guide,PostalAddress,,,no,no,no,unknown type for this validator (no required/recommended table for 'PostalAddress')
https://www.orangejelly.co.uk/licensees-guide/pub-epos-system-guide,GeoCoordinates,,,no,no,no,unknown type for this validator (no required/recommended table for 'GeoCoordinates')
https://www.orangejelly.co.uk/licensees-guide/pub-epos-system-guide,WebSite,,potentialAction,no,no,no,
https://www.orangejelly.co.uk/licensees-guide/pub-epos-system-guide,BreadcrumbList,,,no,no,yes,
https://www.orangejelly.co.uk/licensees-guide/pub-epos-system-guide,ListItem,,,no,no,no,unknown type for this validator (no required/recommended table for 'ListItem')
https://www.orangejelly.co.uk/licensees-guide/pub-epos-system-guide,BlogPosting,,image,no,no,yes,
https://www.orangejelly.co.uk/licensees-guide/pub-epos-system-guide,Person,,,no,no,no,unknown type for this validator (no required/recommended table for 'Person')
https://www.orangejelly.co.uk/licensees-guide/pub-epos-system-guide,Organization,,url; sameAs; contactPoint,no,no,no,
https://www.orangejelly.co.uk/licensees-guide/pub-epos-system-guide,ImageObject,,,no,no,no,unknown type for this validator (no required/recommended table for 'ImageObject')
https://www.orangejelly.co.uk/licensees-guide/pub-epos-system-guide,WebPage,,,no,no,no,unknown type for this validator (no required/recommended table for 'WebPage')
https://www.orangejelly.co.uk/licensees-guide/pub-epos-system-guide,SpeakableSpecification,,,no,no,no,unknown type for this validator (no required/recommended table for 'SpeakableSpecification')
https://www.orangejelly.co.uk/licensees-guide/pub-epos-system-guide,Thing,,,no,no,no,unknown type for this validator (no required/recommended table for 'Thing')
https://www.orangejelly.co.uk/licensees-guide/pub-epos-system-guide,Thing,,,no,no,no,unknown type for this validator (no required/recommended table for 'Thing')
https://www.orangejelly.co.uk/licensees-guide/pub-epos-system-guide,Thing,,,no,no,no,unknown type for this validator (no required/recommended table for 'Thing')
https://www.orangejelly.co.uk/licensees-guide/pub-epos-system-guide,FAQPage,,,yes,no,no,FAQ rich results are now limited to authoritative government/health sites (Aug 2023). Markup is still valid but most sites no longer earn a rich result.
https://www.orangejelly.co.uk/licensees-guide/pub-epos-system-guide,Question,,,no,no,no,unknown type for this validator (no required/recommended table for 'Question')
https://www.orangejelly.co.uk/licensees-guide/pub-epos-system-guide,Answer,,,no,no,no,unknown type for this validator (no required/recommended table for 'Answer')
https://www.orangejelly.co.uk/licensees-guide/pub-epos-system-guide,Question,,,no,no,no,unknown type for this validator (no required/recommended table for 'Question')
https://www.orangejelly.co.uk/licensees-guide/pub-epos-system-guide,Answer,,,no,no,no,unknown type for this validator (no required/recommended table for 'Answer')
https://www.orangejelly.co.uk/licensees-guide/pub-epos-system-guide,Question,,,no,no,no,unknown type for this validator (no required/recommended table for 'Question')
https://www.orangejelly.co.uk/licensees-guide/pub-epos-system-guide,Answer,,,no,no,no,unknown type for this validator (no required/recommended table for 'Answer')
https://www.orangejelly.co.uk/licensees-guide/pub-epos-system-guide,Question,,,no,no,no,unknown type for this validator (no required/recommended table for 'Question')
https://www.orangejelly.co.uk/licensees-guide/pub-epos-system-guide,Answer,,,no,no,no,unknown type for this validator (no required/recommended table for 'Answer')
https://www.orangejelly.co.uk/licensees-guide/pub-epos-system-guide,Question,,,no,no,no,unknown type for this validator (no required/recommended table for 'Question')
https://www.orangejelly.co.uk/licensees-guide/pub-epos-system-guide,Answer,,,no,no,no,unknown type for this validator (no required/recommended table for 'Answer')
https://www.orangejelly.co.uk/licensees-guide/pub-epos-system-guide,BreadcrumbList,,,no,no,yes,
https://www.orangejelly.co.uk/licensees-guide/pub-epos-system-guide,ListItem,,,no,no,no,unknown type for this validator (no required/recommended table for 'ListItem')
https://www.orangejelly.co.uk/licensees-guide/pub-epos-system-guide,ListItem,,,no,no,no,unknown type for this validator (no required/recommended table for 'ListItem')
https://www.orangejelly.co.uk/licensees-guide/pub-epos-system-guide,ListItem,,,no,no,no,unknown type for this validator (no required/recommended table for 'ListItem')
https://www.orangejelly.co.uk/licensees-guide/pub-epos-system-guide,BreadcrumbList,,,no,no,yes,
https://www.orangejelly.co.uk/licensees-guide/pub-epos-system-guide,ListItem,,,no,no,no,unknown type for this validator (no required/recommended table for 'ListItem')
https://www.orangejelly.co.uk/licensees-guide/pub-epos-system-guide,ListItem,,,no,no,no,unknown type for this validator (no required/recommended table for 'ListItem')
https://www.orangejelly.co.uk/licensees-guide/pub-epos-system-guide,ListItem,,,no,no,no,unknown type for this validator (no required/recommended table for 'ListItem')
https://www.orangejelly.co.uk/licensees-guide/pub-event-ideas,ProfessionalService,,,no,no,no,unknown type for this validator (no required/recommended table for 'ProfessionalService')
https://www.orangejelly.co.uk/licensees-guide/pub-event-ideas,ImageObject,,,no,no,no,unknown type for this validator (no required/recommended table for 'ImageObject')
https://www.orangejelly.co.uk/licensees-guide/pub-event-ideas,Person,,,no,no,no,unknown type for this validator (no required/recommended table for 'Person')
https://www.orangejelly.co.uk/licensees-guide/pub-event-ideas,ContactPoint,,,no,no,no,unknown type for this validator (no required/recommended table for 'ContactPoint')
https://www.orangejelly.co.uk/licensees-guide/pub-event-ideas,PostalAddress,,,no,no,no,unknown type for this validator (no required/recommended table for 'PostalAddress')
https://www.orangejelly.co.uk/licensees-guide/pub-event-ideas,GeoCoordinates,,,no,no,no,unknown type for this validator (no required/recommended table for 'GeoCoordinates')
https://www.orangejelly.co.uk/licensees-guide/pub-event-ideas,WebSite,,potentialAction,no,no,no,
https://www.orangejelly.co.uk/licensees-guide/pub-event-ideas,BreadcrumbList,,,no,no,yes,
https://www.orangejelly.co.uk/licensees-guide/pub-event-ideas,ListItem,,,no,no,no,unknown type for this validator (no required/recommended table for 'ListItem')
https://www.orangejelly.co.uk/licensees-guide/pub-event-ideas,BlogPosting,,image,no,no,yes,
https://www.orangejelly.co.uk/licensees-guide/pub-event-ideas,Person,,,no,no,no,unknown type for this validator (no required/recommended table for 'Person')
https://www.orangejelly.co.uk/licensees-guide/pub-event-ideas,Organization,,url; sameAs; contactPoint,no,no,no,
https://www.orangejelly.co.uk/licensees-guide/pub-event-ideas,ImageObject,,,no,no,no,unknown type for this validator (no required/recommended table for 'ImageObject')
https://www.orangejelly.co.uk/licensees-guide/pub-event-ideas,WebPage,,,no,no,no,unknown type for this validator (no required/recommended table for 'WebPage')
https://www.orangejelly.co.uk/licensees-guide/pub-event-ideas,SpeakableSpecification,,,no,no,no,unknown type for this validator (no required/recommended table for 'SpeakableSpecification')
https://www.orangejelly.co.uk/licensees-guide/pub-event-ideas,Thing,,,no,no,no,unknown type for this validator (no required/recommended table for 'Thing')
https://www.orangejelly.co.uk/licensees-guide/pub-event-ideas,Thing,,,no,no,no,unknown type for this validator (no required/recommended table for 'Thing')
https://www.orangejelly.co.uk/licensees-guide/pub-event-ideas,Thing,,,no,no,no,unknown type for this validator (no required/recommended table for 'Thing')
https://www.orangejelly.co.uk/licensees-guide/pub-event-ideas,FAQPage,,,yes,no,no,FAQ rich results are now limited to authoritative government/health sites (Aug 2023). Markup is still valid but most sites no longer earn a rich result.
https://www.orangejelly.co.uk/licensees-guide/pub-event-ideas,Question,,,no,no,no,unknown type for this validator (no required/recommended table for 'Question')
https://www.orangejelly.co.uk/licensees-guide/pub-event-ideas,Answer,,,no,no,no,unknown type for this validator (no required/recommended table for 'Answer')
https://www.orangejelly.co.uk/licensees-guide/pub-event-ideas,Question,,,no,no,no,unknown type for this validator (no required/recommended table for 'Question')
https://www.orangejelly.co.uk/licensees-guide/pub-event-ideas,Answer,,,no,no,no,unknown type for this validator (no required/recommended table for 'Answer')
https://www.orangejelly.co.uk/licensees-guide/pub-event-ideas,Question,,,no,no,no,unknown type for this validator (no required/recommended table for 'Question')
https://www.orangejelly.co.uk/licensees-guide/pub-event-ideas,Answer,,,no,no,no,unknown type for this validator (no required/recommended table for 'Answer')
https://www.orangejelly.co.uk/licensees-guide/pub-event-ideas,Question,,,no,no,no,unknown type for this validator (no required/recommended table for 'Question')
https://www.orangejelly.co.uk/licensees-guide/pub-event-ideas,Answer,,,no,no,no,unknown type for this validator (no required/recommended table for 'Answer')
https://www.orangejelly.co.uk/licensees-guide/pub-event-ideas,BreadcrumbList,,,no,no,yes,
https://www.orangejelly.co.uk/licensees-guide/pub-event-ideas,ListItem,,,no,no,no,unknown type for this validator (no required/recommended table for 'ListItem')
https://www.orangejelly.co.uk/licensees-guide/pub-event-ideas,ListItem,,,no,no,no,unknown type for this validator (no required/recommended table for 'ListItem')
https://www.orangejelly.co.uk/licensees-guide/pub-event-ideas,ListItem,,,no,no,no,unknown type for this validator (no required/recommended table for 'ListItem')
https://www.orangejelly.co.uk/licensees-guide/pub-event-ideas,BreadcrumbList,,,no,no,yes,
https://www.orangejelly.co.uk/licensees-guide/pub-event-ideas,ListItem,,,no,no,no,unknown type for this validator (no required/recommended table for 'ListItem')
https://www.orangejelly.co.uk/licensees-guide/pub-event-ideas,ListItem,,,no,no,no,unknown type for this validator (no required/recommended table for 'ListItem')
https://www.orangejelly.co.uk/licensees-guide/pub-event-ideas,ListItem,,,no,no,no,unknown type for this validator (no required/recommended table for 'ListItem')
https://www.orangejelly.co.uk/licensees-guide/pub-event-template-profit-nights,ProfessionalService,,,no,no,no,unknown type for this validator (no required/recommended table for 'ProfessionalService')
https://www.orangejelly.co.uk/licensees-guide/pub-event-template-profit-nights,ImageObject,,,no,no,no,unknown type for this validator (no required/recommended table for 'ImageObject')
https://www.orangejelly.co.uk/licensees-guide/pub-event-template-profit-nights,Person,,,no,no,no,unknown type for this validator (no required/recommended table for 'Person')
https://www.orangejelly.co.uk/licensees-guide/pub-event-template-profit-nights,ContactPoint,,,no,no,no,unknown type for this validator (no required/recommended table for 'ContactPoint')
https://www.orangejelly.co.uk/licensees-guide/pub-event-template-profit-nights,PostalAddress,,,no,no,no,unknown type for this validator (no required/recommended table for 'PostalAddress')
https://www.orangejelly.co.uk/licensees-guide/pub-event-template-profit-nights,GeoCoordinates,,,no,no,no,unknown type for this validator (no required/recommended table for 'GeoCoordinates')
https://www.orangejelly.co.uk/licensees-guide/pub-event-template-profit-nights,WebSite,,potentialAction,no,no,no,
https://www.orangejelly.co.uk/licensees-guide/pub-event-template-profit-nights,BreadcrumbList,,,no,no,yes,
https://www.orangejelly.co.uk/licensees-guide/pub-event-template-profit-nights,ListItem,,,no,no,no,unknown type for this validator (no required/recommended table for 'ListItem')
https://www.orangejelly.co.uk/licensees-guide/pub-event-template-profit-nights,BlogPosting,,image,no,no,yes,
https://www.orangejelly.co.uk/licensees-guide/pub-event-template-profit-nights,Person,,,no,no,no,unknown type for this validator (no required/recommended table for 'Person')
https://www.orangejelly.co.uk/licensees-guide/pub-event-template-profit-nights,Organization,,url; sameAs; contactPoint,no,no,no,
https://www.orangejelly.co.uk/licensees-guide/pub-event-template-profit-nights,ImageObject,,,no,no,no,unknown type for this validator (no required/recommended table for 'ImageObject')
https://www.orangejelly.co.uk/licensees-guide/pub-event-template-profit-nights,WebPage,,,no,no,no,unknown type for this validator (no required/recommended table for 'WebPage')
https://www.orangejelly.co.uk/licensees-guide/pub-event-template-profit-nights,SpeakableSpecification,,,no,no,no,unknown type for this validator (no required/recommended table for 'SpeakableSpecification')
https://www.orangejelly.co.uk/licensees-guide/pub-event-template-profit-nights,Thing,,,no,no,no,unknown type for this validator (no required/recommended table for 'Thing')
https://www.orangejelly.co.uk/licensees-guide/pub-event-template-profit-nights,Thing,,,no,no,no,unknown type for this validator (no required/recommended table for 'Thing')
https://www.orangejelly.co.uk/licensees-guide/pub-event-template-profit-nights,Thing,,,no,no,no,unknown type for this validator (no required/recommended table for 'Thing')
https://www.orangejelly.co.uk/licensees-guide/pub-event-template-profit-nights,FAQPage,,,yes,no,no,FAQ rich results are now limited to authoritative government/health sites (Aug 2023). Markup is still valid but most sites no longer earn a rich result.
https://www.orangejelly.co.uk/licensees-guide/pub-event-template-profit-nights,Question,,,no,no,no,unknown type for this validator (no required/recommended table for 'Question')
https://www.orangejelly.co.uk/licensees-guide/pub-event-template-profit-nights,Answer,,,no,no,no,unknown type for this validator (no required/recommended table for 'Answer')
https://www.orangejelly.co.uk/licensees-guide/pub-event-template-profit-nights,Question,,,no,no,no,unknown type for this validator (no required/recommended table for 'Question')
https://www.orangejelly.co.uk/licensees-guide/pub-event-template-profit-nights,Answer,,,no,no,no,unknown type for this validator (no required/recommended table for 'Answer')
https://www.orangejelly.co.uk/licensees-guide/pub-event-template-profit-nights,Question,,,no,no,no,unknown type for this validator (no required/recommended table for 'Question')
https://www.orangejelly.co.uk/licensees-guide/pub-event-template-profit-nights,Answer,,,no,no,no,unknown type for this validator (no required/recommended table for 'Answer')
https://www.orangejelly.co.uk/licensees-guide/pub-event-template-profit-nights,BreadcrumbList,,,no,no,yes,
https://www.orangejelly.co.uk/licensees-guide/pub-event-template-profit-nights,ListItem,,,no,no,no,unknown type for this validator (no required/recommended table for 'ListItem')
https://www.orangejelly.co.uk/licensees-guide/pub-event-template-profit-nights,ListItem,,,no,no,no,unknown type for this validator (no required/recommended table for 'ListItem')
https://www.orangejelly.co.uk/licensees-guide/pub-event-template-profit-nights,ListItem,,,no,no,no,unknown type for this validator (no required/recommended table for 'ListItem')
https://www.orangejelly.co.uk/licensees-guide/pub-event-template-profit-nights,BreadcrumbList,,,no,no,yes,
https://www.orangejelly.co.uk/licensees-guide/pub-event-template-profit-nights,ListItem,,,no,no,no,unknown type for this validator (no required/recommended table for 'ListItem')
https://www.orangejelly.co.uk/licensees-guide/pub-event-template-profit-nights,ListItem,,,no,no,no,unknown type for this validator (no required/recommended table for 'ListItem')
https://www.orangejelly.co.uk/licensees-guide/pub-event-template-profit-nights,ListItem,,,no,no,no,unknown type for this validator (no required/recommended table for 'ListItem')
https://www.orangejelly.co.uk/licensees-guide/pub-halloween-bonfire-night-events,ProfessionalService,,,no,no,no,unknown type for this validator (no required/recommended table for 'ProfessionalService')
https://www.orangejelly.co.uk/licensees-guide/pub-halloween-bonfire-night-events,ImageObject,,,no,no,no,unknown type for this validator (no required/recommended table for 'ImageObject')
https://www.orangejelly.co.uk/licensees-guide/pub-halloween-bonfire-night-events,Person,,,no,no,no,unknown type for this validator (no required/recommended table for 'Person')
https://www.orangejelly.co.uk/licensees-guide/pub-halloween-bonfire-night-events,ContactPoint,,,no,no,no,unknown type for this validator (no required/recommended table for 'ContactPoint')
https://www.orangejelly.co.uk/licensees-guide/pub-halloween-bonfire-night-events,PostalAddress,,,no,no,no,unknown type for this validator (no required/recommended table for 'PostalAddress')
https://www.orangejelly.co.uk/licensees-guide/pub-halloween-bonfire-night-events,GeoCoordinates,,,no,no,no,unknown type for this validator (no required/recommended table for 'GeoCoordinates')
https://www.orangejelly.co.uk/licensees-guide/pub-halloween-bonfire-night-events,WebSite,,potentialAction,no,no,no,
https://www.orangejelly.co.uk/licensees-guide/pub-halloween-bonfire-night-events,BreadcrumbList,,,no,no,yes,
https://www.orangejelly.co.uk/licensees-guide/pub-halloween-bonfire-night-events,ListItem,,,no,no,no,unknown type for this validator (no required/recommended table for 'ListItem')
https://www.orangejelly.co.uk/licensees-guide/pub-halloween-bonfire-night-events,BlogPosting,,image,no,no,yes,
https://www.orangejelly.co.uk/licensees-guide/pub-halloween-bonfire-night-events,Person,,,no,no,no,unknown type for this validator (no required/recommended table for 'Person')
https://www.orangejelly.co.uk/licensees-guide/pub-halloween-bonfire-night-events,Organization,,url; sameAs; contactPoint,no,no,no,
https://www.orangejelly.co.uk/licensees-guide/pub-halloween-bonfire-night-events,ImageObject,,,no,no,no,unknown type for this validator (no required/recommended table for 'ImageObject')
https://www.orangejelly.co.uk/licensees-guide/pub-halloween-bonfire-night-events,WebPage,,,no,no,no,unknown type for this validator (no required/recommended table for 'WebPage')
https://www.orangejelly.co.uk/licensees-guide/pub-halloween-bonfire-night-events,SpeakableSpecification,,,no,no,no,unknown type for this validator (no required/recommended table for 'SpeakableSpecification')
https://www.orangejelly.co.uk/licensees-guide/pub-halloween-bonfire-night-events,Thing,,,no,no,no,unknown type for this validator (no required/recommended table for 'Thing')
https://www.orangejelly.co.uk/licensees-guide/pub-halloween-bonfire-night-events,Thing,,,no,no,no,unknown type for this validator (no required/recommended table for 'Thing')
https://www.orangejelly.co.uk/licensees-guide/pub-halloween-bonfire-night-events,Thing,,,no,no,no,unknown type for this validator (no required/recommended table for 'Thing')
https://www.orangejelly.co.uk/licensees-guide/pub-halloween-bonfire-night-events,Thing,,,no,no,no,unknown type for this validator (no required/recommended table for 'Thing')
https://www.orangejelly.co.uk/licensees-guide/pub-halloween-bonfire-night-events,FAQPage,,,yes,no,no,FAQ rich results are now limited to authoritative government/health sites (Aug 2023). Markup is still valid but most sites no longer earn a rich result.
https://www.orangejelly.co.uk/licensees-guide/pub-halloween-bonfire-night-events,Question,,,no,no,no,unknown type for this validator (no required/recommended table for 'Question')
https://www.orangejelly.co.uk/licensees-guide/pub-halloween-bonfire-night-events,Answer,,,no,no,no,unknown type for this validator (no required/recommended table for 'Answer')
https://www.orangejelly.co.uk/licensees-guide/pub-halloween-bonfire-night-events,Question,,,no,no,no,unknown type for this validator (no required/recommended table for 'Question')
https://www.orangejelly.co.uk/licensees-guide/pub-halloween-bonfire-night-events,Answer,,,no,no,no,unknown type for this validator (no required/recommended table for 'Answer')
https://www.orangejelly.co.uk/licensees-guide/pub-halloween-bonfire-night-events,Question,,,no,no,no,unknown type for this validator (no required/recommended table for 'Question')
https://www.orangejelly.co.uk/licensees-guide/pub-halloween-bonfire-night-events,Answer,,,no,no,no,unknown type for this validator (no required/recommended table for 'Answer')
https://www.orangejelly.co.uk/licensees-guide/pub-halloween-bonfire-night-events,Question,,,no,no,no,unknown type for this validator (no required/recommended table for 'Question')
https://www.orangejelly.co.uk/licensees-guide/pub-halloween-bonfire-night-events,Answer,,,no,no,no,unknown type for this validator (no required/recommended table for 'Answer')
https://www.orangejelly.co.uk/licensees-guide/pub-halloween-bonfire-night-events,Question,,,no,no,no,unknown type for this validator (no required/recommended table for 'Question')
https://www.orangejelly.co.uk/licensees-guide/pub-halloween-bonfire-night-events,Answer,,,no,no,no,unknown type for this validator (no required/recommended table for 'Answer')
https://www.orangejelly.co.uk/licensees-guide/pub-halloween-bonfire-night-events,Question,,,no,no,no,unknown type for this validator (no required/recommended table for 'Question')
https://www.orangejelly.co.uk/licensees-guide/pub-halloween-bonfire-night-events,Answer,,,no,no,no,unknown type for this validator (no required/recommended table for 'Answer')
https://www.orangejelly.co.uk/licensees-guide/pub-halloween-bonfire-night-events,Question,,,no,no,no,unknown type for this validator (no required/recommended table for 'Question')
https://www.orangejelly.co.uk/licensees-guide/pub-halloween-bonfire-night-events,Answer,,,no,no,no,unknown type for this validator (no required/recommended table for 'Answer')
https://www.orangejelly.co.uk/licensees-guide/pub-halloween-bonfire-night-events,BreadcrumbList,,,no,no,yes,
https://www.orangejelly.co.uk/licensees-guide/pub-halloween-bonfire-night-events,ListItem,,,no,no,no,unknown type for this validator (no required/recommended table for 'ListItem')
https://www.orangejelly.co.uk/licensees-guide/pub-halloween-bonfire-night-events,ListItem,,,no,no,no,unknown type for this validator (no required/recommended table for 'ListItem')
https://www.orangejelly.co.uk/licensees-guide/pub-halloween-bonfire-night-events,ListItem,,,no,no,no,unknown type for this validator (no required/recommended table for 'ListItem')
https://www.orangejelly.co.uk/licensees-guide/pub-halloween-bonfire-night-events,ListItem,,,no,no,no,unknown type for this validator (no required/recommended table for 'ListItem')
https://www.orangejelly.co.uk/licensees-guide/pub-halloween-bonfire-night-events,BreadcrumbList,,,no,no,yes,
https://www.orangejelly.co.uk/licensees-guide/pub-halloween-bonfire-night-events,ListItem,,,no,no,no,unknown type for this validator (no required/recommended table for 'ListItem')
https://www.orangejelly.co.uk/licensees-guide/pub-halloween-bonfire-night-events,ListItem,,,no,no,no,unknown type for this validator (no required/recommended table for 'ListItem')
https://www.orangejelly.co.uk/licensees-guide/pub-halloween-bonfire-night-events,ListItem,,,no,no,no,unknown type for this validator (no required/recommended table for 'ListItem')
https://www.orangejelly.co.uk/licensees-guide/pub-halloween-bonfire-night-events,ListItem,,,no,no,no,unknown type for this validator (no required/recommended table for 'ListItem')
https://www.orangejelly.co.uk/licensees-guide/pub-health-check-essential-fundamentals-licensee-success,ProfessionalService,,,no,no,no,unknown type for this validator (no required/recommended table for 'ProfessionalService')
https://www.orangejelly.co.uk/licensees-guide/pub-health-check-essential-fundamentals-licensee-success,ImageObject,,,no,no,no,unknown type for this validator (no required/recommended table for 'ImageObject')
https://www.orangejelly.co.uk/licensees-guide/pub-health-check-essential-fundamentals-licensee-success,Person,,,no,no,no,unknown type for this validator (no required/recommended table for 'Person')
https://www.orangejelly.co.uk/licensees-guide/pub-health-check-essential-fundamentals-licensee-success,ContactPoint,,,no,no,no,unknown type for this validator (no required/recommended table for 'ContactPoint')
https://www.orangejelly.co.uk/licensees-guide/pub-health-check-essential-fundamentals-licensee-success,PostalAddress,,,no,no,no,unknown type for this validator (no required/recommended table for 'PostalAddress')
https://www.orangejelly.co.uk/licensees-guide/pub-health-check-essential-fundamentals-licensee-success,GeoCoordinates,,,no,no,no,unknown type for this validator (no required/recommended table for 'GeoCoordinates')
https://www.orangejelly.co.uk/licensees-guide/pub-health-check-essential-fundamentals-licensee-success,WebSite,,potentialAction,no,no,no,
https://www.orangejelly.co.uk/licensees-guide/pub-health-check-essential-fundamentals-licensee-success,BreadcrumbList,,,no,no,yes,
https://www.orangejelly.co.uk/licensees-guide/pub-health-check-essential-fundamentals-licensee-success,ListItem,,,no,no,no,unknown type for this validator (no required/recommended table for 'ListItem')
https://www.orangejelly.co.uk/licensees-guide/pub-health-check-essential-fundamentals-licensee-success,BlogPosting,,image,no,no,yes,
https://www.orangejelly.co.uk/licensees-guide/pub-health-check-essential-fundamentals-licensee-success,Person,,,no,no,no,unknown type for this validator (no required/recommended table for 'Person')
https://www.orangejelly.co.uk/licensees-guide/pub-health-check-essential-fundamentals-licensee-success,Organization,,url; sameAs; contactPoint,no,no,no,
https://www.orangejelly.co.uk/licensees-guide/pub-health-check-essential-fundamentals-licensee-success,ImageObject,,,no,no,no,unknown type for this validator (no required/recommended table for 'ImageObject')
https://www.orangejelly.co.uk/licensees-guide/pub-health-check-essential-fundamentals-licensee-success,WebPage,,,no,no,no,unknown type for this validator (no required/recommended table for 'WebPage')
https://www.orangejelly.co.uk/licensees-guide/pub-health-check-essential-fundamentals-licensee-success,SpeakableSpecification,,,no,no,no,unknown type for this validator (no required/recommended table for 'SpeakableSpecification')
https://www.orangejelly.co.uk/licensees-guide/pub-health-check-essential-fundamentals-licensee-success,Thing,,,no,no,no,unknown type for this validator (no required/recommended table for 'Thing')
https://www.orangejelly.co.uk/licensees-guide/pub-health-check-essential-fundamentals-licensee-success,Thing,,,no,no,no,unknown type for this validator (no required/recommended table for 'Thing')
https://www.orangejelly.co.uk/licensees-guide/pub-health-check-essential-fundamentals-licensee-success,Thing,,,no,no,no,unknown type for this validator (no required/recommended table for 'Thing')
https://www.orangejelly.co.uk/licensees-guide/pub-health-check-essential-fundamentals-licensee-success,Thing,,,no,no,no,unknown type for this validator (no required/recommended table for 'Thing')
https://www.orangejelly.co.uk/licensees-guide/pub-health-check-essential-fundamentals-licensee-success,FAQPage,,,yes,no,no,FAQ rich results are now limited to authoritative government/health sites (Aug 2023). Markup is still valid but most sites no longer earn a rich result.
https://www.orangejelly.co.uk/licensees-guide/pub-health-check-essential-fundamentals-licensee-success,Question,,,no,no,no,unknown type for this validator (no required/recommended table for 'Question')
https://www.orangejelly.co.uk/licensees-guide/pub-health-check-essential-fundamentals-licensee-success,Answer,,,no,no,no,unknown type for this validator (no required/recommended table for 'Answer')
https://www.orangejelly.co.uk/licensees-guide/pub-health-check-essential-fundamentals-licensee-success,Question,,,no,no,no,unknown type for this validator (no required/recommended table for 'Question')
https://www.orangejelly.co.uk/licensees-guide/pub-health-check-essential-fundamentals-licensee-success,Answer,,,no,no,no,unknown type for this validator (no required/recommended table for 'Answer')
https://www.orangejelly.co.uk/licensees-guide/pub-health-check-essential-fundamentals-licensee-success,Question,,,no,no,no,unknown type for this validator (no required/recommended table for 'Question')
https://www.orangejelly.co.uk/licensees-guide/pub-health-check-essential-fundamentals-licensee-success,Answer,,,no,no,no,unknown type for this validator (no required/recommended table for 'Answer')
https://www.orangejelly.co.uk/licensees-guide/pub-health-check-essential-fundamentals-licensee-success,Question,,,no,no,no,unknown type for this validator (no required/recommended table for 'Question')
https://www.orangejelly.co.uk/licensees-guide/pub-health-check-essential-fundamentals-licensee-success,Answer,,,no,no,no,unknown type for this validator (no required/recommended table for 'Answer')
https://www.orangejelly.co.uk/licensees-guide/pub-health-check-essential-fundamentals-licensee-success,Question,,,no,no,no,unknown type for this validator (no required/recommended table for 'Question')
https://www.orangejelly.co.uk/licensees-guide/pub-health-check-essential-fundamentals-licensee-success,Answer,,,no,no,no,unknown type for this validator (no required/recommended table for 'Answer')
https://www.orangejelly.co.uk/licensees-guide/pub-health-check-essential-fundamentals-licensee-success,Question,,,no,no,no,unknown type for this validator (no required/recommended table for 'Question')
https://www.orangejelly.co.uk/licensees-guide/pub-health-check-essential-fundamentals-licensee-success,Answer,,,no,no,no,unknown type for this validator (no required/recommended table for 'Answer')
https://www.orangejelly.co.uk/licensees-guide/pub-health-check-essential-fundamentals-licensee-success,Question,,,no,no,no,unknown type for this validator (no required/recommended table for 'Question')
https://www.orangejelly.co.uk/licensees-guide/pub-health-check-essential-fundamentals-licensee-success,Answer,,,no,no,no,unknown type for this validator (no required/recommended table for 'Answer')
https://www.orangejelly.co.uk/licensees-guide/pub-health-check-essential-fundamentals-licensee-success,BreadcrumbList,,,no,no,yes,
https://www.orangejelly.co.uk/licensees-guide/pub-health-check-essential-fundamentals-licensee-success,ListItem,,,no,no,no,unknown type for this validator (no required/recommended table for 'ListItem')
https://www.orangejelly.co.uk/licensees-guide/pub-health-check-essential-fundamentals-licensee-success,ListItem,,,no,no,no,unknown type for this validator (no required/recommended table for 'ListItem')
https://www.orangejelly.co.uk/licensees-guide/pub-health-check-essential-fundamentals-licensee-success,ListItem,,,no,no,no,unknown type for this validator (no required/recommended table for 'ListItem')
https://www.orangejelly.co.uk/licensees-guide/pub-health-check-essential-fundamentals-licensee-success,BreadcrumbList,,,no,no,yes,
https://www.orangejelly.co.uk/licensees-guide/pub-health-check-essential-fundamentals-licensee-success,ListItem,,,no,no,no,unknown type for this validator (no required/recommended table for 'ListItem')
https://www.orangejelly.co.uk/licensees-guide/pub-health-check-essential-fundamentals-licensee-success,ListItem,,,no,no,no,unknown type for this validator (no required/recommended table for 'ListItem')
https://www.orangejelly.co.uk/licensees-guide/pub-health-check-essential-fundamentals-licensee-success,ListItem,,,no,no,no,unknown type for this validator (no required/recommended table for 'ListItem')
https://www.orangejelly.co.uk/licensees-guide/pub-health-safety-checklist,ProfessionalService,,,no,no,no,unknown type for this validator (no required/recommended table for 'ProfessionalService')
https://www.orangejelly.co.uk/licensees-guide/pub-health-safety-checklist,ImageObject,,,no,no,no,unknown type for this validator (no required/recommended table for 'ImageObject')
https://www.orangejelly.co.uk/licensees-guide/pub-health-safety-checklist,Person,,,no,no,no,unknown type for this validator (no required/recommended table for 'Person')
https://www.orangejelly.co.uk/licensees-guide/pub-health-safety-checklist,ContactPoint,,,no,no,no,unknown type for this validator (no required/recommended table for 'ContactPoint')
https://www.orangejelly.co.uk/licensees-guide/pub-health-safety-checklist,PostalAddress,,,no,no,no,unknown type for this validator (no required/recommended table for 'PostalAddress')
https://www.orangejelly.co.uk/licensees-guide/pub-health-safety-checklist,GeoCoordinates,,,no,no,no,unknown type for this validator (no required/recommended table for 'GeoCoordinates')
https://www.orangejelly.co.uk/licensees-guide/pub-health-safety-checklist,WebSite,,potentialAction,no,no,no,
https://www.orangejelly.co.uk/licensees-guide/pub-health-safety-checklist,BreadcrumbList,,,no,no,yes,
https://www.orangejelly.co.uk/licensees-guide/pub-health-safety-checklist,ListItem,,,no,no,no,unknown type for this validator (no required/recommended table for 'ListItem')
https://www.orangejelly.co.uk/licensees-guide/pub-health-safety-checklist,BlogPosting,,image,no,no,yes,
https://www.orangejelly.co.uk/licensees-guide/pub-health-safety-checklist,Person,,,no,no,no,unknown type for this validator (no required/recommended table for 'Person')
https://www.orangejelly.co.uk/licensees-guide/pub-health-safety-checklist,Organization,,url; sameAs; contactPoint,no,no,no,
https://www.orangejelly.co.uk/licensees-guide/pub-health-safety-checklist,ImageObject,,,no,no,no,unknown type for this validator (no required/recommended table for 'ImageObject')
https://www.orangejelly.co.uk/licensees-guide/pub-health-safety-checklist,WebPage,,,no,no,no,unknown type for this validator (no required/recommended table for 'WebPage')
https://www.orangejelly.co.uk/licensees-guide/pub-health-safety-checklist,SpeakableSpecification,,,no,no,no,unknown type for this validator (no required/recommended table for 'SpeakableSpecification')
https://www.orangejelly.co.uk/licensees-guide/pub-health-safety-checklist,Thing,,,no,no,no,unknown type for this validator (no required/recommended table for 'Thing')
https://www.orangejelly.co.uk/licensees-guide/pub-health-safety-checklist,Thing,,,no,no,no,unknown type for this validator (no required/recommended table for 'Thing')
https://www.orangejelly.co.uk/licensees-guide/pub-health-safety-checklist,Thing,,,no,no,no,unknown type for this validator (no required/recommended table for 'Thing')
https://www.orangejelly.co.uk/licensees-guide/pub-health-safety-checklist,Thing,,,no,no,no,unknown type for this validator (no required/recommended table for 'Thing')
https://www.orangejelly.co.uk/licensees-guide/pub-health-safety-checklist,FAQPage,,,yes,no,no,FAQ rich results are now limited to authoritative government/health sites (Aug 2023). Markup is still valid but most sites no longer earn a rich result.
https://www.orangejelly.co.uk/licensees-guide/pub-health-safety-checklist,Question,,,no,no,no,unknown type for this validator (no required/recommended table for 'Question')
https://www.orangejelly.co.uk/licensees-guide/pub-health-safety-checklist,Answer,,,no,no,no,unknown type for this validator (no required/recommended table for 'Answer')
https://www.orangejelly.co.uk/licensees-guide/pub-health-safety-checklist,Question,,,no,no,no,unknown type for this validator (no required/recommended table for 'Question')
https://www.orangejelly.co.uk/licensees-guide/pub-health-safety-checklist,Answer,,,no,no,no,unknown type for this validator (no required/recommended table for 'Answer')
https://www.orangejelly.co.uk/licensees-guide/pub-health-safety-checklist,Question,,,no,no,no,unknown type for this validator (no required/recommended table for 'Question')
https://www.orangejelly.co.uk/licensees-guide/pub-health-safety-checklist,Answer,,,no,no,no,unknown type for this validator (no required/recommended table for 'Answer')
https://www.orangejelly.co.uk/licensees-guide/pub-health-safety-checklist,Question,,,no,no,no,unknown type for this validator (no required/recommended table for 'Question')
https://www.orangejelly.co.uk/licensees-guide/pub-health-safety-checklist,Answer,,,no,no,no,unknown type for this validator (no required/recommended table for 'Answer')
https://www.orangejelly.co.uk/licensees-guide/pub-health-safety-checklist,Question,,,no,no,no,unknown type for this validator (no required/recommended table for 'Question')
https://www.orangejelly.co.uk/licensees-guide/pub-health-safety-checklist,Answer,,,no,no,no,unknown type for this validator (no required/recommended table for 'Answer')
https://www.orangejelly.co.uk/licensees-guide/pub-health-safety-checklist,BreadcrumbList,,,no,no,yes,
https://www.orangejelly.co.uk/licensees-guide/pub-health-safety-checklist,ListItem,,,no,no,no,unknown type for this validator (no required/recommended table for 'ListItem')
https://www.orangejelly.co.uk/licensees-guide/pub-health-safety-checklist,ListItem,,,no,no,no,unknown type for this validator (no required/recommended table for 'ListItem')
https://www.orangejelly.co.uk/licensees-guide/pub-health-safety-checklist,ListItem,,,no,no,no,unknown type for this validator (no required/recommended table for 'ListItem')
https://www.orangejelly.co.uk/licensees-guide/pub-health-safety-checklist,BreadcrumbList,,,no,no,yes,
https://www.orangejelly.co.uk/licensees-guide/pub-health-safety-checklist,ListItem,,,no,no,no,unknown type for this validator (no required/recommended table for 'ListItem')
https://www.orangejelly.co.uk/licensees-guide/pub-health-safety-checklist,ListItem,,,no,no,no,unknown type for this validator (no required/recommended table for 'ListItem')
https://www.orangejelly.co.uk/licensees-guide/pub-health-safety-checklist,ListItem,,,no,no,no,unknown type for this validator (no required/recommended table for 'ListItem')
https://www.orangejelly.co.uk/licensees-guide/pub-insurance-cover-guide,ProfessionalService,,,no,no,no,unknown type for this validator (no required/recommended table for 'ProfessionalService')
https://www.orangejelly.co.uk/licensees-guide/pub-insurance-cover-guide,ImageObject,,,no,no,no,unknown type for this validator (no required/recommended table for 'ImageObject')
https://www.orangejelly.co.uk/licensees-guide/pub-insurance-cover-guide,Person,,,no,no,no,unknown type for this validator (no required/recommended table for 'Person')
https://www.orangejelly.co.uk/licensees-guide/pub-insurance-cover-guide,ContactPoint,,,no,no,no,unknown type for this validator (no required/recommended table for 'ContactPoint')
https://www.orangejelly.co.uk/licensees-guide/pub-insurance-cover-guide,PostalAddress,,,no,no,no,unknown type for this validator (no required/recommended table for 'PostalAddress')
https://www.orangejelly.co.uk/licensees-guide/pub-insurance-cover-guide,GeoCoordinates,,,no,no,no,unknown type for this validator (no required/recommended table for 'GeoCoordinates')
https://www.orangejelly.co.uk/licensees-guide/pub-insurance-cover-guide,WebSite,,potentialAction,no,no,no,
https://www.orangejelly.co.uk/licensees-guide/pub-insurance-cover-guide,BreadcrumbList,,,no,no,yes,
https://www.orangejelly.co.uk/licensees-guide/pub-insurance-cover-guide,ListItem,,,no,no,no,unknown type for this validator (no required/recommended table for 'ListItem')
https://www.orangejelly.co.uk/licensees-guide/pub-insurance-cover-guide,BlogPosting,,image,no,no,yes,
https://www.orangejelly.co.uk/licensees-guide/pub-insurance-cover-guide,Person,,,no,no,no,unknown type for this validator (no required/recommended table for 'Person')
https://www.orangejelly.co.uk/licensees-guide/pub-insurance-cover-guide,Organization,,url; sameAs; contactPoint,no,no,no,
https://www.orangejelly.co.uk/licensees-guide/pub-insurance-cover-guide,ImageObject,,,no,no,no,unknown type for this validator (no required/recommended table for 'ImageObject')
https://www.orangejelly.co.uk/licensees-guide/pub-insurance-cover-guide,WebPage,,,no,no,no,unknown type for this validator (no required/recommended table for 'WebPage')
https://www.orangejelly.co.uk/licensees-guide/pub-insurance-cover-guide,SpeakableSpecification,,,no,no,no,unknown type for this validator (no required/recommended table for 'SpeakableSpecification')
https://www.orangejelly.co.uk/licensees-guide/pub-insurance-cover-guide,Thing,,,no,no,no,unknown type for this validator (no required/recommended table for 'Thing')
https://www.orangejelly.co.uk/licensees-guide/pub-insurance-cover-guide,Thing,,,no,no,no,unknown type for this validator (no required/recommended table for 'Thing')
https://www.orangejelly.co.uk/licensees-guide/pub-insurance-cover-guide,Thing,,,no,no,no,unknown type for this validator (no required/recommended table for 'Thing')
https://www.orangejelly.co.uk/licensees-guide/pub-insurance-cover-guide,FAQPage,,,yes,no,no,FAQ rich results are now limited to authoritative government/health sites (Aug 2023). Markup is still valid but most sites no longer earn a rich result.
https://www.orangejelly.co.uk/licensees-guide/pub-insurance-cover-guide,Question,,,no,no,no,unknown type for this validator (no required/recommended table for 'Question')
https://www.orangejelly.co.uk/licensees-guide/pub-insurance-cover-guide,Answer,,,no,no,no,unknown type for this validator (no required/recommended table for 'Answer')
https://www.orangejelly.co.uk/licensees-guide/pub-insurance-cover-guide,Question,,,no,no,no,unknown type for this validator (no required/recommended table for 'Question')
https://www.orangejelly.co.uk/licensees-guide/pub-insurance-cover-guide,Answer,,,no,no,no,unknown type for this validator (no required/recommended table for 'Answer')
https://www.orangejelly.co.uk/licensees-guide/pub-insurance-cover-guide,Question,,,no,no,no,unknown type for this validator (no required/recommended table for 'Question')
https://www.orangejelly.co.uk/licensees-guide/pub-insurance-cover-guide,Answer,,,no,no,no,unknown type for this validator (no required/recommended table for 'Answer')
https://www.orangejelly.co.uk/licensees-guide/pub-insurance-cover-guide,Question,,,no,no,no,unknown type for this validator (no required/recommended table for 'Question')
https://www.orangejelly.co.uk/licensees-guide/pub-insurance-cover-guide,Answer,,,no,no,no,unknown type for this validator (no required/recommended table for 'Answer')
https://www.orangejelly.co.uk/licensees-guide/pub-insurance-cover-guide,Question,,,no,no,no,unknown type for this validator (no required/recommended table for 'Question')
https://www.orangejelly.co.uk/licensees-guide/pub-insurance-cover-guide,Answer,,,no,no,no,unknown type for this validator (no required/recommended table for 'Answer')
https://www.orangejelly.co.uk/licensees-guide/pub-insurance-cover-guide,Question,,,no,no,no,unknown type for this validator (no required/recommended table for 'Question')
https://www.orangejelly.co.uk/licensees-guide/pub-insurance-cover-guide,Answer,,,no,no,no,unknown type for this validator (no required/recommended table for 'Answer')
https://www.orangejelly.co.uk/licensees-guide/pub-insurance-cover-guide,BreadcrumbList,,,no,no,yes,
https://www.orangejelly.co.uk/licensees-guide/pub-insurance-cover-guide,ListItem,,,no,no,no,unknown type for this validator (no required/recommended table for 'ListItem')
https://www.orangejelly.co.uk/licensees-guide/pub-insurance-cover-guide,ListItem,,,no,no,no,unknown type for this validator (no required/recommended table for 'ListItem')
https://www.orangejelly.co.uk/licensees-guide/pub-insurance-cover-guide,ListItem,,,no,no,no,unknown type for this validator (no required/recommended table for 'ListItem')
https://www.orangejelly.co.uk/licensees-guide/pub-insurance-cover-guide,BreadcrumbList,,,no,no,yes,
https://www.orangejelly.co.uk/licensees-guide/pub-insurance-cover-guide,ListItem,,,no,no,no,unknown type for this validator (no required/recommended table for 'ListItem')
https://www.orangejelly.co.uk/licensees-guide/pub-insurance-cover-guide,ListItem,,,no,no,no,unknown type for this validator (no required/recommended table for 'ListItem')
https://www.orangejelly.co.uk/licensees-guide/pub-insurance-cover-guide,ListItem,,,no,no,no,unknown type for this validator (no required/recommended table for 'ListItem')
https://www.orangejelly.co.uk/licensees-guide/pub-licensing-premises-personal-licence-guide,ProfessionalService,,,no,no,no,unknown type for this validator (no required/recommended table for 'ProfessionalService')
https://www.orangejelly.co.uk/licensees-guide/pub-licensing-premises-personal-licence-guide,ImageObject,,,no,no,no,unknown type for this validator (no required/recommended table for 'ImageObject')
https://www.orangejelly.co.uk/licensees-guide/pub-licensing-premises-personal-licence-guide,Person,,,no,no,no,unknown type for this validator (no required/recommended table for 'Person')
https://www.orangejelly.co.uk/licensees-guide/pub-licensing-premises-personal-licence-guide,ContactPoint,,,no,no,no,unknown type for this validator (no required/recommended table for 'ContactPoint')
https://www.orangejelly.co.uk/licensees-guide/pub-licensing-premises-personal-licence-guide,PostalAddress,,,no,no,no,unknown type for this validator (no required/recommended table for 'PostalAddress')
https://www.orangejelly.co.uk/licensees-guide/pub-licensing-premises-personal-licence-guide,GeoCoordinates,,,no,no,no,unknown type for this validator (no required/recommended table for 'GeoCoordinates')
https://www.orangejelly.co.uk/licensees-guide/pub-licensing-premises-personal-licence-guide,WebSite,,potentialAction,no,no,no,
https://www.orangejelly.co.uk/licensees-guide/pub-licensing-premises-personal-licence-guide,BreadcrumbList,,,no,no,yes,
https://www.orangejelly.co.uk/licensees-guide/pub-licensing-premises-personal-licence-guide,ListItem,,,no,no,no,unknown type for this validator (no required/recommended table for 'ListItem')
https://www.orangejelly.co.uk/licensees-guide/pub-licensing-premises-personal-licence-guide,BlogPosting,,image,no,no,yes,
https://www.orangejelly.co.uk/licensees-guide/pub-licensing-premises-personal-licence-guide,Person,,,no,no,no,unknown type for this validator (no required/recommended table for 'Person')
https://www.orangejelly.co.uk/licensees-guide/pub-licensing-premises-personal-licence-guide,Organization,,url; sameAs; contactPoint,no,no,no,
https://www.orangejelly.co.uk/licensees-guide/pub-licensing-premises-personal-licence-guide,ImageObject,,,no,no,no,unknown type for this validator (no required/recommended table for 'ImageObject')
https://www.orangejelly.co.uk/licensees-guide/pub-licensing-premises-personal-licence-guide,WebPage,,,no,no,no,unknown type for this validator (no required/recommended table for 'WebPage')
https://www.orangejelly.co.uk/licensees-guide/pub-licensing-premises-personal-licence-guide,SpeakableSpecification,,,no,no,no,unknown type for this validator (no required/recommended table for 'SpeakableSpecification')
https://www.orangejelly.co.uk/licensees-guide/pub-licensing-premises-personal-licence-guide,Thing,,,no,no,no,unknown type for this validator (no required/recommended table for 'Thing')
https://www.orangejelly.co.uk/licensees-guide/pub-licensing-premises-personal-licence-guide,Thing,,,no,no,no,unknown type for this validator (no required/recommended table for 'Thing')
https://www.orangejelly.co.uk/licensees-guide/pub-licensing-premises-personal-licence-guide,Thing,,,no,no,no,unknown type for this validator (no required/recommended table for 'Thing')
https://www.orangejelly.co.uk/licensees-guide/pub-licensing-premises-personal-licence-guide,Thing,,,no,no,no,unknown type for this validator (no required/recommended table for 'Thing')
https://www.orangejelly.co.uk/licensees-guide/pub-licensing-premises-personal-licence-guide,FAQPage,,,yes,no,no,FAQ rich results are now limited to authoritative government/health sites (Aug 2023). Markup is still valid but most sites no longer earn a rich result.
https://www.orangejelly.co.uk/licensees-guide/pub-licensing-premises-personal-licence-guide,Question,,,no,no,no,unknown type for this validator (no required/recommended table for 'Question')
https://www.orangejelly.co.uk/licensees-guide/pub-licensing-premises-personal-licence-guide,Answer,,,no,no,no,unknown type for this validator (no required/recommended table for 'Answer')
https://www.orangejelly.co.uk/licensees-guide/pub-licensing-premises-personal-licence-guide,Question,,,no,no,no,unknown type for this validator (no required/recommended table for 'Question')
https://www.orangejelly.co.uk/licensees-guide/pub-licensing-premises-personal-licence-guide,Answer,,,no,no,no,unknown type for this validator (no required/recommended table for 'Answer')
https://www.orangejelly.co.uk/licensees-guide/pub-licensing-premises-personal-licence-guide,Question,,,no,no,no,unknown type for this validator (no required/recommended table for 'Question')
https://www.orangejelly.co.uk/licensees-guide/pub-licensing-premises-personal-licence-guide,Answer,,,no,no,no,unknown type for this validator (no required/recommended table for 'Answer')
https://www.orangejelly.co.uk/licensees-guide/pub-licensing-premises-personal-licence-guide,Question,,,no,no,no,unknown type for this validator (no required/recommended table for 'Question')
https://www.orangejelly.co.uk/licensees-guide/pub-licensing-premises-personal-licence-guide,Answer,,,no,no,no,unknown type for this validator (no required/recommended table for 'Answer')
https://www.orangejelly.co.uk/licensees-guide/pub-licensing-premises-personal-licence-guide,Question,,,no,no,no,unknown type for this validator (no required/recommended table for 'Question')
https://www.orangejelly.co.uk/licensees-guide/pub-licensing-premises-personal-licence-guide,Answer,,,no,no,no,unknown type for this validator (no required/recommended table for 'Answer')
https://www.orangejelly.co.uk/licensees-guide/pub-licensing-premises-personal-licence-guide,Question,,,no,no,no,unknown type for this validator (no required/recommended table for 'Question')
https://www.orangejelly.co.uk/licensees-guide/pub-licensing-premises-personal-licence-guide,Answer,,,no,no,no,unknown type for this validator (no required/recommended table for 'Answer')
https://www.orangejelly.co.uk/licensees-guide/pub-licensing-premises-personal-licence-guide,Question,,,no,no,no,unknown type for this validator (no required/recommended table for 'Question')
https://www.orangejelly.co.uk/licensees-guide/pub-licensing-premises-personal-licence-guide,Answer,,,no,no,no,unknown type for this validator (no required/recommended table for 'Answer')
https://www.orangejelly.co.uk/licensees-guide/pub-licensing-premises-personal-licence-guide,BreadcrumbList,,,no,no,yes,
https://www.orangejelly.co.uk/licensees-guide/pub-licensing-premises-personal-licence-guide,ListItem,,,no,no,no,unknown type for this validator (no required/recommended table for 'ListItem')
https://www.orangejelly.co.uk/licensees-guide/pub-licensing-premises-personal-licence-guide,ListItem,,,no,no,no,unknown type for this validator (no required/recommended table for 'ListItem')
https://www.orangejelly.co.uk/licensees-guide/pub-licensing-premises-personal-licence-guide,ListItem,,,no,no,no,unknown type for this validator (no required/recommended table for 'ListItem')
https://www.orangejelly.co.uk/licensees-guide/pub-licensing-premises-personal-licence-guide,BreadcrumbList,,,no,no,yes,
https://www.orangejelly.co.uk/licensees-guide/pub-licensing-premises-personal-licence-guide,ListItem,,,no,no,no,unknown type for this validator (no required/recommended table for 'ListItem')
https://www.orangejelly.co.uk/licensees-guide/pub-licensing-premises-personal-licence-guide,ListItem,,,no,no,no,unknown type for this validator (no required/recommended table for 'ListItem')
https://www.orangejelly.co.uk/licensees-guide/pub-licensing-premises-personal-licence-guide,ListItem,,,no,no,no,unknown type for this validator (no required/recommended table for 'ListItem')
https://www.orangejelly.co.uk/licensees-guide/pub-marketing-plan-2026-monthly-guide,ProfessionalService,,,no,no,no,unknown type for this validator (no required/recommended table for 'ProfessionalService')
https://www.orangejelly.co.uk/licensees-guide/pub-marketing-plan-2026-monthly-guide,ImageObject,,,no,no,no,unknown type for this validator (no required/recommended table for 'ImageObject')
https://www.orangejelly.co.uk/licensees-guide/pub-marketing-plan-2026-monthly-guide,Person,,,no,no,no,unknown type for this validator (no required/recommended table for 'Person')
https://www.orangejelly.co.uk/licensees-guide/pub-marketing-plan-2026-monthly-guide,ContactPoint,,,no,no,no,unknown type for this validator (no required/recommended table for 'ContactPoint')
https://www.orangejelly.co.uk/licensees-guide/pub-marketing-plan-2026-monthly-guide,PostalAddress,,,no,no,no,unknown type for this validator (no required/recommended table for 'PostalAddress')
https://www.orangejelly.co.uk/licensees-guide/pub-marketing-plan-2026-monthly-guide,GeoCoordinates,,,no,no,no,unknown type for this validator (no required/recommended table for 'GeoCoordinates')
https://www.orangejelly.co.uk/licensees-guide/pub-marketing-plan-2026-monthly-guide,WebSite,,potentialAction,no,no,no,
https://www.orangejelly.co.uk/licensees-guide/pub-marketing-plan-2026-monthly-guide,BreadcrumbList,,,no,no,yes,
https://www.orangejelly.co.uk/licensees-guide/pub-marketing-plan-2026-monthly-guide,ListItem,,,no,no,no,unknown type for this validator (no required/recommended table for 'ListItem')
https://www.orangejelly.co.uk/licensees-guide/pub-marketing-plan-2026-monthly-guide,BlogPosting,,image,no,no,yes,
https://www.orangejelly.co.uk/licensees-guide/pub-marketing-plan-2026-monthly-guide,Person,,,no,no,no,unknown type for this validator (no required/recommended table for 'Person')
https://www.orangejelly.co.uk/licensees-guide/pub-marketing-plan-2026-monthly-guide,Organization,,url; sameAs; contactPoint,no,no,no,
https://www.orangejelly.co.uk/licensees-guide/pub-marketing-plan-2026-monthly-guide,ImageObject,,,no,no,no,unknown type for this validator (no required/recommended table for 'ImageObject')
https://www.orangejelly.co.uk/licensees-guide/pub-marketing-plan-2026-monthly-guide,WebPage,,,no,no,no,unknown type for this validator (no required/recommended table for 'WebPage')
https://www.orangejelly.co.uk/licensees-guide/pub-marketing-plan-2026-monthly-guide,SpeakableSpecification,,,no,no,no,unknown type for this validator (no required/recommended table for 'SpeakableSpecification')
https://www.orangejelly.co.uk/licensees-guide/pub-marketing-plan-2026-monthly-guide,Thing,,,no,no,no,unknown type for this validator (no required/recommended table for 'Thing')
https://www.orangejelly.co.uk/licensees-guide/pub-marketing-plan-2026-monthly-guide,Thing,,,no,no,no,unknown type for this validator (no required/recommended table for 'Thing')
https://www.orangejelly.co.uk/licensees-guide/pub-marketing-plan-2026-monthly-guide,Thing,,,no,no,no,unknown type for this validator (no required/recommended table for 'Thing')
https://www.orangejelly.co.uk/licensees-guide/pub-marketing-plan-2026-monthly-guide,FAQPage,,,yes,no,no,FAQ rich results are now limited to authoritative government/health sites (Aug 2023). Markup is still valid but most sites no longer earn a rich result.
https://www.orangejelly.co.uk/licensees-guide/pub-marketing-plan-2026-monthly-guide,Question,,,no,no,no,unknown type for this validator (no required/recommended table for 'Question')
https://www.orangejelly.co.uk/licensees-guide/pub-marketing-plan-2026-monthly-guide,Answer,,,no,no,no,unknown type for this validator (no required/recommended table for 'Answer')
https://www.orangejelly.co.uk/licensees-guide/pub-marketing-plan-2026-monthly-guide,Question,,,no,no,no,unknown type for this validator (no required/recommended table for 'Question')
https://www.orangejelly.co.uk/licensees-guide/pub-marketing-plan-2026-monthly-guide,Answer,,,no,no,no,unknown type for this validator (no required/recommended table for 'Answer')
https://www.orangejelly.co.uk/licensees-guide/pub-marketing-plan-2026-monthly-guide,Question,,,no,no,no,unknown type for this validator (no required/recommended table for 'Question')
https://www.orangejelly.co.uk/licensees-guide/pub-marketing-plan-2026-monthly-guide,Answer,,,no,no,no,unknown type for this validator (no required/recommended table for 'Answer')
https://www.orangejelly.co.uk/licensees-guide/pub-marketing-plan-2026-monthly-guide,Question,,,no,no,no,unknown type for this validator (no required/recommended table for 'Question')
https://www.orangejelly.co.uk/licensees-guide/pub-marketing-plan-2026-monthly-guide,Answer,,,no,no,no,unknown type for this validator (no required/recommended table for 'Answer')
https://www.orangejelly.co.uk/licensees-guide/pub-marketing-plan-2026-monthly-guide,Question,,,no,no,no,unknown type for this validator (no required/recommended table for 'Question')
https://www.orangejelly.co.uk/licensees-guide/pub-marketing-plan-2026-monthly-guide,Answer,,,no,no,no,unknown type for this validator (no required/recommended table for 'Answer')
https://www.orangejelly.co.uk/licensees-guide/pub-marketing-plan-2026-monthly-guide,BreadcrumbList,,,no,no,yes,
https://www.orangejelly.co.uk/licensees-guide/pub-marketing-plan-2026-monthly-guide,ListItem,,,no,no,no,unknown type for this validator (no required/recommended table for 'ListItem')
https://www.orangejelly.co.uk/licensees-guide/pub-marketing-plan-2026-monthly-guide,ListItem,,,no,no,no,unknown type for this validator (no required/recommended table for 'ListItem')
https://www.orangejelly.co.uk/licensees-guide/pub-marketing-plan-2026-monthly-guide,ListItem,,,no,no,no,unknown type for this validator (no required/recommended table for 'ListItem')
https://www.orangejelly.co.uk/licensees-guide/pub-marketing-plan-2026-monthly-guide,BreadcrumbList,,,no,no,yes,
https://www.orangejelly.co.uk/licensees-guide/pub-marketing-plan-2026-monthly-guide,ListItem,,,no,no,no,unknown type for this validator (no required/recommended table for 'ListItem')
https://www.orangejelly.co.uk/licensees-guide/pub-marketing-plan-2026-monthly-guide,ListItem,,,no,no,no,unknown type for this validator (no required/recommended table for 'ListItem')
https://www.orangejelly.co.uk/licensees-guide/pub-marketing-plan-2026-monthly-guide,ListItem,,,no,no,no,unknown type for this validator (no required/recommended table for 'ListItem')
https://www.orangejelly.co.uk/licensees-guide/pub-new-years-eve-planning-guide,ProfessionalService,,,no,no,no,unknown type for this validator (no required/recommended table for 'ProfessionalService')
https://www.orangejelly.co.uk/licensees-guide/pub-new-years-eve-planning-guide,ImageObject,,,no,no,no,unknown type for this validator (no required/recommended table for 'ImageObject')
https://www.orangejelly.co.uk/licensees-guide/pub-new-years-eve-planning-guide,Person,,,no,no,no,unknown type for this validator (no required/recommended table for 'Person')
https://www.orangejelly.co.uk/licensees-guide/pub-new-years-eve-planning-guide,ContactPoint,,,no,no,no,unknown type for this validator (no required/recommended table for 'ContactPoint')
https://www.orangejelly.co.uk/licensees-guide/pub-new-years-eve-planning-guide,PostalAddress,,,no,no,no,unknown type for this validator (no required/recommended table for 'PostalAddress')
https://www.orangejelly.co.uk/licensees-guide/pub-new-years-eve-planning-guide,GeoCoordinates,,,no,no,no,unknown type for this validator (no required/recommended table for 'GeoCoordinates')
https://www.orangejelly.co.uk/licensees-guide/pub-new-years-eve-planning-guide,WebSite,,potentialAction,no,no,no,
https://www.orangejelly.co.uk/licensees-guide/pub-new-years-eve-planning-guide,BreadcrumbList,,,no,no,yes,
https://www.orangejelly.co.uk/licensees-guide/pub-new-years-eve-planning-guide,ListItem,,,no,no,no,unknown type for this validator (no required/recommended table for 'ListItem')
https://www.orangejelly.co.uk/licensees-guide/pub-new-years-eve-planning-guide,BlogPosting,,image,no,no,yes,
https://www.orangejelly.co.uk/licensees-guide/pub-new-years-eve-planning-guide,Person,,,no,no,no,unknown type for this validator (no required/recommended table for 'Person')
https://www.orangejelly.co.uk/licensees-guide/pub-new-years-eve-planning-guide,Organization,,url; sameAs; contactPoint,no,no,no,
https://www.orangejelly.co.uk/licensees-guide/pub-new-years-eve-planning-guide,ImageObject,,,no,no,no,unknown type for this validator (no required/recommended table for 'ImageObject')
https://www.orangejelly.co.uk/licensees-guide/pub-new-years-eve-planning-guide,WebPage,,,no,no,no,unknown type for this validator (no required/recommended table for 'WebPage')
https://www.orangejelly.co.uk/licensees-guide/pub-new-years-eve-planning-guide,SpeakableSpecification,,,no,no,no,unknown type for this validator (no required/recommended table for 'SpeakableSpecification')
https://www.orangejelly.co.uk/licensees-guide/pub-new-years-eve-planning-guide,Thing,,,no,no,no,unknown type for this validator (no required/recommended table for 'Thing')
https://www.orangejelly.co.uk/licensees-guide/pub-new-years-eve-planning-guide,Thing,,,no,no,no,unknown type for this validator (no required/recommended table for 'Thing')
https://www.orangejelly.co.uk/licensees-guide/pub-new-years-eve-planning-guide,Thing,,,no,no,no,unknown type for this validator (no required/recommended table for 'Thing')
https://www.orangejelly.co.uk/licensees-guide/pub-new-years-eve-planning-guide,FAQPage,,,yes,no,no,FAQ rich results are now limited to authoritative government/health sites (Aug 2023). Markup is still valid but most sites no longer earn a rich result.
https://www.orangejelly.co.uk/licensees-guide/pub-new-years-eve-planning-guide,Question,,,no,no,no,unknown type for this validator (no required/recommended table for 'Question')
https://www.orangejelly.co.uk/licensees-guide/pub-new-years-eve-planning-guide,Answer,,,no,no,no,unknown type for this validator (no required/recommended table for 'Answer')
https://www.orangejelly.co.uk/licensees-guide/pub-new-years-eve-planning-guide,Question,,,no,no,no,unknown type for this validator (no required/recommended table for 'Question')
https://www.orangejelly.co.uk/licensees-guide/pub-new-years-eve-planning-guide,Answer,,,no,no,no,unknown type for this validator (no required/recommended table for 'Answer')
https://www.orangejelly.co.uk/licensees-guide/pub-new-years-eve-planning-guide,Question,,,no,no,no,unknown type for this validator (no required/recommended table for 'Question')
https://www.orangejelly.co.uk/licensees-guide/pub-new-years-eve-planning-guide,Answer,,,no,no,no,unknown type for this validator (no required/recommended table for 'Answer')
https://www.orangejelly.co.uk/licensees-guide/pub-new-years-eve-planning-guide,Question,,,no,no,no,unknown type for this validator (no required/recommended table for 'Question')
https://www.orangejelly.co.uk/licensees-guide/pub-new-years-eve-planning-guide,Answer,,,no,no,no,unknown type for this validator (no required/recommended table for 'Answer')
https://www.orangejelly.co.uk/licensees-guide/pub-new-years-eve-planning-guide,Question,,,no,no,no,unknown type for this validator (no required/recommended table for 'Question')
https://www.orangejelly.co.uk/licensees-guide/pub-new-years-eve-planning-guide,Answer,,,no,no,no,unknown type for this validator (no required/recommended table for 'Answer')
https://www.orangejelly.co.uk/licensees-guide/pub-new-years-eve-planning-guide,BreadcrumbList,,,no,no,yes,
https://www.orangejelly.co.uk/licensees-guide/pub-new-years-eve-planning-guide,ListItem,,,no,no,no,unknown type for this validator (no required/recommended table for 'ListItem')
https://www.orangejelly.co.uk/licensees-guide/pub-new-years-eve-planning-guide,ListItem,,,no,no,no,unknown type for this validator (no required/recommended table for 'ListItem')
https://www.orangejelly.co.uk/licensees-guide/pub-new-years-eve-planning-guide,ListItem,,,no,no,no,unknown type for this validator (no required/recommended table for 'ListItem')
https://www.orangejelly.co.uk/licensees-guide/pub-new-years-eve-planning-guide,ListItem,,,no,no,no,unknown type for this validator (no required/recommended table for 'ListItem')
https://www.orangejelly.co.uk/licensees-guide/pub-new-years-eve-planning-guide,BreadcrumbList,,,no,no,yes,
https://www.orangejelly.co.uk/licensees-guide/pub-new-years-eve-planning-guide,ListItem,,,no,no,no,unknown type for this validator (no required/recommended table for 'ListItem')
https://www.orangejelly.co.uk/licensees-guide/pub-new-years-eve-planning-guide,ListItem,,,no,no,no,unknown type for this validator (no required/recommended table for 'ListItem')
https://www.orangejelly.co.uk/licensees-guide/pub-new-years-eve-planning-guide,ListItem,,,no,no,no,unknown type for this validator (no required/recommended table for 'ListItem')
https://www.orangejelly.co.uk/licensees-guide/pub-new-years-eve-planning-guide,ListItem,,,no,no,no,unknown type for this validator (no required/recommended table for 'ListItem')
https://www.orangejelly.co.uk/licensees-guide/pub-recruitment-hiring-bar-staff,ProfessionalService,,,no,no,no,unknown type for this validator (no required/recommended table for 'ProfessionalService')
https://www.orangejelly.co.uk/licensees-guide/pub-recruitment-hiring-bar-staff,ImageObject,,,no,no,no,unknown type for this validator (no required/recommended table for 'ImageObject')
https://www.orangejelly.co.uk/licensees-guide/pub-recruitment-hiring-bar-staff,Person,,,no,no,no,unknown type for this validator (no required/recommended table for 'Person')
https://www.orangejelly.co.uk/licensees-guide/pub-recruitment-hiring-bar-staff,ContactPoint,,,no,no,no,unknown type for this validator (no required/recommended table for 'ContactPoint')
https://www.orangejelly.co.uk/licensees-guide/pub-recruitment-hiring-bar-staff,PostalAddress,,,no,no,no,unknown type for this validator (no required/recommended table for 'PostalAddress')
https://www.orangejelly.co.uk/licensees-guide/pub-recruitment-hiring-bar-staff,GeoCoordinates,,,no,no,no,unknown type for this validator (no required/recommended table for 'GeoCoordinates')
https://www.orangejelly.co.uk/licensees-guide/pub-recruitment-hiring-bar-staff,WebSite,,potentialAction,no,no,no,
https://www.orangejelly.co.uk/licensees-guide/pub-recruitment-hiring-bar-staff,BreadcrumbList,,,no,no,yes,
https://www.orangejelly.co.uk/licensees-guide/pub-recruitment-hiring-bar-staff,ListItem,,,no,no,no,unknown type for this validator (no required/recommended table for 'ListItem')
https://www.orangejelly.co.uk/licensees-guide/pub-recruitment-hiring-bar-staff,BlogPosting,,image,no,no,yes,
https://www.orangejelly.co.uk/licensees-guide/pub-recruitment-hiring-bar-staff,Person,,,no,no,no,unknown type for this validator (no required/recommended table for 'Person')
https://www.orangejelly.co.uk/licensees-guide/pub-recruitment-hiring-bar-staff,Organization,,url; sameAs; contactPoint,no,no,no,
https://www.orangejelly.co.uk/licensees-guide/pub-recruitment-hiring-bar-staff,ImageObject,,,no,no,no,unknown type for this validator (no required/recommended table for 'ImageObject')
https://www.orangejelly.co.uk/licensees-guide/pub-recruitment-hiring-bar-staff,WebPage,,,no,no,no,unknown type for this validator (no required/recommended table for 'WebPage')
https://www.orangejelly.co.uk/licensees-guide/pub-recruitment-hiring-bar-staff,SpeakableSpecification,,,no,no,no,unknown type for this validator (no required/recommended table for 'SpeakableSpecification')
https://www.orangejelly.co.uk/licensees-guide/pub-recruitment-hiring-bar-staff,Thing,,,no,no,no,unknown type for this validator (no required/recommended table for 'Thing')
https://www.orangejelly.co.uk/licensees-guide/pub-recruitment-hiring-bar-staff,Thing,,,no,no,no,unknown type for this validator (no required/recommended table for 'Thing')
https://www.orangejelly.co.uk/licensees-guide/pub-recruitment-hiring-bar-staff,Thing,,,no,no,no,unknown type for this validator (no required/recommended table for 'Thing')
https://www.orangejelly.co.uk/licensees-guide/pub-recruitment-hiring-bar-staff,Thing,,,no,no,no,unknown type for this validator (no required/recommended table for 'Thing')
https://www.orangejelly.co.uk/licensees-guide/pub-recruitment-hiring-bar-staff,FAQPage,,,yes,no,no,FAQ rich results are now limited to authoritative government/health sites (Aug 2023). Markup is still valid but most sites no longer earn a rich result.
https://www.orangejelly.co.uk/licensees-guide/pub-recruitment-hiring-bar-staff,Question,,,no,no,no,unknown type for this validator (no required/recommended table for 'Question')
https://www.orangejelly.co.uk/licensees-guide/pub-recruitment-hiring-bar-staff,Answer,,,no,no,no,unknown type for this validator (no required/recommended table for 'Answer')
https://www.orangejelly.co.uk/licensees-guide/pub-recruitment-hiring-bar-staff,Question,,,no,no,no,unknown type for this validator (no required/recommended table for 'Question')
https://www.orangejelly.co.uk/licensees-guide/pub-recruitment-hiring-bar-staff,Answer,,,no,no,no,unknown type for this validator (no required/recommended table for 'Answer')
https://www.orangejelly.co.uk/licensees-guide/pub-recruitment-hiring-bar-staff,Question,,,no,no,no,unknown type for this validator (no required/recommended table for 'Question')
https://www.orangejelly.co.uk/licensees-guide/pub-recruitment-hiring-bar-staff,Answer,,,no,no,no,unknown type for this validator (no required/recommended table for 'Answer')
https://www.orangejelly.co.uk/licensees-guide/pub-recruitment-hiring-bar-staff,Question,,,no,no,no,unknown type for this validator (no required/recommended table for 'Question')
https://www.orangejelly.co.uk/licensees-guide/pub-recruitment-hiring-bar-staff,Answer,,,no,no,no,unknown type for this validator (no required/recommended table for 'Answer')
https://www.orangejelly.co.uk/licensees-guide/pub-recruitment-hiring-bar-staff,Question,,,no,no,no,unknown type for this validator (no required/recommended table for 'Question')
https://www.orangejelly.co.uk/licensees-guide/pub-recruitment-hiring-bar-staff,Answer,,,no,no,no,unknown type for this validator (no required/recommended table for 'Answer')
https://www.orangejelly.co.uk/licensees-guide/pub-recruitment-hiring-bar-staff,Question,,,no,no,no,unknown type for this validator (no required/recommended table for 'Question')
https://www.orangejelly.co.uk/licensees-guide/pub-recruitment-hiring-bar-staff,Answer,,,no,no,no,unknown type for this validator (no required/recommended table for 'Answer')
https://www.orangejelly.co.uk/licensees-guide/pub-recruitment-hiring-bar-staff,BreadcrumbList,,,no,no,yes,
https://www.orangejelly.co.uk/licensees-guide/pub-recruitment-hiring-bar-staff,ListItem,,,no,no,no,unknown type for this validator (no required/recommended table for 'ListItem')
https://www.orangejelly.co.uk/licensees-guide/pub-recruitment-hiring-bar-staff,ListItem,,,no,no,no,unknown type for this validator (no required/recommended table for 'ListItem')
https://www.orangejelly.co.uk/licensees-guide/pub-recruitment-hiring-bar-staff,ListItem,,,no,no,no,unknown type for this validator (no required/recommended table for 'ListItem')
https://www.orangejelly.co.uk/licensees-guide/pub-recruitment-hiring-bar-staff,BreadcrumbList,,,no,no,yes,
https://www.orangejelly.co.uk/licensees-guide/pub-recruitment-hiring-bar-staff,ListItem,,,no,no,no,unknown type for this validator (no required/recommended table for 'ListItem')
https://www.orangejelly.co.uk/licensees-guide/pub-recruitment-hiring-bar-staff,ListItem,,,no,no,no,unknown type for this validator (no required/recommended table for 'ListItem')
https://www.orangejelly.co.uk/licensees-guide/pub-recruitment-hiring-bar-staff,ListItem,,,no,no,no,unknown type for this validator (no required/recommended table for 'ListItem')
https://www.orangejelly.co.uk/licensees-guide/pub-refurbishment-on-budget,ProfessionalService,,,no,no,no,unknown type for this validator (no required/recommended table for 'ProfessionalService')
https://www.orangejelly.co.uk/licensees-guide/pub-refurbishment-on-budget,ImageObject,,,no,no,no,unknown type for this validator (no required/recommended table for 'ImageObject')
https://www.orangejelly.co.uk/licensees-guide/pub-refurbishment-on-budget,Person,,,no,no,no,unknown type for this validator (no required/recommended table for 'Person')
https://www.orangejelly.co.uk/licensees-guide/pub-refurbishment-on-budget,ContactPoint,,,no,no,no,unknown type for this validator (no required/recommended table for 'ContactPoint')
https://www.orangejelly.co.uk/licensees-guide/pub-refurbishment-on-budget,PostalAddress,,,no,no,no,unknown type for this validator (no required/recommended table for 'PostalAddress')
https://www.orangejelly.co.uk/licensees-guide/pub-refurbishment-on-budget,GeoCoordinates,,,no,no,no,unknown type for this validator (no required/recommended table for 'GeoCoordinates')
https://www.orangejelly.co.uk/licensees-guide/pub-refurbishment-on-budget,WebSite,,potentialAction,no,no,no,
https://www.orangejelly.co.uk/licensees-guide/pub-refurbishment-on-budget,BreadcrumbList,,,no,no,yes,
https://www.orangejelly.co.uk/licensees-guide/pub-refurbishment-on-budget,ListItem,,,no,no,no,unknown type for this validator (no required/recommended table for 'ListItem')
https://www.orangejelly.co.uk/licensees-guide/pub-refurbishment-on-budget,BlogPosting,,image,no,no,yes,
https://www.orangejelly.co.uk/licensees-guide/pub-refurbishment-on-budget,Person,,,no,no,no,unknown type for this validator (no required/recommended table for 'Person')
https://www.orangejelly.co.uk/licensees-guide/pub-refurbishment-on-budget,Organization,,url; sameAs; contactPoint,no,no,no,
https://www.orangejelly.co.uk/licensees-guide/pub-refurbishment-on-budget,ImageObject,,,no,no,no,unknown type for this validator (no required/recommended table for 'ImageObject')
https://www.orangejelly.co.uk/licensees-guide/pub-refurbishment-on-budget,WebPage,,,no,no,no,unknown type for this validator (no required/recommended table for 'WebPage')
https://www.orangejelly.co.uk/licensees-guide/pub-refurbishment-on-budget,SpeakableSpecification,,,no,no,no,unknown type for this validator (no required/recommended table for 'SpeakableSpecification')
https://www.orangejelly.co.uk/licensees-guide/pub-refurbishment-on-budget,Thing,,,no,no,no,unknown type for this validator (no required/recommended table for 'Thing')
https://www.orangejelly.co.uk/licensees-guide/pub-refurbishment-on-budget,Thing,,,no,no,no,unknown type for this validator (no required/recommended table for 'Thing')
https://www.orangejelly.co.uk/licensees-guide/pub-refurbishment-on-budget,Thing,,,no,no,no,unknown type for this validator (no required/recommended table for 'Thing')
https://www.orangejelly.co.uk/licensees-guide/pub-refurbishment-on-budget,FAQPage,,,yes,no,no,FAQ rich results are now limited to authoritative government/health sites (Aug 2023). Markup is still valid but most sites no longer earn a rich result.
https://www.orangejelly.co.uk/licensees-guide/pub-refurbishment-on-budget,Question,,,no,no,no,unknown type for this validator (no required/recommended table for 'Question')
https://www.orangejelly.co.uk/licensees-guide/pub-refurbishment-on-budget,Answer,,,no,no,no,unknown type for this validator (no required/recommended table for 'Answer')
https://www.orangejelly.co.uk/licensees-guide/pub-refurbishment-on-budget,Question,,,no,no,no,unknown type for this validator (no required/recommended table for 'Question')
https://www.orangejelly.co.uk/licensees-guide/pub-refurbishment-on-budget,Answer,,,no,no,no,unknown type for this validator (no required/recommended table for 'Answer')
https://www.orangejelly.co.uk/licensees-guide/pub-refurbishment-on-budget,Question,,,no,no,no,unknown type for this validator (no required/recommended table for 'Question')
https://www.orangejelly.co.uk/licensees-guide/pub-refurbishment-on-budget,Answer,,,no,no,no,unknown type for this validator (no required/recommended table for 'Answer')
https://www.orangejelly.co.uk/licensees-guide/pub-refurbishment-on-budget,BreadcrumbList,,,no,no,yes,
https://www.orangejelly.co.uk/licensees-guide/pub-refurbishment-on-budget,ListItem,,,no,no,no,unknown type for this validator (no required/recommended table for 'ListItem')
https://www.orangejelly.co.uk/licensees-guide/pub-refurbishment-on-budget,ListItem,,,no,no,no,unknown type for this validator (no required/recommended table for 'ListItem')
https://www.orangejelly.co.uk/licensees-guide/pub-refurbishment-on-budget,ListItem,,,no,no,no,unknown type for this validator (no required/recommended table for 'ListItem')
https://www.orangejelly.co.uk/licensees-guide/pub-refurbishment-on-budget,BreadcrumbList,,,no,no,yes,
https://www.orangejelly.co.uk/licensees-guide/pub-refurbishment-on-budget,ListItem,,,no,no,no,unknown type for this validator (no required/recommended table for 'ListItem')
https://www.orangejelly.co.uk/licensees-guide/pub-refurbishment-on-budget,ListItem,,,no,no,no,unknown type for this validator (no required/recommended table for 'ListItem')
https://www.orangejelly.co.uk/licensees-guide/pub-refurbishment-on-budget,ListItem,,,no,no,no,unknown type for this validator (no required/recommended table for 'ListItem')
https://www.orangejelly.co.uk/licensees-guide/pub-six-nations-rugby-marketing,ProfessionalService,,,no,no,no,unknown type for this validator (no required/recommended table for 'ProfessionalService')
https://www.orangejelly.co.uk/licensees-guide/pub-six-nations-rugby-marketing,ImageObject,,,no,no,no,unknown type for this validator (no required/recommended table for 'ImageObject')
https://www.orangejelly.co.uk/licensees-guide/pub-six-nations-rugby-marketing,Person,,,no,no,no,unknown type for this validator (no required/recommended table for 'Person')
https://www.orangejelly.co.uk/licensees-guide/pub-six-nations-rugby-marketing,ContactPoint,,,no,no,no,unknown type for this validator (no required/recommended table for 'ContactPoint')
https://www.orangejelly.co.uk/licensees-guide/pub-six-nations-rugby-marketing,PostalAddress,,,no,no,no,unknown type for this validator (no required/recommended table for 'PostalAddress')
https://www.orangejelly.co.uk/licensees-guide/pub-six-nations-rugby-marketing,GeoCoordinates,,,no,no,no,unknown type for this validator (no required/recommended table for 'GeoCoordinates')
https://www.orangejelly.co.uk/licensees-guide/pub-six-nations-rugby-marketing,WebSite,,potentialAction,no,no,no,
https://www.orangejelly.co.uk/licensees-guide/pub-six-nations-rugby-marketing,BreadcrumbList,,,no,no,yes,
https://www.orangejelly.co.uk/licensees-guide/pub-six-nations-rugby-marketing,ListItem,,,no,no,no,unknown type for this validator (no required/recommended table for 'ListItem')
https://www.orangejelly.co.uk/licensees-guide/pub-six-nations-rugby-marketing,BlogPosting,,image,no,no,yes,
https://www.orangejelly.co.uk/licensees-guide/pub-six-nations-rugby-marketing,Person,,,no,no,no,unknown type for this validator (no required/recommended table for 'Person')
https://www.orangejelly.co.uk/licensees-guide/pub-six-nations-rugby-marketing,Organization,,url; sameAs; contactPoint,no,no,no,
https://www.orangejelly.co.uk/licensees-guide/pub-six-nations-rugby-marketing,ImageObject,,,no,no,no,unknown type for this validator (no required/recommended table for 'ImageObject')
https://www.orangejelly.co.uk/licensees-guide/pub-six-nations-rugby-marketing,WebPage,,,no,no,no,unknown type for this validator (no required/recommended table for 'WebPage')
https://www.orangejelly.co.uk/licensees-guide/pub-six-nations-rugby-marketing,SpeakableSpecification,,,no,no,no,unknown type for this validator (no required/recommended table for 'SpeakableSpecification')
https://www.orangejelly.co.uk/licensees-guide/pub-six-nations-rugby-marketing,Thing,,,no,no,no,unknown type for this validator (no required/recommended table for 'Thing')
https://www.orangejelly.co.uk/licensees-guide/pub-six-nations-rugby-marketing,Thing,,,no,no,no,unknown type for this validator (no required/recommended table for 'Thing')
https://www.orangejelly.co.uk/licensees-guide/pub-six-nations-rugby-marketing,Thing,,,no,no,no,unknown type for this validator (no required/recommended table for 'Thing')
https://www.orangejelly.co.uk/licensees-guide/pub-six-nations-rugby-marketing,FAQPage,,,yes,no,no,FAQ rich results are now limited to authoritative government/health sites (Aug 2023). Markup is still valid but most sites no longer earn a rich result.
https://www.orangejelly.co.uk/licensees-guide/pub-six-nations-rugby-marketing,Question,,,no,no,no,unknown type for this validator (no required/recommended table for 'Question')
https://www.orangejelly.co.uk/licensees-guide/pub-six-nations-rugby-marketing,Answer,,,no,no,no,unknown type for this validator (no required/recommended table for 'Answer')
https://www.orangejelly.co.uk/licensees-guide/pub-six-nations-rugby-marketing,Question,,,no,no,no,unknown type for this validator (no required/recommended table for 'Question')
https://www.orangejelly.co.uk/licensees-guide/pub-six-nations-rugby-marketing,Answer,,,no,no,no,unknown type for this validator (no required/recommended table for 'Answer')
https://www.orangejelly.co.uk/licensees-guide/pub-six-nations-rugby-marketing,Question,,,no,no,no,unknown type for this validator (no required/recommended table for 'Question')
https://www.orangejelly.co.uk/licensees-guide/pub-six-nations-rugby-marketing,Answer,,,no,no,no,unknown type for this validator (no required/recommended table for 'Answer')
https://www.orangejelly.co.uk/licensees-guide/pub-six-nations-rugby-marketing,Question,,,no,no,no,unknown type for this validator (no required/recommended table for 'Question')
https://www.orangejelly.co.uk/licensees-guide/pub-six-nations-rugby-marketing,Answer,,,no,no,no,unknown type for this validator (no required/recommended table for 'Answer')
https://www.orangejelly.co.uk/licensees-guide/pub-six-nations-rugby-marketing,BreadcrumbList,,,no,no,yes,
https://www.orangejelly.co.uk/licensees-guide/pub-six-nations-rugby-marketing,ListItem,,,no,no,no,unknown type for this validator (no required/recommended table for 'ListItem')
https://www.orangejelly.co.uk/licensees-guide/pub-six-nations-rugby-marketing,ListItem,,,no,no,no,unknown type for this validator (no required/recommended table for 'ListItem')
https://www.orangejelly.co.uk/licensees-guide/pub-six-nations-rugby-marketing,ListItem,,,no,no,no,unknown type for this validator (no required/recommended table for 'ListItem')
https://www.orangejelly.co.uk/licensees-guide/pub-six-nations-rugby-marketing,BreadcrumbList,,,no,no,yes,
https://www.orangejelly.co.uk/licensees-guide/pub-six-nations-rugby-marketing,ListItem,,,no,no,no,unknown type for this validator (no required/recommended table for 'ListItem')
https://www.orangejelly.co.uk/licensees-guide/pub-six-nations-rugby-marketing,ListItem,,,no,no,no,unknown type for this validator (no required/recommended table for 'ListItem')
https://www.orangejelly.co.uk/licensees-guide/pub-six-nations-rugby-marketing,ListItem,,,no,no,no,unknown type for this validator (no required/recommended table for 'ListItem')
https://www.orangejelly.co.uk/licensees-guide/pub-toilet-refurbishment-budget-guide,ProfessionalService,,,no,no,no,unknown type for this validator (no required/recommended table for 'ProfessionalService')
https://www.orangejelly.co.uk/licensees-guide/pub-toilet-refurbishment-budget-guide,ImageObject,,,no,no,no,unknown type for this validator (no required/recommended table for 'ImageObject')
https://www.orangejelly.co.uk/licensees-guide/pub-toilet-refurbishment-budget-guide,Person,,,no,no,no,unknown type for this validator (no required/recommended table for 'Person')
https://www.orangejelly.co.uk/licensees-guide/pub-toilet-refurbishment-budget-guide,ContactPoint,,,no,no,no,unknown type for this validator (no required/recommended table for 'ContactPoint')
https://www.orangejelly.co.uk/licensees-guide/pub-toilet-refurbishment-budget-guide,PostalAddress,,,no,no,no,unknown type for this validator (no required/recommended table for 'PostalAddress')
https://www.orangejelly.co.uk/licensees-guide/pub-toilet-refurbishment-budget-guide,GeoCoordinates,,,no,no,no,unknown type for this validator (no required/recommended table for 'GeoCoordinates')
https://www.orangejelly.co.uk/licensees-guide/pub-toilet-refurbishment-budget-guide,WebSite,,potentialAction,no,no,no,
https://www.orangejelly.co.uk/licensees-guide/pub-toilet-refurbishment-budget-guide,BreadcrumbList,,,no,no,yes,
https://www.orangejelly.co.uk/licensees-guide/pub-toilet-refurbishment-budget-guide,ListItem,,,no,no,no,unknown type for this validator (no required/recommended table for 'ListItem')
https://www.orangejelly.co.uk/licensees-guide/pub-toilet-refurbishment-budget-guide,BlogPosting,,image,no,no,yes,
https://www.orangejelly.co.uk/licensees-guide/pub-toilet-refurbishment-budget-guide,Person,,,no,no,no,unknown type for this validator (no required/recommended table for 'Person')
https://www.orangejelly.co.uk/licensees-guide/pub-toilet-refurbishment-budget-guide,Organization,,url; sameAs; contactPoint,no,no,no,
https://www.orangejelly.co.uk/licensees-guide/pub-toilet-refurbishment-budget-guide,ImageObject,,,no,no,no,unknown type for this validator (no required/recommended table for 'ImageObject')
https://www.orangejelly.co.uk/licensees-guide/pub-toilet-refurbishment-budget-guide,WebPage,,,no,no,no,unknown type for this validator (no required/recommended table for 'WebPage')
https://www.orangejelly.co.uk/licensees-guide/pub-toilet-refurbishment-budget-guide,SpeakableSpecification,,,no,no,no,unknown type for this validator (no required/recommended table for 'SpeakableSpecification')
https://www.orangejelly.co.uk/licensees-guide/pub-toilet-refurbishment-budget-guide,Thing,,,no,no,no,unknown type for this validator (no required/recommended table for 'Thing')
https://www.orangejelly.co.uk/licensees-guide/pub-toilet-refurbishment-budget-guide,Thing,,,no,no,no,unknown type for this validator (no required/recommended table for 'Thing')
https://www.orangejelly.co.uk/licensees-guide/pub-toilet-refurbishment-budget-guide,Thing,,,no,no,no,unknown type for this validator (no required/recommended table for 'Thing')
https://www.orangejelly.co.uk/licensees-guide/pub-toilet-refurbishment-budget-guide,Thing,,,no,no,no,unknown type for this validator (no required/recommended table for 'Thing')
https://www.orangejelly.co.uk/licensees-guide/pub-toilet-refurbishment-budget-guide,FAQPage,,,yes,no,no,FAQ rich results are now limited to authoritative government/health sites (Aug 2023). Markup is still valid but most sites no longer earn a rich result.
https://www.orangejelly.co.uk/licensees-guide/pub-toilet-refurbishment-budget-guide,Question,,,no,no,no,unknown type for this validator (no required/recommended table for 'Question')
https://www.orangejelly.co.uk/licensees-guide/pub-toilet-refurbishment-budget-guide,Answer,,,no,no,no,unknown type for this validator (no required/recommended table for 'Answer')
https://www.orangejelly.co.uk/licensees-guide/pub-toilet-refurbishment-budget-guide,Question,,,no,no,no,unknown type for this validator (no required/recommended table for 'Question')
https://www.orangejelly.co.uk/licensees-guide/pub-toilet-refurbishment-budget-guide,Answer,,,no,no,no,unknown type for this validator (no required/recommended table for 'Answer')
https://www.orangejelly.co.uk/licensees-guide/pub-toilet-refurbishment-budget-guide,Question,,,no,no,no,unknown type for this validator (no required/recommended table for 'Question')
https://www.orangejelly.co.uk/licensees-guide/pub-toilet-refurbishment-budget-guide,Answer,,,no,no,no,unknown type for this validator (no required/recommended table for 'Answer')
https://www.orangejelly.co.uk/licensees-guide/pub-toilet-refurbishment-budget-guide,Question,,,no,no,no,unknown type for this validator (no required/recommended table for 'Question')
https://www.orangejelly.co.uk/licensees-guide/pub-toilet-refurbishment-budget-guide,Answer,,,no,no,no,unknown type for this validator (no required/recommended table for 'Answer')
https://www.orangejelly.co.uk/licensees-guide/pub-toilet-refurbishment-budget-guide,Question,,,no,no,no,unknown type for this validator (no required/recommended table for 'Question')
https://www.orangejelly.co.uk/licensees-guide/pub-toilet-refurbishment-budget-guide,Answer,,,no,no,no,unknown type for this validator (no required/recommended table for 'Answer')
https://www.orangejelly.co.uk/licensees-guide/pub-toilet-refurbishment-budget-guide,BreadcrumbList,,,no,no,yes,
https://www.orangejelly.co.uk/licensees-guide/pub-toilet-refurbishment-budget-guide,ListItem,,,no,no,no,unknown type for this validator (no required/recommended table for 'ListItem')
https://www.orangejelly.co.uk/licensees-guide/pub-toilet-refurbishment-budget-guide,ListItem,,,no,no,no,unknown type for this validator (no required/recommended table for 'ListItem')
https://www.orangejelly.co.uk/licensees-guide/pub-toilet-refurbishment-budget-guide,ListItem,,,no,no,no,unknown type for this validator (no required/recommended table for 'ListItem')
https://www.orangejelly.co.uk/licensees-guide/pub-toilet-refurbishment-budget-guide,BreadcrumbList,,,no,no,yes,
https://www.orangejelly.co.uk/licensees-guide/pub-toilet-refurbishment-budget-guide,ListItem,,,no,no,no,unknown type for this validator (no required/recommended table for 'ListItem')
https://www.orangejelly.co.uk/licensees-guide/pub-toilet-refurbishment-budget-guide,ListItem,,,no,no,no,unknown type for this validator (no required/recommended table for 'ListItem')
https://www.orangejelly.co.uk/licensees-guide/pub-toilet-refurbishment-budget-guide,ListItem,,,no,no,no,unknown type for this validator (no required/recommended table for 'ListItem')
https://www.orangejelly.co.uk/licensees-guide/pub-vat-accounting-guide,ProfessionalService,,,no,no,no,unknown type for this validator (no required/recommended table for 'ProfessionalService')
https://www.orangejelly.co.uk/licensees-guide/pub-vat-accounting-guide,ImageObject,,,no,no,no,unknown type for this validator (no required/recommended table for 'ImageObject')
https://www.orangejelly.co.uk/licensees-guide/pub-vat-accounting-guide,Person,,,no,no,no,unknown type for this validator (no required/recommended table for 'Person')
https://www.orangejelly.co.uk/licensees-guide/pub-vat-accounting-guide,ContactPoint,,,no,no,no,unknown type for this validator (no required/recommended table for 'ContactPoint')
https://www.orangejelly.co.uk/licensees-guide/pub-vat-accounting-guide,PostalAddress,,,no,no,no,unknown type for this validator (no required/recommended table for 'PostalAddress')
https://www.orangejelly.co.uk/licensees-guide/pub-vat-accounting-guide,GeoCoordinates,,,no,no,no,unknown type for this validator (no required/recommended table for 'GeoCoordinates')
https://www.orangejelly.co.uk/licensees-guide/pub-vat-accounting-guide,WebSite,,potentialAction,no,no,no,
https://www.orangejelly.co.uk/licensees-guide/pub-vat-accounting-guide,BreadcrumbList,,,no,no,yes,
https://www.orangejelly.co.uk/licensees-guide/pub-vat-accounting-guide,ListItem,,,no,no,no,unknown type for this validator (no required/recommended table for 'ListItem')
https://www.orangejelly.co.uk/licensees-guide/pub-vat-accounting-guide,BlogPosting,,image,no,no,yes,
https://www.orangejelly.co.uk/licensees-guide/pub-vat-accounting-guide,Person,,,no,no,no,unknown type for this validator (no required/recommended table for 'Person')
https://www.orangejelly.co.uk/licensees-guide/pub-vat-accounting-guide,Organization,,url; sameAs; contactPoint,no,no,no,
https://www.orangejelly.co.uk/licensees-guide/pub-vat-accounting-guide,ImageObject,,,no,no,no,unknown type for this validator (no required/recommended table for 'ImageObject')
https://www.orangejelly.co.uk/licensees-guide/pub-vat-accounting-guide,WebPage,,,no,no,no,unknown type for this validator (no required/recommended table for 'WebPage')
https://www.orangejelly.co.uk/licensees-guide/pub-vat-accounting-guide,SpeakableSpecification,,,no,no,no,unknown type for this validator (no required/recommended table for 'SpeakableSpecification')
https://www.orangejelly.co.uk/licensees-guide/pub-vat-accounting-guide,Thing,,,no,no,no,unknown type for this validator (no required/recommended table for 'Thing')
https://www.orangejelly.co.uk/licensees-guide/pub-vat-accounting-guide,Thing,,,no,no,no,unknown type for this validator (no required/recommended table for 'Thing')
https://www.orangejelly.co.uk/licensees-guide/pub-vat-accounting-guide,Thing,,,no,no,no,unknown type for this validator (no required/recommended table for 'Thing')
https://www.orangejelly.co.uk/licensees-guide/pub-vat-accounting-guide,FAQPage,,,yes,no,no,FAQ rich results are now limited to authoritative government/health sites (Aug 2023). Markup is still valid but most sites no longer earn a rich result.
https://www.orangejelly.co.uk/licensees-guide/pub-vat-accounting-guide,Question,,,no,no,no,unknown type for this validator (no required/recommended table for 'Question')
https://www.orangejelly.co.uk/licensees-guide/pub-vat-accounting-guide,Answer,,,no,no,no,unknown type for this validator (no required/recommended table for 'Answer')
https://www.orangejelly.co.uk/licensees-guide/pub-vat-accounting-guide,Question,,,no,no,no,unknown type for this validator (no required/recommended table for 'Question')
https://www.orangejelly.co.uk/licensees-guide/pub-vat-accounting-guide,Answer,,,no,no,no,unknown type for this validator (no required/recommended table for 'Answer')
https://www.orangejelly.co.uk/licensees-guide/pub-vat-accounting-guide,Question,,,no,no,no,unknown type for this validator (no required/recommended table for 'Question')
https://www.orangejelly.co.uk/licensees-guide/pub-vat-accounting-guide,Answer,,,no,no,no,unknown type for this validator (no required/recommended table for 'Answer')
https://www.orangejelly.co.uk/licensees-guide/pub-vat-accounting-guide,Question,,,no,no,no,unknown type for this validator (no required/recommended table for 'Question')
https://www.orangejelly.co.uk/licensees-guide/pub-vat-accounting-guide,Answer,,,no,no,no,unknown type for this validator (no required/recommended table for 'Answer')
https://www.orangejelly.co.uk/licensees-guide/pub-vat-accounting-guide,Question,,,no,no,no,unknown type for this validator (no required/recommended table for 'Question')
https://www.orangejelly.co.uk/licensees-guide/pub-vat-accounting-guide,Answer,,,no,no,no,unknown type for this validator (no required/recommended table for 'Answer')
https://www.orangejelly.co.uk/licensees-guide/pub-vat-accounting-guide,Question,,,no,no,no,unknown type for this validator (no required/recommended table for 'Question')
https://www.orangejelly.co.uk/licensees-guide/pub-vat-accounting-guide,Answer,,,no,no,no,unknown type for this validator (no required/recommended table for 'Answer')
https://www.orangejelly.co.uk/licensees-guide/pub-vat-accounting-guide,BreadcrumbList,,,no,no,yes,
https://www.orangejelly.co.uk/licensees-guide/pub-vat-accounting-guide,ListItem,,,no,no,no,unknown type for this validator (no required/recommended table for 'ListItem')
https://www.orangejelly.co.uk/licensees-guide/pub-vat-accounting-guide,ListItem,,,no,no,no,unknown type for this validator (no required/recommended table for 'ListItem')
https://www.orangejelly.co.uk/licensees-guide/pub-vat-accounting-guide,ListItem,,,no,no,no,unknown type for this validator (no required/recommended table for 'ListItem')
https://www.orangejelly.co.uk/licensees-guide/pub-vat-accounting-guide,BreadcrumbList,,,no,no,yes,
https://www.orangejelly.co.uk/licensees-guide/pub-vat-accounting-guide,ListItem,,,no,no,no,unknown type for this validator (no required/recommended table for 'ListItem')
https://www.orangejelly.co.uk/licensees-guide/pub-vat-accounting-guide,ListItem,,,no,no,no,unknown type for this validator (no required/recommended table for 'ListItem')
https://www.orangejelly.co.uk/licensees-guide/pub-vat-accounting-guide,ListItem,,,no,no,no,unknown type for this validator (no required/recommended table for 'ListItem')
https://www.orangejelly.co.uk/licensees-guide/pub-wages-labour-costs-guide,ProfessionalService,,,no,no,no,unknown type for this validator (no required/recommended table for 'ProfessionalService')
https://www.orangejelly.co.uk/licensees-guide/pub-wages-labour-costs-guide,ImageObject,,,no,no,no,unknown type for this validator (no required/recommended table for 'ImageObject')
https://www.orangejelly.co.uk/licensees-guide/pub-wages-labour-costs-guide,Person,,,no,no,no,unknown type for this validator (no required/recommended table for 'Person')
https://www.orangejelly.co.uk/licensees-guide/pub-wages-labour-costs-guide,ContactPoint,,,no,no,no,unknown type for this validator (no required/recommended table for 'ContactPoint')
https://www.orangejelly.co.uk/licensees-guide/pub-wages-labour-costs-guide,PostalAddress,,,no,no,no,unknown type for this validator (no required/recommended table for 'PostalAddress')
https://www.orangejelly.co.uk/licensees-guide/pub-wages-labour-costs-guide,GeoCoordinates,,,no,no,no,unknown type for this validator (no required/recommended table for 'GeoCoordinates')
https://www.orangejelly.co.uk/licensees-guide/pub-wages-labour-costs-guide,WebSite,,potentialAction,no,no,no,
https://www.orangejelly.co.uk/licensees-guide/pub-wages-labour-costs-guide,BreadcrumbList,,,no,no,yes,
https://www.orangejelly.co.uk/licensees-guide/pub-wages-labour-costs-guide,ListItem,,,no,no,no,unknown type for this validator (no required/recommended table for 'ListItem')
https://www.orangejelly.co.uk/licensees-guide/pub-wages-labour-costs-guide,BlogPosting,,image,no,no,yes,
https://www.orangejelly.co.uk/licensees-guide/pub-wages-labour-costs-guide,Person,,,no,no,no,unknown type for this validator (no required/recommended table for 'Person')
https://www.orangejelly.co.uk/licensees-guide/pub-wages-labour-costs-guide,Organization,,url; sameAs; contactPoint,no,no,no,
https://www.orangejelly.co.uk/licensees-guide/pub-wages-labour-costs-guide,ImageObject,,,no,no,no,unknown type for this validator (no required/recommended table for 'ImageObject')
https://www.orangejelly.co.uk/licensees-guide/pub-wages-labour-costs-guide,WebPage,,,no,no,no,unknown type for this validator (no required/recommended table for 'WebPage')
https://www.orangejelly.co.uk/licensees-guide/pub-wages-labour-costs-guide,SpeakableSpecification,,,no,no,no,unknown type for this validator (no required/recommended table for 'SpeakableSpecification')
https://www.orangejelly.co.uk/licensees-guide/pub-wages-labour-costs-guide,Thing,,,no,no,no,unknown type for this validator (no required/recommended table for 'Thing')
https://www.orangejelly.co.uk/licensees-guide/pub-wages-labour-costs-guide,Thing,,,no,no,no,unknown type for this validator (no required/recommended table for 'Thing')
https://www.orangejelly.co.uk/licensees-guide/pub-wages-labour-costs-guide,Thing,,,no,no,no,unknown type for this validator (no required/recommended table for 'Thing')
https://www.orangejelly.co.uk/licensees-guide/pub-wages-labour-costs-guide,FAQPage,,,yes,no,no,FAQ rich results are now limited to authoritative government/health sites (Aug 2023). Markup is still valid but most sites no longer earn a rich result.
https://www.orangejelly.co.uk/licensees-guide/pub-wages-labour-costs-guide,Question,,,no,no,no,unknown type for this validator (no required/recommended table for 'Question')
https://www.orangejelly.co.uk/licensees-guide/pub-wages-labour-costs-guide,Answer,,,no,no,no,unknown type for this validator (no required/recommended table for 'Answer')
https://www.orangejelly.co.uk/licensees-guide/pub-wages-labour-costs-guide,Question,,,no,no,no,unknown type for this validator (no required/recommended table for 'Question')
https://www.orangejelly.co.uk/licensees-guide/pub-wages-labour-costs-guide,Answer,,,no,no,no,unknown type for this validator (no required/recommended table for 'Answer')
https://www.orangejelly.co.uk/licensees-guide/pub-wages-labour-costs-guide,Question,,,no,no,no,unknown type for this validator (no required/recommended table for 'Question')
https://www.orangejelly.co.uk/licensees-guide/pub-wages-labour-costs-guide,Answer,,,no,no,no,unknown type for this validator (no required/recommended table for 'Answer')
https://www.orangejelly.co.uk/licensees-guide/pub-wages-labour-costs-guide,Question,,,no,no,no,unknown type for this validator (no required/recommended table for 'Question')
https://www.orangejelly.co.uk/licensees-guide/pub-wages-labour-costs-guide,Answer,,,no,no,no,unknown type for this validator (no required/recommended table for 'Answer')
https://www.orangejelly.co.uk/licensees-guide/pub-wages-labour-costs-guide,Question,,,no,no,no,unknown type for this validator (no required/recommended table for 'Question')
https://www.orangejelly.co.uk/licensees-guide/pub-wages-labour-costs-guide,Answer,,,no,no,no,unknown type for this validator (no required/recommended table for 'Answer')
https://www.orangejelly.co.uk/licensees-guide/pub-wages-labour-costs-guide,BreadcrumbList,,,no,no,yes,
https://www.orangejelly.co.uk/licensees-guide/pub-wages-labour-costs-guide,ListItem,,,no,no,no,unknown type for this validator (no required/recommended table for 'ListItem')
https://www.orangejelly.co.uk/licensees-guide/pub-wages-labour-costs-guide,ListItem,,,no,no,no,unknown type for this validator (no required/recommended table for 'ListItem')
https://www.orangejelly.co.uk/licensees-guide/pub-wages-labour-costs-guide,ListItem,,,no,no,no,unknown type for this validator (no required/recommended table for 'ListItem')
https://www.orangejelly.co.uk/licensees-guide/pub-wages-labour-costs-guide,BreadcrumbList,,,no,no,yes,
https://www.orangejelly.co.uk/licensees-guide/pub-wages-labour-costs-guide,ListItem,,,no,no,no,unknown type for this validator (no required/recommended table for 'ListItem')
https://www.orangejelly.co.uk/licensees-guide/pub-wages-labour-costs-guide,ListItem,,,no,no,no,unknown type for this validator (no required/recommended table for 'ListItem')
https://www.orangejelly.co.uk/licensees-guide/pub-wages-labour-costs-guide,ListItem,,,no,no,no,unknown type for this validator (no required/recommended table for 'ListItem')
https://www.orangejelly.co.uk/licensees-guide/quiet-monday-night-promotions,ProfessionalService,,,no,no,no,unknown type for this validator (no required/recommended table for 'ProfessionalService')
https://www.orangejelly.co.uk/licensees-guide/quiet-monday-night-promotions,ImageObject,,,no,no,no,unknown type for this validator (no required/recommended table for 'ImageObject')
https://www.orangejelly.co.uk/licensees-guide/quiet-monday-night-promotions,Person,,,no,no,no,unknown type for this validator (no required/recommended table for 'Person')
https://www.orangejelly.co.uk/licensees-guide/quiet-monday-night-promotions,ContactPoint,,,no,no,no,unknown type for this validator (no required/recommended table for 'ContactPoint')
https://www.orangejelly.co.uk/licensees-guide/quiet-monday-night-promotions,PostalAddress,,,no,no,no,unknown type for this validator (no required/recommended table for 'PostalAddress')
https://www.orangejelly.co.uk/licensees-guide/quiet-monday-night-promotions,GeoCoordinates,,,no,no,no,unknown type for this validator (no required/recommended table for 'GeoCoordinates')
https://www.orangejelly.co.uk/licensees-guide/quiet-monday-night-promotions,WebSite,,potentialAction,no,no,no,
https://www.orangejelly.co.uk/licensees-guide/quiet-monday-night-promotions,BreadcrumbList,,,no,no,yes,
https://www.orangejelly.co.uk/licensees-guide/quiet-monday-night-promotions,ListItem,,,no,no,no,unknown type for this validator (no required/recommended table for 'ListItem')
https://www.orangejelly.co.uk/licensees-guide/quiet-monday-night-promotions,BlogPosting,,image,no,no,yes,
https://www.orangejelly.co.uk/licensees-guide/quiet-monday-night-promotions,Person,,,no,no,no,unknown type for this validator (no required/recommended table for 'Person')
https://www.orangejelly.co.uk/licensees-guide/quiet-monday-night-promotions,Organization,,url; sameAs; contactPoint,no,no,no,
https://www.orangejelly.co.uk/licensees-guide/quiet-monday-night-promotions,ImageObject,,,no,no,no,unknown type for this validator (no required/recommended table for 'ImageObject')
https://www.orangejelly.co.uk/licensees-guide/quiet-monday-night-promotions,WebPage,,,no,no,no,unknown type for this validator (no required/recommended table for 'WebPage')
https://www.orangejelly.co.uk/licensees-guide/quiet-monday-night-promotions,SpeakableSpecification,,,no,no,no,unknown type for this validator (no required/recommended table for 'SpeakableSpecification')
https://www.orangejelly.co.uk/licensees-guide/quiet-monday-night-promotions,Thing,,,no,no,no,unknown type for this validator (no required/recommended table for 'Thing')
https://www.orangejelly.co.uk/licensees-guide/quiet-monday-night-promotions,Thing,,,no,no,no,unknown type for this validator (no required/recommended table for 'Thing')
https://www.orangejelly.co.uk/licensees-guide/quiet-monday-night-promotions,Thing,,,no,no,no,unknown type for this validator (no required/recommended table for 'Thing')
https://www.orangejelly.co.uk/licensees-guide/quiet-monday-night-promotions,FAQPage,,,yes,no,no,FAQ rich results are now limited to authoritative government/health sites (Aug 2023). Markup is still valid but most sites no longer earn a rich result.
https://www.orangejelly.co.uk/licensees-guide/quiet-monday-night-promotions,Question,,,no,no,no,unknown type for this validator (no required/recommended table for 'Question')
https://www.orangejelly.co.uk/licensees-guide/quiet-monday-night-promotions,Answer,,,no,no,no,unknown type for this validator (no required/recommended table for 'Answer')
https://www.orangejelly.co.uk/licensees-guide/quiet-monday-night-promotions,Question,,,no,no,no,unknown type for this validator (no required/recommended table for 'Question')
https://www.orangejelly.co.uk/licensees-guide/quiet-monday-night-promotions,Answer,,,no,no,no,unknown type for this validator (no required/recommended table for 'Answer')
https://www.orangejelly.co.uk/licensees-guide/quiet-monday-night-promotions,Question,,,no,no,no,unknown type for this validator (no required/recommended table for 'Question')
https://www.orangejelly.co.uk/licensees-guide/quiet-monday-night-promotions,Answer,,,no,no,no,unknown type for this validator (no required/recommended table for 'Answer')
https://www.orangejelly.co.uk/licensees-guide/quiet-monday-night-promotions,BreadcrumbList,,,no,no,yes,
https://www.orangejelly.co.uk/licensees-guide/quiet-monday-night-promotions,ListItem,,,no,no,no,unknown type for this validator (no required/recommended table for 'ListItem')
https://www.orangejelly.co.uk/licensees-guide/quiet-monday-night-promotions,ListItem,,,no,no,no,unknown type for this validator (no required/recommended table for 'ListItem')
https://www.orangejelly.co.uk/licensees-guide/quiet-monday-night-promotions,ListItem,,,no,no,no,unknown type for this validator (no required/recommended table for 'ListItem')
https://www.orangejelly.co.uk/licensees-guide/quiet-monday-night-promotions,BreadcrumbList,,,no,no,yes,
https://www.orangejelly.co.uk/licensees-guide/quiet-monday-night-promotions,ListItem,,,no,no,no,unknown type for this validator (no required/recommended table for 'ListItem')
https://www.orangejelly.co.uk/licensees-guide/quiet-monday-night-promotions,ListItem,,,no,no,no,unknown type for this validator (no required/recommended table for 'ListItem')
https://www.orangejelly.co.uk/licensees-guide/quiet-monday-night-promotions,ListItem,,,no,no,no,unknown type for this validator (no required/recommended table for 'ListItem')
https://www.orangejelly.co.uk/licensees-guide/quiz-night-101,ProfessionalService,,,no,no,no,unknown type for this validator (no required/recommended table for 'ProfessionalService')
https://www.orangejelly.co.uk/licensees-guide/quiz-night-101,ImageObject,,,no,no,no,unknown type for this validator (no required/recommended table for 'ImageObject')
https://www.orangejelly.co.uk/licensees-guide/quiz-night-101,Person,,,no,no,no,unknown type for this validator (no required/recommended table for 'Person')
https://www.orangejelly.co.uk/licensees-guide/quiz-night-101,ContactPoint,,,no,no,no,unknown type for this validator (no required/recommended table for 'ContactPoint')
https://www.orangejelly.co.uk/licensees-guide/quiz-night-101,PostalAddress,,,no,no,no,unknown type for this validator (no required/recommended table for 'PostalAddress')
https://www.orangejelly.co.uk/licensees-guide/quiz-night-101,GeoCoordinates,,,no,no,no,unknown type for this validator (no required/recommended table for 'GeoCoordinates')
https://www.orangejelly.co.uk/licensees-guide/quiz-night-101,WebSite,,potentialAction,no,no,no,
https://www.orangejelly.co.uk/licensees-guide/quiz-night-101,BreadcrumbList,,,no,no,yes,
https://www.orangejelly.co.uk/licensees-guide/quiz-night-101,ListItem,,,no,no,no,unknown type for this validator (no required/recommended table for 'ListItem')
https://www.orangejelly.co.uk/licensees-guide/quiz-night-101,BlogPosting,,image,no,no,yes,
https://www.orangejelly.co.uk/licensees-guide/quiz-night-101,Person,,,no,no,no,unknown type for this validator (no required/recommended table for 'Person')
https://www.orangejelly.co.uk/licensees-guide/quiz-night-101,Organization,,url; sameAs; contactPoint,no,no,no,
https://www.orangejelly.co.uk/licensees-guide/quiz-night-101,ImageObject,,,no,no,no,unknown type for this validator (no required/recommended table for 'ImageObject')
https://www.orangejelly.co.uk/licensees-guide/quiz-night-101,WebPage,,,no,no,no,unknown type for this validator (no required/recommended table for 'WebPage')
https://www.orangejelly.co.uk/licensees-guide/quiz-night-101,SpeakableSpecification,,,no,no,no,unknown type for this validator (no required/recommended table for 'SpeakableSpecification')
https://www.orangejelly.co.uk/licensees-guide/quiz-night-101,Thing,,,no,no,no,unknown type for this validator (no required/recommended table for 'Thing')
https://www.orangejelly.co.uk/licensees-guide/quiz-night-101,Thing,,,no,no,no,unknown type for this validator (no required/recommended table for 'Thing')
https://www.orangejelly.co.uk/licensees-guide/quiz-night-101,Thing,,,no,no,no,unknown type for this validator (no required/recommended table for 'Thing')
https://www.orangejelly.co.uk/licensees-guide/quiz-night-101,FAQPage,,,yes,no,no,FAQ rich results are now limited to authoritative government/health sites (Aug 2023). Markup is still valid but most sites no longer earn a rich result.
https://www.orangejelly.co.uk/licensees-guide/quiz-night-101,Question,,,no,no,no,unknown type for this validator (no required/recommended table for 'Question')
https://www.orangejelly.co.uk/licensees-guide/quiz-night-101,Answer,,,no,no,no,unknown type for this validator (no required/recommended table for 'Answer')
https://www.orangejelly.co.uk/licensees-guide/quiz-night-101,Question,,,no,no,no,unknown type for this validator (no required/recommended table for 'Question')
https://www.orangejelly.co.uk/licensees-guide/quiz-night-101,Answer,,,no,no,no,unknown type for this validator (no required/recommended table for 'Answer')
https://www.orangejelly.co.uk/licensees-guide/quiz-night-101,Question,,,no,no,no,unknown type for this validator (no required/recommended table for 'Question')
https://www.orangejelly.co.uk/licensees-guide/quiz-night-101,Answer,,,no,no,no,unknown type for this validator (no required/recommended table for 'Answer')
https://www.orangejelly.co.uk/licensees-guide/quiz-night-101,BreadcrumbList,,,no,no,yes,
https://www.orangejelly.co.uk/licensees-guide/quiz-night-101,ListItem,,,no,no,no,unknown type for this validator (no required/recommended table for 'ListItem')
https://www.orangejelly.co.uk/licensees-guide/quiz-night-101,ListItem,,,no,no,no,unknown type for this validator (no required/recommended table for 'ListItem')
https://www.orangejelly.co.uk/licensees-guide/quiz-night-101,ListItem,,,no,no,no,unknown type for this validator (no required/recommended table for 'ListItem')
https://www.orangejelly.co.uk/licensees-guide/quiz-night-101,BreadcrumbList,,,no,no,yes,
https://www.orangejelly.co.uk/licensees-guide/quiz-night-101,ListItem,,,no,no,no,unknown type for this validator (no required/recommended table for 'ListItem')
https://www.orangejelly.co.uk/licensees-guide/quiz-night-101,ListItem,,,no,no,no,unknown type for this validator (no required/recommended table for 'ListItem')
https://www.orangejelly.co.uk/licensees-guide/quiz-night-101,ListItem,,,no,no,no,unknown type for this validator (no required/recommended table for 'ListItem')
https://www.orangejelly.co.uk/licensees-guide/quiz-night-ideas,ProfessionalService,,,no,no,no,unknown type for this validator (no required/recommended table for 'ProfessionalService')
https://www.orangejelly.co.uk/licensees-guide/quiz-night-ideas,ImageObject,,,no,no,no,unknown type for this validator (no required/recommended table for 'ImageObject')
https://www.orangejelly.co.uk/licensees-guide/quiz-night-ideas,Person,,,no,no,no,unknown type for this validator (no required/recommended table for 'Person')
https://www.orangejelly.co.uk/licensees-guide/quiz-night-ideas,ContactPoint,,,no,no,no,unknown type for this validator (no required/recommended table for 'ContactPoint')
https://www.orangejelly.co.uk/licensees-guide/quiz-night-ideas,PostalAddress,,,no,no,no,unknown type for this validator (no required/recommended table for 'PostalAddress')
https://www.orangejelly.co.uk/licensees-guide/quiz-night-ideas,GeoCoordinates,,,no,no,no,unknown type for this validator (no required/recommended table for 'GeoCoordinates')
https://www.orangejelly.co.uk/licensees-guide/quiz-night-ideas,WebSite,,potentialAction,no,no,no,
https://www.orangejelly.co.uk/licensees-guide/quiz-night-ideas,BreadcrumbList,,,no,no,yes,
https://www.orangejelly.co.uk/licensees-guide/quiz-night-ideas,ListItem,,,no,no,no,unknown type for this validator (no required/recommended table for 'ListItem')
https://www.orangejelly.co.uk/licensees-guide/quiz-night-ideas,BlogPosting,,image,no,no,yes,
https://www.orangejelly.co.uk/licensees-guide/quiz-night-ideas,Person,,,no,no,no,unknown type for this validator (no required/recommended table for 'Person')
https://www.orangejelly.co.uk/licensees-guide/quiz-night-ideas,Organization,,url; sameAs; contactPoint,no,no,no,
https://www.orangejelly.co.uk/licensees-guide/quiz-night-ideas,ImageObject,,,no,no,no,unknown type for this validator (no required/recommended table for 'ImageObject')
https://www.orangejelly.co.uk/licensees-guide/quiz-night-ideas,WebPage,,,no,no,no,unknown type for this validator (no required/recommended table for 'WebPage')
https://www.orangejelly.co.uk/licensees-guide/quiz-night-ideas,SpeakableSpecification,,,no,no,no,unknown type for this validator (no required/recommended table for 'SpeakableSpecification')
https://www.orangejelly.co.uk/licensees-guide/quiz-night-ideas,Thing,,,no,no,no,unknown type for this validator (no required/recommended table for 'Thing')
https://www.orangejelly.co.uk/licensees-guide/quiz-night-ideas,Thing,,,no,no,no,unknown type for this validator (no required/recommended table for 'Thing')
https://www.orangejelly.co.uk/licensees-guide/quiz-night-ideas,Thing,,,no,no,no,unknown type for this validator (no required/recommended table for 'Thing')
https://www.orangejelly.co.uk/licensees-guide/quiz-night-ideas,FAQPage,,,yes,no,no,FAQ rich results are now limited to authoritative government/health sites (Aug 2023). Markup is still valid but most sites no longer earn a rich result.
https://www.orangejelly.co.uk/licensees-guide/quiz-night-ideas,Question,,,no,no,no,unknown type for this validator (no required/recommended table for 'Question')
https://www.orangejelly.co.uk/licensees-guide/quiz-night-ideas,Answer,,,no,no,no,unknown type for this validator (no required/recommended table for 'Answer')
https://www.orangejelly.co.uk/licensees-guide/quiz-night-ideas,Question,,,no,no,no,unknown type for this validator (no required/recommended table for 'Question')
https://www.orangejelly.co.uk/licensees-guide/quiz-night-ideas,Answer,,,no,no,no,unknown type for this validator (no required/recommended table for 'Answer')
https://www.orangejelly.co.uk/licensees-guide/quiz-night-ideas,Question,,,no,no,no,unknown type for this validator (no required/recommended table for 'Question')
https://www.orangejelly.co.uk/licensees-guide/quiz-night-ideas,Answer,,,no,no,no,unknown type for this validator (no required/recommended table for 'Answer')
https://www.orangejelly.co.uk/licensees-guide/quiz-night-ideas,BreadcrumbList,,,no,no,yes,
https://www.orangejelly.co.uk/licensees-guide/quiz-night-ideas,ListItem,,,no,no,no,unknown type for this validator (no required/recommended table for 'ListItem')
https://www.orangejelly.co.uk/licensees-guide/quiz-night-ideas,ListItem,,,no,no,no,unknown type for this validator (no required/recommended table for 'ListItem')
https://www.orangejelly.co.uk/licensees-guide/quiz-night-ideas,ListItem,,,no,no,no,unknown type for this validator (no required/recommended table for 'ListItem')
https://www.orangejelly.co.uk/licensees-guide/quiz-night-ideas,BreadcrumbList,,,no,no,yes,
https://www.orangejelly.co.uk/licensees-guide/quiz-night-ideas,ListItem,,,no,no,no,unknown type for this validator (no required/recommended table for 'ListItem')
https://www.orangejelly.co.uk/licensees-guide/quiz-night-ideas,ListItem,,,no,no,no,unknown type for this validator (no required/recommended table for 'ListItem')
https://www.orangejelly.co.uk/licensees-guide/quiz-night-ideas,ListItem,,,no,no,no,unknown type for this validator (no required/recommended table for 'ListItem')
https://www.orangejelly.co.uk/licensees-guide/reboot-pub-atmosphere-on-budget,ProfessionalService,,,no,no,no,unknown type for this validator (no required/recommended table for 'ProfessionalService')
https://www.orangejelly.co.uk/licensees-guide/reboot-pub-atmosphere-on-budget,ImageObject,,,no,no,no,unknown type for this validator (no required/recommended table for 'ImageObject')
https://www.orangejelly.co.uk/licensees-guide/reboot-pub-atmosphere-on-budget,Person,,,no,no,no,unknown type for this validator (no required/recommended table for 'Person')
https://www.orangejelly.co.uk/licensees-guide/reboot-pub-atmosphere-on-budget,ContactPoint,,,no,no,no,unknown type for this validator (no required/recommended table for 'ContactPoint')
https://www.orangejelly.co.uk/licensees-guide/reboot-pub-atmosphere-on-budget,PostalAddress,,,no,no,no,unknown type for this validator (no required/recommended table for 'PostalAddress')
https://www.orangejelly.co.uk/licensees-guide/reboot-pub-atmosphere-on-budget,GeoCoordinates,,,no,no,no,unknown type for this validator (no required/recommended table for 'GeoCoordinates')
https://www.orangejelly.co.uk/licensees-guide/reboot-pub-atmosphere-on-budget,WebSite,,potentialAction,no,no,no,
https://www.orangejelly.co.uk/licensees-guide/reboot-pub-atmosphere-on-budget,BreadcrumbList,,,no,no,yes,
https://www.orangejelly.co.uk/licensees-guide/reboot-pub-atmosphere-on-budget,ListItem,,,no,no,no,unknown type for this validator (no required/recommended table for 'ListItem')
https://www.orangejelly.co.uk/licensees-guide/reboot-pub-atmosphere-on-budget,BlogPosting,,image,no,no,yes,
https://www.orangejelly.co.uk/licensees-guide/reboot-pub-atmosphere-on-budget,Person,,,no,no,no,unknown type for this validator (no required/recommended table for 'Person')
https://www.orangejelly.co.uk/licensees-guide/reboot-pub-atmosphere-on-budget,Organization,,url; sameAs; contactPoint,no,no,no,
https://www.orangejelly.co.uk/licensees-guide/reboot-pub-atmosphere-on-budget,ImageObject,,,no,no,no,unknown type for this validator (no required/recommended table for 'ImageObject')
https://www.orangejelly.co.uk/licensees-guide/reboot-pub-atmosphere-on-budget,WebPage,,,no,no,no,unknown type for this validator (no required/recommended table for 'WebPage')
https://www.orangejelly.co.uk/licensees-guide/reboot-pub-atmosphere-on-budget,SpeakableSpecification,,,no,no,no,unknown type for this validator (no required/recommended table for 'SpeakableSpecification')
https://www.orangejelly.co.uk/licensees-guide/reboot-pub-atmosphere-on-budget,Thing,,,no,no,no,unknown type for this validator (no required/recommended table for 'Thing')
https://www.orangejelly.co.uk/licensees-guide/reboot-pub-atmosphere-on-budget,Thing,,,no,no,no,unknown type for this validator (no required/recommended table for 'Thing')
https://www.orangejelly.co.uk/licensees-guide/reboot-pub-atmosphere-on-budget,Thing,,,no,no,no,unknown type for this validator (no required/recommended table for 'Thing')
https://www.orangejelly.co.uk/licensees-guide/reboot-pub-atmosphere-on-budget,FAQPage,,,yes,no,no,FAQ rich results are now limited to authoritative government/health sites (Aug 2023). Markup is still valid but most sites no longer earn a rich result.
https://www.orangejelly.co.uk/licensees-guide/reboot-pub-atmosphere-on-budget,Question,,,no,no,no,unknown type for this validator (no required/recommended table for 'Question')
https://www.orangejelly.co.uk/licensees-guide/reboot-pub-atmosphere-on-budget,Answer,,,no,no,no,unknown type for this validator (no required/recommended table for 'Answer')
https://www.orangejelly.co.uk/licensees-guide/reboot-pub-atmosphere-on-budget,Question,,,no,no,no,unknown type for this validator (no required/recommended table for 'Question')
https://www.orangejelly.co.uk/licensees-guide/reboot-pub-atmosphere-on-budget,Answer,,,no,no,no,unknown type for this validator (no required/recommended table for 'Answer')
https://www.orangejelly.co.uk/licensees-guide/reboot-pub-atmosphere-on-budget,Question,,,no,no,no,unknown type for this validator (no required/recommended table for 'Question')
https://www.orangejelly.co.uk/licensees-guide/reboot-pub-atmosphere-on-budget,Answer,,,no,no,no,unknown type for this validator (no required/recommended table for 'Answer')
https://www.orangejelly.co.uk/licensees-guide/reboot-pub-atmosphere-on-budget,BreadcrumbList,,,no,no,yes,
https://www.orangejelly.co.uk/licensees-guide/reboot-pub-atmosphere-on-budget,ListItem,,,no,no,no,unknown type for this validator (no required/recommended table for 'ListItem')
https://www.orangejelly.co.uk/licensees-guide/reboot-pub-atmosphere-on-budget,ListItem,,,no,no,no,unknown type for this validator (no required/recommended table for 'ListItem')
https://www.orangejelly.co.uk/licensees-guide/reboot-pub-atmosphere-on-budget,ListItem,,,no,no,no,unknown type for this validator (no required/recommended table for 'ListItem')
https://www.orangejelly.co.uk/licensees-guide/reboot-pub-atmosphere-on-budget,BreadcrumbList,,,no,no,yes,
https://www.orangejelly.co.uk/licensees-guide/reboot-pub-atmosphere-on-budget,ListItem,,,no,no,no,unknown type for this validator (no required/recommended table for 'ListItem')
https://www.orangejelly.co.uk/licensees-guide/reboot-pub-atmosphere-on-budget,ListItem,,,no,no,no,unknown type for this validator (no required/recommended table for 'ListItem')
https://www.orangejelly.co.uk/licensees-guide/reboot-pub-atmosphere-on-budget,ListItem,,,no,no,no,unknown type for this validator (no required/recommended table for 'ListItem')
https://www.orangejelly.co.uk/licensees-guide/recession-proof-pub-strategies,ProfessionalService,,,no,no,no,unknown type for this validator (no required/recommended table for 'ProfessionalService')
https://www.orangejelly.co.uk/licensees-guide/recession-proof-pub-strategies,ImageObject,,,no,no,no,unknown type for this validator (no required/recommended table for 'ImageObject')
https://www.orangejelly.co.uk/licensees-guide/recession-proof-pub-strategies,Person,,,no,no,no,unknown type for this validator (no required/recommended table for 'Person')
https://www.orangejelly.co.uk/licensees-guide/recession-proof-pub-strategies,ContactPoint,,,no,no,no,unknown type for this validator (no required/recommended table for 'ContactPoint')
https://www.orangejelly.co.uk/licensees-guide/recession-proof-pub-strategies,PostalAddress,,,no,no,no,unknown type for this validator (no required/recommended table for 'PostalAddress')
https://www.orangejelly.co.uk/licensees-guide/recession-proof-pub-strategies,GeoCoordinates,,,no,no,no,unknown type for this validator (no required/recommended table for 'GeoCoordinates')
https://www.orangejelly.co.uk/licensees-guide/recession-proof-pub-strategies,WebSite,,potentialAction,no,no,no,
https://www.orangejelly.co.uk/licensees-guide/recession-proof-pub-strategies,BreadcrumbList,,,no,no,yes,
https://www.orangejelly.co.uk/licensees-guide/recession-proof-pub-strategies,ListItem,,,no,no,no,unknown type for this validator (no required/recommended table for 'ListItem')
https://www.orangejelly.co.uk/licensees-guide/recession-proof-pub-strategies,BlogPosting,,image,no,no,yes,
https://www.orangejelly.co.uk/licensees-guide/recession-proof-pub-strategies,Person,,,no,no,no,unknown type for this validator (no required/recommended table for 'Person')
https://www.orangejelly.co.uk/licensees-guide/recession-proof-pub-strategies,Organization,,url; sameAs; contactPoint,no,no,no,
https://www.orangejelly.co.uk/licensees-guide/recession-proof-pub-strategies,ImageObject,,,no,no,no,unknown type for this validator (no required/recommended table for 'ImageObject')
https://www.orangejelly.co.uk/licensees-guide/recession-proof-pub-strategies,WebPage,,,no,no,no,unknown type for this validator (no required/recommended table for 'WebPage')
https://www.orangejelly.co.uk/licensees-guide/recession-proof-pub-strategies,SpeakableSpecification,,,no,no,no,unknown type for this validator (no required/recommended table for 'SpeakableSpecification')
https://www.orangejelly.co.uk/licensees-guide/recession-proof-pub-strategies,Thing,,,no,no,no,unknown type for this validator (no required/recommended table for 'Thing')
https://www.orangejelly.co.uk/licensees-guide/recession-proof-pub-strategies,Thing,,,no,no,no,unknown type for this validator (no required/recommended table for 'Thing')
https://www.orangejelly.co.uk/licensees-guide/recession-proof-pub-strategies,Thing,,,no,no,no,unknown type for this validator (no required/recommended table for 'Thing')
https://www.orangejelly.co.uk/licensees-guide/recession-proof-pub-strategies,FAQPage,,,yes,no,no,FAQ rich results are now limited to authoritative government/health sites (Aug 2023). Markup is still valid but most sites no longer earn a rich result.
https://www.orangejelly.co.uk/licensees-guide/recession-proof-pub-strategies,Question,,,no,no,no,unknown type for this validator (no required/recommended table for 'Question')
https://www.orangejelly.co.uk/licensees-guide/recession-proof-pub-strategies,Answer,,,no,no,no,unknown type for this validator (no required/recommended table for 'Answer')
https://www.orangejelly.co.uk/licensees-guide/recession-proof-pub-strategies,Question,,,no,no,no,unknown type for this validator (no required/recommended table for 'Question')
https://www.orangejelly.co.uk/licensees-guide/recession-proof-pub-strategies,Answer,,,no,no,no,unknown type for this validator (no required/recommended table for 'Answer')
https://www.orangejelly.co.uk/licensees-guide/recession-proof-pub-strategies,Question,,,no,no,no,unknown type for this validator (no required/recommended table for 'Question')
https://www.orangejelly.co.uk/licensees-guide/recession-proof-pub-strategies,Answer,,,no,no,no,unknown type for this validator (no required/recommended table for 'Answer')
https://www.orangejelly.co.uk/licensees-guide/recession-proof-pub-strategies,BreadcrumbList,,,no,no,yes,
https://www.orangejelly.co.uk/licensees-guide/recession-proof-pub-strategies,ListItem,,,no,no,no,unknown type for this validator (no required/recommended table for 'ListItem')
https://www.orangejelly.co.uk/licensees-guide/recession-proof-pub-strategies,ListItem,,,no,no,no,unknown type for this validator (no required/recommended table for 'ListItem')
https://www.orangejelly.co.uk/licensees-guide/recession-proof-pub-strategies,ListItem,,,no,no,no,unknown type for this validator (no required/recommended table for 'ListItem')
https://www.orangejelly.co.uk/licensees-guide/recession-proof-pub-strategies,BreadcrumbList,,,no,no,yes,
https://www.orangejelly.co.uk/licensees-guide/recession-proof-pub-strategies,ListItem,,,no,no,no,unknown type for this validator (no required/recommended table for 'ListItem')
https://www.orangejelly.co.uk/licensees-guide/recession-proof-pub-strategies,ListItem,,,no,no,no,unknown type for this validator (no required/recommended table for 'ListItem')
https://www.orangejelly.co.uk/licensees-guide/recession-proof-pub-strategies,ListItem,,,no,no,no,unknown type for this validator (no required/recommended table for 'ListItem')
https://www.orangejelly.co.uk/licensees-guide/rent-supplier-negotiations-cash-tight,ProfessionalService,,,no,no,no,unknown type for this validator (no required/recommended table for 'ProfessionalService')
https://www.orangejelly.co.uk/licensees-guide/rent-supplier-negotiations-cash-tight,ImageObject,,,no,no,no,unknown type for this validator (no required/recommended table for 'ImageObject')
https://www.orangejelly.co.uk/licensees-guide/rent-supplier-negotiations-cash-tight,Person,,,no,no,no,unknown type for this validator (no required/recommended table for 'Person')
https://www.orangejelly.co.uk/licensees-guide/rent-supplier-negotiations-cash-tight,ContactPoint,,,no,no,no,unknown type for this validator (no required/recommended table for 'ContactPoint')
https://www.orangejelly.co.uk/licensees-guide/rent-supplier-negotiations-cash-tight,PostalAddress,,,no,no,no,unknown type for this validator (no required/recommended table for 'PostalAddress')
https://www.orangejelly.co.uk/licensees-guide/rent-supplier-negotiations-cash-tight,GeoCoordinates,,,no,no,no,unknown type for this validator (no required/recommended table for 'GeoCoordinates')
https://www.orangejelly.co.uk/licensees-guide/rent-supplier-negotiations-cash-tight,WebSite,,potentialAction,no,no,no,
https://www.orangejelly.co.uk/licensees-guide/rent-supplier-negotiations-cash-tight,BreadcrumbList,,,no,no,yes,
https://www.orangejelly.co.uk/licensees-guide/rent-supplier-negotiations-cash-tight,ListItem,,,no,no,no,unknown type for this validator (no required/recommended table for 'ListItem')
https://www.orangejelly.co.uk/licensees-guide/rent-supplier-negotiations-cash-tight,BlogPosting,,image,no,no,yes,
https://www.orangejelly.co.uk/licensees-guide/rent-supplier-negotiations-cash-tight,Person,,,no,no,no,unknown type for this validator (no required/recommended table for 'Person')
https://www.orangejelly.co.uk/licensees-guide/rent-supplier-negotiations-cash-tight,Organization,,url; sameAs; contactPoint,no,no,no,
https://www.orangejelly.co.uk/licensees-guide/rent-supplier-negotiations-cash-tight,ImageObject,,,no,no,no,unknown type for this validator (no required/recommended table for 'ImageObject')
https://www.orangejelly.co.uk/licensees-guide/rent-supplier-negotiations-cash-tight,WebPage,,,no,no,no,unknown type for this validator (no required/recommended table for 'WebPage')
https://www.orangejelly.co.uk/licensees-guide/rent-supplier-negotiations-cash-tight,SpeakableSpecification,,,no,no,no,unknown type for this validator (no required/recommended table for 'SpeakableSpecification')
https://www.orangejelly.co.uk/licensees-guide/rent-supplier-negotiations-cash-tight,Thing,,,no,no,no,unknown type for this validator (no required/recommended table for 'Thing')
https://www.orangejelly.co.uk/licensees-guide/rent-supplier-negotiations-cash-tight,Thing,,,no,no,no,unknown type for this validator (no required/recommended table for 'Thing')
https://www.orangejelly.co.uk/licensees-guide/rent-supplier-negotiations-cash-tight,Thing,,,no,no,no,unknown type for this validator (no required/recommended table for 'Thing')
https://www.orangejelly.co.uk/licensees-guide/rent-supplier-negotiations-cash-tight,FAQPage,,,yes,no,no,FAQ rich results are now limited to authoritative government/health sites (Aug 2023). Markup is still valid but most sites no longer earn a rich result.
https://www.orangejelly.co.uk/licensees-guide/rent-supplier-negotiations-cash-tight,Question,,,no,no,no,unknown type for this validator (no required/recommended table for 'Question')
https://www.orangejelly.co.uk/licensees-guide/rent-supplier-negotiations-cash-tight,Answer,,,no,no,no,unknown type for this validator (no required/recommended table for 'Answer')
https://www.orangejelly.co.uk/licensees-guide/rent-supplier-negotiations-cash-tight,Question,,,no,no,no,unknown type for this validator (no required/recommended table for 'Question')
https://www.orangejelly.co.uk/licensees-guide/rent-supplier-negotiations-cash-tight,Answer,,,no,no,no,unknown type for this validator (no required/recommended table for 'Answer')
https://www.orangejelly.co.uk/licensees-guide/rent-supplier-negotiations-cash-tight,Question,,,no,no,no,unknown type for this validator (no required/recommended table for 'Question')
https://www.orangejelly.co.uk/licensees-guide/rent-supplier-negotiations-cash-tight,Answer,,,no,no,no,unknown type for this validator (no required/recommended table for 'Answer')
https://www.orangejelly.co.uk/licensees-guide/rent-supplier-negotiations-cash-tight,BreadcrumbList,,,no,no,yes,
https://www.orangejelly.co.uk/licensees-guide/rent-supplier-negotiations-cash-tight,ListItem,,,no,no,no,unknown type for this validator (no required/recommended table for 'ListItem')
https://www.orangejelly.co.uk/licensees-guide/rent-supplier-negotiations-cash-tight,ListItem,,,no,no,no,unknown type for this validator (no required/recommended table for 'ListItem')
https://www.orangejelly.co.uk/licensees-guide/rent-supplier-negotiations-cash-tight,ListItem,,,no,no,no,unknown type for this validator (no required/recommended table for 'ListItem')
https://www.orangejelly.co.uk/licensees-guide/rent-supplier-negotiations-cash-tight,BreadcrumbList,,,no,no,yes,
https://www.orangejelly.co.uk/licensees-guide/rent-supplier-negotiations-cash-tight,ListItem,,,no,no,no,unknown type for this validator (no required/recommended table for 'ListItem')
https://www.orangejelly.co.uk/licensees-guide/rent-supplier-negotiations-cash-tight,ListItem,,,no,no,no,unknown type for this validator (no required/recommended table for 'ListItem')
https://www.orangejelly.co.uk/licensees-guide/rent-supplier-negotiations-cash-tight,ListItem,,,no,no,no,unknown type for this validator (no required/recommended table for 'ListItem')
https://www.orangejelly.co.uk/licensees-guide/rescue-your-margins-drinks-mix,ProfessionalService,,,no,no,no,unknown type for this validator (no required/recommended table for 'ProfessionalService')
https://www.orangejelly.co.uk/licensees-guide/rescue-your-margins-drinks-mix,ImageObject,,,no,no,no,unknown type for this validator (no required/recommended table for 'ImageObject')
https://www.orangejelly.co.uk/licensees-guide/rescue-your-margins-drinks-mix,Person,,,no,no,no,unknown type for this validator (no required/recommended table for 'Person')
https://www.orangejelly.co.uk/licensees-guide/rescue-your-margins-drinks-mix,ContactPoint,,,no,no,no,unknown type for this validator (no required/recommended table for 'ContactPoint')
https://www.orangejelly.co.uk/licensees-guide/rescue-your-margins-drinks-mix,PostalAddress,,,no,no,no,unknown type for this validator (no required/recommended table for 'PostalAddress')
https://www.orangejelly.co.uk/licensees-guide/rescue-your-margins-drinks-mix,GeoCoordinates,,,no,no,no,unknown type for this validator (no required/recommended table for 'GeoCoordinates')
https://www.orangejelly.co.uk/licensees-guide/rescue-your-margins-drinks-mix,WebSite,,potentialAction,no,no,no,
https://www.orangejelly.co.uk/licensees-guide/rescue-your-margins-drinks-mix,BreadcrumbList,,,no,no,yes,
https://www.orangejelly.co.uk/licensees-guide/rescue-your-margins-drinks-mix,ListItem,,,no,no,no,unknown type for this validator (no required/recommended table for 'ListItem')
https://www.orangejelly.co.uk/licensees-guide/rescue-your-margins-drinks-mix,BlogPosting,,image,no,no,yes,
https://www.orangejelly.co.uk/licensees-guide/rescue-your-margins-drinks-mix,Person,,,no,no,no,unknown type for this validator (no required/recommended table for 'Person')
https://www.orangejelly.co.uk/licensees-guide/rescue-your-margins-drinks-mix,Organization,,url; sameAs; contactPoint,no,no,no,
https://www.orangejelly.co.uk/licensees-guide/rescue-your-margins-drinks-mix,ImageObject,,,no,no,no,unknown type for this validator (no required/recommended table for 'ImageObject')
https://www.orangejelly.co.uk/licensees-guide/rescue-your-margins-drinks-mix,WebPage,,,no,no,no,unknown type for this validator (no required/recommended table for 'WebPage')
https://www.orangejelly.co.uk/licensees-guide/rescue-your-margins-drinks-mix,SpeakableSpecification,,,no,no,no,unknown type for this validator (no required/recommended table for 'SpeakableSpecification')
https://www.orangejelly.co.uk/licensees-guide/rescue-your-margins-drinks-mix,Thing,,,no,no,no,unknown type for this validator (no required/recommended table for 'Thing')
https://www.orangejelly.co.uk/licensees-guide/rescue-your-margins-drinks-mix,Thing,,,no,no,no,unknown type for this validator (no required/recommended table for 'Thing')
https://www.orangejelly.co.uk/licensees-guide/rescue-your-margins-drinks-mix,Thing,,,no,no,no,unknown type for this validator (no required/recommended table for 'Thing')
https://www.orangejelly.co.uk/licensees-guide/rescue-your-margins-drinks-mix,FAQPage,,,yes,no,no,FAQ rich results are now limited to authoritative government/health sites (Aug 2023). Markup is still valid but most sites no longer earn a rich result.
https://www.orangejelly.co.uk/licensees-guide/rescue-your-margins-drinks-mix,Question,,,no,no,no,unknown type for this validator (no required/recommended table for 'Question')
https://www.orangejelly.co.uk/licensees-guide/rescue-your-margins-drinks-mix,Answer,,,no,no,no,unknown type for this validator (no required/recommended table for 'Answer')
https://www.orangejelly.co.uk/licensees-guide/rescue-your-margins-drinks-mix,Question,,,no,no,no,unknown type for this validator (no required/recommended table for 'Question')
https://www.orangejelly.co.uk/licensees-guide/rescue-your-margins-drinks-mix,Answer,,,no,no,no,unknown type for this validator (no required/recommended table for 'Answer')
https://www.orangejelly.co.uk/licensees-guide/rescue-your-margins-drinks-mix,Question,,,no,no,no,unknown type for this validator (no required/recommended table for 'Question')
https://www.orangejelly.co.uk/licensees-guide/rescue-your-margins-drinks-mix,Answer,,,no,no,no,unknown type for this validator (no required/recommended table for 'Answer')
https://www.orangejelly.co.uk/licensees-guide/rescue-your-margins-drinks-mix,BreadcrumbList,,,no,no,yes,
https://www.orangejelly.co.uk/licensees-guide/rescue-your-margins-drinks-mix,ListItem,,,no,no,no,unknown type for this validator (no required/recommended table for 'ListItem')
https://www.orangejelly.co.uk/licensees-guide/rescue-your-margins-drinks-mix,ListItem,,,no,no,no,unknown type for this validator (no required/recommended table for 'ListItem')
https://www.orangejelly.co.uk/licensees-guide/rescue-your-margins-drinks-mix,ListItem,,,no,no,no,unknown type for this validator (no required/recommended table for 'ListItem')
https://www.orangejelly.co.uk/licensees-guide/rescue-your-margins-drinks-mix,BreadcrumbList,,,no,no,yes,
https://www.orangejelly.co.uk/licensees-guide/rescue-your-margins-drinks-mix,ListItem,,,no,no,no,unknown type for this validator (no required/recommended table for 'ListItem')
https://www.orangejelly.co.uk/licensees-guide/rescue-your-margins-drinks-mix,ListItem,,,no,no,no,unknown type for this validator (no required/recommended table for 'ListItem')
https://www.orangejelly.co.uk/licensees-guide/rescue-your-margins-drinks-mix,ListItem,,,no,no,no,unknown type for this validator (no required/recommended table for 'ListItem')
https://www.orangejelly.co.uk/licensees-guide/restart-quiz-music-sport-roi,ProfessionalService,,,no,no,no,unknown type for this validator (no required/recommended table for 'ProfessionalService')
https://www.orangejelly.co.uk/licensees-guide/restart-quiz-music-sport-roi,ImageObject,,,no,no,no,unknown type for this validator (no required/recommended table for 'ImageObject')
https://www.orangejelly.co.uk/licensees-guide/restart-quiz-music-sport-roi,Person,,,no,no,no,unknown type for this validator (no required/recommended table for 'Person')
https://www.orangejelly.co.uk/licensees-guide/restart-quiz-music-sport-roi,ContactPoint,,,no,no,no,unknown type for this validator (no required/recommended table for 'ContactPoint')
https://www.orangejelly.co.uk/licensees-guide/restart-quiz-music-sport-roi,PostalAddress,,,no,no,no,unknown type for this validator (no required/recommended table for 'PostalAddress')
https://www.orangejelly.co.uk/licensees-guide/restart-quiz-music-sport-roi,GeoCoordinates,,,no,no,no,unknown type for this validator (no required/recommended table for 'GeoCoordinates')
https://www.orangejelly.co.uk/licensees-guide/restart-quiz-music-sport-roi,WebSite,,potentialAction,no,no,no,
https://www.orangejelly.co.uk/licensees-guide/restart-quiz-music-sport-roi,BreadcrumbList,,,no,no,yes,
https://www.orangejelly.co.uk/licensees-guide/restart-quiz-music-sport-roi,ListItem,,,no,no,no,unknown type for this validator (no required/recommended table for 'ListItem')
https://www.orangejelly.co.uk/licensees-guide/restart-quiz-music-sport-roi,BlogPosting,,image,no,no,yes,
https://www.orangejelly.co.uk/licensees-guide/restart-quiz-music-sport-roi,Person,,,no,no,no,unknown type for this validator (no required/recommended table for 'Person')
https://www.orangejelly.co.uk/licensees-guide/restart-quiz-music-sport-roi,Organization,,url; sameAs; contactPoint,no,no,no,
https://www.orangejelly.co.uk/licensees-guide/restart-quiz-music-sport-roi,ImageObject,,,no,no,no,unknown type for this validator (no required/recommended table for 'ImageObject')
https://www.orangejelly.co.uk/licensees-guide/restart-quiz-music-sport-roi,WebPage,,,no,no,no,unknown type for this validator (no required/recommended table for 'WebPage')
https://www.orangejelly.co.uk/licensees-guide/restart-quiz-music-sport-roi,SpeakableSpecification,,,no,no,no,unknown type for this validator (no required/recommended table for 'SpeakableSpecification')
https://www.orangejelly.co.uk/licensees-guide/restart-quiz-music-sport-roi,Thing,,,no,no,no,unknown type for this validator (no required/recommended table for 'Thing')
https://www.orangejelly.co.uk/licensees-guide/restart-quiz-music-sport-roi,Thing,,,no,no,no,unknown type for this validator (no required/recommended table for 'Thing')
https://www.orangejelly.co.uk/licensees-guide/restart-quiz-music-sport-roi,Thing,,,no,no,no,unknown type for this validator (no required/recommended table for 'Thing')
https://www.orangejelly.co.uk/licensees-guide/restart-quiz-music-sport-roi,FAQPage,,,yes,no,no,FAQ rich results are now limited to authoritative government/health sites (Aug 2023). Markup is still valid but most sites no longer earn a rich result.
https://www.orangejelly.co.uk/licensees-guide/restart-quiz-music-sport-roi,Question,,,no,no,no,unknown type for this validator (no required/recommended table for 'Question')
https://www.orangejelly.co.uk/licensees-guide/restart-quiz-music-sport-roi,Answer,,,no,no,no,unknown type for this validator (no required/recommended table for 'Answer')
https://www.orangejelly.co.uk/licensees-guide/restart-quiz-music-sport-roi,Question,,,no,no,no,unknown type for this validator (no required/recommended table for 'Question')
https://www.orangejelly.co.uk/licensees-guide/restart-quiz-music-sport-roi,Answer,,,no,no,no,unknown type for this validator (no required/recommended table for 'Answer')
https://www.orangejelly.co.uk/licensees-guide/restart-quiz-music-sport-roi,Question,,,no,no,no,unknown type for this validator (no required/recommended table for 'Question')
https://www.orangejelly.co.uk/licensees-guide/restart-quiz-music-sport-roi,Answer,,,no,no,no,unknown type for this validator (no required/recommended table for 'Answer')
https://www.orangejelly.co.uk/licensees-guide/restart-quiz-music-sport-roi,BreadcrumbList,,,no,no,yes,
https://www.orangejelly.co.uk/licensees-guide/restart-quiz-music-sport-roi,ListItem,,,no,no,no,unknown type for this validator (no required/recommended table for 'ListItem')
https://www.orangejelly.co.uk/licensees-guide/restart-quiz-music-sport-roi,ListItem,,,no,no,no,unknown type for this validator (no required/recommended table for 'ListItem')
https://www.orangejelly.co.uk/licensees-guide/restart-quiz-music-sport-roi,ListItem,,,no,no,no,unknown type for this validator (no required/recommended table for 'ListItem')
https://www.orangejelly.co.uk/licensees-guide/restart-quiz-music-sport-roi,BreadcrumbList,,,no,no,yes,
https://www.orangejelly.co.uk/licensees-guide/restart-quiz-music-sport-roi,ListItem,,,no,no,no,unknown type for this validator (no required/recommended table for 'ListItem')
https://www.orangejelly.co.uk/licensees-guide/restart-quiz-music-sport-roi,ListItem,,,no,no,no,unknown type for this validator (no required/recommended table for 'ListItem')
https://www.orangejelly.co.uk/licensees-guide/restart-quiz-music-sport-roi,ListItem,,,no,no,no,unknown type for this validator (no required/recommended table for 'ListItem')
https://www.orangejelly.co.uk/licensees-guide/revenue-levers-struggling-pubs,ProfessionalService,,,no,no,no,unknown type for this validator (no required/recommended table for 'ProfessionalService')
https://www.orangejelly.co.uk/licensees-guide/revenue-levers-struggling-pubs,ImageObject,,,no,no,no,unknown type for this validator (no required/recommended table for 'ImageObject')
https://www.orangejelly.co.uk/licensees-guide/revenue-levers-struggling-pubs,Person,,,no,no,no,unknown type for this validator (no required/recommended table for 'Person')
https://www.orangejelly.co.uk/licensees-guide/revenue-levers-struggling-pubs,ContactPoint,,,no,no,no,unknown type for this validator (no required/recommended table for 'ContactPoint')
https://www.orangejelly.co.uk/licensees-guide/revenue-levers-struggling-pubs,PostalAddress,,,no,no,no,unknown type for this validator (no required/recommended table for 'PostalAddress')
https://www.orangejelly.co.uk/licensees-guide/revenue-levers-struggling-pubs,GeoCoordinates,,,no,no,no,unknown type for this validator (no required/recommended table for 'GeoCoordinates')
https://www.orangejelly.co.uk/licensees-guide/revenue-levers-struggling-pubs,WebSite,,potentialAction,no,no,no,
https://www.orangejelly.co.uk/licensees-guide/revenue-levers-struggling-pubs,BreadcrumbList,,,no,no,yes,
https://www.orangejelly.co.uk/licensees-guide/revenue-levers-struggling-pubs,ListItem,,,no,no,no,unknown type for this validator (no required/recommended table for 'ListItem')
https://www.orangejelly.co.uk/licensees-guide/revenue-levers-struggling-pubs,BlogPosting,,image,no,no,yes,
https://www.orangejelly.co.uk/licensees-guide/revenue-levers-struggling-pubs,Person,,,no,no,no,unknown type for this validator (no required/recommended table for 'Person')
https://www.orangejelly.co.uk/licensees-guide/revenue-levers-struggling-pubs,Organization,,url; sameAs; contactPoint,no,no,no,
https://www.orangejelly.co.uk/licensees-guide/revenue-levers-struggling-pubs,ImageObject,,,no,no,no,unknown type for this validator (no required/recommended table for 'ImageObject')
https://www.orangejelly.co.uk/licensees-guide/revenue-levers-struggling-pubs,WebPage,,,no,no,no,unknown type for this validator (no required/recommended table for 'WebPage')
https://www.orangejelly.co.uk/licensees-guide/revenue-levers-struggling-pubs,SpeakableSpecification,,,no,no,no,unknown type for this validator (no required/recommended table for 'SpeakableSpecification')
https://www.orangejelly.co.uk/licensees-guide/revenue-levers-struggling-pubs,Thing,,,no,no,no,unknown type for this validator (no required/recommended table for 'Thing')
https://www.orangejelly.co.uk/licensees-guide/revenue-levers-struggling-pubs,Thing,,,no,no,no,unknown type for this validator (no required/recommended table for 'Thing')
https://www.orangejelly.co.uk/licensees-guide/revenue-levers-struggling-pubs,Thing,,,no,no,no,unknown type for this validator (no required/recommended table for 'Thing')
https://www.orangejelly.co.uk/licensees-guide/revenue-levers-struggling-pubs,FAQPage,,,yes,no,no,FAQ rich results are now limited to authoritative government/health sites (Aug 2023). Markup is still valid but most sites no longer earn a rich result.
https://www.orangejelly.co.uk/licensees-guide/revenue-levers-struggling-pubs,Question,,,no,no,no,unknown type for this validator (no required/recommended table for 'Question')
https://www.orangejelly.co.uk/licensees-guide/revenue-levers-struggling-pubs,Answer,,,no,no,no,unknown type for this validator (no required/recommended table for 'Answer')
https://www.orangejelly.co.uk/licensees-guide/revenue-levers-struggling-pubs,Question,,,no,no,no,unknown type for this validator (no required/recommended table for 'Question')
https://www.orangejelly.co.uk/licensees-guide/revenue-levers-struggling-pubs,Answer,,,no,no,no,unknown type for this validator (no required/recommended table for 'Answer')
https://www.orangejelly.co.uk/licensees-guide/revenue-levers-struggling-pubs,Question,,,no,no,no,unknown type for this validator (no required/recommended table for 'Question')
https://www.orangejelly.co.uk/licensees-guide/revenue-levers-struggling-pubs,Answer,,,no,no,no,unknown type for this validator (no required/recommended table for 'Answer')
https://www.orangejelly.co.uk/licensees-guide/revenue-levers-struggling-pubs,BreadcrumbList,,,no,no,yes,
https://www.orangejelly.co.uk/licensees-guide/revenue-levers-struggling-pubs,ListItem,,,no,no,no,unknown type for this validator (no required/recommended table for 'ListItem')
https://www.orangejelly.co.uk/licensees-guide/revenue-levers-struggling-pubs,ListItem,,,no,no,no,unknown type for this validator (no required/recommended table for 'ListItem')
https://www.orangejelly.co.uk/licensees-guide/revenue-levers-struggling-pubs,ListItem,,,no,no,no,unknown type for this validator (no required/recommended table for 'ListItem')
https://www.orangejelly.co.uk/licensees-guide/revenue-levers-struggling-pubs,BreadcrumbList,,,no,no,yes,
https://www.orangejelly.co.uk/licensees-guide/revenue-levers-struggling-pubs,ListItem,,,no,no,no,unknown type for this validator (no required/recommended table for 'ListItem')
https://www.orangejelly.co.uk/licensees-guide/revenue-levers-struggling-pubs,ListItem,,,no,no,no,unknown type for this validator (no required/recommended table for 'ListItem')
https://www.orangejelly.co.uk/licensees-guide/revenue-levers-struggling-pubs,ListItem,,,no,no,no,unknown type for this validator (no required/recommended table for 'ListItem')
https://www.orangejelly.co.uk/licensees-guide/seasonal-pub-events-calendar,ProfessionalService,,,no,no,no,unknown type for this validator (no required/recommended table for 'ProfessionalService')
https://www.orangejelly.co.uk/licensees-guide/seasonal-pub-events-calendar,ImageObject,,,no,no,no,unknown type for this validator (no required/recommended table for 'ImageObject')
https://www.orangejelly.co.uk/licensees-guide/seasonal-pub-events-calendar,Person,,,no,no,no,unknown type for this validator (no required/recommended table for 'Person')
https://www.orangejelly.co.uk/licensees-guide/seasonal-pub-events-calendar,ContactPoint,,,no,no,no,unknown type for this validator (no required/recommended table for 'ContactPoint')
https://www.orangejelly.co.uk/licensees-guide/seasonal-pub-events-calendar,PostalAddress,,,no,no,no,unknown type for this validator (no required/recommended table for 'PostalAddress')
https://www.orangejelly.co.uk/licensees-guide/seasonal-pub-events-calendar,GeoCoordinates,,,no,no,no,unknown type for this validator (no required/recommended table for 'GeoCoordinates')
https://www.orangejelly.co.uk/licensees-guide/seasonal-pub-events-calendar,WebSite,,potentialAction,no,no,no,
https://www.orangejelly.co.uk/licensees-guide/seasonal-pub-events-calendar,BreadcrumbList,,,no,no,yes,
https://www.orangejelly.co.uk/licensees-guide/seasonal-pub-events-calendar,ListItem,,,no,no,no,unknown type for this validator (no required/recommended table for 'ListItem')
https://www.orangejelly.co.uk/licensees-guide/seasonal-pub-events-calendar,BlogPosting,,image,no,no,yes,
https://www.orangejelly.co.uk/licensees-guide/seasonal-pub-events-calendar,Person,,,no,no,no,unknown type for this validator (no required/recommended table for 'Person')
https://www.orangejelly.co.uk/licensees-guide/seasonal-pub-events-calendar,Organization,,url; sameAs; contactPoint,no,no,no,
https://www.orangejelly.co.uk/licensees-guide/seasonal-pub-events-calendar,ImageObject,,,no,no,no,unknown type for this validator (no required/recommended table for 'ImageObject')
https://www.orangejelly.co.uk/licensees-guide/seasonal-pub-events-calendar,WebPage,,,no,no,no,unknown type for this validator (no required/recommended table for 'WebPage')
https://www.orangejelly.co.uk/licensees-guide/seasonal-pub-events-calendar,SpeakableSpecification,,,no,no,no,unknown type for this validator (no required/recommended table for 'SpeakableSpecification')
https://www.orangejelly.co.uk/licensees-guide/seasonal-pub-events-calendar,Thing,,,no,no,no,unknown type for this validator (no required/recommended table for 'Thing')
https://www.orangejelly.co.uk/licensees-guide/seasonal-pub-events-calendar,Thing,,,no,no,no,unknown type for this validator (no required/recommended table for 'Thing')
https://www.orangejelly.co.uk/licensees-guide/seasonal-pub-events-calendar,Thing,,,no,no,no,unknown type for this validator (no required/recommended table for 'Thing')
https://www.orangejelly.co.uk/licensees-guide/seasonal-pub-events-calendar,FAQPage,,,yes,no,no,FAQ rich results are now limited to authoritative government/health sites (Aug 2023). Markup is still valid but most sites no longer earn a rich result.
https://www.orangejelly.co.uk/licensees-guide/seasonal-pub-events-calendar,Question,,,no,no,no,unknown type for this validator (no required/recommended table for 'Question')
https://www.orangejelly.co.uk/licensees-guide/seasonal-pub-events-calendar,Answer,,,no,no,no,unknown type for this validator (no required/recommended table for 'Answer')
https://www.orangejelly.co.uk/licensees-guide/seasonal-pub-events-calendar,Question,,,no,no,no,unknown type for this validator (no required/recommended table for 'Question')
https://www.orangejelly.co.uk/licensees-guide/seasonal-pub-events-calendar,Answer,,,no,no,no,unknown type for this validator (no required/recommended table for 'Answer')
https://www.orangejelly.co.uk/licensees-guide/seasonal-pub-events-calendar,Question,,,no,no,no,unknown type for this validator (no required/recommended table for 'Question')
https://www.orangejelly.co.uk/licensees-guide/seasonal-pub-events-calendar,Answer,,,no,no,no,unknown type for this validator (no required/recommended table for 'Answer')
https://www.orangejelly.co.uk/licensees-guide/seasonal-pub-events-calendar,BreadcrumbList,,,no,no,yes,
https://www.orangejelly.co.uk/licensees-guide/seasonal-pub-events-calendar,ListItem,,,no,no,no,unknown type for this validator (no required/recommended table for 'ListItem')
https://www.orangejelly.co.uk/licensees-guide/seasonal-pub-events-calendar,ListItem,,,no,no,no,unknown type for this validator (no required/recommended table for 'ListItem')
https://www.orangejelly.co.uk/licensees-guide/seasonal-pub-events-calendar,ListItem,,,no,no,no,unknown type for this validator (no required/recommended table for 'ListItem')
https://www.orangejelly.co.uk/licensees-guide/seasonal-pub-events-calendar,BreadcrumbList,,,no,no,yes,
https://www.orangejelly.co.uk/licensees-guide/seasonal-pub-events-calendar,ListItem,,,no,no,no,unknown type for this validator (no required/recommended table for 'ListItem')
https://www.orangejelly.co.uk/licensees-guide/seasonal-pub-events-calendar,ListItem,,,no,no,no,unknown type for this validator (no required/recommended table for 'ListItem')
https://www.orangejelly.co.uk/licensees-guide/seasonal-pub-events-calendar,ListItem,,,no,no,no,unknown type for this validator (no required/recommended table for 'ListItem')
https://www.orangejelly.co.uk/licensees-guide/sober-october-low-no-alcohol-pubs,ProfessionalService,,,no,no,no,unknown type for this validator (no required/recommended table for 'ProfessionalService')
https://www.orangejelly.co.uk/licensees-guide/sober-october-low-no-alcohol-pubs,ImageObject,,,no,no,no,unknown type for this validator (no required/recommended table for 'ImageObject')
https://www.orangejelly.co.uk/licensees-guide/sober-october-low-no-alcohol-pubs,Person,,,no,no,no,unknown type for this validator (no required/recommended table for 'Person')
https://www.orangejelly.co.uk/licensees-guide/sober-october-low-no-alcohol-pubs,ContactPoint,,,no,no,no,unknown type for this validator (no required/recommended table for 'ContactPoint')
https://www.orangejelly.co.uk/licensees-guide/sober-october-low-no-alcohol-pubs,PostalAddress,,,no,no,no,unknown type for this validator (no required/recommended table for 'PostalAddress')
https://www.orangejelly.co.uk/licensees-guide/sober-october-low-no-alcohol-pubs,GeoCoordinates,,,no,no,no,unknown type for this validator (no required/recommended table for 'GeoCoordinates')
https://www.orangejelly.co.uk/licensees-guide/sober-october-low-no-alcohol-pubs,WebSite,,potentialAction,no,no,no,
https://www.orangejelly.co.uk/licensees-guide/sober-october-low-no-alcohol-pubs,BreadcrumbList,,,no,no,yes,
https://www.orangejelly.co.uk/licensees-guide/sober-october-low-no-alcohol-pubs,ListItem,,,no,no,no,unknown type for this validator (no required/recommended table for 'ListItem')
https://www.orangejelly.co.uk/licensees-guide/sober-october-low-no-alcohol-pubs,BlogPosting,,image,no,no,yes,
https://www.orangejelly.co.uk/licensees-guide/sober-october-low-no-alcohol-pubs,Person,,,no,no,no,unknown type for this validator (no required/recommended table for 'Person')
https://www.orangejelly.co.uk/licensees-guide/sober-october-low-no-alcohol-pubs,Organization,,url; sameAs; contactPoint,no,no,no,
https://www.orangejelly.co.uk/licensees-guide/sober-october-low-no-alcohol-pubs,ImageObject,,,no,no,no,unknown type for this validator (no required/recommended table for 'ImageObject')
https://www.orangejelly.co.uk/licensees-guide/sober-october-low-no-alcohol-pubs,WebPage,,,no,no,no,unknown type for this validator (no required/recommended table for 'WebPage')
https://www.orangejelly.co.uk/licensees-guide/sober-october-low-no-alcohol-pubs,SpeakableSpecification,,,no,no,no,unknown type for this validator (no required/recommended table for 'SpeakableSpecification')
https://www.orangejelly.co.uk/licensees-guide/sober-october-low-no-alcohol-pubs,Thing,,,no,no,no,unknown type for this validator (no required/recommended table for 'Thing')
https://www.orangejelly.co.uk/licensees-guide/sober-october-low-no-alcohol-pubs,Thing,,,no,no,no,unknown type for this validator (no required/recommended table for 'Thing')
https://www.orangejelly.co.uk/licensees-guide/sober-october-low-no-alcohol-pubs,Thing,,,no,no,no,unknown type for this validator (no required/recommended table for 'Thing')
https://www.orangejelly.co.uk/licensees-guide/sober-october-low-no-alcohol-pubs,Thing,,,no,no,no,unknown type for this validator (no required/recommended table for 'Thing')
https://www.orangejelly.co.uk/licensees-guide/sober-october-low-no-alcohol-pubs,FAQPage,,,yes,no,no,FAQ rich results are now limited to authoritative government/health sites (Aug 2023). Markup is still valid but most sites no longer earn a rich result.
https://www.orangejelly.co.uk/licensees-guide/sober-october-low-no-alcohol-pubs,Question,,,no,no,no,unknown type for this validator (no required/recommended table for 'Question')
https://www.orangejelly.co.uk/licensees-guide/sober-october-low-no-alcohol-pubs,Answer,,,no,no,no,unknown type for this validator (no required/recommended table for 'Answer')
https://www.orangejelly.co.uk/licensees-guide/sober-october-low-no-alcohol-pubs,Question,,,no,no,no,unknown type for this validator (no required/recommended table for 'Question')
https://www.orangejelly.co.uk/licensees-guide/sober-october-low-no-alcohol-pubs,Answer,,,no,no,no,unknown type for this validator (no required/recommended table for 'Answer')
https://www.orangejelly.co.uk/licensees-guide/sober-october-low-no-alcohol-pubs,Question,,,no,no,no,unknown type for this validator (no required/recommended table for 'Question')
https://www.orangejelly.co.uk/licensees-guide/sober-october-low-no-alcohol-pubs,Answer,,,no,no,no,unknown type for this validator (no required/recommended table for 'Answer')
https://www.orangejelly.co.uk/licensees-guide/sober-october-low-no-alcohol-pubs,Question,,,no,no,no,unknown type for this validator (no required/recommended table for 'Question')
https://www.orangejelly.co.uk/licensees-guide/sober-october-low-no-alcohol-pubs,Answer,,,no,no,no,unknown type for this validator (no required/recommended table for 'Answer')
https://www.orangejelly.co.uk/licensees-guide/sober-october-low-no-alcohol-pubs,Question,,,no,no,no,unknown type for this validator (no required/recommended table for 'Question')
https://www.orangejelly.co.uk/licensees-guide/sober-october-low-no-alcohol-pubs,Answer,,,no,no,no,unknown type for this validator (no required/recommended table for 'Answer')
https://www.orangejelly.co.uk/licensees-guide/sober-october-low-no-alcohol-pubs,BreadcrumbList,,,no,no,yes,
https://www.orangejelly.co.uk/licensees-guide/sober-october-low-no-alcohol-pubs,ListItem,,,no,no,no,unknown type for this validator (no required/recommended table for 'ListItem')
https://www.orangejelly.co.uk/licensees-guide/sober-october-low-no-alcohol-pubs,ListItem,,,no,no,no,unknown type for this validator (no required/recommended table for 'ListItem')
https://www.orangejelly.co.uk/licensees-guide/sober-october-low-no-alcohol-pubs,ListItem,,,no,no,no,unknown type for this validator (no required/recommended table for 'ListItem')
https://www.orangejelly.co.uk/licensees-guide/sober-october-low-no-alcohol-pubs,ListItem,,,no,no,no,unknown type for this validator (no required/recommended table for 'ListItem')
https://www.orangejelly.co.uk/licensees-guide/sober-october-low-no-alcohol-pubs,BreadcrumbList,,,no,no,yes,
https://www.orangejelly.co.uk/licensees-guide/sober-october-low-no-alcohol-pubs,ListItem,,,no,no,no,unknown type for this validator (no required/recommended table for 'ListItem')
https://www.orangejelly.co.uk/licensees-guide/sober-october-low-no-alcohol-pubs,ListItem,,,no,no,no,unknown type for this validator (no required/recommended table for 'ListItem')
https://www.orangejelly.co.uk/licensees-guide/sober-october-low-no-alcohol-pubs,ListItem,,,no,no,no,unknown type for this validator (no required/recommended table for 'ListItem')
https://www.orangejelly.co.uk/licensees-guide/sober-october-low-no-alcohol-pubs,ListItem,,,no,no,no,unknown type for this validator (no required/recommended table for 'ListItem')
https://www.orangejelly.co.uk/licensees-guide/social-media-strategy-for-pubs,ProfessionalService,,,no,no,no,unknown type for this validator (no required/recommended table for 'ProfessionalService')
https://www.orangejelly.co.uk/licensees-guide/social-media-strategy-for-pubs,ImageObject,,,no,no,no,unknown type for this validator (no required/recommended table for 'ImageObject')
https://www.orangejelly.co.uk/licensees-guide/social-media-strategy-for-pubs,Person,,,no,no,no,unknown type for this validator (no required/recommended table for 'Person')
https://www.orangejelly.co.uk/licensees-guide/social-media-strategy-for-pubs,ContactPoint,,,no,no,no,unknown type for this validator (no required/recommended table for 'ContactPoint')
https://www.orangejelly.co.uk/licensees-guide/social-media-strategy-for-pubs,PostalAddress,,,no,no,no,unknown type for this validator (no required/recommended table for 'PostalAddress')
https://www.orangejelly.co.uk/licensees-guide/social-media-strategy-for-pubs,GeoCoordinates,,,no,no,no,unknown type for this validator (no required/recommended table for 'GeoCoordinates')
https://www.orangejelly.co.uk/licensees-guide/social-media-strategy-for-pubs,WebSite,,potentialAction,no,no,no,
https://www.orangejelly.co.uk/licensees-guide/social-media-strategy-for-pubs,BreadcrumbList,,,no,no,yes,
https://www.orangejelly.co.uk/licensees-guide/social-media-strategy-for-pubs,ListItem,,,no,no,no,unknown type for this validator (no required/recommended table for 'ListItem')
https://www.orangejelly.co.uk/licensees-guide/social-media-strategy-for-pubs,BlogPosting,,image,no,no,yes,
https://www.orangejelly.co.uk/licensees-guide/social-media-strategy-for-pubs,Person,,,no,no,no,unknown type for this validator (no required/recommended table for 'Person')
https://www.orangejelly.co.uk/licensees-guide/social-media-strategy-for-pubs,Organization,,url; sameAs; contactPoint,no,no,no,
https://www.orangejelly.co.uk/licensees-guide/social-media-strategy-for-pubs,ImageObject,,,no,no,no,unknown type for this validator (no required/recommended table for 'ImageObject')
https://www.orangejelly.co.uk/licensees-guide/social-media-strategy-for-pubs,WebPage,,,no,no,no,unknown type for this validator (no required/recommended table for 'WebPage')
https://www.orangejelly.co.uk/licensees-guide/social-media-strategy-for-pubs,SpeakableSpecification,,,no,no,no,unknown type for this validator (no required/recommended table for 'SpeakableSpecification')
https://www.orangejelly.co.uk/licensees-guide/social-media-strategy-for-pubs,Thing,,,no,no,no,unknown type for this validator (no required/recommended table for 'Thing')
https://www.orangejelly.co.uk/licensees-guide/social-media-strategy-for-pubs,Thing,,,no,no,no,unknown type for this validator (no required/recommended table for 'Thing')
https://www.orangejelly.co.uk/licensees-guide/social-media-strategy-for-pubs,Thing,,,no,no,no,unknown type for this validator (no required/recommended table for 'Thing')
https://www.orangejelly.co.uk/licensees-guide/social-media-strategy-for-pubs,FAQPage,,,yes,no,no,FAQ rich results are now limited to authoritative government/health sites (Aug 2023). Markup is still valid but most sites no longer earn a rich result.
https://www.orangejelly.co.uk/licensees-guide/social-media-strategy-for-pubs,Question,,,no,no,no,unknown type for this validator (no required/recommended table for 'Question')
https://www.orangejelly.co.uk/licensees-guide/social-media-strategy-for-pubs,Answer,,,no,no,no,unknown type for this validator (no required/recommended table for 'Answer')
https://www.orangejelly.co.uk/licensees-guide/social-media-strategy-for-pubs,Question,,,no,no,no,unknown type for this validator (no required/recommended table for 'Question')
https://www.orangejelly.co.uk/licensees-guide/social-media-strategy-for-pubs,Answer,,,no,no,no,unknown type for this validator (no required/recommended table for 'Answer')
https://www.orangejelly.co.uk/licensees-guide/social-media-strategy-for-pubs,Question,,,no,no,no,unknown type for this validator (no required/recommended table for 'Question')
https://www.orangejelly.co.uk/licensees-guide/social-media-strategy-for-pubs,Answer,,,no,no,no,unknown type for this validator (no required/recommended table for 'Answer')
https://www.orangejelly.co.uk/licensees-guide/social-media-strategy-for-pubs,BreadcrumbList,,,no,no,yes,
https://www.orangejelly.co.uk/licensees-guide/social-media-strategy-for-pubs,ListItem,,,no,no,no,unknown type for this validator (no required/recommended table for 'ListItem')
https://www.orangejelly.co.uk/licensees-guide/social-media-strategy-for-pubs,ListItem,,,no,no,no,unknown type for this validator (no required/recommended table for 'ListItem')
https://www.orangejelly.co.uk/licensees-guide/social-media-strategy-for-pubs,ListItem,,,no,no,no,unknown type for this validator (no required/recommended table for 'ListItem')
https://www.orangejelly.co.uk/licensees-guide/social-media-strategy-for-pubs,ListItem,,,no,no,no,unknown type for this validator (no required/recommended table for 'ListItem')
https://www.orangejelly.co.uk/licensees-guide/social-media-strategy-for-pubs,BreadcrumbList,,,no,no,yes,
https://www.orangejelly.co.uk/licensees-guide/social-media-strategy-for-pubs,ListItem,,,no,no,no,unknown type for this validator (no required/recommended table for 'ListItem')
https://www.orangejelly.co.uk/licensees-guide/social-media-strategy-for-pubs,ListItem,,,no,no,no,unknown type for this validator (no required/recommended table for 'ListItem')
https://www.orangejelly.co.uk/licensees-guide/social-media-strategy-for-pubs,ListItem,,,no,no,no,unknown type for this validator (no required/recommended table for 'ListItem')
https://www.orangejelly.co.uk/licensees-guide/social-media-strategy-for-pubs,ListItem,,,no,no,no,unknown type for this validator (no required/recommended table for 'ListItem')
https://www.orangejelly.co.uk/licensees-guide/social-media-tactics-footfall-seven-days,ProfessionalService,,,no,no,no,unknown type for this validator (no required/recommended table for 'ProfessionalService')
https://www.orangejelly.co.uk/licensees-guide/social-media-tactics-footfall-seven-days,ImageObject,,,no,no,no,unknown type for this validator (no required/recommended table for 'ImageObject')
https://www.orangejelly.co.uk/licensees-guide/social-media-tactics-footfall-seven-days,Person,,,no,no,no,unknown type for this validator (no required/recommended table for 'Person')
https://www.orangejelly.co.uk/licensees-guide/social-media-tactics-footfall-seven-days,ContactPoint,,,no,no,no,unknown type for this validator (no required/recommended table for 'ContactPoint')
https://www.orangejelly.co.uk/licensees-guide/social-media-tactics-footfall-seven-days,PostalAddress,,,no,no,no,unknown type for this validator (no required/recommended table for 'PostalAddress')
https://www.orangejelly.co.uk/licensees-guide/social-media-tactics-footfall-seven-days,GeoCoordinates,,,no,no,no,unknown type for this validator (no required/recommended table for 'GeoCoordinates')
https://www.orangejelly.co.uk/licensees-guide/social-media-tactics-footfall-seven-days,WebSite,,potentialAction,no,no,no,
https://www.orangejelly.co.uk/licensees-guide/social-media-tactics-footfall-seven-days,BreadcrumbList,,,no,no,yes,
https://www.orangejelly.co.uk/licensees-guide/social-media-tactics-footfall-seven-days,ListItem,,,no,no,no,unknown type for this validator (no required/recommended table for 'ListItem')
https://www.orangejelly.co.uk/licensees-guide/social-media-tactics-footfall-seven-days,BlogPosting,,image,no,no,yes,
https://www.orangejelly.co.uk/licensees-guide/social-media-tactics-footfall-seven-days,Person,,,no,no,no,unknown type for this validator (no required/recommended table for 'Person')
https://www.orangejelly.co.uk/licensees-guide/social-media-tactics-footfall-seven-days,Organization,,url; sameAs; contactPoint,no,no,no,
https://www.orangejelly.co.uk/licensees-guide/social-media-tactics-footfall-seven-days,ImageObject,,,no,no,no,unknown type for this validator (no required/recommended table for 'ImageObject')
https://www.orangejelly.co.uk/licensees-guide/social-media-tactics-footfall-seven-days,WebPage,,,no,no,no,unknown type for this validator (no required/recommended table for 'WebPage')
https://www.orangejelly.co.uk/licensees-guide/social-media-tactics-footfall-seven-days,SpeakableSpecification,,,no,no,no,unknown type for this validator (no required/recommended table for 'SpeakableSpecification')
https://www.orangejelly.co.uk/licensees-guide/social-media-tactics-footfall-seven-days,Thing,,,no,no,no,unknown type for this validator (no required/recommended table for 'Thing')
https://www.orangejelly.co.uk/licensees-guide/social-media-tactics-footfall-seven-days,Thing,,,no,no,no,unknown type for this validator (no required/recommended table for 'Thing')
https://www.orangejelly.co.uk/licensees-guide/social-media-tactics-footfall-seven-days,Thing,,,no,no,no,unknown type for this validator (no required/recommended table for 'Thing')
https://www.orangejelly.co.uk/licensees-guide/social-media-tactics-footfall-seven-days,FAQPage,,,yes,no,no,FAQ rich results are now limited to authoritative government/health sites (Aug 2023). Markup is still valid but most sites no longer earn a rich result.
https://www.orangejelly.co.uk/licensees-guide/social-media-tactics-footfall-seven-days,Question,,,no,no,no,unknown type for this validator (no required/recommended table for 'Question')
https://www.orangejelly.co.uk/licensees-guide/social-media-tactics-footfall-seven-days,Answer,,,no,no,no,unknown type for this validator (no required/recommended table for 'Answer')
https://www.orangejelly.co.uk/licensees-guide/social-media-tactics-footfall-seven-days,Question,,,no,no,no,unknown type for this validator (no required/recommended table for 'Question')
https://www.orangejelly.co.uk/licensees-guide/social-media-tactics-footfall-seven-days,Answer,,,no,no,no,unknown type for this validator (no required/recommended table for 'Answer')
https://www.orangejelly.co.uk/licensees-guide/social-media-tactics-footfall-seven-days,Question,,,no,no,no,unknown type for this validator (no required/recommended table for 'Question')
https://www.orangejelly.co.uk/licensees-guide/social-media-tactics-footfall-seven-days,Answer,,,no,no,no,unknown type for this validator (no required/recommended table for 'Answer')
https://www.orangejelly.co.uk/licensees-guide/social-media-tactics-footfall-seven-days,BreadcrumbList,,,no,no,yes,
https://www.orangejelly.co.uk/licensees-guide/social-media-tactics-footfall-seven-days,ListItem,,,no,no,no,unknown type for this validator (no required/recommended table for 'ListItem')
https://www.orangejelly.co.uk/licensees-guide/social-media-tactics-footfall-seven-days,ListItem,,,no,no,no,unknown type for this validator (no required/recommended table for 'ListItem')
https://www.orangejelly.co.uk/licensees-guide/social-media-tactics-footfall-seven-days,ListItem,,,no,no,no,unknown type for this validator (no required/recommended table for 'ListItem')
https://www.orangejelly.co.uk/licensees-guide/social-media-tactics-footfall-seven-days,BreadcrumbList,,,no,no,yes,
https://www.orangejelly.co.uk/licensees-guide/social-media-tactics-footfall-seven-days,ListItem,,,no,no,no,unknown type for this validator (no required/recommended table for 'ListItem')
https://www.orangejelly.co.uk/licensees-guide/social-media-tactics-footfall-seven-days,ListItem,,,no,no,no,unknown type for this validator (no required/recommended table for 'ListItem')
https://www.orangejelly.co.uk/licensees-guide/social-media-tactics-footfall-seven-days,ListItem,,,no,no,no,unknown type for this validator (no required/recommended table for 'ListItem')
https://www.orangejelly.co.uk/licensees-guide/staff-motivation-hacks-no-pay-rise,ProfessionalService,,,no,no,no,unknown type for this validator (no required/recommended table for 'ProfessionalService')
https://www.orangejelly.co.uk/licensees-guide/staff-motivation-hacks-no-pay-rise,ImageObject,,,no,no,no,unknown type for this validator (no required/recommended table for 'ImageObject')
https://www.orangejelly.co.uk/licensees-guide/staff-motivation-hacks-no-pay-rise,Person,,,no,no,no,unknown type for this validator (no required/recommended table for 'Person')
https://www.orangejelly.co.uk/licensees-guide/staff-motivation-hacks-no-pay-rise,ContactPoint,,,no,no,no,unknown type for this validator (no required/recommended table for 'ContactPoint')
https://www.orangejelly.co.uk/licensees-guide/staff-motivation-hacks-no-pay-rise,PostalAddress,,,no,no,no,unknown type for this validator (no required/recommended table for 'PostalAddress')
https://www.orangejelly.co.uk/licensees-guide/staff-motivation-hacks-no-pay-rise,GeoCoordinates,,,no,no,no,unknown type for this validator (no required/recommended table for 'GeoCoordinates')
https://www.orangejelly.co.uk/licensees-guide/staff-motivation-hacks-no-pay-rise,WebSite,,potentialAction,no,no,no,
https://www.orangejelly.co.uk/licensees-guide/staff-motivation-hacks-no-pay-rise,BreadcrumbList,,,no,no,yes,
https://www.orangejelly.co.uk/licensees-guide/staff-motivation-hacks-no-pay-rise,ListItem,,,no,no,no,unknown type for this validator (no required/recommended table for 'ListItem')
https://www.orangejelly.co.uk/licensees-guide/staff-motivation-hacks-no-pay-rise,BlogPosting,,image,no,no,yes,
https://www.orangejelly.co.uk/licensees-guide/staff-motivation-hacks-no-pay-rise,Person,,,no,no,no,unknown type for this validator (no required/recommended table for 'Person')
https://www.orangejelly.co.uk/licensees-guide/staff-motivation-hacks-no-pay-rise,Organization,,url; sameAs; contactPoint,no,no,no,
https://www.orangejelly.co.uk/licensees-guide/staff-motivation-hacks-no-pay-rise,ImageObject,,,no,no,no,unknown type for this validator (no required/recommended table for 'ImageObject')
https://www.orangejelly.co.uk/licensees-guide/staff-motivation-hacks-no-pay-rise,WebPage,,,no,no,no,unknown type for this validator (no required/recommended table for 'WebPage')
https://www.orangejelly.co.uk/licensees-guide/staff-motivation-hacks-no-pay-rise,SpeakableSpecification,,,no,no,no,unknown type for this validator (no required/recommended table for 'SpeakableSpecification')
https://www.orangejelly.co.uk/licensees-guide/staff-motivation-hacks-no-pay-rise,Thing,,,no,no,no,unknown type for this validator (no required/recommended table for 'Thing')
https://www.orangejelly.co.uk/licensees-guide/staff-motivation-hacks-no-pay-rise,Thing,,,no,no,no,unknown type for this validator (no required/recommended table for 'Thing')
https://www.orangejelly.co.uk/licensees-guide/staff-motivation-hacks-no-pay-rise,Thing,,,no,no,no,unknown type for this validator (no required/recommended table for 'Thing')
https://www.orangejelly.co.uk/licensees-guide/staff-motivation-hacks-no-pay-rise,FAQPage,,,yes,no,no,FAQ rich results are now limited to authoritative government/health sites (Aug 2023). Markup is still valid but most sites no longer earn a rich result.
https://www.orangejelly.co.uk/licensees-guide/staff-motivation-hacks-no-pay-rise,Question,,,no,no,no,unknown type for this validator (no required/recommended table for 'Question')
https://www.orangejelly.co.uk/licensees-guide/staff-motivation-hacks-no-pay-rise,Answer,,,no,no,no,unknown type for this validator (no required/recommended table for 'Answer')
https://www.orangejelly.co.uk/licensees-guide/staff-motivation-hacks-no-pay-rise,Question,,,no,no,no,unknown type for this validator (no required/recommended table for 'Question')
https://www.orangejelly.co.uk/licensees-guide/staff-motivation-hacks-no-pay-rise,Answer,,,no,no,no,unknown type for this validator (no required/recommended table for 'Answer')
https://www.orangejelly.co.uk/licensees-guide/staff-motivation-hacks-no-pay-rise,Question,,,no,no,no,unknown type for this validator (no required/recommended table for 'Question')
https://www.orangejelly.co.uk/licensees-guide/staff-motivation-hacks-no-pay-rise,Answer,,,no,no,no,unknown type for this validator (no required/recommended table for 'Answer')
https://www.orangejelly.co.uk/licensees-guide/staff-motivation-hacks-no-pay-rise,BreadcrumbList,,,no,no,yes,
https://www.orangejelly.co.uk/licensees-guide/staff-motivation-hacks-no-pay-rise,ListItem,,,no,no,no,unknown type for this validator (no required/recommended table for 'ListItem')
https://www.orangejelly.co.uk/licensees-guide/staff-motivation-hacks-no-pay-rise,ListItem,,,no,no,no,unknown type for this validator (no required/recommended table for 'ListItem')
https://www.orangejelly.co.uk/licensees-guide/staff-motivation-hacks-no-pay-rise,ListItem,,,no,no,no,unknown type for this validator (no required/recommended table for 'ListItem')
https://www.orangejelly.co.uk/licensees-guide/staff-motivation-hacks-no-pay-rise,BreadcrumbList,,,no,no,yes,
https://www.orangejelly.co.uk/licensees-guide/staff-motivation-hacks-no-pay-rise,ListItem,,,no,no,no,unknown type for this validator (no required/recommended table for 'ListItem')
https://www.orangejelly.co.uk/licensees-guide/staff-motivation-hacks-no-pay-rise,ListItem,,,no,no,no,unknown type for this validator (no required/recommended table for 'ListItem')
https://www.orangejelly.co.uk/licensees-guide/staff-motivation-hacks-no-pay-rise,ListItem,,,no,no,no,unknown type for this validator (no required/recommended table for 'ListItem')
https://www.orangejelly.co.uk/licensees-guide/summer-moments-simple-campaigns,ProfessionalService,,,no,no,no,unknown type for this validator (no required/recommended table for 'ProfessionalService')
https://www.orangejelly.co.uk/licensees-guide/summer-moments-simple-campaigns,ImageObject,,,no,no,no,unknown type for this validator (no required/recommended table for 'ImageObject')
https://www.orangejelly.co.uk/licensees-guide/summer-moments-simple-campaigns,Person,,,no,no,no,unknown type for this validator (no required/recommended table for 'Person')
https://www.orangejelly.co.uk/licensees-guide/summer-moments-simple-campaigns,ContactPoint,,,no,no,no,unknown type for this validator (no required/recommended table for 'ContactPoint')
https://www.orangejelly.co.uk/licensees-guide/summer-moments-simple-campaigns,PostalAddress,,,no,no,no,unknown type for this validator (no required/recommended table for 'PostalAddress')
https://www.orangejelly.co.uk/licensees-guide/summer-moments-simple-campaigns,GeoCoordinates,,,no,no,no,unknown type for this validator (no required/recommended table for 'GeoCoordinates')
https://www.orangejelly.co.uk/licensees-guide/summer-moments-simple-campaigns,WebSite,,potentialAction,no,no,no,
https://www.orangejelly.co.uk/licensees-guide/summer-moments-simple-campaigns,BreadcrumbList,,,no,no,yes,
https://www.orangejelly.co.uk/licensees-guide/summer-moments-simple-campaigns,ListItem,,,no,no,no,unknown type for this validator (no required/recommended table for 'ListItem')
https://www.orangejelly.co.uk/licensees-guide/summer-moments-simple-campaigns,BlogPosting,,image,no,no,yes,
https://www.orangejelly.co.uk/licensees-guide/summer-moments-simple-campaigns,Person,,,no,no,no,unknown type for this validator (no required/recommended table for 'Person')
https://www.orangejelly.co.uk/licensees-guide/summer-moments-simple-campaigns,Organization,,url; sameAs; contactPoint,no,no,no,
https://www.orangejelly.co.uk/licensees-guide/summer-moments-simple-campaigns,ImageObject,,,no,no,no,unknown type for this validator (no required/recommended table for 'ImageObject')
https://www.orangejelly.co.uk/licensees-guide/summer-moments-simple-campaigns,WebPage,,,no,no,no,unknown type for this validator (no required/recommended table for 'WebPage')
https://www.orangejelly.co.uk/licensees-guide/summer-moments-simple-campaigns,FAQPage,,,yes,no,no,FAQ rich results are now limited to authoritative government/health sites (Aug 2023). Markup is still valid but most sites no longer earn a rich result.
https://www.orangejelly.co.uk/licensees-guide/summer-moments-simple-campaigns,Question,,,no,no,no,unknown type for this validator (no required/recommended table for 'Question')
https://www.orangejelly.co.uk/licensees-guide/summer-moments-simple-campaigns,Answer,,,no,no,no,unknown type for this validator (no required/recommended table for 'Answer')
https://www.orangejelly.co.uk/licensees-guide/summer-moments-simple-campaigns,Question,,,no,no,no,unknown type for this validator (no required/recommended table for 'Question')
https://www.orangejelly.co.uk/licensees-guide/summer-moments-simple-campaigns,Answer,,,no,no,no,unknown type for this validator (no required/recommended table for 'Answer')
https://www.orangejelly.co.uk/licensees-guide/summer-moments-simple-campaigns,Question,,,no,no,no,unknown type for this validator (no required/recommended table for 'Question')
https://www.orangejelly.co.uk/licensees-guide/summer-moments-simple-campaigns,Answer,,,no,no,no,unknown type for this validator (no required/recommended table for 'Answer')
https://www.orangejelly.co.uk/licensees-guide/summer-moments-simple-campaigns,BreadcrumbList,,,no,no,yes,
https://www.orangejelly.co.uk/licensees-guide/summer-moments-simple-campaigns,ListItem,,,no,no,no,unknown type for this validator (no required/recommended table for 'ListItem')
https://www.orangejelly.co.uk/licensees-guide/summer-moments-simple-campaigns,ListItem,,,no,no,no,unknown type for this validator (no required/recommended table for 'ListItem')
https://www.orangejelly.co.uk/licensees-guide/summer-moments-simple-campaigns,ListItem,,,no,no,no,unknown type for this validator (no required/recommended table for 'ListItem')
https://www.orangejelly.co.uk/licensees-guide/summer-moments-simple-campaigns,BreadcrumbList,,,no,no,yes,
https://www.orangejelly.co.uk/licensees-guide/summer-moments-simple-campaigns,ListItem,,,no,no,no,unknown type for this validator (no required/recommended table for 'ListItem')
https://www.orangejelly.co.uk/licensees-guide/summer-moments-simple-campaigns,ListItem,,,no,no,no,unknown type for this validator (no required/recommended table for 'ListItem')
https://www.orangejelly.co.uk/licensees-guide/summer-moments-simple-campaigns,ListItem,,,no,no,no,unknown type for this validator (no required/recommended table for 'ListItem')
https://www.orangejelly.co.uk/licensees-guide/summer-pub-event-ideas,ProfessionalService,,,no,no,no,unknown type for this validator (no required/recommended table for 'ProfessionalService')
https://www.orangejelly.co.uk/licensees-guide/summer-pub-event-ideas,ImageObject,,,no,no,no,unknown type for this validator (no required/recommended table for 'ImageObject')
https://www.orangejelly.co.uk/licensees-guide/summer-pub-event-ideas,Person,,,no,no,no,unknown type for this validator (no required/recommended table for 'Person')
https://www.orangejelly.co.uk/licensees-guide/summer-pub-event-ideas,ContactPoint,,,no,no,no,unknown type for this validator (no required/recommended table for 'ContactPoint')
https://www.orangejelly.co.uk/licensees-guide/summer-pub-event-ideas,PostalAddress,,,no,no,no,unknown type for this validator (no required/recommended table for 'PostalAddress')
https://www.orangejelly.co.uk/licensees-guide/summer-pub-event-ideas,GeoCoordinates,,,no,no,no,unknown type for this validator (no required/recommended table for 'GeoCoordinates')
https://www.orangejelly.co.uk/licensees-guide/summer-pub-event-ideas,WebSite,,potentialAction,no,no,no,
https://www.orangejelly.co.uk/licensees-guide/summer-pub-event-ideas,BreadcrumbList,,,no,no,yes,
https://www.orangejelly.co.uk/licensees-guide/summer-pub-event-ideas,ListItem,,,no,no,no,unknown type for this validator (no required/recommended table for 'ListItem')
https://www.orangejelly.co.uk/licensees-guide/summer-pub-event-ideas,BlogPosting,,image,no,no,yes,
https://www.orangejelly.co.uk/licensees-guide/summer-pub-event-ideas,Person,,,no,no,no,unknown type for this validator (no required/recommended table for 'Person')
https://www.orangejelly.co.uk/licensees-guide/summer-pub-event-ideas,Organization,,url; sameAs; contactPoint,no,no,no,
https://www.orangejelly.co.uk/licensees-guide/summer-pub-event-ideas,ImageObject,,,no,no,no,unknown type for this validator (no required/recommended table for 'ImageObject')
https://www.orangejelly.co.uk/licensees-guide/summer-pub-event-ideas,WebPage,,,no,no,no,unknown type for this validator (no required/recommended table for 'WebPage')
https://www.orangejelly.co.uk/licensees-guide/summer-pub-event-ideas,SpeakableSpecification,,,no,no,no,unknown type for this validator (no required/recommended table for 'SpeakableSpecification')
https://www.orangejelly.co.uk/licensees-guide/summer-pub-event-ideas,Thing,,,no,no,no,unknown type for this validator (no required/recommended table for 'Thing')
https://www.orangejelly.co.uk/licensees-guide/summer-pub-event-ideas,Thing,,,no,no,no,unknown type for this validator (no required/recommended table for 'Thing')
https://www.orangejelly.co.uk/licensees-guide/summer-pub-event-ideas,Thing,,,no,no,no,unknown type for this validator (no required/recommended table for 'Thing')
https://www.orangejelly.co.uk/licensees-guide/summer-pub-event-ideas,FAQPage,,,yes,no,no,FAQ rich results are now limited to authoritative government/health sites (Aug 2023). Markup is still valid but most sites no longer earn a rich result.
https://www.orangejelly.co.uk/licensees-guide/summer-pub-event-ideas,Question,,,no,no,no,unknown type for this validator (no required/recommended table for 'Question')
https://www.orangejelly.co.uk/licensees-guide/summer-pub-event-ideas,Answer,,,no,no,no,unknown type for this validator (no required/recommended table for 'Answer')
https://www.orangejelly.co.uk/licensees-guide/summer-pub-event-ideas,Question,,,no,no,no,unknown type for this validator (no required/recommended table for 'Question')
https://www.orangejelly.co.uk/licensees-guide/summer-pub-event-ideas,Answer,,,no,no,no,unknown type for this validator (no required/recommended table for 'Answer')
https://www.orangejelly.co.uk/licensees-guide/summer-pub-event-ideas,Question,,,no,no,no,unknown type for this validator (no required/recommended table for 'Question')
https://www.orangejelly.co.uk/licensees-guide/summer-pub-event-ideas,Answer,,,no,no,no,unknown type for this validator (no required/recommended table for 'Answer')
https://www.orangejelly.co.uk/licensees-guide/summer-pub-event-ideas,BreadcrumbList,,,no,no,yes,
https://www.orangejelly.co.uk/licensees-guide/summer-pub-event-ideas,ListItem,,,no,no,no,unknown type for this validator (no required/recommended table for 'ListItem')
https://www.orangejelly.co.uk/licensees-guide/summer-pub-event-ideas,ListItem,,,no,no,no,unknown type for this validator (no required/recommended table for 'ListItem')
https://www.orangejelly.co.uk/licensees-guide/summer-pub-event-ideas,ListItem,,,no,no,no,unknown type for this validator (no required/recommended table for 'ListItem')
https://www.orangejelly.co.uk/licensees-guide/summer-pub-event-ideas,ListItem,,,no,no,no,unknown type for this validator (no required/recommended table for 'ListItem')
https://www.orangejelly.co.uk/licensees-guide/summer-pub-event-ideas,BreadcrumbList,,,no,no,yes,
https://www.orangejelly.co.uk/licensees-guide/summer-pub-event-ideas,ListItem,,,no,no,no,unknown type for this validator (no required/recommended table for 'ListItem')
https://www.orangejelly.co.uk/licensees-guide/summer-pub-event-ideas,ListItem,,,no,no,no,unknown type for this validator (no required/recommended table for 'ListItem')
https://www.orangejelly.co.uk/licensees-guide/summer-pub-event-ideas,ListItem,,,no,no,no,unknown type for this validator (no required/recommended table for 'ListItem')
https://www.orangejelly.co.uk/licensees-guide/summer-pub-event-ideas,ListItem,,,no,no,no,unknown type for this validator (no required/recommended table for 'ListItem')
https://www.orangejelly.co.uk/licensees-guide/summer-pub-marketing,ProfessionalService,,,no,no,no,unknown type for this validator (no required/recommended table for 'ProfessionalService')
https://www.orangejelly.co.uk/licensees-guide/summer-pub-marketing,ImageObject,,,no,no,no,unknown type for this validator (no required/recommended table for 'ImageObject')
https://www.orangejelly.co.uk/licensees-guide/summer-pub-marketing,Person,,,no,no,no,unknown type for this validator (no required/recommended table for 'Person')
https://www.orangejelly.co.uk/licensees-guide/summer-pub-marketing,ContactPoint,,,no,no,no,unknown type for this validator (no required/recommended table for 'ContactPoint')
https://www.orangejelly.co.uk/licensees-guide/summer-pub-marketing,PostalAddress,,,no,no,no,unknown type for this validator (no required/recommended table for 'PostalAddress')
https://www.orangejelly.co.uk/licensees-guide/summer-pub-marketing,GeoCoordinates,,,no,no,no,unknown type for this validator (no required/recommended table for 'GeoCoordinates')
https://www.orangejelly.co.uk/licensees-guide/summer-pub-marketing,WebSite,,potentialAction,no,no,no,
https://www.orangejelly.co.uk/licensees-guide/summer-pub-marketing,BreadcrumbList,,,no,no,yes,
https://www.orangejelly.co.uk/licensees-guide/summer-pub-marketing,ListItem,,,no,no,no,unknown type for this validator (no required/recommended table for 'ListItem')
https://www.orangejelly.co.uk/licensees-guide/summer-pub-marketing,BlogPosting,,image,no,no,yes,
https://www.orangejelly.co.uk/licensees-guide/summer-pub-marketing,Person,,,no,no,no,unknown type for this validator (no required/recommended table for 'Person')
https://www.orangejelly.co.uk/licensees-guide/summer-pub-marketing,Organization,,url; sameAs; contactPoint,no,no,no,
https://www.orangejelly.co.uk/licensees-guide/summer-pub-marketing,ImageObject,,,no,no,no,unknown type for this validator (no required/recommended table for 'ImageObject')
https://www.orangejelly.co.uk/licensees-guide/summer-pub-marketing,WebPage,,,no,no,no,unknown type for this validator (no required/recommended table for 'WebPage')
https://www.orangejelly.co.uk/licensees-guide/summer-pub-marketing,SpeakableSpecification,,,no,no,no,unknown type for this validator (no required/recommended table for 'SpeakableSpecification')
https://www.orangejelly.co.uk/licensees-guide/summer-pub-marketing,Thing,,,no,no,no,unknown type for this validator (no required/recommended table for 'Thing')
https://www.orangejelly.co.uk/licensees-guide/summer-pub-marketing,Thing,,,no,no,no,unknown type for this validator (no required/recommended table for 'Thing')
https://www.orangejelly.co.uk/licensees-guide/summer-pub-marketing,Thing,,,no,no,no,unknown type for this validator (no required/recommended table for 'Thing')
https://www.orangejelly.co.uk/licensees-guide/summer-pub-marketing,Thing,,,no,no,no,unknown type for this validator (no required/recommended table for 'Thing')
https://www.orangejelly.co.uk/licensees-guide/summer-pub-marketing,FAQPage,,,yes,no,no,FAQ rich results are now limited to authoritative government/health sites (Aug 2023). Markup is still valid but most sites no longer earn a rich result.
https://www.orangejelly.co.uk/licensees-guide/summer-pub-marketing,Question,,,no,no,no,unknown type for this validator (no required/recommended table for 'Question')
https://www.orangejelly.co.uk/licensees-guide/summer-pub-marketing,Answer,,,no,no,no,unknown type for this validator (no required/recommended table for 'Answer')
https://www.orangejelly.co.uk/licensees-guide/summer-pub-marketing,Question,,,no,no,no,unknown type for this validator (no required/recommended table for 'Question')
https://www.orangejelly.co.uk/licensees-guide/summer-pub-marketing,Answer,,,no,no,no,unknown type for this validator (no required/recommended table for 'Answer')
https://www.orangejelly.co.uk/licensees-guide/summer-pub-marketing,Question,,,no,no,no,unknown type for this validator (no required/recommended table for 'Question')
https://www.orangejelly.co.uk/licensees-guide/summer-pub-marketing,Answer,,,no,no,no,unknown type for this validator (no required/recommended table for 'Answer')
https://www.orangejelly.co.uk/licensees-guide/summer-pub-marketing,Question,,,no,no,no,unknown type for this validator (no required/recommended table for 'Question')
https://www.orangejelly.co.uk/licensees-guide/summer-pub-marketing,Answer,,,no,no,no,unknown type for this validator (no required/recommended table for 'Answer')
https://www.orangejelly.co.uk/licensees-guide/summer-pub-marketing,BreadcrumbList,,,no,no,yes,
https://www.orangejelly.co.uk/licensees-guide/summer-pub-marketing,ListItem,,,no,no,no,unknown type for this validator (no required/recommended table for 'ListItem')
https://www.orangejelly.co.uk/licensees-guide/summer-pub-marketing,ListItem,,,no,no,no,unknown type for this validator (no required/recommended table for 'ListItem')
https://www.orangejelly.co.uk/licensees-guide/summer-pub-marketing,ListItem,,,no,no,no,unknown type for this validator (no required/recommended table for 'ListItem')
https://www.orangejelly.co.uk/licensees-guide/summer-pub-marketing,BreadcrumbList,,,no,no,yes,
https://www.orangejelly.co.uk/licensees-guide/summer-pub-marketing,ListItem,,,no,no,no,unknown type for this validator (no required/recommended table for 'ListItem')
https://www.orangejelly.co.uk/licensees-guide/summer-pub-marketing,ListItem,,,no,no,no,unknown type for this validator (no required/recommended table for 'ListItem')
https://www.orangejelly.co.uk/licensees-guide/summer-pub-marketing,ListItem,,,no,no,no,unknown type for this validator (no required/recommended table for 'ListItem')
https://www.orangejelly.co.uk/licensees-guide/summer-pub-marketing,ItemList,,,no,no,no,unknown type for this validator (no required/recommended table for 'ItemList')
https://www.orangejelly.co.uk/licensees-guide/summer-pub-marketing,ListItem,,,no,no,no,unknown type for this validator (no required/recommended table for 'ListItem')
https://www.orangejelly.co.uk/licensees-guide/summer-pub-marketing,ListItem,,,no,no,no,unknown type for this validator (no required/recommended table for 'ListItem')
https://www.orangejelly.co.uk/licensees-guide/summer-pub-marketing,ListItem,,,no,no,no,unknown type for this validator (no required/recommended table for 'ListItem')
https://www.orangejelly.co.uk/licensees-guide/summer-pub-marketing,ListItem,,,no,no,no,unknown type for this validator (no required/recommended table for 'ListItem')
https://www.orangejelly.co.uk/licensees-guide/summer-pub-marketing,ListItem,,,no,no,no,unknown type for this validator (no required/recommended table for 'ListItem')
https://www.orangejelly.co.uk/licensees-guide/summer-pub-marketing,ItemList,,,no,no,no,unknown type for this validator (no required/recommended table for 'ItemList')
https://www.orangejelly.co.uk/licensees-guide/summer-pub-marketing,ListItem,,,no,no,no,unknown type for this validator (no required/recommended table for 'ListItem')
https://www.orangejelly.co.uk/licensees-guide/summer-pub-marketing,ListItem,,,no,no,no,unknown type for this validator (no required/recommended table for 'ListItem')
https://www.orangejelly.co.uk/licensees-guide/survive-off-season-revenue-packages,ProfessionalService,,,no,no,no,unknown type for this validator (no required/recommended table for 'ProfessionalService')
https://www.orangejelly.co.uk/licensees-guide/survive-off-season-revenue-packages,ImageObject,,,no,no,no,unknown type for this validator (no required/recommended table for 'ImageObject')
https://www.orangejelly.co.uk/licensees-guide/survive-off-season-revenue-packages,Person,,,no,no,no,unknown type for this validator (no required/recommended table for 'Person')
https://www.orangejelly.co.uk/licensees-guide/survive-off-season-revenue-packages,ContactPoint,,,no,no,no,unknown type for this validator (no required/recommended table for 'ContactPoint')
https://www.orangejelly.co.uk/licensees-guide/survive-off-season-revenue-packages,PostalAddress,,,no,no,no,unknown type for this validator (no required/recommended table for 'PostalAddress')
https://www.orangejelly.co.uk/licensees-guide/survive-off-season-revenue-packages,GeoCoordinates,,,no,no,no,unknown type for this validator (no required/recommended table for 'GeoCoordinates')
https://www.orangejelly.co.uk/licensees-guide/survive-off-season-revenue-packages,WebSite,,potentialAction,no,no,no,
https://www.orangejelly.co.uk/licensees-guide/survive-off-season-revenue-packages,BreadcrumbList,,,no,no,yes,
https://www.orangejelly.co.uk/licensees-guide/survive-off-season-revenue-packages,ListItem,,,no,no,no,unknown type for this validator (no required/recommended table for 'ListItem')
https://www.orangejelly.co.uk/licensees-guide/survive-off-season-revenue-packages,BlogPosting,,image,no,no,yes,
https://www.orangejelly.co.uk/licensees-guide/survive-off-season-revenue-packages,Person,,,no,no,no,unknown type for this validator (no required/recommended table for 'Person')
https://www.orangejelly.co.uk/licensees-guide/survive-off-season-revenue-packages,Organization,,url; sameAs; contactPoint,no,no,no,
https://www.orangejelly.co.uk/licensees-guide/survive-off-season-revenue-packages,ImageObject,,,no,no,no,unknown type for this validator (no required/recommended table for 'ImageObject')
https://www.orangejelly.co.uk/licensees-guide/survive-off-season-revenue-packages,WebPage,,,no,no,no,unknown type for this validator (no required/recommended table for 'WebPage')
https://www.orangejelly.co.uk/licensees-guide/survive-off-season-revenue-packages,SpeakableSpecification,,,no,no,no,unknown type for this validator (no required/recommended table for 'SpeakableSpecification')
https://www.orangejelly.co.uk/licensees-guide/survive-off-season-revenue-packages,Thing,,,no,no,no,unknown type for this validator (no required/recommended table for 'Thing')
https://www.orangejelly.co.uk/licensees-guide/survive-off-season-revenue-packages,Thing,,,no,no,no,unknown type for this validator (no required/recommended table for 'Thing')
https://www.orangejelly.co.uk/licensees-guide/survive-off-season-revenue-packages,Thing,,,no,no,no,unknown type for this validator (no required/recommended table for 'Thing')
https://www.orangejelly.co.uk/licensees-guide/survive-off-season-revenue-packages,FAQPage,,,yes,no,no,FAQ rich results are now limited to authoritative government/health sites (Aug 2023). Markup is still valid but most sites no longer earn a rich result.
https://www.orangejelly.co.uk/licensees-guide/survive-off-season-revenue-packages,Question,,,no,no,no,unknown type for this validator (no required/recommended table for 'Question')
https://www.orangejelly.co.uk/licensees-guide/survive-off-season-revenue-packages,Answer,,,no,no,no,unknown type for this validator (no required/recommended table for 'Answer')
https://www.orangejelly.co.uk/licensees-guide/survive-off-season-revenue-packages,Question,,,no,no,no,unknown type for this validator (no required/recommended table for 'Question')
https://www.orangejelly.co.uk/licensees-guide/survive-off-season-revenue-packages,Answer,,,no,no,no,unknown type for this validator (no required/recommended table for 'Answer')
https://www.orangejelly.co.uk/licensees-guide/survive-off-season-revenue-packages,Question,,,no,no,no,unknown type for this validator (no required/recommended table for 'Question')
https://www.orangejelly.co.uk/licensees-guide/survive-off-season-revenue-packages,Answer,,,no,no,no,unknown type for this validator (no required/recommended table for 'Answer')
https://www.orangejelly.co.uk/licensees-guide/survive-off-season-revenue-packages,BreadcrumbList,,,no,no,yes,
https://www.orangejelly.co.uk/licensees-guide/survive-off-season-revenue-packages,ListItem,,,no,no,no,unknown type for this validator (no required/recommended table for 'ListItem')
https://www.orangejelly.co.uk/licensees-guide/survive-off-season-revenue-packages,ListItem,,,no,no,no,unknown type for this validator (no required/recommended table for 'ListItem')
https://www.orangejelly.co.uk/licensees-guide/survive-off-season-revenue-packages,ListItem,,,no,no,no,unknown type for this validator (no required/recommended table for 'ListItem')
https://www.orangejelly.co.uk/licensees-guide/survive-off-season-revenue-packages,BreadcrumbList,,,no,no,yes,
https://www.orangejelly.co.uk/licensees-guide/survive-off-season-revenue-packages,ListItem,,,no,no,no,unknown type for this validator (no required/recommended table for 'ListItem')
https://www.orangejelly.co.uk/licensees-guide/survive-off-season-revenue-packages,ListItem,,,no,no,no,unknown type for this validator (no required/recommended table for 'ListItem')
https://www.orangejelly.co.uk/licensees-guide/survive-off-season-revenue-packages,ListItem,,,no,no,no,unknown type for this validator (no required/recommended table for 'ListItem')
https://www.orangejelly.co.uk/licensees-guide/terrible-online-reviews-damage-control,ProfessionalService,,,no,no,no,unknown type for this validator (no required/recommended table for 'ProfessionalService')
https://www.orangejelly.co.uk/licensees-guide/terrible-online-reviews-damage-control,ImageObject,,,no,no,no,unknown type for this validator (no required/recommended table for 'ImageObject')
https://www.orangejelly.co.uk/licensees-guide/terrible-online-reviews-damage-control,Person,,,no,no,no,unknown type for this validator (no required/recommended table for 'Person')
https://www.orangejelly.co.uk/licensees-guide/terrible-online-reviews-damage-control,ContactPoint,,,no,no,no,unknown type for this validator (no required/recommended table for 'ContactPoint')
https://www.orangejelly.co.uk/licensees-guide/terrible-online-reviews-damage-control,PostalAddress,,,no,no,no,unknown type for this validator (no required/recommended table for 'PostalAddress')
https://www.orangejelly.co.uk/licensees-guide/terrible-online-reviews-damage-control,GeoCoordinates,,,no,no,no,unknown type for this validator (no required/recommended table for 'GeoCoordinates')
https://www.orangejelly.co.uk/licensees-guide/terrible-online-reviews-damage-control,WebSite,,potentialAction,no,no,no,
https://www.orangejelly.co.uk/licensees-guide/terrible-online-reviews-damage-control,BreadcrumbList,,,no,no,yes,
https://www.orangejelly.co.uk/licensees-guide/terrible-online-reviews-damage-control,ListItem,,,no,no,no,unknown type for this validator (no required/recommended table for 'ListItem')
https://www.orangejelly.co.uk/licensees-guide/terrible-online-reviews-damage-control,BlogPosting,,image,no,no,yes,
https://www.orangejelly.co.uk/licensees-guide/terrible-online-reviews-damage-control,Person,,,no,no,no,unknown type for this validator (no required/recommended table for 'Person')
https://www.orangejelly.co.uk/licensees-guide/terrible-online-reviews-damage-control,Organization,,url; sameAs; contactPoint,no,no,no,
https://www.orangejelly.co.uk/licensees-guide/terrible-online-reviews-damage-control,ImageObject,,,no,no,no,unknown type for this validator (no required/recommended table for 'ImageObject')
https://www.orangejelly.co.uk/licensees-guide/terrible-online-reviews-damage-control,WebPage,,,no,no,no,unknown type for this validator (no required/recommended table for 'WebPage')
https://www.orangejelly.co.uk/licensees-guide/terrible-online-reviews-damage-control,SpeakableSpecification,,,no,no,no,unknown type for this validator (no required/recommended table for 'SpeakableSpecification')
https://www.orangejelly.co.uk/licensees-guide/terrible-online-reviews-damage-control,Thing,,,no,no,no,unknown type for this validator (no required/recommended table for 'Thing')
https://www.orangejelly.co.uk/licensees-guide/terrible-online-reviews-damage-control,Thing,,,no,no,no,unknown type for this validator (no required/recommended table for 'Thing')
https://www.orangejelly.co.uk/licensees-guide/terrible-online-reviews-damage-control,Thing,,,no,no,no,unknown type for this validator (no required/recommended table for 'Thing')
https://www.orangejelly.co.uk/licensees-guide/terrible-online-reviews-damage-control,Thing,,,no,no,no,unknown type for this validator (no required/recommended table for 'Thing')
https://www.orangejelly.co.uk/licensees-guide/terrible-online-reviews-damage-control,FAQPage,,,yes,no,no,FAQ rich results are now limited to authoritative government/health sites (Aug 2023). Markup is still valid but most sites no longer earn a rich result.
https://www.orangejelly.co.uk/licensees-guide/terrible-online-reviews-damage-control,Question,,,no,no,no,unknown type for this validator (no required/recommended table for 'Question')
https://www.orangejelly.co.uk/licensees-guide/terrible-online-reviews-damage-control,Answer,,,no,no,no,unknown type for this validator (no required/recommended table for 'Answer')
https://www.orangejelly.co.uk/licensees-guide/terrible-online-reviews-damage-control,Question,,,no,no,no,unknown type for this validator (no required/recommended table for 'Question')
https://www.orangejelly.co.uk/licensees-guide/terrible-online-reviews-damage-control,Answer,,,no,no,no,unknown type for this validator (no required/recommended table for 'Answer')
https://www.orangejelly.co.uk/licensees-guide/terrible-online-reviews-damage-control,Question,,,no,no,no,unknown type for this validator (no required/recommended table for 'Question')
https://www.orangejelly.co.uk/licensees-guide/terrible-online-reviews-damage-control,Answer,,,no,no,no,unknown type for this validator (no required/recommended table for 'Answer')
https://www.orangejelly.co.uk/licensees-guide/terrible-online-reviews-damage-control,BreadcrumbList,,,no,no,yes,
https://www.orangejelly.co.uk/licensees-guide/terrible-online-reviews-damage-control,ListItem,,,no,no,no,unknown type for this validator (no required/recommended table for 'ListItem')
https://www.orangejelly.co.uk/licensees-guide/terrible-online-reviews-damage-control,ListItem,,,no,no,no,unknown type for this validator (no required/recommended table for 'ListItem')
https://www.orangejelly.co.uk/licensees-guide/terrible-online-reviews-damage-control,ListItem,,,no,no,no,unknown type for this validator (no required/recommended table for 'ListItem')
https://www.orangejelly.co.uk/licensees-guide/terrible-online-reviews-damage-control,BreadcrumbList,,,no,no,yes,
https://www.orangejelly.co.uk/licensees-guide/terrible-online-reviews-damage-control,ListItem,,,no,no,no,unknown type for this validator (no required/recommended table for 'ListItem')
https://www.orangejelly.co.uk/licensees-guide/terrible-online-reviews-damage-control,ListItem,,,no,no,no,unknown type for this validator (no required/recommended table for 'ListItem')
https://www.orangejelly.co.uk/licensees-guide/terrible-online-reviews-damage-control,ListItem,,,no,no,no,unknown type for this validator (no required/recommended table for 'ListItem')
https://www.orangejelly.co.uk/licensees-guide/theme-hour-power-hour,ProfessionalService,,,no,no,no,unknown type for this validator (no required/recommended table for 'ProfessionalService')
https://www.orangejelly.co.uk/licensees-guide/theme-hour-power-hour,ImageObject,,,no,no,no,unknown type for this validator (no required/recommended table for 'ImageObject')
https://www.orangejelly.co.uk/licensees-guide/theme-hour-power-hour,Person,,,no,no,no,unknown type for this validator (no required/recommended table for 'Person')
https://www.orangejelly.co.uk/licensees-guide/theme-hour-power-hour,ContactPoint,,,no,no,no,unknown type for this validator (no required/recommended table for 'ContactPoint')
https://www.orangejelly.co.uk/licensees-guide/theme-hour-power-hour,PostalAddress,,,no,no,no,unknown type for this validator (no required/recommended table for 'PostalAddress')
https://www.orangejelly.co.uk/licensees-guide/theme-hour-power-hour,GeoCoordinates,,,no,no,no,unknown type for this validator (no required/recommended table for 'GeoCoordinates')
https://www.orangejelly.co.uk/licensees-guide/theme-hour-power-hour,WebSite,,potentialAction,no,no,no,
https://www.orangejelly.co.uk/licensees-guide/theme-hour-power-hour,BreadcrumbList,,,no,no,yes,
https://www.orangejelly.co.uk/licensees-guide/theme-hour-power-hour,ListItem,,,no,no,no,unknown type for this validator (no required/recommended table for 'ListItem')
https://www.orangejelly.co.uk/licensees-guide/theme-hour-power-hour,BlogPosting,,image,no,no,yes,
https://www.orangejelly.co.uk/licensees-guide/theme-hour-power-hour,Person,,,no,no,no,unknown type for this validator (no required/recommended table for 'Person')
https://www.orangejelly.co.uk/licensees-guide/theme-hour-power-hour,Organization,,url; sameAs; contactPoint,no,no,no,
https://www.orangejelly.co.uk/licensees-guide/theme-hour-power-hour,ImageObject,,,no,no,no,unknown type for this validator (no required/recommended table for 'ImageObject')
https://www.orangejelly.co.uk/licensees-guide/theme-hour-power-hour,WebPage,,,no,no,no,unknown type for this validator (no required/recommended table for 'WebPage')
https://www.orangejelly.co.uk/licensees-guide/theme-hour-power-hour,SpeakableSpecification,,,no,no,no,unknown type for this validator (no required/recommended table for 'SpeakableSpecification')
https://www.orangejelly.co.uk/licensees-guide/theme-hour-power-hour,Thing,,,no,no,no,unknown type for this validator (no required/recommended table for 'Thing')
https://www.orangejelly.co.uk/licensees-guide/theme-hour-power-hour,Thing,,,no,no,no,unknown type for this validator (no required/recommended table for 'Thing')
https://www.orangejelly.co.uk/licensees-guide/theme-hour-power-hour,FAQPage,,,yes,no,no,FAQ rich results are now limited to authoritative government/health sites (Aug 2023). Markup is still valid but most sites no longer earn a rich result.
https://www.orangejelly.co.uk/licensees-guide/theme-hour-power-hour,Question,,,no,no,no,unknown type for this validator (no required/recommended table for 'Question')
https://www.orangejelly.co.uk/licensees-guide/theme-hour-power-hour,Answer,,,no,no,no,unknown type for this validator (no required/recommended table for 'Answer')
https://www.orangejelly.co.uk/licensees-guide/theme-hour-power-hour,Question,,,no,no,no,unknown type for this validator (no required/recommended table for 'Question')
https://www.orangejelly.co.uk/licensees-guide/theme-hour-power-hour,Answer,,,no,no,no,unknown type for this validator (no required/recommended table for 'Answer')
https://www.orangejelly.co.uk/licensees-guide/theme-hour-power-hour,Question,,,no,no,no,unknown type for this validator (no required/recommended table for 'Question')
https://www.orangejelly.co.uk/licensees-guide/theme-hour-power-hour,Answer,,,no,no,no,unknown type for this validator (no required/recommended table for 'Answer')
https://www.orangejelly.co.uk/licensees-guide/theme-hour-power-hour,Question,,,no,no,no,unknown type for this validator (no required/recommended table for 'Question')
https://www.orangejelly.co.uk/licensees-guide/theme-hour-power-hour,Answer,,,no,no,no,unknown type for this validator (no required/recommended table for 'Answer')
https://www.orangejelly.co.uk/licensees-guide/theme-hour-power-hour,BreadcrumbList,,,no,no,yes,
https://www.orangejelly.co.uk/licensees-guide/theme-hour-power-hour,ListItem,,,no,no,no,unknown type for this validator (no required/recommended table for 'ListItem')
https://www.orangejelly.co.uk/licensees-guide/theme-hour-power-hour,ListItem,,,no,no,no,unknown type for this validator (no required/recommended table for 'ListItem')
https://www.orangejelly.co.uk/licensees-guide/theme-hour-power-hour,ListItem,,,no,no,no,unknown type for this validator (no required/recommended table for 'ListItem')
https://www.orangejelly.co.uk/licensees-guide/theme-hour-power-hour,BreadcrumbList,,,no,no,yes,
https://www.orangejelly.co.uk/licensees-guide/theme-hour-power-hour,ListItem,,,no,no,no,unknown type for this validator (no required/recommended table for 'ListItem')
https://www.orangejelly.co.uk/licensees-guide/theme-hour-power-hour,ListItem,,,no,no,no,unknown type for this validator (no required/recommended table for 'ListItem')
https://www.orangejelly.co.uk/licensees-guide/theme-hour-power-hour,ListItem,,,no,no,no,unknown type for this validator (no required/recommended table for 'ListItem')
https://www.orangejelly.co.uk/licensees-guide/turn-heating-costs-into-winter-wins,ProfessionalService,,,no,no,no,unknown type for this validator (no required/recommended table for 'ProfessionalService')
https://www.orangejelly.co.uk/licensees-guide/turn-heating-costs-into-winter-wins,ImageObject,,,no,no,no,unknown type for this validator (no required/recommended table for 'ImageObject')
https://www.orangejelly.co.uk/licensees-guide/turn-heating-costs-into-winter-wins,Person,,,no,no,no,unknown type for this validator (no required/recommended table for 'Person')
https://www.orangejelly.co.uk/licensees-guide/turn-heating-costs-into-winter-wins,ContactPoint,,,no,no,no,unknown type for this validator (no required/recommended table for 'ContactPoint')
https://www.orangejelly.co.uk/licensees-guide/turn-heating-costs-into-winter-wins,PostalAddress,,,no,no,no,unknown type for this validator (no required/recommended table for 'PostalAddress')
https://www.orangejelly.co.uk/licensees-guide/turn-heating-costs-into-winter-wins,GeoCoordinates,,,no,no,no,unknown type for this validator (no required/recommended table for 'GeoCoordinates')
https://www.orangejelly.co.uk/licensees-guide/turn-heating-costs-into-winter-wins,WebSite,,potentialAction,no,no,no,
https://www.orangejelly.co.uk/licensees-guide/turn-heating-costs-into-winter-wins,BreadcrumbList,,,no,no,yes,
https://www.orangejelly.co.uk/licensees-guide/turn-heating-costs-into-winter-wins,ListItem,,,no,no,no,unknown type for this validator (no required/recommended table for 'ListItem')
https://www.orangejelly.co.uk/licensees-guide/turn-heating-costs-into-winter-wins,BlogPosting,,image,no,no,yes,
https://www.orangejelly.co.uk/licensees-guide/turn-heating-costs-into-winter-wins,Person,,,no,no,no,unknown type for this validator (no required/recommended table for 'Person')
https://www.orangejelly.co.uk/licensees-guide/turn-heating-costs-into-winter-wins,Organization,,url; sameAs; contactPoint,no,no,no,
https://www.orangejelly.co.uk/licensees-guide/turn-heating-costs-into-winter-wins,ImageObject,,,no,no,no,unknown type for this validator (no required/recommended table for 'ImageObject')
https://www.orangejelly.co.uk/licensees-guide/turn-heating-costs-into-winter-wins,WebPage,,,no,no,no,unknown type for this validator (no required/recommended table for 'WebPage')
https://www.orangejelly.co.uk/licensees-guide/turn-heating-costs-into-winter-wins,SpeakableSpecification,,,no,no,no,unknown type for this validator (no required/recommended table for 'SpeakableSpecification')
https://www.orangejelly.co.uk/licensees-guide/turn-heating-costs-into-winter-wins,FAQPage,,,yes,no,no,FAQ rich results are now limited to authoritative government/health sites (Aug 2023). Markup is still valid but most sites no longer earn a rich result.
https://www.orangejelly.co.uk/licensees-guide/turn-heating-costs-into-winter-wins,Question,,,no,no,no,unknown type for this validator (no required/recommended table for 'Question')
https://www.orangejelly.co.uk/licensees-guide/turn-heating-costs-into-winter-wins,Answer,,,no,no,no,unknown type for this validator (no required/recommended table for 'Answer')
https://www.orangejelly.co.uk/licensees-guide/turn-heating-costs-into-winter-wins,Question,,,no,no,no,unknown type for this validator (no required/recommended table for 'Question')
https://www.orangejelly.co.uk/licensees-guide/turn-heating-costs-into-winter-wins,Answer,,,no,no,no,unknown type for this validator (no required/recommended table for 'Answer')
https://www.orangejelly.co.uk/licensees-guide/turn-heating-costs-into-winter-wins,Question,,,no,no,no,unknown type for this validator (no required/recommended table for 'Question')
https://www.orangejelly.co.uk/licensees-guide/turn-heating-costs-into-winter-wins,Answer,,,no,no,no,unknown type for this validator (no required/recommended table for 'Answer')
https://www.orangejelly.co.uk/licensees-guide/turn-heating-costs-into-winter-wins,BreadcrumbList,,,no,no,yes,
https://www.orangejelly.co.uk/licensees-guide/turn-heating-costs-into-winter-wins,ListItem,,,no,no,no,unknown type for this validator (no required/recommended table for 'ListItem')
https://www.orangejelly.co.uk/licensees-guide/turn-heating-costs-into-winter-wins,ListItem,,,no,no,no,unknown type for this validator (no required/recommended table for 'ListItem')
https://www.orangejelly.co.uk/licensees-guide/turn-heating-costs-into-winter-wins,ListItem,,,no,no,no,unknown type for this validator (no required/recommended table for 'ListItem')
https://www.orangejelly.co.uk/licensees-guide/turn-heating-costs-into-winter-wins,ListItem,,,no,no,no,unknown type for this validator (no required/recommended table for 'ListItem')
https://www.orangejelly.co.uk/licensees-guide/turn-heating-costs-into-winter-wins,BreadcrumbList,,,no,no,yes,
https://www.orangejelly.co.uk/licensees-guide/turn-heating-costs-into-winter-wins,ListItem,,,no,no,no,unknown type for this validator (no required/recommended table for 'ListItem')
https://www.orangejelly.co.uk/licensees-guide/turn-heating-costs-into-winter-wins,ListItem,,,no,no,no,unknown type for this validator (no required/recommended table for 'ListItem')
https://www.orangejelly.co.uk/licensees-guide/turn-heating-costs-into-winter-wins,ListItem,,,no,no,no,unknown type for this validator (no required/recommended table for 'ListItem')
https://www.orangejelly.co.uk/licensees-guide/turn-heating-costs-into-winter-wins,ListItem,,,no,no,no,unknown type for this validator (no required/recommended table for 'ListItem')
https://www.orangejelly.co.uk/licensees-guide/turnaround-playbook-independent-bars,ProfessionalService,,,no,no,no,unknown type for this validator (no required/recommended table for 'ProfessionalService')
https://www.orangejelly.co.uk/licensees-guide/turnaround-playbook-independent-bars,ImageObject,,,no,no,no,unknown type for this validator (no required/recommended table for 'ImageObject')
https://www.orangejelly.co.uk/licensees-guide/turnaround-playbook-independent-bars,Person,,,no,no,no,unknown type for this validator (no required/recommended table for 'Person')
https://www.orangejelly.co.uk/licensees-guide/turnaround-playbook-independent-bars,ContactPoint,,,no,no,no,unknown type for this validator (no required/recommended table for 'ContactPoint')
https://www.orangejelly.co.uk/licensees-guide/turnaround-playbook-independent-bars,PostalAddress,,,no,no,no,unknown type for this validator (no required/recommended table for 'PostalAddress')
https://www.orangejelly.co.uk/licensees-guide/turnaround-playbook-independent-bars,GeoCoordinates,,,no,no,no,unknown type for this validator (no required/recommended table for 'GeoCoordinates')
https://www.orangejelly.co.uk/licensees-guide/turnaround-playbook-independent-bars,WebSite,,potentialAction,no,no,no,
https://www.orangejelly.co.uk/licensees-guide/turnaround-playbook-independent-bars,BreadcrumbList,,,no,no,yes,
https://www.orangejelly.co.uk/licensees-guide/turnaround-playbook-independent-bars,ListItem,,,no,no,no,unknown type for this validator (no required/recommended table for 'ListItem')
https://www.orangejelly.co.uk/licensees-guide/turnaround-playbook-independent-bars,BlogPosting,,image,no,no,yes,
https://www.orangejelly.co.uk/licensees-guide/turnaround-playbook-independent-bars,Person,,,no,no,no,unknown type for this validator (no required/recommended table for 'Person')
https://www.orangejelly.co.uk/licensees-guide/turnaround-playbook-independent-bars,Organization,,url; sameAs; contactPoint,no,no,no,
https://www.orangejelly.co.uk/licensees-guide/turnaround-playbook-independent-bars,ImageObject,,,no,no,no,unknown type for this validator (no required/recommended table for 'ImageObject')
https://www.orangejelly.co.uk/licensees-guide/turnaround-playbook-independent-bars,WebPage,,,no,no,no,unknown type for this validator (no required/recommended table for 'WebPage')
https://www.orangejelly.co.uk/licensees-guide/turnaround-playbook-independent-bars,SpeakableSpecification,,,no,no,no,unknown type for this validator (no required/recommended table for 'SpeakableSpecification')
https://www.orangejelly.co.uk/licensees-guide/turnaround-playbook-independent-bars,Thing,,,no,no,no,unknown type for this validator (no required/recommended table for 'Thing')
https://www.orangejelly.co.uk/licensees-guide/turnaround-playbook-independent-bars,Thing,,,no,no,no,unknown type for this validator (no required/recommended table for 'Thing')
https://www.orangejelly.co.uk/licensees-guide/turnaround-playbook-independent-bars,Thing,,,no,no,no,unknown type for this validator (no required/recommended table for 'Thing')
https://www.orangejelly.co.uk/licensees-guide/turnaround-playbook-independent-bars,FAQPage,,,yes,no,no,FAQ rich results are now limited to authoritative government/health sites (Aug 2023). Markup is still valid but most sites no longer earn a rich result.
https://www.orangejelly.co.uk/licensees-guide/turnaround-playbook-independent-bars,Question,,,no,no,no,unknown type for this validator (no required/recommended table for 'Question')
https://www.orangejelly.co.uk/licensees-guide/turnaround-playbook-independent-bars,Answer,,,no,no,no,unknown type for this validator (no required/recommended table for 'Answer')
https://www.orangejelly.co.uk/licensees-guide/turnaround-playbook-independent-bars,Question,,,no,no,no,unknown type for this validator (no required/recommended table for 'Question')
https://www.orangejelly.co.uk/licensees-guide/turnaround-playbook-independent-bars,Answer,,,no,no,no,unknown type for this validator (no required/recommended table for 'Answer')
https://www.orangejelly.co.uk/licensees-guide/turnaround-playbook-independent-bars,Question,,,no,no,no,unknown type for this validator (no required/recommended table for 'Question')
https://www.orangejelly.co.uk/licensees-guide/turnaround-playbook-independent-bars,Answer,,,no,no,no,unknown type for this validator (no required/recommended table for 'Answer')
https://www.orangejelly.co.uk/licensees-guide/turnaround-playbook-independent-bars,BreadcrumbList,,,no,no,yes,
https://www.orangejelly.co.uk/licensees-guide/turnaround-playbook-independent-bars,ListItem,,,no,no,no,unknown type for this validator (no required/recommended table for 'ListItem')
https://www.orangejelly.co.uk/licensees-guide/turnaround-playbook-independent-bars,ListItem,,,no,no,no,unknown type for this validator (no required/recommended table for 'ListItem')
https://www.orangejelly.co.uk/licensees-guide/turnaround-playbook-independent-bars,ListItem,,,no,no,no,unknown type for this validator (no required/recommended table for 'ListItem')
https://www.orangejelly.co.uk/licensees-guide/turnaround-playbook-independent-bars,BreadcrumbList,,,no,no,yes,
https://www.orangejelly.co.uk/licensees-guide/turnaround-playbook-independent-bars,ListItem,,,no,no,no,unknown type for this validator (no required/recommended table for 'ListItem')
https://www.orangejelly.co.uk/licensees-guide/turnaround-playbook-independent-bars,ListItem,,,no,no,no,unknown type for this validator (no required/recommended table for 'ListItem')
https://www.orangejelly.co.uk/licensees-guide/turnaround-playbook-independent-bars,ListItem,,,no,no,no,unknown type for this validator (no required/recommended table for 'ListItem')
https://www.orangejelly.co.uk/licensees-guide/upselling-secrets-training-scripts,ProfessionalService,,,no,no,no,unknown type for this validator (no required/recommended table for 'ProfessionalService')
https://www.orangejelly.co.uk/licensees-guide/upselling-secrets-training-scripts,ImageObject,,,no,no,no,unknown type for this validator (no required/recommended table for 'ImageObject')
https://www.orangejelly.co.uk/licensees-guide/upselling-secrets-training-scripts,Person,,,no,no,no,unknown type for this validator (no required/recommended table for 'Person')
https://www.orangejelly.co.uk/licensees-guide/upselling-secrets-training-scripts,ContactPoint,,,no,no,no,unknown type for this validator (no required/recommended table for 'ContactPoint')
https://www.orangejelly.co.uk/licensees-guide/upselling-secrets-training-scripts,PostalAddress,,,no,no,no,unknown type for this validator (no required/recommended table for 'PostalAddress')
https://www.orangejelly.co.uk/licensees-guide/upselling-secrets-training-scripts,GeoCoordinates,,,no,no,no,unknown type for this validator (no required/recommended table for 'GeoCoordinates')
https://www.orangejelly.co.uk/licensees-guide/upselling-secrets-training-scripts,WebSite,,potentialAction,no,no,no,
https://www.orangejelly.co.uk/licensees-guide/upselling-secrets-training-scripts,BreadcrumbList,,,no,no,yes,
https://www.orangejelly.co.uk/licensees-guide/upselling-secrets-training-scripts,ListItem,,,no,no,no,unknown type for this validator (no required/recommended table for 'ListItem')
https://www.orangejelly.co.uk/licensees-guide/upselling-secrets-training-scripts,BlogPosting,,image,no,no,yes,
https://www.orangejelly.co.uk/licensees-guide/upselling-secrets-training-scripts,Person,,,no,no,no,unknown type for this validator (no required/recommended table for 'Person')
https://www.orangejelly.co.uk/licensees-guide/upselling-secrets-training-scripts,Organization,,url; sameAs; contactPoint,no,no,no,
https://www.orangejelly.co.uk/licensees-guide/upselling-secrets-training-scripts,ImageObject,,,no,no,no,unknown type for this validator (no required/recommended table for 'ImageObject')
https://www.orangejelly.co.uk/licensees-guide/upselling-secrets-training-scripts,WebPage,,,no,no,no,unknown type for this validator (no required/recommended table for 'WebPage')
https://www.orangejelly.co.uk/licensees-guide/upselling-secrets-training-scripts,SpeakableSpecification,,,no,no,no,unknown type for this validator (no required/recommended table for 'SpeakableSpecification')
https://www.orangejelly.co.uk/licensees-guide/upselling-secrets-training-scripts,Thing,,,no,no,no,unknown type for this validator (no required/recommended table for 'Thing')
https://www.orangejelly.co.uk/licensees-guide/upselling-secrets-training-scripts,Thing,,,no,no,no,unknown type for this validator (no required/recommended table for 'Thing')
https://www.orangejelly.co.uk/licensees-guide/upselling-secrets-training-scripts,Thing,,,no,no,no,unknown type for this validator (no required/recommended table for 'Thing')
https://www.orangejelly.co.uk/licensees-guide/upselling-secrets-training-scripts,FAQPage,,,yes,no,no,FAQ rich results are now limited to authoritative government/health sites (Aug 2023). Markup is still valid but most sites no longer earn a rich result.
https://www.orangejelly.co.uk/licensees-guide/upselling-secrets-training-scripts,Question,,,no,no,no,unknown type for this validator (no required/recommended table for 'Question')
https://www.orangejelly.co.uk/licensees-guide/upselling-secrets-training-scripts,Answer,,,no,no,no,unknown type for this validator (no required/recommended table for 'Answer')
https://www.orangejelly.co.uk/licensees-guide/upselling-secrets-training-scripts,Question,,,no,no,no,unknown type for this validator (no required/recommended table for 'Question')
https://www.orangejelly.co.uk/licensees-guide/upselling-secrets-training-scripts,Answer,,,no,no,no,unknown type for this validator (no required/recommended table for 'Answer')
https://www.orangejelly.co.uk/licensees-guide/upselling-secrets-training-scripts,Question,,,no,no,no,unknown type for this validator (no required/recommended table for 'Question')
https://www.orangejelly.co.uk/licensees-guide/upselling-secrets-training-scripts,Answer,,,no,no,no,unknown type for this validator (no required/recommended table for 'Answer')
https://www.orangejelly.co.uk/licensees-guide/upselling-secrets-training-scripts,BreadcrumbList,,,no,no,yes,
https://www.orangejelly.co.uk/licensees-guide/upselling-secrets-training-scripts,ListItem,,,no,no,no,unknown type for this validator (no required/recommended table for 'ListItem')
https://www.orangejelly.co.uk/licensees-guide/upselling-secrets-training-scripts,ListItem,,,no,no,no,unknown type for this validator (no required/recommended table for 'ListItem')
https://www.orangejelly.co.uk/licensees-guide/upselling-secrets-training-scripts,ListItem,,,no,no,no,unknown type for this validator (no required/recommended table for 'ListItem')
https://www.orangejelly.co.uk/licensees-guide/upselling-secrets-training-scripts,BreadcrumbList,,,no,no,yes,
https://www.orangejelly.co.uk/licensees-guide/upselling-secrets-training-scripts,ListItem,,,no,no,no,unknown type for this validator (no required/recommended table for 'ListItem')
https://www.orangejelly.co.uk/licensees-guide/upselling-secrets-training-scripts,ListItem,,,no,no,no,unknown type for this validator (no required/recommended table for 'ListItem')
https://www.orangejelly.co.uk/licensees-guide/upselling-secrets-training-scripts,ListItem,,,no,no,no,unknown type for this validator (no required/recommended table for 'ListItem')
https://www.orangejelly.co.uk/licensees-guide/village-pub-dying-village-survival,ProfessionalService,,,no,no,no,unknown type for this validator (no required/recommended table for 'ProfessionalService')
https://www.orangejelly.co.uk/licensees-guide/village-pub-dying-village-survival,ImageObject,,,no,no,no,unknown type for this validator (no required/recommended table for 'ImageObject')
https://www.orangejelly.co.uk/licensees-guide/village-pub-dying-village-survival,Person,,,no,no,no,unknown type for this validator (no required/recommended table for 'Person')
https://www.orangejelly.co.uk/licensees-guide/village-pub-dying-village-survival,ContactPoint,,,no,no,no,unknown type for this validator (no required/recommended table for 'ContactPoint')
https://www.orangejelly.co.uk/licensees-guide/village-pub-dying-village-survival,PostalAddress,,,no,no,no,unknown type for this validator (no required/recommended table for 'PostalAddress')
https://www.orangejelly.co.uk/licensees-guide/village-pub-dying-village-survival,GeoCoordinates,,,no,no,no,unknown type for this validator (no required/recommended table for 'GeoCoordinates')
https://www.orangejelly.co.uk/licensees-guide/village-pub-dying-village-survival,WebSite,,potentialAction,no,no,no,
https://www.orangejelly.co.uk/licensees-guide/village-pub-dying-village-survival,BreadcrumbList,,,no,no,yes,
https://www.orangejelly.co.uk/licensees-guide/village-pub-dying-village-survival,ListItem,,,no,no,no,unknown type for this validator (no required/recommended table for 'ListItem')
https://www.orangejelly.co.uk/licensees-guide/village-pub-dying-village-survival,BlogPosting,,image,no,no,yes,
https://www.orangejelly.co.uk/licensees-guide/village-pub-dying-village-survival,Person,,,no,no,no,unknown type for this validator (no required/recommended table for 'Person')
https://www.orangejelly.co.uk/licensees-guide/village-pub-dying-village-survival,Organization,,url; sameAs; contactPoint,no,no,no,
https://www.orangejelly.co.uk/licensees-guide/village-pub-dying-village-survival,ImageObject,,,no,no,no,unknown type for this validator (no required/recommended table for 'ImageObject')
https://www.orangejelly.co.uk/licensees-guide/village-pub-dying-village-survival,WebPage,,,no,no,no,unknown type for this validator (no required/recommended table for 'WebPage')
https://www.orangejelly.co.uk/licensees-guide/village-pub-dying-village-survival,SpeakableSpecification,,,no,no,no,unknown type for this validator (no required/recommended table for 'SpeakableSpecification')
https://www.orangejelly.co.uk/licensees-guide/village-pub-dying-village-survival,Thing,,,no,no,no,unknown type for this validator (no required/recommended table for 'Thing')
https://www.orangejelly.co.uk/licensees-guide/village-pub-dying-village-survival,Thing,,,no,no,no,unknown type for this validator (no required/recommended table for 'Thing')
https://www.orangejelly.co.uk/licensees-guide/village-pub-dying-village-survival,Thing,,,no,no,no,unknown type for this validator (no required/recommended table for 'Thing')
https://www.orangejelly.co.uk/licensees-guide/village-pub-dying-village-survival,Thing,,,no,no,no,unknown type for this validator (no required/recommended table for 'Thing')
https://www.orangejelly.co.uk/licensees-guide/village-pub-dying-village-survival,FAQPage,,,yes,no,no,FAQ rich results are now limited to authoritative government/health sites (Aug 2023). Markup is still valid but most sites no longer earn a rich result.
https://www.orangejelly.co.uk/licensees-guide/village-pub-dying-village-survival,Question,,,no,no,no,unknown type for this validator (no required/recommended table for 'Question')
https://www.orangejelly.co.uk/licensees-guide/village-pub-dying-village-survival,Answer,,,no,no,no,unknown type for this validator (no required/recommended table for 'Answer')
https://www.orangejelly.co.uk/licensees-guide/village-pub-dying-village-survival,Question,,,no,no,no,unknown type for this validator (no required/recommended table for 'Question')
https://www.orangejelly.co.uk/licensees-guide/village-pub-dying-village-survival,Answer,,,no,no,no,unknown type for this validator (no required/recommended table for 'Answer')
https://www.orangejelly.co.uk/licensees-guide/village-pub-dying-village-survival,Question,,,no,no,no,unknown type for this validator (no required/recommended table for 'Question')
https://www.orangejelly.co.uk/licensees-guide/village-pub-dying-village-survival,Answer,,,no,no,no,unknown type for this validator (no required/recommended table for 'Answer')
https://www.orangejelly.co.uk/licensees-guide/village-pub-dying-village-survival,BreadcrumbList,,,no,no,yes,
https://www.orangejelly.co.uk/licensees-guide/village-pub-dying-village-survival,ListItem,,,no,no,no,unknown type for this validator (no required/recommended table for 'ListItem')
https://www.orangejelly.co.uk/licensees-guide/village-pub-dying-village-survival,ListItem,,,no,no,no,unknown type for this validator (no required/recommended table for 'ListItem')
https://www.orangejelly.co.uk/licensees-guide/village-pub-dying-village-survival,ListItem,,,no,no,no,unknown type for this validator (no required/recommended table for 'ListItem')
https://www.orangejelly.co.uk/licensees-guide/village-pub-dying-village-survival,BreadcrumbList,,,no,no,yes,
https://www.orangejelly.co.uk/licensees-guide/village-pub-dying-village-survival,ListItem,,,no,no,no,unknown type for this validator (no required/recommended table for 'ListItem')
https://www.orangejelly.co.uk/licensees-guide/village-pub-dying-village-survival,ListItem,,,no,no,no,unknown type for this validator (no required/recommended table for 'ListItem')
https://www.orangejelly.co.uk/licensees-guide/village-pub-dying-village-survival,ListItem,,,no,no,no,unknown type for this validator (no required/recommended table for 'ListItem')
https://www.orangejelly.co.uk/licensees-guide/wet-led-vs-food-led-pubs,ProfessionalService,,,no,no,no,unknown type for this validator (no required/recommended table for 'ProfessionalService')
https://www.orangejelly.co.uk/licensees-guide/wet-led-vs-food-led-pubs,ImageObject,,,no,no,no,unknown type for this validator (no required/recommended table for 'ImageObject')
https://www.orangejelly.co.uk/licensees-guide/wet-led-vs-food-led-pubs,Person,,,no,no,no,unknown type for this validator (no required/recommended table for 'Person')
https://www.orangejelly.co.uk/licensees-guide/wet-led-vs-food-led-pubs,ContactPoint,,,no,no,no,unknown type for this validator (no required/recommended table for 'ContactPoint')
https://www.orangejelly.co.uk/licensees-guide/wet-led-vs-food-led-pubs,PostalAddress,,,no,no,no,unknown type for this validator (no required/recommended table for 'PostalAddress')
https://www.orangejelly.co.uk/licensees-guide/wet-led-vs-food-led-pubs,GeoCoordinates,,,no,no,no,unknown type for this validator (no required/recommended table for 'GeoCoordinates')
https://www.orangejelly.co.uk/licensees-guide/wet-led-vs-food-led-pubs,WebSite,,potentialAction,no,no,no,
https://www.orangejelly.co.uk/licensees-guide/wet-led-vs-food-led-pubs,BreadcrumbList,,,no,no,yes,
https://www.orangejelly.co.uk/licensees-guide/wet-led-vs-food-led-pubs,ListItem,,,no,no,no,unknown type for this validator (no required/recommended table for 'ListItem')
https://www.orangejelly.co.uk/licensees-guide/wet-led-vs-food-led-pubs,BlogPosting,,image,no,no,yes,
https://www.orangejelly.co.uk/licensees-guide/wet-led-vs-food-led-pubs,Person,,,no,no,no,unknown type for this validator (no required/recommended table for 'Person')
https://www.orangejelly.co.uk/licensees-guide/wet-led-vs-food-led-pubs,Organization,,url; sameAs; contactPoint,no,no,no,
https://www.orangejelly.co.uk/licensees-guide/wet-led-vs-food-led-pubs,ImageObject,,,no,no,no,unknown type for this validator (no required/recommended table for 'ImageObject')
https://www.orangejelly.co.uk/licensees-guide/wet-led-vs-food-led-pubs,WebPage,,,no,no,no,unknown type for this validator (no required/recommended table for 'WebPage')
https://www.orangejelly.co.uk/licensees-guide/wet-led-vs-food-led-pubs,SpeakableSpecification,,,no,no,no,unknown type for this validator (no required/recommended table for 'SpeakableSpecification')
https://www.orangejelly.co.uk/licensees-guide/wet-led-vs-food-led-pubs,Thing,,,no,no,no,unknown type for this validator (no required/recommended table for 'Thing')
https://www.orangejelly.co.uk/licensees-guide/wet-led-vs-food-led-pubs,Thing,,,no,no,no,unknown type for this validator (no required/recommended table for 'Thing')
https://www.orangejelly.co.uk/licensees-guide/wet-led-vs-food-led-pubs,Thing,,,no,no,no,unknown type for this validator (no required/recommended table for 'Thing')
https://www.orangejelly.co.uk/licensees-guide/wet-led-vs-food-led-pubs,FAQPage,,,yes,no,no,FAQ rich results are now limited to authoritative government/health sites (Aug 2023). Markup is still valid but most sites no longer earn a rich result.
https://www.orangejelly.co.uk/licensees-guide/wet-led-vs-food-led-pubs,Question,,,no,no,no,unknown type for this validator (no required/recommended table for 'Question')
https://www.orangejelly.co.uk/licensees-guide/wet-led-vs-food-led-pubs,Answer,,,no,no,no,unknown type for this validator (no required/recommended table for 'Answer')
https://www.orangejelly.co.uk/licensees-guide/wet-led-vs-food-led-pubs,Question,,,no,no,no,unknown type for this validator (no required/recommended table for 'Question')
https://www.orangejelly.co.uk/licensees-guide/wet-led-vs-food-led-pubs,Answer,,,no,no,no,unknown type for this validator (no required/recommended table for 'Answer')
https://www.orangejelly.co.uk/licensees-guide/wet-led-vs-food-led-pubs,Question,,,no,no,no,unknown type for this validator (no required/recommended table for 'Question')
https://www.orangejelly.co.uk/licensees-guide/wet-led-vs-food-led-pubs,Answer,,,no,no,no,unknown type for this validator (no required/recommended table for 'Answer')
https://www.orangejelly.co.uk/licensees-guide/wet-led-vs-food-led-pubs,Question,,,no,no,no,unknown type for this validator (no required/recommended table for 'Question')
https://www.orangejelly.co.uk/licensees-guide/wet-led-vs-food-led-pubs,Answer,,,no,no,no,unknown type for this validator (no required/recommended table for 'Answer')
https://www.orangejelly.co.uk/licensees-guide/wet-led-vs-food-led-pubs,Question,,,no,no,no,unknown type for this validator (no required/recommended table for 'Question')
https://www.orangejelly.co.uk/licensees-guide/wet-led-vs-food-led-pubs,Answer,,,no,no,no,unknown type for this validator (no required/recommended table for 'Answer')
https://www.orangejelly.co.uk/licensees-guide/wet-led-vs-food-led-pubs,BreadcrumbList,,,no,no,yes,
https://www.orangejelly.co.uk/licensees-guide/wet-led-vs-food-led-pubs,ListItem,,,no,no,no,unknown type for this validator (no required/recommended table for 'ListItem')
https://www.orangejelly.co.uk/licensees-guide/wet-led-vs-food-led-pubs,ListItem,,,no,no,no,unknown type for this validator (no required/recommended table for 'ListItem')
https://www.orangejelly.co.uk/licensees-guide/wet-led-vs-food-led-pubs,ListItem,,,no,no,no,unknown type for this validator (no required/recommended table for 'ListItem')
https://www.orangejelly.co.uk/licensees-guide/wet-led-vs-food-led-pubs,BreadcrumbList,,,no,no,yes,
https://www.orangejelly.co.uk/licensees-guide/wet-led-vs-food-led-pubs,ListItem,,,no,no,no,unknown type for this validator (no required/recommended table for 'ListItem')
https://www.orangejelly.co.uk/licensees-guide/wet-led-vs-food-led-pubs,ListItem,,,no,no,no,unknown type for this validator (no required/recommended table for 'ListItem')
https://www.orangejelly.co.uk/licensees-guide/wet-led-vs-food-led-pubs,ListItem,,,no,no,no,unknown type for this validator (no required/recommended table for 'ListItem')
https://www.orangejelly.co.uk/licensees-guide/why-is-my-pub-empty,ProfessionalService,,,no,no,no,unknown type for this validator (no required/recommended table for 'ProfessionalService')
https://www.orangejelly.co.uk/licensees-guide/why-is-my-pub-empty,ImageObject,,,no,no,no,unknown type for this validator (no required/recommended table for 'ImageObject')
https://www.orangejelly.co.uk/licensees-guide/why-is-my-pub-empty,Person,,,no,no,no,unknown type for this validator (no required/recommended table for 'Person')
https://www.orangejelly.co.uk/licensees-guide/why-is-my-pub-empty,ContactPoint,,,no,no,no,unknown type for this validator (no required/recommended table for 'ContactPoint')
https://www.orangejelly.co.uk/licensees-guide/why-is-my-pub-empty,PostalAddress,,,no,no,no,unknown type for this validator (no required/recommended table for 'PostalAddress')
https://www.orangejelly.co.uk/licensees-guide/why-is-my-pub-empty,GeoCoordinates,,,no,no,no,unknown type for this validator (no required/recommended table for 'GeoCoordinates')
https://www.orangejelly.co.uk/licensees-guide/why-is-my-pub-empty,WebSite,,potentialAction,no,no,no,
https://www.orangejelly.co.uk/licensees-guide/why-is-my-pub-empty,BreadcrumbList,,,no,no,yes,
https://www.orangejelly.co.uk/licensees-guide/why-is-my-pub-empty,ListItem,,,no,no,no,unknown type for this validator (no required/recommended table for 'ListItem')
https://www.orangejelly.co.uk/licensees-guide/why-is-my-pub-empty,BlogPosting,,image,no,no,yes,
https://www.orangejelly.co.uk/licensees-guide/why-is-my-pub-empty,Person,,,no,no,no,unknown type for this validator (no required/recommended table for 'Person')
https://www.orangejelly.co.uk/licensees-guide/why-is-my-pub-empty,Organization,,url; sameAs; contactPoint,no,no,no,
https://www.orangejelly.co.uk/licensees-guide/why-is-my-pub-empty,ImageObject,,,no,no,no,unknown type for this validator (no required/recommended table for 'ImageObject')
https://www.orangejelly.co.uk/licensees-guide/why-is-my-pub-empty,WebPage,,,no,no,no,unknown type for this validator (no required/recommended table for 'WebPage')
https://www.orangejelly.co.uk/licensees-guide/why-is-my-pub-empty,SpeakableSpecification,,,no,no,no,unknown type for this validator (no required/recommended table for 'SpeakableSpecification')
https://www.orangejelly.co.uk/licensees-guide/why-is-my-pub-empty,Thing,,,no,no,no,unknown type for this validator (no required/recommended table for 'Thing')
https://www.orangejelly.co.uk/licensees-guide/why-is-my-pub-empty,Thing,,,no,no,no,unknown type for this validator (no required/recommended table for 'Thing')
https://www.orangejelly.co.uk/licensees-guide/why-is-my-pub-empty,Thing,,,no,no,no,unknown type for this validator (no required/recommended table for 'Thing')
https://www.orangejelly.co.uk/licensees-guide/why-is-my-pub-empty,FAQPage,,,yes,no,no,FAQ rich results are now limited to authoritative government/health sites (Aug 2023). Markup is still valid but most sites no longer earn a rich result.
https://www.orangejelly.co.uk/licensees-guide/why-is-my-pub-empty,Question,,,no,no,no,unknown type for this validator (no required/recommended table for 'Question')
https://www.orangejelly.co.uk/licensees-guide/why-is-my-pub-empty,Answer,,,no,no,no,unknown type for this validator (no required/recommended table for 'Answer')
https://www.orangejelly.co.uk/licensees-guide/why-is-my-pub-empty,Question,,,no,no,no,unknown type for this validator (no required/recommended table for 'Question')
https://www.orangejelly.co.uk/licensees-guide/why-is-my-pub-empty,Answer,,,no,no,no,unknown type for this validator (no required/recommended table for 'Answer')
https://www.orangejelly.co.uk/licensees-guide/why-is-my-pub-empty,Question,,,no,no,no,unknown type for this validator (no required/recommended table for 'Question')
https://www.orangejelly.co.uk/licensees-guide/why-is-my-pub-empty,Answer,,,no,no,no,unknown type for this validator (no required/recommended table for 'Answer')
https://www.orangejelly.co.uk/licensees-guide/why-is-my-pub-empty,Question,,,no,no,no,unknown type for this validator (no required/recommended table for 'Question')
https://www.orangejelly.co.uk/licensees-guide/why-is-my-pub-empty,Answer,,,no,no,no,unknown type for this validator (no required/recommended table for 'Answer')
https://www.orangejelly.co.uk/licensees-guide/why-is-my-pub-empty,BreadcrumbList,,,no,no,yes,
https://www.orangejelly.co.uk/licensees-guide/why-is-my-pub-empty,ListItem,,,no,no,no,unknown type for this validator (no required/recommended table for 'ListItem')
https://www.orangejelly.co.uk/licensees-guide/why-is-my-pub-empty,ListItem,,,no,no,no,unknown type for this validator (no required/recommended table for 'ListItem')
https://www.orangejelly.co.uk/licensees-guide/why-is-my-pub-empty,ListItem,,,no,no,no,unknown type for this validator (no required/recommended table for 'ListItem')
https://www.orangejelly.co.uk/licensees-guide/why-is-my-pub-empty,BreadcrumbList,,,no,no,yes,
https://www.orangejelly.co.uk/licensees-guide/why-is-my-pub-empty,ListItem,,,no,no,no,unknown type for this validator (no required/recommended table for 'ListItem')
https://www.orangejelly.co.uk/licensees-guide/why-is-my-pub-empty,ListItem,,,no,no,no,unknown type for this validator (no required/recommended table for 'ListItem')
https://www.orangejelly.co.uk/licensees-guide/why-is-my-pub-empty,ListItem,,,no,no,no,unknown type for this validator (no required/recommended table for 'ListItem')
https://www.orangejelly.co.uk/licensees-guide/win-back-locals-after-slow-trade,ProfessionalService,,,no,no,no,unknown type for this validator (no required/recommended table for 'ProfessionalService')
https://www.orangejelly.co.uk/licensees-guide/win-back-locals-after-slow-trade,ImageObject,,,no,no,no,unknown type for this validator (no required/recommended table for 'ImageObject')
https://www.orangejelly.co.uk/licensees-guide/win-back-locals-after-slow-trade,Person,,,no,no,no,unknown type for this validator (no required/recommended table for 'Person')
https://www.orangejelly.co.uk/licensees-guide/win-back-locals-after-slow-trade,ContactPoint,,,no,no,no,unknown type for this validator (no required/recommended table for 'ContactPoint')
https://www.orangejelly.co.uk/licensees-guide/win-back-locals-after-slow-trade,PostalAddress,,,no,no,no,unknown type for this validator (no required/recommended table for 'PostalAddress')
https://www.orangejelly.co.uk/licensees-guide/win-back-locals-after-slow-trade,GeoCoordinates,,,no,no,no,unknown type for this validator (no required/recommended table for 'GeoCoordinates')
https://www.orangejelly.co.uk/licensees-guide/win-back-locals-after-slow-trade,WebSite,,potentialAction,no,no,no,
https://www.orangejelly.co.uk/licensees-guide/win-back-locals-after-slow-trade,BreadcrumbList,,,no,no,yes,
https://www.orangejelly.co.uk/licensees-guide/win-back-locals-after-slow-trade,ListItem,,,no,no,no,unknown type for this validator (no required/recommended table for 'ListItem')
https://www.orangejelly.co.uk/licensees-guide/win-back-locals-after-slow-trade,BlogPosting,,image,no,no,yes,
https://www.orangejelly.co.uk/licensees-guide/win-back-locals-after-slow-trade,Person,,,no,no,no,unknown type for this validator (no required/recommended table for 'Person')
https://www.orangejelly.co.uk/licensees-guide/win-back-locals-after-slow-trade,Organization,,url; sameAs; contactPoint,no,no,no,
https://www.orangejelly.co.uk/licensees-guide/win-back-locals-after-slow-trade,ImageObject,,,no,no,no,unknown type for this validator (no required/recommended table for 'ImageObject')
https://www.orangejelly.co.uk/licensees-guide/win-back-locals-after-slow-trade,WebPage,,,no,no,no,unknown type for this validator (no required/recommended table for 'WebPage')
https://www.orangejelly.co.uk/licensees-guide/win-back-locals-after-slow-trade,SpeakableSpecification,,,no,no,no,unknown type for this validator (no required/recommended table for 'SpeakableSpecification')
https://www.orangejelly.co.uk/licensees-guide/win-back-locals-after-slow-trade,Thing,,,no,no,no,unknown type for this validator (no required/recommended table for 'Thing')
https://www.orangejelly.co.uk/licensees-guide/win-back-locals-after-slow-trade,Thing,,,no,no,no,unknown type for this validator (no required/recommended table for 'Thing')
https://www.orangejelly.co.uk/licensees-guide/win-back-locals-after-slow-trade,Thing,,,no,no,no,unknown type for this validator (no required/recommended table for 'Thing')
https://www.orangejelly.co.uk/licensees-guide/win-back-locals-after-slow-trade,FAQPage,,,yes,no,no,FAQ rich results are now limited to authoritative government/health sites (Aug 2023). Markup is still valid but most sites no longer earn a rich result.
https://www.orangejelly.co.uk/licensees-guide/win-back-locals-after-slow-trade,Question,,,no,no,no,unknown type for this validator (no required/recommended table for 'Question')
https://www.orangejelly.co.uk/licensees-guide/win-back-locals-after-slow-trade,Answer,,,no,no,no,unknown type for this validator (no required/recommended table for 'Answer')
https://www.orangejelly.co.uk/licensees-guide/win-back-locals-after-slow-trade,Question,,,no,no,no,unknown type for this validator (no required/recommended table for 'Question')
https://www.orangejelly.co.uk/licensees-guide/win-back-locals-after-slow-trade,Answer,,,no,no,no,unknown type for this validator (no required/recommended table for 'Answer')
https://www.orangejelly.co.uk/licensees-guide/win-back-locals-after-slow-trade,Question,,,no,no,no,unknown type for this validator (no required/recommended table for 'Question')
https://www.orangejelly.co.uk/licensees-guide/win-back-locals-after-slow-trade,Answer,,,no,no,no,unknown type for this validator (no required/recommended table for 'Answer')
https://www.orangejelly.co.uk/licensees-guide/win-back-locals-after-slow-trade,BreadcrumbList,,,no,no,yes,
https://www.orangejelly.co.uk/licensees-guide/win-back-locals-after-slow-trade,ListItem,,,no,no,no,unknown type for this validator (no required/recommended table for 'ListItem')
https://www.orangejelly.co.uk/licensees-guide/win-back-locals-after-slow-trade,ListItem,,,no,no,no,unknown type for this validator (no required/recommended table for 'ListItem')
https://www.orangejelly.co.uk/licensees-guide/win-back-locals-after-slow-trade,ListItem,,,no,no,no,unknown type for this validator (no required/recommended table for 'ListItem')
https://www.orangejelly.co.uk/licensees-guide/win-back-locals-after-slow-trade,BreadcrumbList,,,no,no,yes,
https://www.orangejelly.co.uk/licensees-guide/win-back-locals-after-slow-trade,ListItem,,,no,no,no,unknown type for this validator (no required/recommended table for 'ListItem')
https://www.orangejelly.co.uk/licensees-guide/win-back-locals-after-slow-trade,ListItem,,,no,no,no,unknown type for this validator (no required/recommended table for 'ListItem')
https://www.orangejelly.co.uk/licensees-guide/win-back-locals-after-slow-trade,ListItem,,,no,no,no,unknown type for this validator (no required/recommended table for 'ListItem')
https://www.orangejelly.co.uk/licensees-guide/wine-tasting-evenings-for-pubs,ProfessionalService,,,no,no,no,unknown type for this validator (no required/recommended table for 'ProfessionalService')
https://www.orangejelly.co.uk/licensees-guide/wine-tasting-evenings-for-pubs,ImageObject,,,no,no,no,unknown type for this validator (no required/recommended table for 'ImageObject')
https://www.orangejelly.co.uk/licensees-guide/wine-tasting-evenings-for-pubs,Person,,,no,no,no,unknown type for this validator (no required/recommended table for 'Person')
https://www.orangejelly.co.uk/licensees-guide/wine-tasting-evenings-for-pubs,ContactPoint,,,no,no,no,unknown type for this validator (no required/recommended table for 'ContactPoint')
https://www.orangejelly.co.uk/licensees-guide/wine-tasting-evenings-for-pubs,PostalAddress,,,no,no,no,unknown type for this validator (no required/recommended table for 'PostalAddress')
https://www.orangejelly.co.uk/licensees-guide/wine-tasting-evenings-for-pubs,GeoCoordinates,,,no,no,no,unknown type for this validator (no required/recommended table for 'GeoCoordinates')
https://www.orangejelly.co.uk/licensees-guide/wine-tasting-evenings-for-pubs,WebSite,,potentialAction,no,no,no,
https://www.orangejelly.co.uk/licensees-guide/wine-tasting-evenings-for-pubs,BreadcrumbList,,,no,no,yes,
https://www.orangejelly.co.uk/licensees-guide/wine-tasting-evenings-for-pubs,ListItem,,,no,no,no,unknown type for this validator (no required/recommended table for 'ListItem')
https://www.orangejelly.co.uk/licensees-guide/wine-tasting-evenings-for-pubs,BlogPosting,,image,no,no,yes,
https://www.orangejelly.co.uk/licensees-guide/wine-tasting-evenings-for-pubs,Person,,,no,no,no,unknown type for this validator (no required/recommended table for 'Person')
https://www.orangejelly.co.uk/licensees-guide/wine-tasting-evenings-for-pubs,Organization,,url; sameAs; contactPoint,no,no,no,
https://www.orangejelly.co.uk/licensees-guide/wine-tasting-evenings-for-pubs,ImageObject,,,no,no,no,unknown type for this validator (no required/recommended table for 'ImageObject')
https://www.orangejelly.co.uk/licensees-guide/wine-tasting-evenings-for-pubs,WebPage,,,no,no,no,unknown type for this validator (no required/recommended table for 'WebPage')
https://www.orangejelly.co.uk/licensees-guide/wine-tasting-evenings-for-pubs,SpeakableSpecification,,,no,no,no,unknown type for this validator (no required/recommended table for 'SpeakableSpecification')
https://www.orangejelly.co.uk/licensees-guide/wine-tasting-evenings-for-pubs,Thing,,,no,no,no,unknown type for this validator (no required/recommended table for 'Thing')
https://www.orangejelly.co.uk/licensees-guide/wine-tasting-evenings-for-pubs,Thing,,,no,no,no,unknown type for this validator (no required/recommended table for 'Thing')
https://www.orangejelly.co.uk/licensees-guide/wine-tasting-evenings-for-pubs,Thing,,,no,no,no,unknown type for this validator (no required/recommended table for 'Thing')
https://www.orangejelly.co.uk/licensees-guide/wine-tasting-evenings-for-pubs,Thing,,,no,no,no,unknown type for this validator (no required/recommended table for 'Thing')
https://www.orangejelly.co.uk/licensees-guide/wine-tasting-evenings-for-pubs,FAQPage,,,yes,no,no,FAQ rich results are now limited to authoritative government/health sites (Aug 2023). Markup is still valid but most sites no longer earn a rich result.
https://www.orangejelly.co.uk/licensees-guide/wine-tasting-evenings-for-pubs,Question,,,no,no,no,unknown type for this validator (no required/recommended table for 'Question')
https://www.orangejelly.co.uk/licensees-guide/wine-tasting-evenings-for-pubs,Answer,,,no,no,no,unknown type for this validator (no required/recommended table for 'Answer')
https://www.orangejelly.co.uk/licensees-guide/wine-tasting-evenings-for-pubs,Question,,,no,no,no,unknown type for this validator (no required/recommended table for 'Question')
https://www.orangejelly.co.uk/licensees-guide/wine-tasting-evenings-for-pubs,Answer,,,no,no,no,unknown type for this validator (no required/recommended table for 'Answer')
https://www.orangejelly.co.uk/licensees-guide/wine-tasting-evenings-for-pubs,Question,,,no,no,no,unknown type for this validator (no required/recommended table for 'Question')
https://www.orangejelly.co.uk/licensees-guide/wine-tasting-evenings-for-pubs,Answer,,,no,no,no,unknown type for this validator (no required/recommended table for 'Answer')
https://www.orangejelly.co.uk/licensees-guide/wine-tasting-evenings-for-pubs,Question,,,no,no,no,unknown type for this validator (no required/recommended table for 'Question')
https://www.orangejelly.co.uk/licensees-guide/wine-tasting-evenings-for-pubs,Answer,,,no,no,no,unknown type for this validator (no required/recommended table for 'Answer')
https://www.orangejelly.co.uk/licensees-guide/wine-tasting-evenings-for-pubs,Question,,,no,no,no,unknown type for this validator (no required/recommended table for 'Question')
https://www.orangejelly.co.uk/licensees-guide/wine-tasting-evenings-for-pubs,Answer,,,no,no,no,unknown type for this validator (no required/recommended table for 'Answer')
https://www.orangejelly.co.uk/licensees-guide/wine-tasting-evenings-for-pubs,BreadcrumbList,,,no,no,yes,
https://www.orangejelly.co.uk/licensees-guide/wine-tasting-evenings-for-pubs,ListItem,,,no,no,no,unknown type for this validator (no required/recommended table for 'ListItem')
https://www.orangejelly.co.uk/licensees-guide/wine-tasting-evenings-for-pubs,ListItem,,,no,no,no,unknown type for this validator (no required/recommended table for 'ListItem')
https://www.orangejelly.co.uk/licensees-guide/wine-tasting-evenings-for-pubs,ListItem,,,no,no,no,unknown type for this validator (no required/recommended table for 'ListItem')
https://www.orangejelly.co.uk/licensees-guide/wine-tasting-evenings-for-pubs,ListItem,,,no,no,no,unknown type for this validator (no required/recommended table for 'ListItem')
https://www.orangejelly.co.uk/licensees-guide/wine-tasting-evenings-for-pubs,BreadcrumbList,,,no,no,yes,
https://www.orangejelly.co.uk/licensees-guide/wine-tasting-evenings-for-pubs,ListItem,,,no,no,no,unknown type for this validator (no required/recommended table for 'ListItem')
https://www.orangejelly.co.uk/licensees-guide/wine-tasting-evenings-for-pubs,ListItem,,,no,no,no,unknown type for this validator (no required/recommended table for 'ListItem')
https://www.orangejelly.co.uk/licensees-guide/wine-tasting-evenings-for-pubs,ListItem,,,no,no,no,unknown type for this validator (no required/recommended table for 'ListItem')
https://www.orangejelly.co.uk/licensees-guide/wine-tasting-evenings-for-pubs,ListItem,,,no,no,no,unknown type for this validator (no required/recommended table for 'ListItem')
https://www.orangejelly.co.uk/licensees-guide/young-people-wont-come-to-your-pub,ProfessionalService,,,no,no,no,unknown type for this validator (no required/recommended table for 'ProfessionalService')
https://www.orangejelly.co.uk/licensees-guide/young-people-wont-come-to-your-pub,ImageObject,,,no,no,no,unknown type for this validator (no required/recommended table for 'ImageObject')
https://www.orangejelly.co.uk/licensees-guide/young-people-wont-come-to-your-pub,Person,,,no,no,no,unknown type for this validator (no required/recommended table for 'Person')
https://www.orangejelly.co.uk/licensees-guide/young-people-wont-come-to-your-pub,ContactPoint,,,no,no,no,unknown type for this validator (no required/recommended table for 'ContactPoint')
https://www.orangejelly.co.uk/licensees-guide/young-people-wont-come-to-your-pub,PostalAddress,,,no,no,no,unknown type for this validator (no required/recommended table for 'PostalAddress')
https://www.orangejelly.co.uk/licensees-guide/young-people-wont-come-to-your-pub,GeoCoordinates,,,no,no,no,unknown type for this validator (no required/recommended table for 'GeoCoordinates')
https://www.orangejelly.co.uk/licensees-guide/young-people-wont-come-to-your-pub,WebSite,,potentialAction,no,no,no,
https://www.orangejelly.co.uk/licensees-guide/young-people-wont-come-to-your-pub,BreadcrumbList,,,no,no,yes,
https://www.orangejelly.co.uk/licensees-guide/young-people-wont-come-to-your-pub,ListItem,,,no,no,no,unknown type for this validator (no required/recommended table for 'ListItem')
https://www.orangejelly.co.uk/licensees-guide/young-people-wont-come-to-your-pub,BlogPosting,,image,no,no,yes,
https://www.orangejelly.co.uk/licensees-guide/young-people-wont-come-to-your-pub,Person,,,no,no,no,unknown type for this validator (no required/recommended table for 'Person')
https://www.orangejelly.co.uk/licensees-guide/young-people-wont-come-to-your-pub,Organization,,url; sameAs; contactPoint,no,no,no,
https://www.orangejelly.co.uk/licensees-guide/young-people-wont-come-to-your-pub,ImageObject,,,no,no,no,unknown type for this validator (no required/recommended table for 'ImageObject')
https://www.orangejelly.co.uk/licensees-guide/young-people-wont-come-to-your-pub,WebPage,,,no,no,no,unknown type for this validator (no required/recommended table for 'WebPage')
https://www.orangejelly.co.uk/licensees-guide/young-people-wont-come-to-your-pub,SpeakableSpecification,,,no,no,no,unknown type for this validator (no required/recommended table for 'SpeakableSpecification')
https://www.orangejelly.co.uk/licensees-guide/young-people-wont-come-to-your-pub,Thing,,,no,no,no,unknown type for this validator (no required/recommended table for 'Thing')
https://www.orangejelly.co.uk/licensees-guide/young-people-wont-come-to-your-pub,Thing,,,no,no,no,unknown type for this validator (no required/recommended table for 'Thing')
https://www.orangejelly.co.uk/licensees-guide/young-people-wont-come-to-your-pub,Thing,,,no,no,no,unknown type for this validator (no required/recommended table for 'Thing')
https://www.orangejelly.co.uk/licensees-guide/young-people-wont-come-to-your-pub,Thing,,,no,no,no,unknown type for this validator (no required/recommended table for 'Thing')
https://www.orangejelly.co.uk/licensees-guide/young-people-wont-come-to-your-pub,FAQPage,,,yes,no,no,FAQ rich results are now limited to authoritative government/health sites (Aug 2023). Markup is still valid but most sites no longer earn a rich result.
https://www.orangejelly.co.uk/licensees-guide/young-people-wont-come-to-your-pub,Question,,,no,no,no,unknown type for this validator (no required/recommended table for 'Question')
https://www.orangejelly.co.uk/licensees-guide/young-people-wont-come-to-your-pub,Answer,,,no,no,no,unknown type for this validator (no required/recommended table for 'Answer')
https://www.orangejelly.co.uk/licensees-guide/young-people-wont-come-to-your-pub,Question,,,no,no,no,unknown type for this validator (no required/recommended table for 'Question')
https://www.orangejelly.co.uk/licensees-guide/young-people-wont-come-to-your-pub,Answer,,,no,no,no,unknown type for this validator (no required/recommended table for 'Answer')
https://www.orangejelly.co.uk/licensees-guide/young-people-wont-come-to-your-pub,Question,,,no,no,no,unknown type for this validator (no required/recommended table for 'Question')
https://www.orangejelly.co.uk/licensees-guide/young-people-wont-come-to-your-pub,Answer,,,no,no,no,unknown type for this validator (no required/recommended table for 'Answer')
https://www.orangejelly.co.uk/licensees-guide/young-people-wont-come-to-your-pub,BreadcrumbList,,,no,no,yes,
https://www.orangejelly.co.uk/licensees-guide/young-people-wont-come-to-your-pub,ListItem,,,no,no,no,unknown type for this validator (no required/recommended table for 'ListItem')
https://www.orangejelly.co.uk/licensees-guide/young-people-wont-come-to-your-pub,ListItem,,,no,no,no,unknown type for this validator (no required/recommended table for 'ListItem')
https://www.orangejelly.co.uk/licensees-guide/young-people-wont-come-to-your-pub,ListItem,,,no,no,no,unknown type for this validator (no required/recommended table for 'ListItem')
https://www.orangejelly.co.uk/licensees-guide/young-people-wont-come-to-your-pub,BreadcrumbList,,,no,no,yes,
https://www.orangejelly.co.uk/licensees-guide/young-people-wont-come-to-your-pub,ListItem,,,no,no,no,unknown type for this validator (no required/recommended table for 'ListItem')
https://www.orangejelly.co.uk/licensees-guide/young-people-wont-come-to-your-pub,ListItem,,,no,no,no,unknown type for this validator (no required/recommended table for 'ListItem')
https://www.orangejelly.co.uk/licensees-guide/young-people-wont-come-to-your-pub,ListItem,,,no,no,no,unknown type for this validator (no required/recommended table for 'ListItem')
https://www.orangejelly.co.uk/licensees-guide/zero-waste-stock-management-pubs,ProfessionalService,,,no,no,no,unknown type for this validator (no required/recommended table for 'ProfessionalService')
https://www.orangejelly.co.uk/licensees-guide/zero-waste-stock-management-pubs,ImageObject,,,no,no,no,unknown type for this validator (no required/recommended table for 'ImageObject')
https://www.orangejelly.co.uk/licensees-guide/zero-waste-stock-management-pubs,Person,,,no,no,no,unknown type for this validator (no required/recommended table for 'Person')
https://www.orangejelly.co.uk/licensees-guide/zero-waste-stock-management-pubs,ContactPoint,,,no,no,no,unknown type for this validator (no required/recommended table for 'ContactPoint')
https://www.orangejelly.co.uk/licensees-guide/zero-waste-stock-management-pubs,PostalAddress,,,no,no,no,unknown type for this validator (no required/recommended table for 'PostalAddress')
https://www.orangejelly.co.uk/licensees-guide/zero-waste-stock-management-pubs,GeoCoordinates,,,no,no,no,unknown type for this validator (no required/recommended table for 'GeoCoordinates')
https://www.orangejelly.co.uk/licensees-guide/zero-waste-stock-management-pubs,WebSite,,potentialAction,no,no,no,
https://www.orangejelly.co.uk/licensees-guide/zero-waste-stock-management-pubs,BreadcrumbList,,,no,no,yes,
https://www.orangejelly.co.uk/licensees-guide/zero-waste-stock-management-pubs,ListItem,,,no,no,no,unknown type for this validator (no required/recommended table for 'ListItem')
https://www.orangejelly.co.uk/licensees-guide/zero-waste-stock-management-pubs,BlogPosting,,image,no,no,yes,
https://www.orangejelly.co.uk/licensees-guide/zero-waste-stock-management-pubs,Person,,,no,no,no,unknown type for this validator (no required/recommended table for 'Person')
https://www.orangejelly.co.uk/licensees-guide/zero-waste-stock-management-pubs,Organization,,url; sameAs; contactPoint,no,no,no,
https://www.orangejelly.co.uk/licensees-guide/zero-waste-stock-management-pubs,ImageObject,,,no,no,no,unknown type for this validator (no required/recommended table for 'ImageObject')
https://www.orangejelly.co.uk/licensees-guide/zero-waste-stock-management-pubs,WebPage,,,no,no,no,unknown type for this validator (no required/recommended table for 'WebPage')
https://www.orangejelly.co.uk/licensees-guide/zero-waste-stock-management-pubs,SpeakableSpecification,,,no,no,no,unknown type for this validator (no required/recommended table for 'SpeakableSpecification')
https://www.orangejelly.co.uk/licensees-guide/zero-waste-stock-management-pubs,Thing,,,no,no,no,unknown type for this validator (no required/recommended table for 'Thing')
https://www.orangejelly.co.uk/licensees-guide/zero-waste-stock-management-pubs,Thing,,,no,no,no,unknown type for this validator (no required/recommended table for 'Thing')
https://www.orangejelly.co.uk/licensees-guide/zero-waste-stock-management-pubs,Thing,,,no,no,no,unknown type for this validator (no required/recommended table for 'Thing')
https://www.orangejelly.co.uk/licensees-guide/zero-waste-stock-management-pubs,FAQPage,,,yes,no,no,FAQ rich results are now limited to authoritative government/health sites (Aug 2023). Markup is still valid but most sites no longer earn a rich result.
https://www.orangejelly.co.uk/licensees-guide/zero-waste-stock-management-pubs,Question,,,no,no,no,unknown type for this validator (no required/recommended table for 'Question')
https://www.orangejelly.co.uk/licensees-guide/zero-waste-stock-management-pubs,Answer,,,no,no,no,unknown type for this validator (no required/recommended table for 'Answer')
https://www.orangejelly.co.uk/licensees-guide/zero-waste-stock-management-pubs,Question,,,no,no,no,unknown type for this validator (no required/recommended table for 'Question')
https://www.orangejelly.co.uk/licensees-guide/zero-waste-stock-management-pubs,Answer,,,no,no,no,unknown type for this validator (no required/recommended table for 'Answer')
https://www.orangejelly.co.uk/licensees-guide/zero-waste-stock-management-pubs,Question,,,no,no,no,unknown type for this validator (no required/recommended table for 'Question')
https://www.orangejelly.co.uk/licensees-guide/zero-waste-stock-management-pubs,Answer,,,no,no,no,unknown type for this validator (no required/recommended table for 'Answer')
https://www.orangejelly.co.uk/licensees-guide/zero-waste-stock-management-pubs,BreadcrumbList,,,no,no,yes,
https://www.orangejelly.co.uk/licensees-guide/zero-waste-stock-management-pubs,ListItem,,,no,no,no,unknown type for this validator (no required/recommended table for 'ListItem')
https://www.orangejelly.co.uk/licensees-guide/zero-waste-stock-management-pubs,ListItem,,,no,no,no,unknown type for this validator (no required/recommended table for 'ListItem')
https://www.orangejelly.co.uk/licensees-guide/zero-waste-stock-management-pubs,ListItem,,,no,no,no,unknown type for this validator (no required/recommended table for 'ListItem')
https://www.orangejelly.co.uk/licensees-guide/zero-waste-stock-management-pubs,BreadcrumbList,,,no,no,yes,
https://www.orangejelly.co.uk/licensees-guide/zero-waste-stock-management-pubs,ListItem,,,no,no,no,unknown type for this validator (no required/recommended table for 'ListItem')
https://www.orangejelly.co.uk/licensees-guide/zero-waste-stock-management-pubs,ListItem,,,no,no,no,unknown type for this validator (no required/recommended table for 'ListItem')
https://www.orangejelly.co.uk/licensees-guide/zero-waste-stock-management-pubs,ListItem,,,no,no,no,unknown type for this validator (no required/recommended table for 'ListItem')
https://www.orangejelly.co.uk/pub-marketing,ProfessionalService,,,no,no,no,unknown type for this validator (no required/recommended table for 'ProfessionalService')
https://www.orangejelly.co.uk/pub-marketing,ImageObject,,,no,no,no,unknown type for this validator (no required/recommended table for 'ImageObject')
https://www.orangejelly.co.uk/pub-marketing,Person,,,no,no,no,unknown type for this validator (no required/recommended table for 'Person')
https://www.orangejelly.co.uk/pub-marketing,ContactPoint,,,no,no,no,unknown type for this validator (no required/recommended table for 'ContactPoint')
https://www.orangejelly.co.uk/pub-marketing,PostalAddress,,,no,no,no,unknown type for this validator (no required/recommended table for 'PostalAddress')
https://www.orangejelly.co.uk/pub-marketing,GeoCoordinates,,,no,no,no,unknown type for this validator (no required/recommended table for 'GeoCoordinates')
https://www.orangejelly.co.uk/pub-marketing,WebSite,,potentialAction,no,no,no,
https://www.orangejelly.co.uk/pub-marketing,BreadcrumbList,,,no,no,yes,
https://www.orangejelly.co.uk/pub-marketing,ListItem,,,no,no,no,unknown type for this validator (no required/recommended table for 'ListItem')
https://www.orangejelly.co.uk/pub-marketing,FAQPage,,,yes,no,no,FAQ rich results are now limited to authoritative government/health sites (Aug 2023). Markup is still valid but most sites no longer earn a rich result.
https://www.orangejelly.co.uk/pub-marketing,Question,,,no,no,no,unknown type for this validator (no required/recommended table for 'Question')
https://www.orangejelly.co.uk/pub-marketing,Answer,,,no,no,no,unknown type for this validator (no required/recommended table for 'Answer')
https://www.orangejelly.co.uk/pub-marketing,Question,,,no,no,no,unknown type for this validator (no required/recommended table for 'Question')
https://www.orangejelly.co.uk/pub-marketing,Answer,,,no,no,no,unknown type for this validator (no required/recommended table for 'Answer')
https://www.orangejelly.co.uk/pub-marketing,Question,,,no,no,no,unknown type for this validator (no required/recommended table for 'Question')
https://www.orangejelly.co.uk/pub-marketing,Answer,,,no,no,no,unknown type for this validator (no required/recommended table for 'Answer')
https://www.orangejelly.co.uk/pub-marketing,Question,,,no,no,no,unknown type for this validator (no required/recommended table for 'Question')
https://www.orangejelly.co.uk/pub-marketing,Answer,,,no,no,no,unknown type for this validator (no required/recommended table for 'Answer')
https://www.orangejelly.co.uk/pub-marketing,Question,,,no,no,no,unknown type for this validator (no required/recommended table for 'Question')
https://www.orangejelly.co.uk/pub-marketing,Answer,,,no,no,no,unknown type for this validator (no required/recommended table for 'Answer')
https://www.orangejelly.co.uk/pub-marketing,Question,,,no,no,no,unknown type for this validator (no required/recommended table for 'Question')
https://www.orangejelly.co.uk/pub-marketing,Answer,,,no,no,no,unknown type for this validator (no required/recommended table for 'Answer')
https://www.orangejelly.co.uk/pub-marketing,Question,,,no,no,no,unknown type for this validator (no required/recommended table for 'Question')
https://www.orangejelly.co.uk/pub-marketing,Answer,,,no,no,no,unknown type for this validator (no required/recommended table for 'Answer')
https://www.orangejelly.co.uk/pub-marketing,Question,,,no,no,no,unknown type for this validator (no required/recommended table for 'Question')
https://www.orangejelly.co.uk/pub-marketing,Answer,,,no,no,no,unknown type for this validator (no required/recommended table for 'Answer')
https://www.orangejelly.co.uk/pub-marketing,BreadcrumbList,,,no,no,yes,
https://www.orangejelly.co.uk/pub-marketing,ListItem,,,no,no,no,unknown type for this validator (no required/recommended table for 'ListItem')
https://www.orangejelly.co.uk/pub-marketing,ListItem,,,no,no,no,unknown type for this validator (no required/recommended table for 'ListItem')
https://www.orangejelly.co.uk/pub-marketing-agency,ProfessionalService,,,no,no,no,unknown type for this validator (no required/recommended table for 'ProfessionalService')
https://www.orangejelly.co.uk/pub-marketing-agency,ImageObject,,,no,no,no,unknown type for this validator (no required/recommended table for 'ImageObject')
https://www.orangejelly.co.uk/pub-marketing-agency,Person,,,no,no,no,unknown type for this validator (no required/recommended table for 'Person')
https://www.orangejelly.co.uk/pub-marketing-agency,ContactPoint,,,no,no,no,unknown type for this validator (no required/recommended table for 'ContactPoint')
https://www.orangejelly.co.uk/pub-marketing-agency,PostalAddress,,,no,no,no,unknown type for this validator (no required/recommended table for 'PostalAddress')
https://www.orangejelly.co.uk/pub-marketing-agency,GeoCoordinates,,,no,no,no,unknown type for this validator (no required/recommended table for 'GeoCoordinates')
https://www.orangejelly.co.uk/pub-marketing-agency,WebSite,,potentialAction,no,no,no,
https://www.orangejelly.co.uk/pub-marketing-agency,BreadcrumbList,,,no,no,yes,
https://www.orangejelly.co.uk/pub-marketing-agency,ListItem,,,no,no,no,unknown type for this validator (no required/recommended table for 'ListItem')
https://www.orangejelly.co.uk/pub-marketing-agency,FAQPage,,,yes,no,no,FAQ rich results are now limited to authoritative government/health sites (Aug 2023). Markup is still valid but most sites no longer earn a rich result.
https://www.orangejelly.co.uk/pub-marketing-agency,Question,,,no,no,no,unknown type for this validator (no required/recommended table for 'Question')
https://www.orangejelly.co.uk/pub-marketing-agency,Answer,,,no,no,no,unknown type for this validator (no required/recommended table for 'Answer')
https://www.orangejelly.co.uk/pub-marketing-agency,Question,,,no,no,no,unknown type for this validator (no required/recommended table for 'Question')
https://www.orangejelly.co.uk/pub-marketing-agency,Answer,,,no,no,no,unknown type for this validator (no required/recommended table for 'Answer')
https://www.orangejelly.co.uk/pub-marketing-agency,Question,,,no,no,no,unknown type for this validator (no required/recommended table for 'Question')
https://www.orangejelly.co.uk/pub-marketing-agency,Answer,,,no,no,no,unknown type for this validator (no required/recommended table for 'Answer')
https://www.orangejelly.co.uk/pub-marketing-agency,Question,,,no,no,no,unknown type for this validator (no required/recommended table for 'Question')
https://www.orangejelly.co.uk/pub-marketing-agency,Answer,,,no,no,no,unknown type for this validator (no required/recommended table for 'Answer')
https://www.orangejelly.co.uk/pub-marketing-agency,Question,,,no,no,no,unknown type for this validator (no required/recommended table for 'Question')
https://www.orangejelly.co.uk/pub-marketing-agency,Answer,,,no,no,no,unknown type for this validator (no required/recommended table for 'Answer')
https://www.orangejelly.co.uk/pub-marketing-agency,BreadcrumbList,,,no,no,yes,
https://www.orangejelly.co.uk/pub-marketing-agency,ListItem,,,no,no,no,unknown type for this validator (no required/recommended table for 'ListItem')
https://www.orangejelly.co.uk/pub-marketing-agency,ListItem,,,no,no,no,unknown type for this validator (no required/recommended table for 'ListItem')
https://www.orangejelly.co.uk/pub-marketing-berkshire,ProfessionalService,,,no,no,no,unknown type for this validator (no required/recommended table for 'ProfessionalService')
https://www.orangejelly.co.uk/pub-marketing-berkshire,ImageObject,,,no,no,no,unknown type for this validator (no required/recommended table for 'ImageObject')
https://www.orangejelly.co.uk/pub-marketing-berkshire,Person,,,no,no,no,unknown type for this validator (no required/recommended table for 'Person')
https://www.orangejelly.co.uk/pub-marketing-berkshire,ContactPoint,,,no,no,no,unknown type for this validator (no required/recommended table for 'ContactPoint')
https://www.orangejelly.co.uk/pub-marketing-berkshire,PostalAddress,,,no,no,no,unknown type for this validator (no required/recommended table for 'PostalAddress')
https://www.orangejelly.co.uk/pub-marketing-berkshire,GeoCoordinates,,,no,no,no,unknown type for this validator (no required/recommended table for 'GeoCoordinates')
https://www.orangejelly.co.uk/pub-marketing-berkshire,WebSite,,potentialAction,no,no,no,
https://www.orangejelly.co.uk/pub-marketing-berkshire,BreadcrumbList,,,no,no,yes,
https://www.orangejelly.co.uk/pub-marketing-berkshire,ListItem,,,no,no,no,unknown type for this validator (no required/recommended table for 'ListItem')
https://www.orangejelly.co.uk/pub-marketing-berkshire,ProfessionalService,,,no,no,no,unknown type for this validator (no required/recommended table for 'ProfessionalService')
https://www.orangejelly.co.uk/pub-marketing-berkshire,AdministrativeArea,,,no,no,no,unknown type for this validator (no required/recommended table for 'AdministrativeArea')
https://www.orangejelly.co.uk/pub-marketing-berkshire,PostalAddress,,,no,no,no,unknown type for this validator (no required/recommended table for 'PostalAddress')
https://www.orangejelly.co.uk/pub-marketing-berkshire,GeoCoordinates,,,no,no,no,unknown type for this validator (no required/recommended table for 'GeoCoordinates')
https://www.orangejelly.co.uk/pub-marketing-berkshire,FAQPage,,,yes,no,no,FAQ rich results are now limited to authoritative government/health sites (Aug 2023). Markup is still valid but most sites no longer earn a rich result.
https://www.orangejelly.co.uk/pub-marketing-berkshire,Question,,,no,no,no,unknown type for this validator (no required/recommended table for 'Question')
https://www.orangejelly.co.uk/pub-marketing-berkshire,Answer,,,no,no,no,unknown type for this validator (no required/recommended table for 'Answer')
https://www.orangejelly.co.uk/pub-marketing-berkshire,Question,,,no,no,no,unknown type for this validator (no required/recommended table for 'Question')
https://www.orangejelly.co.uk/pub-marketing-berkshire,Answer,,,no,no,no,unknown type for this validator (no required/recommended table for 'Answer')
https://www.orangejelly.co.uk/pub-marketing-berkshire,Question,,,no,no,no,unknown type for this validator (no required/recommended table for 'Question')
https://www.orangejelly.co.uk/pub-marketing-berkshire,Answer,,,no,no,no,unknown type for this validator (no required/recommended table for 'Answer')
https://www.orangejelly.co.uk/pub-marketing-berkshire,BreadcrumbList,,,no,no,yes,
https://www.orangejelly.co.uk/pub-marketing-berkshire,ListItem,,,no,no,no,unknown type for this validator (no required/recommended table for 'ListItem')
https://www.orangejelly.co.uk/pub-marketing-berkshire,ListItem,,,no,no,no,unknown type for this validator (no required/recommended table for 'ListItem')
https://www.orangejelly.co.uk/pub-marketing-buckinghamshire,ProfessionalService,,,no,no,no,unknown type for this validator (no required/recommended table for 'ProfessionalService')
https://www.orangejelly.co.uk/pub-marketing-buckinghamshire,ImageObject,,,no,no,no,unknown type for this validator (no required/recommended table for 'ImageObject')
https://www.orangejelly.co.uk/pub-marketing-buckinghamshire,Person,,,no,no,no,unknown type for this validator (no required/recommended table for 'Person')
https://www.orangejelly.co.uk/pub-marketing-buckinghamshire,ContactPoint,,,no,no,no,unknown type for this validator (no required/recommended table for 'ContactPoint')
https://www.orangejelly.co.uk/pub-marketing-buckinghamshire,PostalAddress,,,no,no,no,unknown type for this validator (no required/recommended table for 'PostalAddress')
https://www.orangejelly.co.uk/pub-marketing-buckinghamshire,GeoCoordinates,,,no,no,no,unknown type for this validator (no required/recommended table for 'GeoCoordinates')
https://www.orangejelly.co.uk/pub-marketing-buckinghamshire,WebSite,,potentialAction,no,no,no,
https://www.orangejelly.co.uk/pub-marketing-buckinghamshire,BreadcrumbList,,,no,no,yes,
https://www.orangejelly.co.uk/pub-marketing-buckinghamshire,ListItem,,,no,no,no,unknown type for this validator (no required/recommended table for 'ListItem')
https://www.orangejelly.co.uk/pub-marketing-buckinghamshire,ProfessionalService,,,no,no,no,unknown type for this validator (no required/recommended table for 'ProfessionalService')
https://www.orangejelly.co.uk/pub-marketing-buckinghamshire,AdministrativeArea,,,no,no,no,unknown type for this validator (no required/recommended table for 'AdministrativeArea')
https://www.orangejelly.co.uk/pub-marketing-buckinghamshire,PostalAddress,,,no,no,no,unknown type for this validator (no required/recommended table for 'PostalAddress')
https://www.orangejelly.co.uk/pub-marketing-buckinghamshire,GeoCoordinates,,,no,no,no,unknown type for this validator (no required/recommended table for 'GeoCoordinates')
https://www.orangejelly.co.uk/pub-marketing-buckinghamshire,FAQPage,,,yes,no,no,FAQ rich results are now limited to authoritative government/health sites (Aug 2023). Markup is still valid but most sites no longer earn a rich result.
https://www.orangejelly.co.uk/pub-marketing-buckinghamshire,Question,,,no,no,no,unknown type for this validator (no required/recommended table for 'Question')
https://www.orangejelly.co.uk/pub-marketing-buckinghamshire,Answer,,,no,no,no,unknown type for this validator (no required/recommended table for 'Answer')
https://www.orangejelly.co.uk/pub-marketing-buckinghamshire,Question,,,no,no,no,unknown type for this validator (no required/recommended table for 'Question')
https://www.orangejelly.co.uk/pub-marketing-buckinghamshire,Answer,,,no,no,no,unknown type for this validator (no required/recommended table for 'Answer')
https://www.orangejelly.co.uk/pub-marketing-buckinghamshire,Question,,,no,no,no,unknown type for this validator (no required/recommended table for 'Question')
https://www.orangejelly.co.uk/pub-marketing-buckinghamshire,Answer,,,no,no,no,unknown type for this validator (no required/recommended table for 'Answer')
https://www.orangejelly.co.uk/pub-marketing-buckinghamshire,BreadcrumbList,,,no,no,yes,
https://www.orangejelly.co.uk/pub-marketing-buckinghamshire,ListItem,,,no,no,no,unknown type for this validator (no required/recommended table for 'ListItem')
https://www.orangejelly.co.uk/pub-marketing-buckinghamshire,ListItem,,,no,no,no,unknown type for this validator (no required/recommended table for 'ListItem')
https://www.orangejelly.co.uk/pub-marketing-hampshire,ProfessionalService,,,no,no,no,unknown type for this validator (no required/recommended table for 'ProfessionalService')
https://www.orangejelly.co.uk/pub-marketing-hampshire,ImageObject,,,no,no,no,unknown type for this validator (no required/recommended table for 'ImageObject')
https://www.orangejelly.co.uk/pub-marketing-hampshire,Person,,,no,no,no,unknown type for this validator (no required/recommended table for 'Person')
https://www.orangejelly.co.uk/pub-marketing-hampshire,ContactPoint,,,no,no,no,unknown type for this validator (no required/recommended table for 'ContactPoint')
https://www.orangejelly.co.uk/pub-marketing-hampshire,PostalAddress,,,no,no,no,unknown type for this validator (no required/recommended table for 'PostalAddress')
https://www.orangejelly.co.uk/pub-marketing-hampshire,GeoCoordinates,,,no,no,no,unknown type for this validator (no required/recommended table for 'GeoCoordinates')
https://www.orangejelly.co.uk/pub-marketing-hampshire,WebSite,,potentialAction,no,no,no,
https://www.orangejelly.co.uk/pub-marketing-hampshire,BreadcrumbList,,,no,no,yes,
https://www.orangejelly.co.uk/pub-marketing-hampshire,ListItem,,,no,no,no,unknown type for this validator (no required/recommended table for 'ListItem')
https://www.orangejelly.co.uk/pub-marketing-hampshire,ProfessionalService,,,no,no,no,unknown type for this validator (no required/recommended table for 'ProfessionalService')
https://www.orangejelly.co.uk/pub-marketing-hampshire,AdministrativeArea,,,no,no,no,unknown type for this validator (no required/recommended table for 'AdministrativeArea')
https://www.orangejelly.co.uk/pub-marketing-hampshire,PostalAddress,,,no,no,no,unknown type for this validator (no required/recommended table for 'PostalAddress')
https://www.orangejelly.co.uk/pub-marketing-hampshire,GeoCoordinates,,,no,no,no,unknown type for this validator (no required/recommended table for 'GeoCoordinates')
https://www.orangejelly.co.uk/pub-marketing-hampshire,FAQPage,,,yes,no,no,FAQ rich results are now limited to authoritative government/health sites (Aug 2023). Markup is still valid but most sites no longer earn a rich result.
https://www.orangejelly.co.uk/pub-marketing-hampshire,Question,,,no,no,no,unknown type for this validator (no required/recommended table for 'Question')
https://www.orangejelly.co.uk/pub-marketing-hampshire,Answer,,,no,no,no,unknown type for this validator (no required/recommended table for 'Answer')
https://www.orangejelly.co.uk/pub-marketing-hampshire,Question,,,no,no,no,unknown type for this validator (no required/recommended table for 'Question')
https://www.orangejelly.co.uk/pub-marketing-hampshire,Answer,,,no,no,no,unknown type for this validator (no required/recommended table for 'Answer')
https://www.orangejelly.co.uk/pub-marketing-hampshire,Question,,,no,no,no,unknown type for this validator (no required/recommended table for 'Question')
https://www.orangejelly.co.uk/pub-marketing-hampshire,Answer,,,no,no,no,unknown type for this validator (no required/recommended table for 'Answer')
https://www.orangejelly.co.uk/pub-marketing-hampshire,BreadcrumbList,,,no,no,yes,
https://www.orangejelly.co.uk/pub-marketing-hampshire,ListItem,,,no,no,no,unknown type for this validator (no required/recommended table for 'ListItem')
https://www.orangejelly.co.uk/pub-marketing-hampshire,ListItem,,,no,no,no,unknown type for this validator (no required/recommended table for 'ListItem')
https://www.orangejelly.co.uk/pub-marketing-hertfordshire,ProfessionalService,,,no,no,no,unknown type for this validator (no required/recommended table for 'ProfessionalService')
https://www.orangejelly.co.uk/pub-marketing-hertfordshire,ImageObject,,,no,no,no,unknown type for this validator (no required/recommended table for 'ImageObject')
https://www.orangejelly.co.uk/pub-marketing-hertfordshire,Person,,,no,no,no,unknown type for this validator (no required/recommended table for 'Person')
https://www.orangejelly.co.uk/pub-marketing-hertfordshire,ContactPoint,,,no,no,no,unknown type for this validator (no required/recommended table for 'ContactPoint')
https://www.orangejelly.co.uk/pub-marketing-hertfordshire,PostalAddress,,,no,no,no,unknown type for this validator (no required/recommended table for 'PostalAddress')
https://www.orangejelly.co.uk/pub-marketing-hertfordshire,GeoCoordinates,,,no,no,no,unknown type for this validator (no required/recommended table for 'GeoCoordinates')
https://www.orangejelly.co.uk/pub-marketing-hertfordshire,WebSite,,potentialAction,no,no,no,
https://www.orangejelly.co.uk/pub-marketing-hertfordshire,BreadcrumbList,,,no,no,yes,
https://www.orangejelly.co.uk/pub-marketing-hertfordshire,ListItem,,,no,no,no,unknown type for this validator (no required/recommended table for 'ListItem')
https://www.orangejelly.co.uk/pub-marketing-hertfordshire,ProfessionalService,,,no,no,no,unknown type for this validator (no required/recommended table for 'ProfessionalService')
https://www.orangejelly.co.uk/pub-marketing-hertfordshire,AdministrativeArea,,,no,no,no,unknown type for this validator (no required/recommended table for 'AdministrativeArea')
https://www.orangejelly.co.uk/pub-marketing-hertfordshire,PostalAddress,,,no,no,no,unknown type for this validator (no required/recommended table for 'PostalAddress')
https://www.orangejelly.co.uk/pub-marketing-hertfordshire,GeoCoordinates,,,no,no,no,unknown type for this validator (no required/recommended table for 'GeoCoordinates')
https://www.orangejelly.co.uk/pub-marketing-hertfordshire,FAQPage,,,yes,no,no,FAQ rich results are now limited to authoritative government/health sites (Aug 2023). Markup is still valid but most sites no longer earn a rich result.
https://www.orangejelly.co.uk/pub-marketing-hertfordshire,Question,,,no,no,no,unknown type for this validator (no required/recommended table for 'Question')
https://www.orangejelly.co.uk/pub-marketing-hertfordshire,Answer,,,no,no,no,unknown type for this validator (no required/recommended table for 'Answer')
https://www.orangejelly.co.uk/pub-marketing-hertfordshire,Question,,,no,no,no,unknown type for this validator (no required/recommended table for 'Question')
https://www.orangejelly.co.uk/pub-marketing-hertfordshire,Answer,,,no,no,no,unknown type for this validator (no required/recommended table for 'Answer')
https://www.orangejelly.co.uk/pub-marketing-hertfordshire,Question,,,no,no,no,unknown type for this validator (no required/recommended table for 'Question')
https://www.orangejelly.co.uk/pub-marketing-hertfordshire,Answer,,,no,no,no,unknown type for this validator (no required/recommended table for 'Answer')
https://www.orangejelly.co.uk/pub-marketing-hertfordshire,BreadcrumbList,,,no,no,yes,
https://www.orangejelly.co.uk/pub-marketing-hertfordshire,ListItem,,,no,no,no,unknown type for this validator (no required/recommended table for 'ListItem')
https://www.orangejelly.co.uk/pub-marketing-hertfordshire,ListItem,,,no,no,no,unknown type for this validator (no required/recommended table for 'ListItem')
https://www.orangejelly.co.uk/pub-marketing-kent,ProfessionalService,,,no,no,no,unknown type for this validator (no required/recommended table for 'ProfessionalService')
https://www.orangejelly.co.uk/pub-marketing-kent,ImageObject,,,no,no,no,unknown type for this validator (no required/recommended table for 'ImageObject')
https://www.orangejelly.co.uk/pub-marketing-kent,Person,,,no,no,no,unknown type for this validator (no required/recommended table for 'Person')
https://www.orangejelly.co.uk/pub-marketing-kent,ContactPoint,,,no,no,no,unknown type for this validator (no required/recommended table for 'ContactPoint')
https://www.orangejelly.co.uk/pub-marketing-kent,PostalAddress,,,no,no,no,unknown type for this validator (no required/recommended table for 'PostalAddress')
https://www.orangejelly.co.uk/pub-marketing-kent,GeoCoordinates,,,no,no,no,unknown type for this validator (no required/recommended table for 'GeoCoordinates')
https://www.orangejelly.co.uk/pub-marketing-kent,WebSite,,potentialAction,no,no,no,
https://www.orangejelly.co.uk/pub-marketing-kent,BreadcrumbList,,,no,no,yes,
https://www.orangejelly.co.uk/pub-marketing-kent,ListItem,,,no,no,no,unknown type for this validator (no required/recommended table for 'ListItem')
https://www.orangejelly.co.uk/pub-marketing-kent,ProfessionalService,,,no,no,no,unknown type for this validator (no required/recommended table for 'ProfessionalService')
https://www.orangejelly.co.uk/pub-marketing-kent,AdministrativeArea,,,no,no,no,unknown type for this validator (no required/recommended table for 'AdministrativeArea')
https://www.orangejelly.co.uk/pub-marketing-kent,PostalAddress,,,no,no,no,unknown type for this validator (no required/recommended table for 'PostalAddress')
https://www.orangejelly.co.uk/pub-marketing-kent,GeoCoordinates,,,no,no,no,unknown type for this validator (no required/recommended table for 'GeoCoordinates')
https://www.orangejelly.co.uk/pub-marketing-kent,FAQPage,,,yes,no,no,FAQ rich results are now limited to authoritative government/health sites (Aug 2023). Markup is still valid but most sites no longer earn a rich result.
https://www.orangejelly.co.uk/pub-marketing-kent,Question,,,no,no,no,unknown type for this validator (no required/recommended table for 'Question')
https://www.orangejelly.co.uk/pub-marketing-kent,Answer,,,no,no,no,unknown type for this validator (no required/recommended table for 'Answer')
https://www.orangejelly.co.uk/pub-marketing-kent,Question,,,no,no,no,unknown type for this validator (no required/recommended table for 'Question')
https://www.orangejelly.co.uk/pub-marketing-kent,Answer,,,no,no,no,unknown type for this validator (no required/recommended table for 'Answer')
https://www.orangejelly.co.uk/pub-marketing-kent,Question,,,no,no,no,unknown type for this validator (no required/recommended table for 'Question')
https://www.orangejelly.co.uk/pub-marketing-kent,Answer,,,no,no,no,unknown type for this validator (no required/recommended table for 'Answer')
https://www.orangejelly.co.uk/pub-marketing-kent,BreadcrumbList,,,no,no,yes,
https://www.orangejelly.co.uk/pub-marketing-kent,ListItem,,,no,no,no,unknown type for this validator (no required/recommended table for 'ListItem')
https://www.orangejelly.co.uk/pub-marketing-kent,ListItem,,,no,no,no,unknown type for this validator (no required/recommended table for 'ListItem')
https://www.orangejelly.co.uk/pub-marketing-london,ProfessionalService,,,no,no,no,unknown type for this validator (no required/recommended table for 'ProfessionalService')
https://www.orangejelly.co.uk/pub-marketing-london,ImageObject,,,no,no,no,unknown type for this validator (no required/recommended table for 'ImageObject')
https://www.orangejelly.co.uk/pub-marketing-london,Person,,,no,no,no,unknown type for this validator (no required/recommended table for 'Person')
https://www.orangejelly.co.uk/pub-marketing-london,ContactPoint,,,no,no,no,unknown type for this validator (no required/recommended table for 'ContactPoint')
https://www.orangejelly.co.uk/pub-marketing-london,PostalAddress,,,no,no,no,unknown type for this validator (no required/recommended table for 'PostalAddress')
https://www.orangejelly.co.uk/pub-marketing-london,GeoCoordinates,,,no,no,no,unknown type for this validator (no required/recommended table for 'GeoCoordinates')
https://www.orangejelly.co.uk/pub-marketing-london,WebSite,,potentialAction,no,no,no,
https://www.orangejelly.co.uk/pub-marketing-london,BreadcrumbList,,,no,no,yes,
https://www.orangejelly.co.uk/pub-marketing-london,ListItem,,,no,no,no,unknown type for this validator (no required/recommended table for 'ListItem')
https://www.orangejelly.co.uk/pub-marketing-london,ProfessionalService,,,no,no,no,unknown type for this validator (no required/recommended table for 'ProfessionalService')
https://www.orangejelly.co.uk/pub-marketing-london,AdministrativeArea,,,no,no,no,unknown type for this validator (no required/recommended table for 'AdministrativeArea')
https://www.orangejelly.co.uk/pub-marketing-london,PostalAddress,,,no,no,no,unknown type for this validator (no required/recommended table for 'PostalAddress')
https://www.orangejelly.co.uk/pub-marketing-london,GeoCoordinates,,,no,no,no,unknown type for this validator (no required/recommended table for 'GeoCoordinates')
https://www.orangejelly.co.uk/pub-marketing-london,FAQPage,,,yes,no,no,FAQ rich results are now limited to authoritative government/health sites (Aug 2023). Markup is still valid but most sites no longer earn a rich result.
https://www.orangejelly.co.uk/pub-marketing-london,Question,,,no,no,no,unknown type for this validator (no required/recommended table for 'Question')
https://www.orangejelly.co.uk/pub-marketing-london,Answer,,,no,no,no,unknown type for this validator (no required/recommended table for 'Answer')
https://www.orangejelly.co.uk/pub-marketing-london,Question,,,no,no,no,unknown type for this validator (no required/recommended table for 'Question')
https://www.orangejelly.co.uk/pub-marketing-london,Answer,,,no,no,no,unknown type for this validator (no required/recommended table for 'Answer')
https://www.orangejelly.co.uk/pub-marketing-london,Question,,,no,no,no,unknown type for this validator (no required/recommended table for 'Question')
https://www.orangejelly.co.uk/pub-marketing-london,Answer,,,no,no,no,unknown type for this validator (no required/recommended table for 'Answer')
https://www.orangejelly.co.uk/pub-marketing-london,BreadcrumbList,,,no,no,yes,
https://www.orangejelly.co.uk/pub-marketing-london,ListItem,,,no,no,no,unknown type for this validator (no required/recommended table for 'ListItem')
https://www.orangejelly.co.uk/pub-marketing-london,ListItem,,,no,no,no,unknown type for this validator (no required/recommended table for 'ListItem')
https://www.orangejelly.co.uk/pub-marketing-no-budget,ProfessionalService,,,no,no,no,unknown type for this validator (no required/recommended table for 'ProfessionalService')
https://www.orangejelly.co.uk/pub-marketing-no-budget,ImageObject,,,no,no,no,unknown type for this validator (no required/recommended table for 'ImageObject')
https://www.orangejelly.co.uk/pub-marketing-no-budget,Person,,,no,no,no,unknown type for this validator (no required/recommended table for 'Person')
https://www.orangejelly.co.uk/pub-marketing-no-budget,ContactPoint,,,no,no,no,unknown type for this validator (no required/recommended table for 'ContactPoint')
https://www.orangejelly.co.uk/pub-marketing-no-budget,PostalAddress,,,no,no,no,unknown type for this validator (no required/recommended table for 'PostalAddress')
https://www.orangejelly.co.uk/pub-marketing-no-budget,GeoCoordinates,,,no,no,no,unknown type for this validator (no required/recommended table for 'GeoCoordinates')
https://www.orangejelly.co.uk/pub-marketing-no-budget,WebSite,,potentialAction,no,no,no,
https://www.orangejelly.co.uk/pub-marketing-no-budget,BreadcrumbList,,,no,no,yes,
https://www.orangejelly.co.uk/pub-marketing-no-budget,ListItem,,,no,no,no,unknown type for this validator (no required/recommended table for 'ListItem')
https://www.orangejelly.co.uk/pub-marketing-no-budget,FAQPage,,,yes,no,no,FAQ rich results are now limited to authoritative government/health sites (Aug 2023). Markup is still valid but most sites no longer earn a rich result.
https://www.orangejelly.co.uk/pub-marketing-no-budget,Question,,,no,no,no,unknown type for this validator (no required/recommended table for 'Question')
https://www.orangejelly.co.uk/pub-marketing-no-budget,Answer,,,no,no,no,unknown type for this validator (no required/recommended table for 'Answer')
https://www.orangejelly.co.uk/pub-marketing-no-budget,Question,,,no,no,no,unknown type for this validator (no required/recommended table for 'Question')
https://www.orangejelly.co.uk/pub-marketing-no-budget,Answer,,,no,no,no,unknown type for this validator (no required/recommended table for 'Answer')
https://www.orangejelly.co.uk/pub-marketing-no-budget,Question,,,no,no,no,unknown type for this validator (no required/recommended table for 'Question')
https://www.orangejelly.co.uk/pub-marketing-no-budget,Answer,,,no,no,no,unknown type for this validator (no required/recommended table for 'Answer')
https://www.orangejelly.co.uk/pub-marketing-no-budget,Question,,,no,no,no,unknown type for this validator (no required/recommended table for 'Question')
https://www.orangejelly.co.uk/pub-marketing-no-budget,Answer,,,no,no,no,unknown type for this validator (no required/recommended table for 'Answer')
https://www.orangejelly.co.uk/pub-marketing-no-budget,Question,,,no,no,no,unknown type for this validator (no required/recommended table for 'Question')
https://www.orangejelly.co.uk/pub-marketing-no-budget,Answer,,,no,no,no,unknown type for this validator (no required/recommended table for 'Answer')
https://www.orangejelly.co.uk/pub-marketing-no-budget,BreadcrumbList,,,no,no,yes,
https://www.orangejelly.co.uk/pub-marketing-no-budget,ListItem,,,no,no,no,unknown type for this validator (no required/recommended table for 'ListItem')
https://www.orangejelly.co.uk/pub-marketing-no-budget,ListItem,,,no,no,no,unknown type for this validator (no required/recommended table for 'ListItem')
https://www.orangejelly.co.uk/pub-marketing-oxfordshire,ProfessionalService,,,no,no,no,unknown type for this validator (no required/recommended table for 'ProfessionalService')
https://www.orangejelly.co.uk/pub-marketing-oxfordshire,ImageObject,,,no,no,no,unknown type for this validator (no required/recommended table for 'ImageObject')
https://www.orangejelly.co.uk/pub-marketing-oxfordshire,Person,,,no,no,no,unknown type for this validator (no required/recommended table for 'Person')
https://www.orangejelly.co.uk/pub-marketing-oxfordshire,ContactPoint,,,no,no,no,unknown type for this validator (no required/recommended table for 'ContactPoint')
https://www.orangejelly.co.uk/pub-marketing-oxfordshire,PostalAddress,,,no,no,no,unknown type for this validator (no required/recommended table for 'PostalAddress')
https://www.orangejelly.co.uk/pub-marketing-oxfordshire,GeoCoordinates,,,no,no,no,unknown type for this validator (no required/recommended table for 'GeoCoordinates')
https://www.orangejelly.co.uk/pub-marketing-oxfordshire,WebSite,,potentialAction,no,no,no,
https://www.orangejelly.co.uk/pub-marketing-oxfordshire,BreadcrumbList,,,no,no,yes,
https://www.orangejelly.co.uk/pub-marketing-oxfordshire,ListItem,,,no,no,no,unknown type for this validator (no required/recommended table for 'ListItem')
https://www.orangejelly.co.uk/pub-marketing-oxfordshire,ProfessionalService,,,no,no,no,unknown type for this validator (no required/recommended table for 'ProfessionalService')
https://www.orangejelly.co.uk/pub-marketing-oxfordshire,AdministrativeArea,,,no,no,no,unknown type for this validator (no required/recommended table for 'AdministrativeArea')
https://www.orangejelly.co.uk/pub-marketing-oxfordshire,PostalAddress,,,no,no,no,unknown type for this validator (no required/recommended table for 'PostalAddress')
https://www.orangejelly.co.uk/pub-marketing-oxfordshire,GeoCoordinates,,,no,no,no,unknown type for this validator (no required/recommended table for 'GeoCoordinates')
https://www.orangejelly.co.uk/pub-marketing-oxfordshire,FAQPage,,,yes,no,no,FAQ rich results are now limited to authoritative government/health sites (Aug 2023). Markup is still valid but most sites no longer earn a rich result.
https://www.orangejelly.co.uk/pub-marketing-oxfordshire,Question,,,no,no,no,unknown type for this validator (no required/recommended table for 'Question')
https://www.orangejelly.co.uk/pub-marketing-oxfordshire,Answer,,,no,no,no,unknown type for this validator (no required/recommended table for 'Answer')
https://www.orangejelly.co.uk/pub-marketing-oxfordshire,Question,,,no,no,no,unknown type for this validator (no required/recommended table for 'Question')
https://www.orangejelly.co.uk/pub-marketing-oxfordshire,Answer,,,no,no,no,unknown type for this validator (no required/recommended table for 'Answer')
https://www.orangejelly.co.uk/pub-marketing-oxfordshire,Question,,,no,no,no,unknown type for this validator (no required/recommended table for 'Question')
https://www.orangejelly.co.uk/pub-marketing-oxfordshire,Answer,,,no,no,no,unknown type for this validator (no required/recommended table for 'Answer')
https://www.orangejelly.co.uk/pub-marketing-oxfordshire,BreadcrumbList,,,no,no,yes,
https://www.orangejelly.co.uk/pub-marketing-oxfordshire,ListItem,,,no,no,no,unknown type for this validator (no required/recommended table for 'ListItem')
https://www.orangejelly.co.uk/pub-marketing-oxfordshire,ListItem,,,no,no,no,unknown type for this validator (no required/recommended table for 'ListItem')
https://www.orangejelly.co.uk/pub-marketing-surrey,ProfessionalService,,,no,no,no,unknown type for this validator (no required/recommended table for 'ProfessionalService')
https://www.orangejelly.co.uk/pub-marketing-surrey,ImageObject,,,no,no,no,unknown type for this validator (no required/recommended table for 'ImageObject')
https://www.orangejelly.co.uk/pub-marketing-surrey,Person,,,no,no,no,unknown type for this validator (no required/recommended table for 'Person')
https://www.orangejelly.co.uk/pub-marketing-surrey,ContactPoint,,,no,no,no,unknown type for this validator (no required/recommended table for 'ContactPoint')
https://www.orangejelly.co.uk/pub-marketing-surrey,PostalAddress,,,no,no,no,unknown type for this validator (no required/recommended table for 'PostalAddress')
https://www.orangejelly.co.uk/pub-marketing-surrey,GeoCoordinates,,,no,no,no,unknown type for this validator (no required/recommended table for 'GeoCoordinates')
https://www.orangejelly.co.uk/pub-marketing-surrey,WebSite,,potentialAction,no,no,no,
https://www.orangejelly.co.uk/pub-marketing-surrey,BreadcrumbList,,,no,no,yes,
https://www.orangejelly.co.uk/pub-marketing-surrey,ListItem,,,no,no,no,unknown type for this validator (no required/recommended table for 'ListItem')
https://www.orangejelly.co.uk/pub-marketing-surrey,ProfessionalService,,,no,no,no,unknown type for this validator (no required/recommended table for 'ProfessionalService')
https://www.orangejelly.co.uk/pub-marketing-surrey,AdministrativeArea,,,no,no,no,unknown type for this validator (no required/recommended table for 'AdministrativeArea')
https://www.orangejelly.co.uk/pub-marketing-surrey,PostalAddress,,,no,no,no,unknown type for this validator (no required/recommended table for 'PostalAddress')
https://www.orangejelly.co.uk/pub-marketing-surrey,GeoCoordinates,,,no,no,no,unknown type for this validator (no required/recommended table for 'GeoCoordinates')
https://www.orangejelly.co.uk/pub-marketing-surrey,FAQPage,,,yes,no,no,FAQ rich results are now limited to authoritative government/health sites (Aug 2023). Markup is still valid but most sites no longer earn a rich result.
https://www.orangejelly.co.uk/pub-marketing-surrey,Question,,,no,no,no,unknown type for this validator (no required/recommended table for 'Question')
https://www.orangejelly.co.uk/pub-marketing-surrey,Answer,,,no,no,no,unknown type for this validator (no required/recommended table for 'Answer')
https://www.orangejelly.co.uk/pub-marketing-surrey,Question,,,no,no,no,unknown type for this validator (no required/recommended table for 'Question')
https://www.orangejelly.co.uk/pub-marketing-surrey,Answer,,,no,no,no,unknown type for this validator (no required/recommended table for 'Answer')
https://www.orangejelly.co.uk/pub-marketing-surrey,Question,,,no,no,no,unknown type for this validator (no required/recommended table for 'Question')
https://www.orangejelly.co.uk/pub-marketing-surrey,Answer,,,no,no,no,unknown type for this validator (no required/recommended table for 'Answer')
https://www.orangejelly.co.uk/pub-marketing-surrey,BreadcrumbList,,,no,no,yes,
https://www.orangejelly.co.uk/pub-marketing-surrey,ListItem,,,no,no,no,unknown type for this validator (no required/recommended table for 'ListItem')
https://www.orangejelly.co.uk/pub-marketing-surrey,ListItem,,,no,no,no,unknown type for this validator (no required/recommended table for 'ListItem')
https://www.orangejelly.co.uk/pub-rescue,ProfessionalService,,,no,no,no,unknown type for this validator (no required/recommended table for 'ProfessionalService')
https://www.orangejelly.co.uk/pub-rescue,ImageObject,,,no,no,no,unknown type for this validator (no required/recommended table for 'ImageObject')
https://www.orangejelly.co.uk/pub-rescue,Person,,,no,no,no,unknown type for this validator (no required/recommended table for 'Person')
https://www.orangejelly.co.uk/pub-rescue,ContactPoint,,,no,no,no,unknown type for this validator (no required/recommended table for 'ContactPoint')
https://www.orangejelly.co.uk/pub-rescue,PostalAddress,,,no,no,no,unknown type for this validator (no required/recommended table for 'PostalAddress')
https://www.orangejelly.co.uk/pub-rescue,GeoCoordinates,,,no,no,no,unknown type for this validator (no required/recommended table for 'GeoCoordinates')
https://www.orangejelly.co.uk/pub-rescue,WebSite,,potentialAction,no,no,no,
https://www.orangejelly.co.uk/pub-rescue,BreadcrumbList,,,no,no,yes,
https://www.orangejelly.co.uk/pub-rescue,ListItem,,,no,no,no,unknown type for this validator (no required/recommended table for 'ListItem')
https://www.orangejelly.co.uk/pub-rescue,BreadcrumbList,,,no,no,yes,
https://www.orangejelly.co.uk/pub-rescue,ListItem,,,no,no,no,unknown type for this validator (no required/recommended table for 'ListItem')
https://www.orangejelly.co.uk/pub-rescue,ListItem,,,no,no,no,unknown type for this validator (no required/recommended table for 'ListItem')
https://www.orangejelly.co.uk/pub-rescue,FAQPage,,,yes,no,no,FAQ rich results are now limited to authoritative government/health sites (Aug 2023). Markup is still valid but most sites no longer earn a rich result.
https://www.orangejelly.co.uk/pub-rescue,Question,,,no,no,no,unknown type for this validator (no required/recommended table for 'Question')
https://www.orangejelly.co.uk/pub-rescue,Answer,,,no,no,no,unknown type for this validator (no required/recommended table for 'Answer')
https://www.orangejelly.co.uk/pub-rescue,Question,,,no,no,no,unknown type for this validator (no required/recommended table for 'Question')
https://www.orangejelly.co.uk/pub-rescue,Answer,,,no,no,no,unknown type for this validator (no required/recommended table for 'Answer')
https://www.orangejelly.co.uk/pub-rescue,Question,,,no,no,no,unknown type for this validator (no required/recommended table for 'Question')
https://www.orangejelly.co.uk/pub-rescue,Answer,,,no,no,no,unknown type for this validator (no required/recommended table for 'Answer')
https://www.orangejelly.co.uk/pub-rescue,Question,,,no,no,no,unknown type for this validator (no required/recommended table for 'Question')
https://www.orangejelly.co.uk/pub-rescue,Answer,,,no,no,no,unknown type for this validator (no required/recommended table for 'Answer')
https://www.orangejelly.co.uk/pub-rescue,Question,,,no,no,no,unknown type for this validator (no required/recommended table for 'Question')
https://www.orangejelly.co.uk/pub-rescue,Answer,,,no,no,no,unknown type for this validator (no required/recommended table for 'Answer')
https://www.orangejelly.co.uk/quiet-midweek-solutions,ProfessionalService,,,no,no,no,unknown type for this validator (no required/recommended table for 'ProfessionalService')
https://www.orangejelly.co.uk/quiet-midweek-solutions,ImageObject,,,no,no,no,unknown type for this validator (no required/recommended table for 'ImageObject')
https://www.orangejelly.co.uk/quiet-midweek-solutions,Person,,,no,no,no,unknown type for this validator (no required/recommended table for 'Person')
https://www.orangejelly.co.uk/quiet-midweek-solutions,ContactPoint,,,no,no,no,unknown type for this validator (no required/recommended table for 'ContactPoint')
https://www.orangejelly.co.uk/quiet-midweek-solutions,PostalAddress,,,no,no,no,unknown type for this validator (no required/recommended table for 'PostalAddress')
https://www.orangejelly.co.uk/quiet-midweek-solutions,GeoCoordinates,,,no,no,no,unknown type for this validator (no required/recommended table for 'GeoCoordinates')
https://www.orangejelly.co.uk/quiet-midweek-solutions,WebSite,,potentialAction,no,no,no,
https://www.orangejelly.co.uk/quiet-midweek-solutions,BreadcrumbList,,,no,no,yes,
https://www.orangejelly.co.uk/quiet-midweek-solutions,ListItem,,,no,no,no,unknown type for this validator (no required/recommended table for 'ListItem')
https://www.orangejelly.co.uk/quiet-midweek-solutions,FAQPage,,,yes,no,no,FAQ rich results are now limited to authoritative government/health sites (Aug 2023). Markup is still valid but most sites no longer earn a rich result.
https://www.orangejelly.co.uk/quiet-midweek-solutions,Question,,,no,no,no,unknown type for this validator (no required/recommended table for 'Question')
https://www.orangejelly.co.uk/quiet-midweek-solutions,Answer,,,no,no,no,unknown type for this validator (no required/recommended table for 'Answer')
https://www.orangejelly.co.uk/quiet-midweek-solutions,Question,,,no,no,no,unknown type for this validator (no required/recommended table for 'Question')
https://www.orangejelly.co.uk/quiet-midweek-solutions,Answer,,,no,no,no,unknown type for this validator (no required/recommended table for 'Answer')
https://www.orangejelly.co.uk/quiet-midweek-solutions,Question,,,no,no,no,unknown type for this validator (no required/recommended table for 'Question')
https://www.orangejelly.co.uk/quiet-midweek-solutions,Answer,,,no,no,no,unknown type for this validator (no required/recommended table for 'Answer')
https://www.orangejelly.co.uk/quiet-midweek-solutions,Question,,,no,no,no,unknown type for this validator (no required/recommended table for 'Question')
https://www.orangejelly.co.uk/quiet-midweek-solutions,Answer,,,no,no,no,unknown type for this validator (no required/recommended table for 'Answer')
https://www.orangejelly.co.uk/quiet-midweek-solutions,BreadcrumbList,,,no,no,yes,
https://www.orangejelly.co.uk/quiet-midweek-solutions,ListItem,,,no,no,no,unknown type for this validator (no required/recommended table for 'ListItem')
https://www.orangejelly.co.uk/quiet-midweek-solutions,ListItem,,,no,no,no,unknown type for this validator (no required/recommended table for 'ListItem')
https://www.orangejelly.co.uk/results,ProfessionalService,,,no,no,no,unknown type for this validator (no required/recommended table for 'ProfessionalService')
https://www.orangejelly.co.uk/results,ImageObject,,,no,no,no,unknown type for this validator (no required/recommended table for 'ImageObject')
https://www.orangejelly.co.uk/results,Person,,,no,no,no,unknown type for this validator (no required/recommended table for 'Person')
https://www.orangejelly.co.uk/results,ContactPoint,,,no,no,no,unknown type for this validator (no required/recommended table for 'ContactPoint')
https://www.orangejelly.co.uk/results,PostalAddress,,,no,no,no,unknown type for this validator (no required/recommended table for 'PostalAddress')
https://www.orangejelly.co.uk/results,GeoCoordinates,,,no,no,no,unknown type for this validator (no required/recommended table for 'GeoCoordinates')
https://www.orangejelly.co.uk/results,WebSite,,potentialAction,no,no,no,
https://www.orangejelly.co.uk/results,BreadcrumbList,,,no,no,yes,
https://www.orangejelly.co.uk/results,ListItem,,,no,no,no,unknown type for this validator (no required/recommended table for 'ListItem')
https://www.orangejelly.co.uk/results,BreadcrumbList,,,no,no,yes,
https://www.orangejelly.co.uk/results,ListItem,,,no,no,no,unknown type for this validator (no required/recommended table for 'ListItem')
https://www.orangejelly.co.uk/results,ListItem,,,no,no,no,unknown type for this validator (no required/recommended table for 'ListItem')
https://www.orangejelly.co.uk/results,HowTo,,image; totalTime,yes,no,no,HowTo rich results were retired by Google (Aug 2023). Markup is still valid but no longer earns a rich result.
https://www.orangejelly.co.uk/results,HowToStep,,,no,no,no,unknown type for this validator (no required/recommended table for 'HowToStep')
https://www.orangejelly.co.uk/results,HowToStep,,,no,no,no,unknown type for this validator (no required/recommended table for 'HowToStep')
https://www.orangejelly.co.uk/results,HowToStep,,,no,no,no,unknown type for this validator (no required/recommended table for 'HowToStep')
https://www.orangejelly.co.uk/results,HowToStep,,,no,no,no,unknown type for this validator (no required/recommended table for 'HowToStep')
https://www.orangejelly.co.uk/results,Article,,image; dateModified,no,no,yes,
https://www.orangejelly.co.uk/results,Article,,image; dateModified,no,no,yes,
https://www.orangejelly.co.uk/results,HowTo,,image; totalTime; supply; tool,yes,no,no,HowTo rich results were retired by Google (Aug 2023). Markup is still valid but no longer earns a rich result.
https://www.orangejelly.co.uk/results,HowToStep,,,no,no,no,unknown type for this validator (no required/recommended table for 'HowToStep')
https://www.orangejelly.co.uk/results,HowToStep,,,no,no,no,unknown type for this validator (no required/recommended table for 'HowToStep')
https://www.orangejelly.co.uk/results,HowToStep,,,no,no,no,unknown type for this validator (no required/recommended table for 'HowToStep')
https://www.orangejelly.co.uk/results,HowToStep,,,no,no,no,unknown type for this validator (no required/recommended table for 'HowToStep')
https://www.orangejelly.co.uk/results,Article,,image; dateModified,no,no,yes,
https://www.orangejelly.co.uk/services,ProfessionalService,,,no,no,no,unknown type for this validator (no required/recommended table for 'ProfessionalService')
https://www.orangejelly.co.uk/services,ImageObject,,,no,no,no,unknown type for this validator (no required/recommended table for 'ImageObject')
https://www.orangejelly.co.uk/services,Person,,,no,no,no,unknown type for this validator (no required/recommended table for 'Person')
https://www.orangejelly.co.uk/services,ContactPoint,,,no,no,no,unknown type for this validator (no required/recommended table for 'ContactPoint')
https://www.orangejelly.co.uk/services,PostalAddress,,,no,no,no,unknown type for this validator (no required/recommended table for 'PostalAddress')
https://www.orangejelly.co.uk/services,GeoCoordinates,,,no,no,no,unknown type for this validator (no required/recommended table for 'GeoCoordinates')
https://www.orangejelly.co.uk/services,WebSite,,potentialAction,no,no,no,
https://www.orangejelly.co.uk/services,BreadcrumbList,,,no,no,yes,
https://www.orangejelly.co.uk/services,ListItem,,,no,no,no,unknown type for this validator (no required/recommended table for 'ListItem')
https://www.orangejelly.co.uk/services,ItemList,,,no,no,no,unknown type for this validator (no required/recommended table for 'ItemList')
https://www.orangejelly.co.uk/services,ListItem,,,no,no,no,unknown type for this validator (no required/recommended table for 'ListItem')
https://www.orangejelly.co.uk/services,ListItem,,,no,no,no,unknown type for this validator (no required/recommended table for 'ListItem')
https://www.orangejelly.co.uk/services,ListItem,,,no,no,no,unknown type for this validator (no required/recommended table for 'ListItem')
https://www.orangejelly.co.uk/services,ListItem,,,no,no,no,unknown type for this validator (no required/recommended table for 'ListItem')
https://www.orangejelly.co.uk/services,FAQPage,,,yes,no,no,FAQ rich results are now limited to authoritative government/health sites (Aug 2023). Markup is still valid but most sites no longer earn a rich result.
https://www.orangejelly.co.uk/services,Question,,,no,no,no,unknown type for this validator (no required/recommended table for 'Question')
https://www.orangejelly.co.uk/services,Answer,,,no,no,no,unknown type for this validator (no required/recommended table for 'Answer')
https://www.orangejelly.co.uk/services,Question,,,no,no,no,unknown type for this validator (no required/recommended table for 'Question')
https://www.orangejelly.co.uk/services,Answer,,,no,no,no,unknown type for this validator (no required/recommended table for 'Answer')
https://www.orangejelly.co.uk/services,Question,,,no,no,no,unknown type for this validator (no required/recommended table for 'Question')
https://www.orangejelly.co.uk/services,Answer,,,no,no,no,unknown type for this validator (no required/recommended table for 'Answer')
https://www.orangejelly.co.uk/services,Question,,,no,no,no,unknown type for this validator (no required/recommended table for 'Question')
https://www.orangejelly.co.uk/services,Answer,,,no,no,no,unknown type for this validator (no required/recommended table for 'Answer')
https://www.orangejelly.co.uk/services,Question,,,no,no,no,unknown type for this validator (no required/recommended table for 'Question')
https://www.orangejelly.co.uk/services,Answer,,,no,no,no,unknown type for this validator (no required/recommended table for 'Answer')
https://www.orangejelly.co.uk/services,Question,,,no,no,no,unknown type for this validator (no required/recommended table for 'Question')
https://www.orangejelly.co.uk/services,Answer,,,no,no,no,unknown type for this validator (no required/recommended table for 'Answer')
https://www.orangejelly.co.uk/services,Question,,,no,no,no,unknown type for this validator (no required/recommended table for 'Question')
https://www.orangejelly.co.uk/services,Answer,,,no,no,no,unknown type for this validator (no required/recommended table for 'Answer')
https://www.orangejelly.co.uk/services,Question,,,no,no,no,unknown type for this validator (no required/recommended table for 'Question')
https://www.orangejelly.co.uk/services,Answer,,,no,no,no,unknown type for this validator (no required/recommended table for 'Answer')
https://www.orangejelly.co.uk/services,BreadcrumbList,,,no,no,yes,
https://www.orangejelly.co.uk/services,ListItem,,,no,no,no,unknown type for this validator (no required/recommended table for 'ListItem')
https://www.orangejelly.co.uk/services,ListItem,,,no,no,no,unknown type for this validator (no required/recommended table for 'ListItem')
https://www.orangejelly.co.uk/services,BreadcrumbList,,,no,no,yes,
https://www.orangejelly.co.uk/services,ListItem,,,no,no,no,unknown type for this validator (no required/recommended table for 'ListItem')
https://www.orangejelly.co.uk/services,ListItem,,,no,no,no,unknown type for this validator (no required/recommended table for 'ListItem')
https://www.orangejelly.co.uk/services/content-creation-for-pubs,ProfessionalService,,,no,no,no,unknown type for this validator (no required/recommended table for 'ProfessionalService')
https://www.orangejelly.co.uk/services/content-creation-for-pubs,ImageObject,,,no,no,no,unknown type for this validator (no required/recommended table for 'ImageObject')
https://www.orangejelly.co.uk/services/content-creation-for-pubs,Person,,,no,no,no,unknown type for this validator (no required/recommended table for 'Person')
https://www.orangejelly.co.uk/services/content-creation-for-pubs,ContactPoint,,,no,no,no,unknown type for this validator (no required/recommended table for 'ContactPoint')
https://www.orangejelly.co.uk/services/content-creation-for-pubs,PostalAddress,,,no,no,no,unknown type for this validator (no required/recommended table for 'PostalAddress')
https://www.orangejelly.co.uk/services/content-creation-for-pubs,GeoCoordinates,,,no,no,no,unknown type for this validator (no required/recommended table for 'GeoCoordinates')
https://www.orangejelly.co.uk/services/content-creation-for-pubs,WebSite,,potentialAction,no,no,no,
https://www.orangejelly.co.uk/services/content-creation-for-pubs,BreadcrumbList,,,no,no,yes,
https://www.orangejelly.co.uk/services/content-creation-for-pubs,ListItem,,,no,no,no,unknown type for this validator (no required/recommended table for 'ListItem')
https://www.orangejelly.co.uk/services/content-creation-for-pubs,Service,,,no,no,no,unknown type for this validator (no required/recommended table for 'Service')
https://www.orangejelly.co.uk/services/content-creation-for-pubs,LocalBusiness,address,telephone; openingHoursSpecification; geo; url; priceRange; image,no,no,no,
https://www.orangejelly.co.uk/services/content-creation-for-pubs,Country,,,no,no,no,unknown type for this validator (no required/recommended table for 'Country')
https://www.orangejelly.co.uk/services/content-creation-for-pubs,OfferCatalog,,,no,no,no,unknown type for this validator (no required/recommended table for 'OfferCatalog')
https://www.orangejelly.co.uk/services/content-creation-for-pubs,Offer,,url; priceValidUntil,no,no,no,
https://www.orangejelly.co.uk/services/content-creation-for-pubs,PriceSpecification,,,no,no,no,unknown type for this validator (no required/recommended table for 'PriceSpecification')
https://www.orangejelly.co.uk/services/content-creation-for-pubs,FAQPage,,,yes,no,no,FAQ rich results are now limited to authoritative government/health sites (Aug 2023). Markup is still valid but most sites no longer earn a rich result.
https://www.orangejelly.co.uk/services/content-creation-for-pubs,Question,,,no,no,no,unknown type for this validator (no required/recommended table for 'Question')
https://www.orangejelly.co.uk/services/content-creation-for-pubs,Answer,,,no,no,no,unknown type for this validator (no required/recommended table for 'Answer')
https://www.orangejelly.co.uk/services/content-creation-for-pubs,Question,,,no,no,no,unknown type for this validator (no required/recommended table for 'Question')
https://www.orangejelly.co.uk/services/content-creation-for-pubs,Answer,,,no,no,no,unknown type for this validator (no required/recommended table for 'Answer')
https://www.orangejelly.co.uk/services/content-creation-for-pubs,Question,,,no,no,no,unknown type for this validator (no required/recommended table for 'Question')
https://www.orangejelly.co.uk/services/content-creation-for-pubs,Answer,,,no,no,no,unknown type for this validator (no required/recommended table for 'Answer')
https://www.orangejelly.co.uk/services/content-creation-for-pubs,Question,,,no,no,no,unknown type for this validator (no required/recommended table for 'Question')
https://www.orangejelly.co.uk/services/content-creation-for-pubs,Answer,,,no,no,no,unknown type for this validator (no required/recommended table for 'Answer')
https://www.orangejelly.co.uk/services/content-creation-for-pubs,Question,,,no,no,no,unknown type for this validator (no required/recommended table for 'Question')
https://www.orangejelly.co.uk/services/content-creation-for-pubs,Answer,,,no,no,no,unknown type for this validator (no required/recommended table for 'Answer')
https://www.orangejelly.co.uk/services/content-creation-for-pubs,BreadcrumbList,,,no,no,yes,
https://www.orangejelly.co.uk/services/content-creation-for-pubs,ListItem,,,no,no,no,unknown type for this validator (no required/recommended table for 'ListItem')
https://www.orangejelly.co.uk/services/content-creation-for-pubs,ListItem,,,no,no,no,unknown type for this validator (no required/recommended table for 'ListItem')
https://www.orangejelly.co.uk/services/content-creation-for-pubs,ListItem,,,no,no,no,unknown type for this validator (no required/recommended table for 'ListItem')
https://www.orangejelly.co.uk/services/instagram-services-for-pubs,ProfessionalService,,,no,no,no,unknown type for this validator (no required/recommended table for 'ProfessionalService')
https://www.orangejelly.co.uk/services/instagram-services-for-pubs,ImageObject,,,no,no,no,unknown type for this validator (no required/recommended table for 'ImageObject')
https://www.orangejelly.co.uk/services/instagram-services-for-pubs,Person,,,no,no,no,unknown type for this validator (no required/recommended table for 'Person')
https://www.orangejelly.co.uk/services/instagram-services-for-pubs,ContactPoint,,,no,no,no,unknown type for this validator (no required/recommended table for 'ContactPoint')
https://www.orangejelly.co.uk/services/instagram-services-for-pubs,PostalAddress,,,no,no,no,unknown type for this validator (no required/recommended table for 'PostalAddress')
https://www.orangejelly.co.uk/services/instagram-services-for-pubs,GeoCoordinates,,,no,no,no,unknown type for this validator (no required/recommended table for 'GeoCoordinates')
https://www.orangejelly.co.uk/services/instagram-services-for-pubs,WebSite,,potentialAction,no,no,no,
https://www.orangejelly.co.uk/services/instagram-services-for-pubs,BreadcrumbList,,,no,no,yes,
https://www.orangejelly.co.uk/services/instagram-services-for-pubs,ListItem,,,no,no,no,unknown type for this validator (no required/recommended table for 'ListItem')
https://www.orangejelly.co.uk/services/paid-social-for-pubs,ProfessionalService,,,no,no,no,unknown type for this validator (no required/recommended table for 'ProfessionalService')
https://www.orangejelly.co.uk/services/paid-social-for-pubs,ImageObject,,,no,no,no,unknown type for this validator (no required/recommended table for 'ImageObject')
https://www.orangejelly.co.uk/services/paid-social-for-pubs,Person,,,no,no,no,unknown type for this validator (no required/recommended table for 'Person')
https://www.orangejelly.co.uk/services/paid-social-for-pubs,ContactPoint,,,no,no,no,unknown type for this validator (no required/recommended table for 'ContactPoint')
https://www.orangejelly.co.uk/services/paid-social-for-pubs,PostalAddress,,,no,no,no,unknown type for this validator (no required/recommended table for 'PostalAddress')
https://www.orangejelly.co.uk/services/paid-social-for-pubs,GeoCoordinates,,,no,no,no,unknown type for this validator (no required/recommended table for 'GeoCoordinates')
https://www.orangejelly.co.uk/services/paid-social-for-pubs,WebSite,,potentialAction,no,no,no,
https://www.orangejelly.co.uk/services/paid-social-for-pubs,BreadcrumbList,,,no,no,yes,
https://www.orangejelly.co.uk/services/paid-social-for-pubs,ListItem,,,no,no,no,unknown type for this validator (no required/recommended table for 'ListItem')
https://www.orangejelly.co.uk/services/paid-social-for-pubs,Service,,,no,no,no,unknown type for this validator (no required/recommended table for 'Service')
https://www.orangejelly.co.uk/services/paid-social-for-pubs,LocalBusiness,address,telephone; openingHoursSpecification; geo; url; priceRange; image,no,no,no,
https://www.orangejelly.co.uk/services/paid-social-for-pubs,Country,,,no,no,no,unknown type for this validator (no required/recommended table for 'Country')
https://www.orangejelly.co.uk/services/paid-social-for-pubs,OfferCatalog,,,no,no,no,unknown type for this validator (no required/recommended table for 'OfferCatalog')
https://www.orangejelly.co.uk/services/paid-social-for-pubs,Offer,,url; priceValidUntil,no,no,no,
https://www.orangejelly.co.uk/services/paid-social-for-pubs,PriceSpecification,,,no,no,no,unknown type for this validator (no required/recommended table for 'PriceSpecification')
https://www.orangejelly.co.uk/services/paid-social-for-pubs,FAQPage,,,yes,no,no,FAQ rich results are now limited to authoritative government/health sites (Aug 2023). Markup is still valid but most sites no longer earn a rich result.
https://www.orangejelly.co.uk/services/paid-social-for-pubs,Question,,,no,no,no,unknown type for this validator (no required/recommended table for 'Question')
https://www.orangejelly.co.uk/services/paid-social-for-pubs,Answer,,,no,no,no,unknown type for this validator (no required/recommended table for 'Answer')
https://www.orangejelly.co.uk/services/paid-social-for-pubs,Question,,,no,no,no,unknown type for this validator (no required/recommended table for 'Question')
https://www.orangejelly.co.uk/services/paid-social-for-pubs,Answer,,,no,no,no,unknown type for this validator (no required/recommended table for 'Answer')
https://www.orangejelly.co.uk/services/paid-social-for-pubs,Question,,,no,no,no,unknown type for this validator (no required/recommended table for 'Question')
https://www.orangejelly.co.uk/services/paid-social-for-pubs,Answer,,,no,no,no,unknown type for this validator (no required/recommended table for 'Answer')
https://www.orangejelly.co.uk/services/paid-social-for-pubs,Question,,,no,no,no,unknown type for this validator (no required/recommended table for 'Question')
https://www.orangejelly.co.uk/services/paid-social-for-pubs,Answer,,,no,no,no,unknown type for this validator (no required/recommended table for 'Answer')
https://www.orangejelly.co.uk/services/paid-social-for-pubs,Question,,,no,no,no,unknown type for this validator (no required/recommended table for 'Question')
https://www.orangejelly.co.uk/services/paid-social-for-pubs,Answer,,,no,no,no,unknown type for this validator (no required/recommended table for 'Answer')
https://www.orangejelly.co.uk/services/paid-social-for-pubs,BreadcrumbList,,,no,no,yes,
https://www.orangejelly.co.uk/services/paid-social-for-pubs,ListItem,,,no,no,no,unknown type for this validator (no required/recommended table for 'ListItem')
https://www.orangejelly.co.uk/services/paid-social-for-pubs,ListItem,,,no,no,no,unknown type for this validator (no required/recommended table for 'ListItem')
https://www.orangejelly.co.uk/services/paid-social-for-pubs,ListItem,,,no,no,no,unknown type for this validator (no required/recommended table for 'ListItem')
https://www.orangejelly.co.uk/services/social-media-marketing-for-pubs,ProfessionalService,,,no,no,no,unknown type for this validator (no required/recommended table for 'ProfessionalService')
https://www.orangejelly.co.uk/services/social-media-marketing-for-pubs,ImageObject,,,no,no,no,unknown type for this validator (no required/recommended table for 'ImageObject')
https://www.orangejelly.co.uk/services/social-media-marketing-for-pubs,Person,,,no,no,no,unknown type for this validator (no required/recommended table for 'Person')
https://www.orangejelly.co.uk/services/social-media-marketing-for-pubs,ContactPoint,,,no,no,no,unknown type for this validator (no required/recommended table for 'ContactPoint')
https://www.orangejelly.co.uk/services/social-media-marketing-for-pubs,PostalAddress,,,no,no,no,unknown type for this validator (no required/recommended table for 'PostalAddress')
https://www.orangejelly.co.uk/services/social-media-marketing-for-pubs,GeoCoordinates,,,no,no,no,unknown type for this validator (no required/recommended table for 'GeoCoordinates')
https://www.orangejelly.co.uk/services/social-media-marketing-for-pubs,WebSite,,potentialAction,no,no,no,
https://www.orangejelly.co.uk/services/social-media-marketing-for-pubs,BreadcrumbList,,,no,no,yes,
https://www.orangejelly.co.uk/services/social-media-marketing-for-pubs,ListItem,,,no,no,no,unknown type for this validator (no required/recommended table for 'ListItem')
https://www.orangejelly.co.uk/services/social-media-marketing-for-pubs,Service,,,no,no,no,unknown type for this validator (no required/recommended table for 'Service')
https://www.orangejelly.co.uk/services/social-media-marketing-for-pubs,LocalBusiness,address,telephone; openingHoursSpecification; geo; url; priceRange; image,no,no,no,
https://www.orangejelly.co.uk/services/social-media-marketing-for-pubs,Country,,,no,no,no,unknown type for this validator (no required/recommended table for 'Country')
https://www.orangejelly.co.uk/services/social-media-marketing-for-pubs,OfferCatalog,,,no,no,no,unknown type for this validator (no required/recommended table for 'OfferCatalog')
https://www.orangejelly.co.uk/services/social-media-marketing-for-pubs,Offer,,url; priceValidUntil,no,no,no,
https://www.orangejelly.co.uk/services/social-media-marketing-for-pubs,PriceSpecification,,,no,no,no,unknown type for this validator (no required/recommended table for 'PriceSpecification')
https://www.orangejelly.co.uk/services/social-media-marketing-for-pubs,FAQPage,,,yes,no,no,FAQ rich results are now limited to authoritative government/health sites (Aug 2023). Markup is still valid but most sites no longer earn a rich result.
https://www.orangejelly.co.uk/services/social-media-marketing-for-pubs,Question,,,no,no,no,unknown type for this validator (no required/recommended table for 'Question')
https://www.orangejelly.co.uk/services/social-media-marketing-for-pubs,Answer,,,no,no,no,unknown type for this validator (no required/recommended table for 'Answer')
https://www.orangejelly.co.uk/services/social-media-marketing-for-pubs,Question,,,no,no,no,unknown type for this validator (no required/recommended table for 'Question')
https://www.orangejelly.co.uk/services/social-media-marketing-for-pubs,Answer,,,no,no,no,unknown type for this validator (no required/recommended table for 'Answer')
https://www.orangejelly.co.uk/services/social-media-marketing-for-pubs,Question,,,no,no,no,unknown type for this validator (no required/recommended table for 'Question')
https://www.orangejelly.co.uk/services/social-media-marketing-for-pubs,Answer,,,no,no,no,unknown type for this validator (no required/recommended table for 'Answer')
https://www.orangejelly.co.uk/services/social-media-marketing-for-pubs,Question,,,no,no,no,unknown type for this validator (no required/recommended table for 'Question')
https://www.orangejelly.co.uk/services/social-media-marketing-for-pubs,Answer,,,no,no,no,unknown type for this validator (no required/recommended table for 'Answer')
https://www.orangejelly.co.uk/services/social-media-marketing-for-pubs,Question,,,no,no,no,unknown type for this validator (no required/recommended table for 'Question')
https://www.orangejelly.co.uk/services/social-media-marketing-for-pubs,Answer,,,no,no,no,unknown type for this validator (no required/recommended table for 'Answer')
https://www.orangejelly.co.uk/services/social-media-marketing-for-pubs,BreadcrumbList,,,no,no,yes,
https://www.orangejelly.co.uk/services/social-media-marketing-for-pubs,ListItem,,,no,no,no,unknown type for this validator (no required/recommended table for 'ListItem')
https://www.orangejelly.co.uk/services/social-media-marketing-for-pubs,ListItem,,,no,no,no,unknown type for this validator (no required/recommended table for 'ListItem')
https://www.orangejelly.co.uk/services/social-media-marketing-for-pubs,ListItem,,,no,no,no,unknown type for this validator (no required/recommended table for 'ListItem')
https://www.orangejelly.co.uk/ways-to-work,ProfessionalService,,,no,no,no,unknown type for this validator (no required/recommended table for 'ProfessionalService')
https://www.orangejelly.co.uk/ways-to-work,ImageObject,,,no,no,no,unknown type for this validator (no required/recommended table for 'ImageObject')
https://www.orangejelly.co.uk/ways-to-work,Person,,,no,no,no,unknown type for this validator (no required/recommended table for 'Person')
https://www.orangejelly.co.uk/ways-to-work,ContactPoint,,,no,no,no,unknown type for this validator (no required/recommended table for 'ContactPoint')
https://www.orangejelly.co.uk/ways-to-work,PostalAddress,,,no,no,no,unknown type for this validator (no required/recommended table for 'PostalAddress')
https://www.orangejelly.co.uk/ways-to-work,GeoCoordinates,,,no,no,no,unknown type for this validator (no required/recommended table for 'GeoCoordinates')
https://www.orangejelly.co.uk/ways-to-work,WebSite,,potentialAction,no,no,no,
https://www.orangejelly.co.uk/ways-to-work,BreadcrumbList,,,no,no,yes,
https://www.orangejelly.co.uk/ways-to-work,ListItem,,,no,no,no,unknown type for this validator (no required/recommended table for 'ListItem')
https://www.orangejelly.co.uk/ways-to-work,ItemList,,,no,no,no,unknown type for this validator (no required/recommended table for 'ItemList')
https://www.orangejelly.co.uk/ways-to-work,ListItem,,,no,no,no,unknown type for this validator (no required/recommended table for 'ListItem')
https://www.orangejelly.co.uk/ways-to-work,ListItem,,,no,no,no,unknown type for this validator (no required/recommended table for 'ListItem')
https://www.orangejelly.co.uk/ways-to-work,ListItem,,,no,no,no,unknown type for this validator (no required/recommended table for 'ListItem')
https://www.orangejelly.co.uk/ways-to-work,ListItem,,,no,no,no,unknown type for this validator (no required/recommended table for 'ListItem')
https://www.orangejelly.co.uk/ways-to-work,FAQPage,,,yes,no,no,FAQ rich results are now limited to authoritative government/health sites (Aug 2023). Markup is still valid but most sites no longer earn a rich result.
https://www.orangejelly.co.uk/ways-to-work,Question,,,no,no,no,unknown type for this validator (no required/recommended table for 'Question')
https://www.orangejelly.co.uk/ways-to-work,Answer,,,no,no,no,unknown type for this validator (no required/recommended table for 'Answer')
https://www.orangejelly.co.uk/ways-to-work,Question,,,no,no,no,unknown type for this validator (no required/recommended table for 'Question')
https://www.orangejelly.co.uk/ways-to-work,Answer,,,no,no,no,unknown type for this validator (no required/recommended table for 'Answer')
https://www.orangejelly.co.uk/ways-to-work,Question,,,no,no,no,unknown type for this validator (no required/recommended table for 'Question')
https://www.orangejelly.co.uk/ways-to-work,Answer,,,no,no,no,unknown type for this validator (no required/recommended table for 'Answer')
https://www.orangejelly.co.uk/ways-to-work,Question,,,no,no,no,unknown type for this validator (no required/recommended table for 'Question')
https://www.orangejelly.co.uk/ways-to-work,Answer,,,no,no,no,unknown type for this validator (no required/recommended table for 'Answer')
https://www.orangejelly.co.uk/ways-to-work,Question,,,no,no,no,unknown type for this validator (no required/recommended table for 'Question')
https://www.orangejelly.co.uk/ways-to-work,Answer,,,no,no,no,unknown type for this validator (no required/recommended table for 'Answer')
https://www.orangejelly.co.uk/ways-to-work,Question,,,no,no,no,unknown type for this validator (no required/recommended table for 'Question')
https://www.orangejelly.co.uk/ways-to-work,Answer,,,no,no,no,unknown type for this validator (no required/recommended table for 'Answer')
https://www.orangejelly.co.uk/ways-to-work,Question,,,no,no,no,unknown type for this validator (no required/recommended table for 'Question')
https://www.orangejelly.co.uk/ways-to-work,Answer,,,no,no,no,unknown type for this validator (no required/recommended table for 'Answer')
https://www.orangejelly.co.uk/ways-to-work,Question,,,no,no,no,unknown type for this validator (no required/recommended table for 'Question')
https://www.orangejelly.co.uk/ways-to-work,Answer,,,no,no,no,unknown type for this validator (no required/recommended table for 'Answer')
https://www.orangejelly.co.uk/ways-to-work,BreadcrumbList,,,no,no,yes,
https://www.orangejelly.co.uk/ways-to-work,ListItem,,,no,no,no,unknown type for this validator (no required/recommended table for 'ListItem')
https://www.orangejelly.co.uk/ways-to-work,ListItem,,,no,no,no,unknown type for this validator (no required/recommended table for 'ListItem')
https://www.orangejelly.co.uk/ways-to-work,BreadcrumbList,,,no,no,yes,
https://www.orangejelly.co.uk/ways-to-work,ListItem,,,no,no,no,unknown type for this validator (no required/recommended table for 'ListItem')
https://www.orangejelly.co.uk/ways-to-work,ListItem,,,no,no,no,unknown type for this validator (no required/recommended table for 'ListItem')
https://www.orangejelly.co.uk/ways-to-work/growth-fix,ProfessionalService,,,no,no,no,unknown type for this validator (no required/recommended table for 'ProfessionalService')
https://www.orangejelly.co.uk/ways-to-work/growth-fix,ImageObject,,,no,no,no,unknown type for this validator (no required/recommended table for 'ImageObject')
https://www.orangejelly.co.uk/ways-to-work/growth-fix,Person,,,no,no,no,unknown type for this validator (no required/recommended table for 'Person')
https://www.orangejelly.co.uk/ways-to-work/growth-fix,ContactPoint,,,no,no,no,unknown type for this validator (no required/recommended table for 'ContactPoint')
https://www.orangejelly.co.uk/ways-to-work/growth-fix,PostalAddress,,,no,no,no,unknown type for this validator (no required/recommended table for 'PostalAddress')
https://www.orangejelly.co.uk/ways-to-work/growth-fix,GeoCoordinates,,,no,no,no,unknown type for this validator (no required/recommended table for 'GeoCoordinates')
https://www.orangejelly.co.uk/ways-to-work/growth-fix,WebSite,,potentialAction,no,no,no,
https://www.orangejelly.co.uk/ways-to-work/growth-fix,BreadcrumbList,,,no,no,yes,
https://www.orangejelly.co.uk/ways-to-work/growth-fix,ListItem,,,no,no,no,unknown type for this validator (no required/recommended table for 'ListItem')
https://www.orangejelly.co.uk/ways-to-work/growth-fix,Service,,,no,no,no,unknown type for this validator (no required/recommended table for 'Service')
https://www.orangejelly.co.uk/ways-to-work/growth-fix,Organization,,logo; sameAs; contactPoint,no,no,no,
https://www.orangejelly.co.uk/ways-to-work/growth-fix,Offer,,availability; url; priceValidUntil,no,no,no,
https://www.orangejelly.co.uk/ways-to-work/growth-fix,UnitPriceSpecification,,,no,no,no,unknown type for this validator (no required/recommended table for 'UnitPriceSpecification')
https://www.orangejelly.co.uk/ways-to-work/growth-fix,BreadcrumbList,,,no,no,yes,
https://www.orangejelly.co.uk/ways-to-work/growth-fix,ListItem,,,no,no,no,unknown type for this validator (no required/recommended table for 'ListItem')
https://www.orangejelly.co.uk/ways-to-work/growth-fix,ListItem,,,no,no,no,unknown type for this validator (no required/recommended table for 'ListItem')
https://www.orangejelly.co.uk/ways-to-work/growth-fix,ListItem,,,no,no,no,unknown type for this validator (no required/recommended table for 'ListItem')
https://www.orangejelly.co.uk/ways-to-work/growth-partner,ProfessionalService,,,no,no,no,unknown type for this validator (no required/recommended table for 'ProfessionalService')
https://www.orangejelly.co.uk/ways-to-work/growth-partner,ImageObject,,,no,no,no,unknown type for this validator (no required/recommended table for 'ImageObject')
https://www.orangejelly.co.uk/ways-to-work/growth-partner,Person,,,no,no,no,unknown type for this validator (no required/recommended table for 'Person')
https://www.orangejelly.co.uk/ways-to-work/growth-partner,ContactPoint,,,no,no,no,unknown type for this validator (no required/recommended table for 'ContactPoint')
https://www.orangejelly.co.uk/ways-to-work/growth-partner,PostalAddress,,,no,no,no,unknown type for this validator (no required/recommended table for 'PostalAddress')
https://www.orangejelly.co.uk/ways-to-work/growth-partner,GeoCoordinates,,,no,no,no,unknown type for this validator (no required/recommended table for 'GeoCoordinates')
https://www.orangejelly.co.uk/ways-to-work/growth-partner,WebSite,,potentialAction,no,no,no,
https://www.orangejelly.co.uk/ways-to-work/growth-partner,BreadcrumbList,,,no,no,yes,
https://www.orangejelly.co.uk/ways-to-work/growth-partner,ListItem,,,no,no,no,unknown type for this validator (no required/recommended table for 'ListItem')
https://www.orangejelly.co.uk/ways-to-work/growth-partner,Service,,,no,no,no,unknown type for this validator (no required/recommended table for 'Service')
https://www.orangejelly.co.uk/ways-to-work/growth-partner,Organization,,logo; sameAs; contactPoint,no,no,no,
https://www.orangejelly.co.uk/ways-to-work/growth-partner,Offer,,availability; url; priceValidUntil,no,no,no,
https://www.orangejelly.co.uk/ways-to-work/growth-partner,UnitPriceSpecification,,,no,no,no,unknown type for this validator (no required/recommended table for 'UnitPriceSpecification')
https://www.orangejelly.co.uk/ways-to-work/growth-partner,BreadcrumbList,,,no,no,yes,
https://www.orangejelly.co.uk/ways-to-work/growth-partner,ListItem,,,no,no,no,unknown type for this validator (no required/recommended table for 'ListItem')
https://www.orangejelly.co.uk/ways-to-work/growth-partner,ListItem,,,no,no,no,unknown type for this validator (no required/recommended table for 'ListItem')
https://www.orangejelly.co.uk/ways-to-work/growth-partner,ListItem,,,no,no,no,unknown type for this validator (no required/recommended table for 'ListItem')
https://www.orangejelly.co.uk/ways-to-work/momentum-month,ProfessionalService,,,no,no,no,unknown type for this validator (no required/recommended table for 'ProfessionalService')
https://www.orangejelly.co.uk/ways-to-work/momentum-month,ImageObject,,,no,no,no,unknown type for this validator (no required/recommended table for 'ImageObject')
https://www.orangejelly.co.uk/ways-to-work/momentum-month,Person,,,no,no,no,unknown type for this validator (no required/recommended table for 'Person')
https://www.orangejelly.co.uk/ways-to-work/momentum-month,ContactPoint,,,no,no,no,unknown type for this validator (no required/recommended table for 'ContactPoint')
https://www.orangejelly.co.uk/ways-to-work/momentum-month,PostalAddress,,,no,no,no,unknown type for this validator (no required/recommended table for 'PostalAddress')
https://www.orangejelly.co.uk/ways-to-work/momentum-month,GeoCoordinates,,,no,no,no,unknown type for this validator (no required/recommended table for 'GeoCoordinates')
https://www.orangejelly.co.uk/ways-to-work/momentum-month,WebSite,,potentialAction,no,no,no,
https://www.orangejelly.co.uk/ways-to-work/momentum-month,BreadcrumbList,,,no,no,yes,
https://www.orangejelly.co.uk/ways-to-work/momentum-month,ListItem,,,no,no,no,unknown type for this validator (no required/recommended table for 'ListItem')
https://www.orangejelly.co.uk/ways-to-work/momentum-month,Service,,,no,no,no,unknown type for this validator (no required/recommended table for 'Service')
https://www.orangejelly.co.uk/ways-to-work/momentum-month,Organization,,logo; sameAs; contactPoint,no,no,no,
https://www.orangejelly.co.uk/ways-to-work/momentum-month,Offer,,availability; url; priceValidUntil,no,no,no,
https://www.orangejelly.co.uk/ways-to-work/momentum-month,UnitPriceSpecification,,,no,no,no,unknown type for this validator (no required/recommended table for 'UnitPriceSpecification')
https://www.orangejelly.co.uk/ways-to-work/momentum-month,BreadcrumbList,,,no,no,yes,
https://www.orangejelly.co.uk/ways-to-work/momentum-month,ListItem,,,no,no,no,unknown type for this validator (no required/recommended table for 'ListItem')
https://www.orangejelly.co.uk/ways-to-work/momentum-month,ListItem,,,no,no,no,unknown type for this validator (no required/recommended table for 'ListItem')
https://www.orangejelly.co.uk/ways-to-work/momentum-month,ListItem,,,no,no,no,unknown type for this validator (no required/recommended table for 'ListItem')
https://www.orangejelly.co.uk/ways-to-work/turnaround-intensive,ProfessionalService,,,no,no,no,unknown type for this validator (no required/recommended table for 'ProfessionalService')
https://www.orangejelly.co.uk/ways-to-work/turnaround-intensive,ImageObject,,,no,no,no,unknown type for this validator (no required/recommended table for 'ImageObject')
https://www.orangejelly.co.uk/ways-to-work/turnaround-intensive,Person,,,no,no,no,unknown type for this validator (no required/recommended table for 'Person')
https://www.orangejelly.co.uk/ways-to-work/turnaround-intensive,ContactPoint,,,no,no,no,unknown type for this validator (no required/recommended table for 'ContactPoint')
https://www.orangejelly.co.uk/ways-to-work/turnaround-intensive,PostalAddress,,,no,no,no,unknown type for this validator (no required/recommended table for 'PostalAddress')
https://www.orangejelly.co.uk/ways-to-work/turnaround-intensive,GeoCoordinates,,,no,no,no,unknown type for this validator (no required/recommended table for 'GeoCoordinates')
https://www.orangejelly.co.uk/ways-to-work/turnaround-intensive,WebSite,,potentialAction,no,no,no,
https://www.orangejelly.co.uk/ways-to-work/turnaround-intensive,BreadcrumbList,,,no,no,yes,
https://www.orangejelly.co.uk/ways-to-work/turnaround-intensive,ListItem,,,no,no,no,unknown type for this validator (no required/recommended table for 'ListItem')
https://www.orangejelly.co.uk/ways-to-work/turnaround-intensive,Service,,,no,no,no,unknown type for this validator (no required/recommended table for 'Service')
https://www.orangejelly.co.uk/ways-to-work/turnaround-intensive,Organization,,logo; sameAs; contactPoint,no,no,no,
https://www.orangejelly.co.uk/ways-to-work/turnaround-intensive,BreadcrumbList,,,no,no,yes,
https://www.orangejelly.co.uk/ways-to-work/turnaround-intensive,ListItem,,,no,no,no,unknown type for this validator (no required/recommended table for 'ListItem')
https://www.orangejelly.co.uk/ways-to-work/turnaround-intensive,ListItem,,,no,no,no,unknown type for this validator (no required/recommended table for 'ListItem')
https://www.orangejelly.co.uk/ways-to-work/turnaround-intensive,ListItem,,,no,no,no,unknown type for this validator (no required/recommended table for 'ListItem')
