export_id,date,clicks,impressions,ctr,position,scope,level,completeness,truncated,window_start,window_end,reporting_country,search_type,filter_type,filter_value,source_file
gsc-16m-all,2025-08-01,0,0,,,property,date,complete,false,2025-08-01,2026-09-06,GB,web,none,,raw/gsc-16m-all/Chart.csv
gsc-16m-all,2025-08-02,0,0,,,property,date,complete,false,2025-08-01,2026-09-06,GB,web,none,,raw/gsc-16m-all/Chart.csv
gsc-16m-all,2025-08-03,0,1,0,225,property,date,complete,false,2025-08-01,2026-09-06,GB,web,none,,raw/gsc-16m-all/Chart.csv
gsc-16m-all,2025-08-04,0,0,,,property,date,complete,false,2025-08-01,2026-09-06,GB,web,none,,raw/gsc-16m-all/Chart.csv
gsc-16m-all,2025-08-05,0,7,0,50.7,property,date,complete,false,2025-08-01,2026-09-06,GB,web,none,,raw/gsc-16m-all/Chart.csv
gsc-16m-all,2025-08-06,1,10,0.1,57.5,property,date,complete,false,2025-08-01,2026-09-06,GB,web,none,,raw/gsc-16m-all/Chart.csv
gsc-16m-all,2025-08-07,0,12,0,55.9,property,date,complete,false,2025-08-01,2026-09-06,GB,web,none,,raw/gsc-16m-all/Chart.csv
gsc-16m-all,2025-08-08,2,16,0.125,48.9,property,date,complete,false,2025-08-01,2026-09-06,GB,web,none,,raw/gsc-16m-all/Chart.csv
gsc-16m-all,2025-08-09,0,10,0,53,property,date,complete,false,2025-08-01,2026-09-06,GB,web,none,,raw/gsc-16m-all/Chart.csv
gsc-16m-all,2025-08-10,0,17,0,67.5,property,date,complete,false,2025-08-01,2026-09-06,GB,web,none,,raw/gsc-16m-all/Chart.csv
gsc-16m-all,2025-08-11,0,15,0,73.7,property,date,complete,false,2025-08-01,2026-09-06,GB,web,none,,raw/gsc-16m-all/Chart.csv
gsc-16m-all,2025-08-12,0,10,0,63.5,property,date,complete,false,2025-08-01,2026-09-06,GB,web,none,,raw/gsc-16m-all/Chart.csv
gsc-16m-all,2025-08-13,1,4,0.25,66.2,property,date,complete,false,2025-08-01,2026-09-06,GB,web,none,,raw/gsc-16m-all/Chart.csv
gsc-16m-all,2025-08-14,0,4,0,61,property,date,complete,false,2025-08-01,2026-09-06,GB,web,none,,raw/gsc-16m-all/Chart.csv
gsc-16m-all,2025-08-15,0,11,0,83.6,property,date,complete,false,2025-08-01,2026-09-06,GB,web,none,,raw/gsc-16m-all/Chart.csv
gsc-16m-all,2025-08-16,1,9,0.1111,50.2,property,date,complete,false,2025-08-01,2026-09-06,GB,web,none,,raw/gsc-16m-all/Chart.csv
gsc-16m-all,2025-08-17,0,13,0,58.4,property,date,complete,false,2025-08-01,2026-09-06,GB,web,none,,raw/gsc-16m-all/Chart.csv
gsc-16m-all,2025-08-18,0,11,0,58.5,property,date,complete,false,2025-08-01,2026-09-06,GB,web,none,,raw/gsc-16m-all/Chart.csv
gsc-16m-all,2025-08-19,0,12,0,47.9,property,date,complete,false,2025-08-01,2026-09-06,GB,web,none,,raw/gsc-16m-all/Chart.csv
gsc-16m-all,2025-08-20,0,9,0,62.3,property,date,complete,false,2025-08-01,2026-09-06,GB,web,none,,raw/gsc-16m-all/Chart.csv
gsc-16m-all,2025-08-21,0,6,0,50.5,property,date,complete,false,2025-08-01,2026-09-06,GB,web,none,,raw/gsc-16m-all/Chart.csv
gsc-16m-all,2025-08-22,1,9,0.1111,55.7,property,date,complete,false,2025-08-01,2026-09-06,GB,web,none,,raw/gsc-16m-all/Chart.csv
gsc-16m-all,2025-08-23,0,4,0,49.5,property,date,complete,false,2025-08-01,2026-09-06,GB,web,none,,raw/gsc-16m-all/Chart.csv
gsc-16m-all,2025-08-24,0,3,0,57.7,property,date,complete,false,2025-08-01,2026-09-06,GB,web,none,,raw/gsc-16m-all/Chart.csv
gsc-16m-all,2025-08-25,0,7,0,62,property,date,complete,false,2025-08-01,2026-09-06,GB,web,none,,raw/gsc-16m-all/Chart.csv
gsc-16m-all,2025-08-26,1,10,0.1,41.1,property,date,complete,false,2025-08-01,2026-09-06,GB,web,none,,raw/gsc-16m-all/Chart.csv
gsc-16m-all,2025-08-27,0,8,0,51.2,property,date,complete,false,2025-08-01,2026-09-06,GB,web,none,,raw/gsc-16m-all/Chart.csv
gsc-16m-all,2025-08-28,0,5,0,70.6,property,date,complete,false,2025-08-01,2026-09-06,GB,web,none,,raw/gsc-16m-all/Chart.csv
gsc-16m-all,2025-08-29,0,8,0,59.5,property,date,complete,false,2025-08-01,2026-09-06,GB,web,none,,raw/gsc-16m-all/Chart.csv
gsc-16m-all,2025-08-30,0,8,0,40.6,property,date,complete,false,2025-08-01,2026-09-06,GB,web,none,,raw/gsc-16m-all/Chart.csv
gsc-16m-all,2025-08-31,1,10,0.1,45,property,date,complete,false,2025-08-01,2026-09-06,GB,web,none,,raw/gsc-16m-all/Chart.csv
gsc-16m-all,2025-09-01,1,8,0.125,59.1,property,date,complete,false,2025-08-01,2026-09-06,GB,web,none,,raw/gsc-16m-all/Chart.csv
gsc-16m-all,2025-09-02,0,8,0,23.8,property,date,complete,false,2025-08-01,2026-09-06,GB,web,none,,raw/gsc-16m-all/Chart.csv
gsc-16m-all,2025-09-03,0,1,0,8,property,date,complete,false,2025-08-01,2026-09-06,GB,web,none,,raw/gsc-16m-all/Chart.csv
gsc-16m-all,2025-09-04,0,5,0,33.2,property,date,complete,false,2025-08-01,2026-09-06,GB,web,none,,raw/gsc-16m-all/Chart.csv
gsc-16m-all,2025-09-05,0,5,0,32,property,date,complete,false,2025-08-01,2026-09-06,GB,web,none,,raw/gsc-16m-all/Chart.csv
gsc-16m-all,2025-09-06,0,4,0,30.2,property,date,complete,false,2025-08-01,2026-09-06,GB,web,none,,raw/gsc-16m-all/Chart.csv
gsc-16m-all,2025-09-07,0,5,0,41.8,property,date,complete,false,2025-08-01,2026-09-06,GB,web,none,,raw/gsc-16m-all/Chart.csv
gsc-16m-all,2025-09-08,2,9,0.2222,34.4,property,date,complete,false,2025-08-01,2026-09-06,GB,web,none,,raw/gsc-16m-all/Chart.csv
gsc-16m-all,2025-09-09,0,18,0,23.9,property,date,complete,false,2025-08-01,2026-09-06,GB,web,none,,raw/gsc-16m-all/Chart.csv
gsc-16m-all,2025-09-10,1,10,0.1,41.7,property,date,complete,false,2025-08-01,2026-09-06,GB,web,none,,raw/gsc-16m-all/Chart.csv
gsc-16m-all,2025-09-11,1,4,0.25,23,property,date,complete,false,2025-08-01,2026-09-06,GB,web,none,,raw/gsc-16m-all/Chart.csv
gsc-16m-all,2025-09-12,2,10,0.2,17.9,property,date,complete,false,2025-08-01,2026-09-06,GB,web,none,,raw/gsc-16m-all/Chart.csv
gsc-16m-all,2025-09-13,0,2,0,9.5,property,date,complete,false,2025-08-01,2026-09-06,GB,web,none,,raw/gsc-16m-all/Chart.csv
gsc-16m-all,2025-09-14,0,6,0,3.2,property,date,complete,false,2025-08-01,2026-09-06,GB,web,none,,raw/gsc-16m-all/Chart.csv
gsc-16m-all,2025-09-15,0,7,0,7.1,property,date,complete,false,2025-08-01,2026-09-06,GB,web,none,,raw/gsc-16m-all/Chart.csv
gsc-16m-all,2025-09-16,0,5,0,18,property,date,complete,false,2025-08-01,2026-09-06,GB,web,none,,raw/gsc-16m-all/Chart.csv
gsc-16m-all,2025-09-17,3,12,0.25,3.9,property,date,complete,false,2025-08-01,2026-09-06,GB,web,none,,raw/gsc-16m-all/Chart.csv
gsc-16m-all,2025-09-18,0,4,0,7,property,date,complete,false,2025-08-01,2026-09-06,GB,web,none,,raw/gsc-16m-all/Chart.csv
gsc-16m-all,2025-09-19,1,5,0.2,18.4,property,date,complete,false,2025-08-01,2026-09-06,GB,web,none,,raw/gsc-16m-all/Chart.csv
gsc-16m-all,2025-09-20,0,3,0,9,property,date,complete,false,2025-08-01,2026-09-06,GB,web,none,,raw/gsc-16m-all/Chart.csv
gsc-16m-all,2025-09-21,0,7,0,8,property,date,complete,false,2025-08-01,2026-09-06,GB,web,none,,raw/gsc-16m-all/Chart.csv
gsc-16m-all,2025-09-22,0,5,0,6.2,property,date,complete,false,2025-08-01,2026-09-06,GB,web,none,,raw/gsc-16m-all/Chart.csv
gsc-16m-all,2025-09-23,1,11,0.0909,17.4,property,date,complete,false,2025-08-01,2026-09-06,GB,web,none,,raw/gsc-16m-all/Chart.csv
gsc-16m-all,2025-09-24,4,12,0.3333,11.7,property,date,complete,false,2025-08-01,2026-09-06,GB,web,none,,raw/gsc-16m-all/Chart.csv
gsc-16m-all,2025-09-25,0,3,0,7.3,property,date,complete,false,2025-08-01,2026-09-06,GB,web,none,,raw/gsc-16m-all/Chart.csv
gsc-16m-all,2025-09-26,0,5,0,14.4,property,date,complete,false,2025-08-01,2026-09-06,GB,web,none,,raw/gsc-16m-all/Chart.csv
gsc-16m-all,2025-09-27,0,6,0,8.3,property,date,complete,false,2025-08-01,2026-09-06,GB,web,none,,raw/gsc-16m-all/Chart.csv
gsc-16m-all,2025-09-28,0,9,0,22.2,property,date,complete,false,2025-08-01,2026-09-06,GB,web,none,,raw/gsc-16m-all/Chart.csv
gsc-16m-all,2025-09-29,0,8,0,6.6,property,date,complete,false,2025-08-01,2026-09-06,GB,web,none,,raw/gsc-16m-all/Chart.csv
gsc-16m-all,2025-09-30,2,13,0.1538,14.5,property,date,complete,false,2025-08-01,2026-09-06,GB,web,none,,raw/gsc-16m-all/Chart.csv
gsc-16m-all,2025-10-01,0,14,0,17.4,property,date,complete,false,2025-08-01,2026-09-06,GB,web,none,,raw/gsc-16m-all/Chart.csv
gsc-16m-all,2025-10-02,0,11,0,14.6,property,date,complete,false,2025-08-01,2026-09-06,GB,web,none,,raw/gsc-16m-all/Chart.csv
gsc-16m-all,2025-10-03,2,9,0.2222,9.6,property,date,complete,false,2025-08-01,2026-09-06,GB,web,none,,raw/gsc-16m-all/Chart.csv
gsc-16m-all,2025-10-04,0,7,0,8.4,property,date,complete,false,2025-08-01,2026-09-06,GB,web,none,,raw/gsc-16m-all/Chart.csv
gsc-16m-all,2025-10-05,0,7,0,12.7,property,date,complete,false,2025-08-01,2026-09-06,GB,web,none,,raw/gsc-16m-all/Chart.csv
gsc-16m-all,2025-10-06,2,17,0.1176,7.2,property,date,complete,false,2025-08-01,2026-09-06,GB,web,none,,raw/gsc-16m-all/Chart.csv
gsc-16m-all,2025-10-07,1,16,0.0625,9.3,property,date,complete,false,2025-08-01,2026-09-06,GB,web,none,,raw/gsc-16m-all/Chart.csv
gsc-16m-all,2025-10-08,0,12,0,17.8,property,date,complete,false,2025-08-01,2026-09-06,GB,web,none,,raw/gsc-16m-all/Chart.csv
gsc-16m-all,2025-10-09,1,8,0.125,9.5,property,date,complete,false,2025-08-01,2026-09-06,GB,web,none,,raw/gsc-16m-all/Chart.csv
gsc-16m-all,2025-10-10,0,11,0,8.5,property,date,complete,false,2025-08-01,2026-09-06,GB,web,none,,raw/gsc-16m-all/Chart.csv
gsc-16m-all,2025-10-11,0,8,0,8.8,property,date,complete,false,2025-08-01,2026-09-06,GB,web,none,,raw/gsc-16m-all/Chart.csv
gsc-16m-all,2025-10-12,0,10,0,17.3,property,date,complete,false,2025-08-01,2026-09-06,GB,web,none,,raw/gsc-16m-all/Chart.csv
gsc-16m-all,2025-10-13,1,10,0.1,10.2,property,date,complete,false,2025-08-01,2026-09-06,GB,web,none,,raw/gsc-16m-all/Chart.csv
gsc-16m-all,2025-10-14,0,13,0,10.1,property,date,complete,false,2025-08-01,2026-09-06,GB,web,none,,raw/gsc-16m-all/Chart.csv
gsc-16m-all,2025-10-15,0,14,0,15.6,property,date,complete,false,2025-08-01,2026-09-06,GB,web,none,,raw/gsc-16m-all/Chart.csv
gsc-16m-all,2025-10-16,0,12,0,9.9,property,date,complete,false,2025-08-01,2026-09-06,GB,web,none,,raw/gsc-16m-all/Chart.csv
gsc-16m-all,2025-10-17,1,6,0.1667,8.2,property,date,complete,false,2025-08-01,2026-09-06,GB,web,none,,raw/gsc-16m-all/Chart.csv
gsc-16m-all,2025-10-18,0,6,0,8.8,property,date,complete,false,2025-08-01,2026-09-06,GB,web,none,,raw/gsc-16m-all/Chart.csv
gsc-16m-all,2025-10-19,0,8,0,9.8,property,date,complete,false,2025-08-01,2026-09-06,GB,web,none,,raw/gsc-16m-all/Chart.csv
gsc-16m-all,2025-10-20,0,13,0,7.2,property,date,complete,false,2025-08-01,2026-09-06,GB,web,none,,raw/gsc-16m-all/Chart.csv
gsc-16m-all,2025-10-21,2,9,0.2222,9.9,property,date,complete,false,2025-08-01,2026-09-06,GB,web,none,,raw/gsc-16m-all/Chart.csv
gsc-16m-all,2025-10-22,0,19,0,19.6,property,date,complete,false,2025-08-01,2026-09-06,GB,web,none,,raw/gsc-16m-all/Chart.csv
gsc-16m-all,2025-10-23,0,7,0,7,property,date,complete,false,2025-08-01,2026-09-06,GB,web,none,,raw/gsc-16m-all/Chart.csv
gsc-16m-all,2025-10-24,0,11,0,9.4,property,date,complete,false,2025-08-01,2026-09-06,GB,web,none,,raw/gsc-16m-all/Chart.csv
gsc-16m-all,2025-10-25,0,11,0,8.5,property,date,complete,false,2025-08-01,2026-09-06,GB,web,none,,raw/gsc-16m-all/Chart.csv
gsc-16m-all,2025-10-26,0,8,0,8.4,property,date,complete,false,2025-08-01,2026-09-06,GB,web,none,,raw/gsc-16m-all/Chart.csv
gsc-16m-all,2025-10-27,0,8,0,7.9,property,date,complete,false,2025-08-01,2026-09-06,GB,web,none,,raw/gsc-16m-all/Chart.csv
gsc-16m-all,2025-10-28,0,24,0,6.6,property,date,complete,false,2025-08-01,2026-09-06,GB,web,none,,raw/gsc-16m-all/Chart.csv
gsc-16m-all,2025-10-29,0,29,0,13.3,property,date,complete,false,2025-08-01,2026-09-06,GB,web,none,,raw/gsc-16m-all/Chart.csv
gsc-16m-all,2025-10-30,0,12,0,5.3,property,date,complete,false,2025-08-01,2026-09-06,GB,web,none,,raw/gsc-16m-all/Chart.csv
gsc-16m-all,2025-10-31,0,18,0,13.5,property,date,complete,false,2025-08-01,2026-09-06,GB,web,none,,raw/gsc-16m-all/Chart.csv
gsc-16m-all,2025-11-01,0,11,0,7.7,property,date,complete,false,2025-08-01,2026-09-06,GB,web,none,,raw/gsc-16m-all/Chart.csv
gsc-16m-all,2025-11-02,0,9,0,10.1,property,date,complete,false,2025-08-01,2026-09-06,GB,web,none,,raw/gsc-16m-all/Chart.csv
gsc-16m-all,2025-11-03,3,39,0.0769,7.5,property,date,complete,false,2025-08-01,2026-09-06,GB,web,none,,raw/gsc-16m-all/Chart.csv
gsc-16m-all,2025-11-04,1,32,0.0312,4.8,property,date,complete,false,2025-08-01,2026-09-06,GB,web,none,,raw/gsc-16m-all/Chart.csv
gsc-16m-all,2025-11-05,1,82,0.0122,10.5,property,date,complete,false,2025-08-01,2026-09-06,GB,web,none,,raw/gsc-16m-all/Chart.csv
gsc-16m-all,2025-11-06,2,28,0.0714,9.5,property,date,complete,false,2025-08-01,2026-09-06,GB,web,none,,raw/gsc-16m-all/Chart.csv
gsc-16m-all,2025-11-07,0,24,0,15.7,property,date,complete,false,2025-08-01,2026-09-06,GB,web,none,,raw/gsc-16m-all/Chart.csv
gsc-16m-all,2025-11-08,0,31,0,15.1,property,date,complete,false,2025-08-01,2026-09-06,GB,web,none,,raw/gsc-16m-all/Chart.csv
gsc-16m-all,2025-11-09,0,23,0,9,property,date,complete,false,2025-08-01,2026-09-06,GB,web,none,,raw/gsc-16m-all/Chart.csv
gsc-16m-all,2025-11-10,2,34,0.0588,6.8,property,date,complete,false,2025-08-01,2026-09-06,GB,web,none,,raw/gsc-16m-all/Chart.csv
gsc-16m-all,2025-11-11,0,35,0,11.5,property,date,complete,false,2025-08-01,2026-09-06,GB,web,none,,raw/gsc-16m-all/Chart.csv
gsc-16m-all,2025-11-12,1,48,0.0208,13,property,date,complete,false,2025-08-01,2026-09-06,GB,web,none,,raw/gsc-16m-all/Chart.csv
gsc-16m-all,2025-11-13,2,40,0.05,11.4,property,date,complete,false,2025-08-01,2026-09-06,GB,web,none,,raw/gsc-16m-all/Chart.csv
gsc-16m-all,2025-11-14,0,40,0,9.9,property,date,complete,false,2025-08-01,2026-09-06,GB,web,none,,raw/gsc-16m-all/Chart.csv
gsc-16m-all,2025-11-15,3,50,0.06,6.9,property,date,complete,false,2025-08-01,2026-09-06,GB,web,none,,raw/gsc-16m-all/Chart.csv
gsc-16m-all,2025-11-16,0,38,0,6.1,property,date,complete,false,2025-08-01,2026-09-06,GB,web,none,,raw/gsc-16m-all/Chart.csv
gsc-16m-all,2025-11-17,0,55,0,14.7,property,date,complete,false,2025-08-01,2026-09-06,GB,web,none,,raw/gsc-16m-all/Chart.csv
gsc-16m-all,2025-11-18,3,66,0.0455,11.4,property,date,complete,false,2025-08-01,2026-09-06,GB,web,none,,raw/gsc-16m-all/Chart.csv
gsc-16m-all,2025-11-19,0,66,0,17.5,property,date,complete,false,2025-08-01,2026-09-06,GB,web,none,,raw/gsc-16m-all/Chart.csv
gsc-16m-all,2025-11-20,1,64,0.0156,13.5,property,date,complete,false,2025-08-01,2026-09-06,GB,web,none,,raw/gsc-16m-all/Chart.csv
gsc-16m-all,2025-11-21,0,49,0,8.1,property,date,complete,false,2025-08-01,2026-09-06,GB,web,none,,raw/gsc-16m-all/Chart.csv
gsc-16m-all,2025-11-22,1,43,0.0233,15.4,property,date,complete,false,2025-08-01,2026-09-06,GB,web,none,,raw/gsc-16m-all/Chart.csv
gsc-16m-all,2025-11-23,0,38,0,6.6,property,date,complete,false,2025-08-01,2026-09-06,GB,web,none,,raw/gsc-16m-all/Chart.csv
gsc-16m-all,2025-11-24,0,45,0,8,property,date,complete,false,2025-08-01,2026-09-06,GB,web,none,,raw/gsc-16m-all/Chart.csv
gsc-16m-all,2025-11-25,2,50,0.04,7.1,property,date,complete,false,2025-08-01,2026-09-06,GB,web,none,,raw/gsc-16m-all/Chart.csv
gsc-16m-all,2025-11-26,0,84,0,12.6,property,date,complete,false,2025-08-01,2026-09-06,GB,web,none,,raw/gsc-16m-all/Chart.csv
gsc-16m-all,2025-11-27,0,69,0,8.4,property,date,complete,false,2025-08-01,2026-09-06,GB,web,none,,raw/gsc-16m-all/Chart.csv
gsc-16m-all,2025-11-28,0,58,0,9.8,property,date,complete,false,2025-08-01,2026-09-06,GB,web,none,,raw/gsc-16m-all/Chart.csv
gsc-16m-all,2025-11-29,0,47,0,9.8,property,date,complete,false,2025-08-01,2026-09-06,GB,web,none,,raw/gsc-16m-all/Chart.csv
gsc-16m-all,2025-11-30,1,49,0.0204,7.6,property,date,complete,false,2025-08-01,2026-09-06,GB,web,none,,raw/gsc-16m-all/Chart.csv
gsc-16m-all,2025-12-01,3,76,0.0395,6.2,property,date,complete,false,2025-08-01,2026-09-06,GB,web,none,,raw/gsc-16m-all/Chart.csv
gsc-16m-all,2025-12-02,1,76,0.0132,5.4,property,date,complete,false,2025-08-01,2026-09-06,GB,web,none,,raw/gsc-16m-all/Chart.csv
gsc-16m-all,2025-12-03,0,71,0,11.5,property,date,complete,false,2025-08-01,2026-09-06,GB,web,none,,raw/gsc-16m-all/Chart.csv
gsc-16m-all,2025-12-04,5,78,0.0641,10,property,date,complete,false,2025-08-01,2026-09-06,GB,web,none,,raw/gsc-16m-all/Chart.csv
gsc-16m-all,2025-12-05,0,61,0,8.2,property,date,complete,false,2025-08-01,2026-09-06,GB,web,none,,raw/gsc-16m-all/Chart.csv
gsc-16m-all,2025-12-06,0,49,0,9.4,property,date,complete,false,2025-08-01,2026-09-06,GB,web,none,,raw/gsc-16m-all/Chart.csv
gsc-16m-all,2025-12-07,1,55,0.0182,9.6,property,date,complete,false,2025-08-01,2026-09-06,GB,web,none,,raw/gsc-16m-all/Chart.csv
gsc-16m-all,2025-12-08,2,58,0.0345,9.1,property,date,complete,false,2025-08-01,2026-09-06,GB,web,none,,raw/gsc-16m-all/Chart.csv
gsc-16m-all,2025-12-09,2,67,0.0299,10.1,property,date,complete,false,2025-08-01,2026-09-06,GB,web,none,,raw/gsc-16m-all/Chart.csv
gsc-16m-all,2025-12-10,0,68,0,13.6,property,date,complete,false,2025-08-01,2026-09-06,GB,web,none,,raw/gsc-16m-all/Chart.csv
gsc-16m-all,2025-12-11,1,57,0.0175,21.1,property,date,complete,false,2025-08-01,2026-09-06,GB,web,none,,raw/gsc-16m-all/Chart.csv
gsc-16m-all,2025-12-12,0,40,0,15.3,property,date,complete,false,2025-08-01,2026-09-06,GB,web,none,,raw/gsc-16m-all/Chart.csv
gsc-16m-all,2025-12-13,0,24,0,10.5,property,date,complete,false,2025-08-01,2026-09-06,GB,web,none,,raw/gsc-16m-all/Chart.csv
gsc-16m-all,2025-12-14,2,58,0.0345,13.6,property,date,complete,false,2025-08-01,2026-09-06,GB,web,none,,raw/gsc-16m-all/Chart.csv
gsc-16m-all,2025-12-15,0,60,0,13.2,property,date,complete,false,2025-08-01,2026-09-06,GB,web,none,,raw/gsc-16m-all/Chart.csv
gsc-16m-all,2025-12-16,0,36,0,18,property,date,complete,false,2025-08-01,2026-09-06,GB,web,none,,raw/gsc-16m-all/Chart.csv
gsc-16m-all,2025-12-17,0,63,0,16,property,date,complete,false,2025-08-01,2026-09-06,GB,web,none,,raw/gsc-16m-all/Chart.csv
gsc-16m-all,2025-12-18,2,53,0.0377,27.4,property,date,complete,false,2025-08-01,2026-09-06,GB,web,none,,raw/gsc-16m-all/Chart.csv
gsc-16m-all,2025-12-19,1,32,0.0312,15.9,property,date,complete,false,2025-08-01,2026-09-06,GB,web,none,,raw/gsc-16m-all/Chart.csv
gsc-16m-all,2025-12-20,1,36,0.0278,14.1,property,date,complete,false,2025-08-01,2026-09-06,GB,web,none,,raw/gsc-16m-all/Chart.csv
gsc-16m-all,2025-12-21,0,35,0,16.2,property,date,complete,false,2025-08-01,2026-09-06,GB,web,none,,raw/gsc-16m-all/Chart.csv
gsc-16m-all,2025-12-22,1,45,0.0222,16.2,property,date,complete,false,2025-08-01,2026-09-06,GB,web,none,,raw/gsc-16m-all/Chart.csv
gsc-16m-all,2025-12-23,1,54,0.0185,31.2,property,date,complete,false,2025-08-01,2026-09-06,GB,web,none,,raw/gsc-16m-all/Chart.csv
gsc-16m-all,2025-12-24,0,60,0,25,property,date,complete,false,2025-08-01,2026-09-06,GB,web,none,,raw/gsc-16m-all/Chart.csv
gsc-16m-all,2025-12-25,1,43,0.0233,41.2,property,date,complete,false,2025-08-01,2026-09-06,GB,web,none,,raw/gsc-16m-all/Chart.csv
gsc-16m-all,2025-12-26,0,49,0,17.3,property,date,complete,false,2025-08-01,2026-09-06,GB,web,none,,raw/gsc-16m-all/Chart.csv
gsc-16m-all,2025-12-27,2,44,0.0455,12.8,property,date,complete,false,2025-08-01,2026-09-06,GB,web,none,,raw/gsc-16m-all/Chart.csv
gsc-16m-all,2025-12-28,0,43,0,14.7,property,date,complete,false,2025-08-01,2026-09-06,GB,web,none,,raw/gsc-16m-all/Chart.csv
gsc-16m-all,2025-12-29,0,55,0,12.7,property,date,complete,false,2025-08-01,2026-09-06,GB,web,none,,raw/gsc-16m-all/Chart.csv
gsc-16m-all,2025-12-30,1,68,0.0147,13.9,property,date,complete,false,2025-08-01,2026-09-06,GB,web,none,,raw/gsc-16m-all/Chart.csv
gsc-16m-all,2025-12-31,3,52,0.0577,19.7,property,date,complete,false,2025-08-01,2026-09-06,GB,web,none,,raw/gsc-16m-all/Chart.csv
gsc-16m-all,2026-01-01,1,56,0.0179,22.5,property,date,complete,false,2025-08-01,2026-09-06,GB,web,none,,raw/gsc-16m-all/Chart.csv
gsc-16m-all,2026-01-02,1,48,0.0208,17.6,property,date,complete,false,2025-08-01,2026-09-06,GB,web,none,,raw/gsc-16m-all/Chart.csv
gsc-16m-all,2026-01-03,1,67,0.0149,12.5,property,date,complete,false,2025-08-01,2026-09-06,GB,web,none,,raw/gsc-16m-all/Chart.csv
gsc-16m-all,2026-01-04,1,74,0.0135,12,property,date,complete,false,2025-08-01,2026-09-06,GB,web,none,,raw/gsc-16m-all/Chart.csv
gsc-16m-all,2026-01-05,0,59,0,20.1,property,date,complete,false,2025-08-01,2026-09-06,GB,web,none,,raw/gsc-16m-all/Chart.csv
gsc-16m-all,2026-01-06,4,118,0.0339,10.8,property,date,complete,false,2025-08-01,2026-09-06,GB,web,none,,raw/gsc-16m-all/Chart.csv
gsc-16m-all,2026-01-07,1,101,0.0099,17.4,property,date,complete,false,2025-08-01,2026-09-06,GB,web,none,,raw/gsc-16m-all/Chart.csv
gsc-16m-all,2026-01-08,0,83,0,10.7,property,date,complete,false,2025-08-01,2026-09-06,GB,web,none,,raw/gsc-16m-all/Chart.csv
gsc-16m-all,2026-01-09,5,99,0.0505,22.8,property,date,complete,false,2025-08-01,2026-09-06,GB,web,none,,raw/gsc-16m-all/Chart.csv
gsc-16m-all,2026-01-10,0,121,0,16.4,property,date,complete,false,2025-08-01,2026-09-06,GB,web,none,,raw/gsc-16m-all/Chart.csv
gsc-16m-all,2026-01-11,2,89,0.0225,22.7,property,date,complete,false,2025-08-01,2026-09-06,GB,web,none,,raw/gsc-16m-all/Chart.csv
gsc-16m-all,2026-01-12,1,138,0.0072,17.6,property,date,complete,false,2025-08-01,2026-09-06,GB,web,none,,raw/gsc-16m-all/Chart.csv
gsc-16m-all,2026-01-13,2,154,0.013,15.1,property,date,complete,false,2025-08-01,2026-09-06,GB,web,none,,raw/gsc-16m-all/Chart.csv
gsc-16m-all,2026-01-14,3,142,0.0211,16.3,property,date,complete,false,2025-08-01,2026-09-06,GB,web,none,,raw/gsc-16m-all/Chart.csv
gsc-16m-all,2026-01-15,4,190,0.0211,12,property,date,complete,false,2025-08-01,2026-09-06,GB,web,none,,raw/gsc-16m-all/Chart.csv
gsc-16m-all,2026-01-16,3,134,0.0224,17.8,property,date,complete,false,2025-08-01,2026-09-06,GB,web,none,,raw/gsc-16m-all/Chart.csv
gsc-16m-all,2026-01-17,1,170,0.0059,16.4,property,date,complete,false,2025-08-01,2026-09-06,GB,web,none,,raw/gsc-16m-all/Chart.csv
gsc-16m-all,2026-01-18,2,228,0.0088,11.5,property,date,complete,false,2025-08-01,2026-09-06,GB,web,none,,raw/gsc-16m-all/Chart.csv
gsc-16m-all,2026-01-19,0,232,0,15,property,date,complete,false,2025-08-01,2026-09-06,GB,web,none,,raw/gsc-16m-all/Chart.csv
gsc-16m-all,2026-01-20,2,217,0.0092,17.8,property,date,complete,false,2025-08-01,2026-09-06,GB,web,none,,raw/gsc-16m-all/Chart.csv
gsc-16m-all,2026-01-21,1,238,0.0042,17.6,property,date,complete,false,2025-08-01,2026-09-06,GB,web,none,,raw/gsc-16m-all/Chart.csv
gsc-16m-all,2026-01-22,4,191,0.0209,16.3,property,date,complete,false,2025-08-01,2026-09-06,GB,web,none,,raw/gsc-16m-all/Chart.csv
gsc-16m-all,2026-01-23,1,207,0.0048,15.6,property,date,complete,false,2025-08-01,2026-09-06,GB,web,none,,raw/gsc-16m-all/Chart.csv
gsc-16m-all,2026-01-24,4,171,0.0234,17.5,property,date,complete,false,2025-08-01,2026-09-06,GB,web,none,,raw/gsc-16m-all/Chart.csv
gsc-16m-all,2026-01-25,2,185,0.0108,14.9,property,date,complete,false,2025-08-01,2026-09-06,GB,web,none,,raw/gsc-16m-all/Chart.csv
gsc-16m-all,2026-01-26,4,237,0.0169,14.3,property,date,complete,false,2025-08-01,2026-09-06,GB,web,none,,raw/gsc-16m-all/Chart.csv
gsc-16m-all,2026-01-27,3,196,0.0153,13.1,property,date,complete,false,2025-08-01,2026-09-06,GB,web,none,,raw/gsc-16m-all/Chart.csv
gsc-16m-all,2026-01-28,3,218,0.0138,14,property,date,complete,false,2025-08-01,2026-09-06,GB,web,none,,raw/gsc-16m-all/Chart.csv
gsc-16m-all,2026-01-29,3,215,0.014,12.2,property,date,complete,false,2025-08-01,2026-09-06,GB,web,none,,raw/gsc-16m-all/Chart.csv
gsc-16m-all,2026-01-30,5,257,0.0195,10.4,property,date,complete,false,2025-08-01,2026-09-06,GB,web,none,,raw/gsc-16m-all/Chart.csv
gsc-16m-all,2026-01-31,1,125,0.008,12.6,property,date,complete,false,2025-08-01,2026-09-06,GB,web,none,,raw/gsc-16m-all/Chart.csv
gsc-16m-all,2026-02-01,2,125,0.016,11.8,property,date,complete,false,2025-08-01,2026-09-06,GB,web,none,,raw/gsc-16m-all/Chart.csv
gsc-16m-all,2026-02-02,1,173,0.0058,11.2,property,date,complete,false,2025-08-01,2026-09-06,GB,web,none,,raw/gsc-16m-all/Chart.csv
gsc-16m-all,2026-02-03,3,158,0.019,9.5,property,date,complete,false,2025-08-01,2026-09-06,GB,web,none,,raw/gsc-16m-all/Chart.csv
gsc-16m-all,2026-02-04,2,194,0.0103,13.1,property,date,complete,false,2025-08-01,2026-09-06,GB,web,none,,raw/gsc-16m-all/Chart.csv
gsc-16m-all,2026-02-05,2,107,0.0187,13.9,property,date,complete,false,2025-08-01,2026-09-06,GB,web,none,,raw/gsc-16m-all/Chart.csv
gsc-16m-all,2026-02-06,1,103,0.0097,16.4,property,date,complete,false,2025-08-01,2026-09-06,GB,web,none,,raw/gsc-16m-all/Chart.csv
gsc-16m-all,2026-02-07,1,64,0.0156,9.2,property,date,complete,false,2025-08-01,2026-09-06,GB,web,none,,raw/gsc-16m-all/Chart.csv
gsc-16m-all,2026-02-08,4,83,0.0482,11.3,property,date,complete,false,2025-08-01,2026-09-06,GB,web,none,,raw/gsc-16m-all/Chart.csv
gsc-16m-all,2026-02-09,0,110,0,12.4,property,date,complete,false,2025-08-01,2026-09-06,GB,web,none,,raw/gsc-16m-all/Chart.csv
gsc-16m-all,2026-02-10,1,107,0.0093,9.1,property,date,complete,false,2025-08-01,2026-09-06,GB,web,none,,raw/gsc-16m-all/Chart.csv
gsc-16m-all,2026-02-11,2,105,0.019,11.6,property,date,complete,false,2025-08-01,2026-09-06,GB,web,none,,raw/gsc-16m-all/Chart.csv
gsc-16m-all,2026-02-12,1,105,0.0095,14,property,date,complete,false,2025-08-01,2026-09-06,GB,web,none,,raw/gsc-16m-all/Chart.csv
gsc-16m-all,2026-02-13,1,75,0.0133,14.8,property,date,complete,false,2025-08-01,2026-09-06,GB,web,none,,raw/gsc-16m-all/Chart.csv
gsc-16m-all,2026-02-14,0,79,0,16.1,property,date,complete,false,2025-08-01,2026-09-06,GB,web,none,,raw/gsc-16m-all/Chart.csv
gsc-16m-all,2026-02-15,0,89,0,11.5,property,date,complete,false,2025-08-01,2026-09-06,GB,web,none,,raw/gsc-16m-all/Chart.csv
gsc-16m-all,2026-02-16,2,97,0.0206,13.9,property,date,complete,false,2025-08-01,2026-09-06,GB,web,none,,raw/gsc-16m-all/Chart.csv
gsc-16m-all,2026-02-17,1,129,0.0078,11.7,property,date,complete,false,2025-08-01,2026-09-06,GB,web,none,,raw/gsc-16m-all/Chart.csv
gsc-16m-all,2026-02-18,1,128,0.0078,11,property,date,complete,false,2025-08-01,2026-09-06,GB,web,none,,raw/gsc-16m-all/Chart.csv
gsc-16m-all,2026-02-19,1,112,0.0089,11.1,property,date,complete,false,2025-08-01,2026-09-06,GB,web,none,,raw/gsc-16m-all/Chart.csv
gsc-16m-all,2026-02-20,0,112,0,12.6,property,date,complete,false,2025-08-01,2026-09-06,GB,web,none,,raw/gsc-16m-all/Chart.csv
gsc-16m-all,2026-02-21,0,73,0,14.1,property,date,complete,false,2025-08-01,2026-09-06,GB,web,none,,raw/gsc-16m-all/Chart.csv
gsc-16m-all,2026-02-22,1,85,0.0118,12.6,property,date,complete,false,2025-08-01,2026-09-06,GB,web,none,,raw/gsc-16m-all/Chart.csv
gsc-16m-all,2026-02-23,3,82,0.0366,9.2,property,date,complete,false,2025-08-01,2026-09-06,GB,web,none,,raw/gsc-16m-all/Chart.csv
gsc-16m-all,2026-02-24,2,91,0.022,10.4,property,date,complete,false,2025-08-01,2026-09-06,GB,web,none,,raw/gsc-16m-all/Chart.csv
gsc-16m-all,2026-02-25,1,95,0.0105,14,property,date,complete,false,2025-08-01,2026-09-06,GB,web,none,,raw/gsc-16m-all/Chart.csv
gsc-16m-all,2026-02-26,1,87,0.0115,10.7,property,date,complete,false,2025-08-01,2026-09-06,GB,web,none,,raw/gsc-16m-all/Chart.csv
gsc-16m-all,2026-02-27,0,67,0,16.2,property,date,complete,false,2025-08-01,2026-09-06,GB,web,none,,raw/gsc-16m-all/Chart.csv
gsc-16m-all,2026-02-28,0,63,0,12.2,property,date,complete,false,2025-08-01,2026-09-06,GB,web,none,,raw/gsc-16m-all/Chart.csv
gsc-16m-all,2026-03-01,1,52,0.0192,13.5,property,date,complete,false,2025-08-01,2026-09-06,GB,web,none,,raw/gsc-16m-all/Chart.csv
gsc-16m-all,2026-03-02,2,96,0.0208,12.9,property,date,complete,false,2025-08-01,2026-09-06,GB,web,none,,raw/gsc-16m-all/Chart.csv
gsc-16m-all,2026-03-03,3,78,0.0385,12,property,date,complete,false,2025-08-01,2026-09-06,GB,web,none,,raw/gsc-16m-all/Chart.csv
gsc-16m-all,2026-03-04,2,86,0.0233,12.7,property,date,complete,false,2025-08-01,2026-09-06,GB,web,none,,raw/gsc-16m-all/Chart.csv
gsc-16m-all,2026-03-05,0,71,0,13.4,property,date,complete,false,2025-08-01,2026-09-06,GB,web,none,,raw/gsc-16m-all/Chart.csv
gsc-16m-all,2026-03-06,5,125,0.04,17.2,property,date,complete,false,2025-08-01,2026-09-06,GB,web,none,,raw/gsc-16m-all/Chart.csv
gsc-16m-all,2026-03-07,0,92,0,15.3,property,date,complete,false,2025-08-01,2026-09-06,GB,web,none,,raw/gsc-16m-all/Chart.csv
gsc-16m-all,2026-03-08,2,70,0.0286,16.9,property,date,complete,false,2025-08-01,2026-09-06,GB,web,none,,raw/gsc-16m-all/Chart.csv
gsc-16m-all,2026-03-09,1,111,0.009,13.6,property,date,complete,false,2025-08-01,2026-09-06,GB,web,none,,raw/gsc-16m-all/Chart.csv
gsc-16m-all,2026-03-10,0,101,0,11.1,property,date,complete,false,2025-08-01,2026-09-06,GB,web,none,,raw/gsc-16m-all/Chart.csv
gsc-16m-all,2026-03-11,4,102,0.0392,14.9,property,date,complete,false,2025-08-01,2026-09-06,GB,web,none,,raw/gsc-16m-all/Chart.csv
gsc-16m-all,2026-03-12,2,111,0.018,10.6,property,date,complete,false,2025-08-01,2026-09-06,GB,web,none,,raw/gsc-16m-all/Chart.csv
gsc-16m-all,2026-03-13,1,106,0.0094,13.7,property,date,complete,false,2025-08-01,2026-09-06,GB,web,none,,raw/gsc-16m-all/Chart.csv
gsc-16m-all,2026-03-14,0,102,0,14.7,property,date,complete,false,2025-08-01,2026-09-06,GB,web,none,,raw/gsc-16m-all/Chart.csv
gsc-16m-all,2026-03-15,1,83,0.012,12.8,property,date,complete,false,2025-08-01,2026-09-06,GB,web,none,,raw/gsc-16m-all/Chart.csv
gsc-16m-all,2026-03-16,0,136,0,15.6,property,date,complete,false,2025-08-01,2026-09-06,GB,web,none,,raw/gsc-16m-all/Chart.csv
gsc-16m-all,2026-03-17,7,95,0.0737,10.4,property,date,complete,false,2025-08-01,2026-09-06,GB,web,none,,raw/gsc-16m-all/Chart.csv
gsc-16m-all,2026-03-18,0,97,0,14.5,property,date,complete,false,2025-08-01,2026-09-06,GB,web,none,,raw/gsc-16m-all/Chart.csv
gsc-16m-all,2026-03-19,0,102,0,14,property,date,complete,false,2025-08-01,2026-09-06,GB,web,none,,raw/gsc-16m-all/Chart.csv
gsc-16m-all,2026-03-20,1,107,0.0093,15,property,date,complete,false,2025-08-01,2026-09-06,GB,web,none,,raw/gsc-16m-all/Chart.csv
gsc-16m-all,2026-03-21,1,92,0.0109,14,property,date,complete,false,2025-08-01,2026-09-06,GB,web,none,,raw/gsc-16m-all/Chart.csv
gsc-16m-all,2026-03-22,1,99,0.0101,11.1,property,date,complete,false,2025-08-01,2026-09-06,GB,web,none,,raw/gsc-16m-all/Chart.csv
gsc-16m-all,2026-03-23,3,96,0.0312,9.9,property,date,complete,false,2025-08-01,2026-09-06,GB,web,none,,raw/gsc-16m-all/Chart.csv
gsc-16m-all,2026-03-24,4,100,0.04,9.4,property,date,complete,false,2025-08-01,2026-09-06,GB,web,none,,raw/gsc-16m-all/Chart.csv
gsc-16m-all,2026-03-25,3,129,0.0233,17.2,property,date,complete,false,2025-08-01,2026-09-06,GB,web,none,,raw/gsc-16m-all/Chart.csv
gsc-16m-all,2026-03-26,1,94,0.0106,10.4,property,date,complete,false,2025-08-01,2026-09-06,GB,web,none,,raw/gsc-16m-all/Chart.csv
gsc-16m-all,2026-03-27,0,96,0,14.3,property,date,complete,false,2025-08-01,2026-09-06,GB,web,none,,raw/gsc-16m-all/Chart.csv
gsc-16m-all,2026-03-28,2,92,0.0217,16.6,property,date,complete,false,2025-08-01,2026-09-06,GB,web,none,,raw/gsc-16m-all/Chart.csv
gsc-16m-all,2026-03-29,0,84,0,13.1,property,date,complete,false,2025-08-01,2026-09-06,GB,web,none,,raw/gsc-16m-all/Chart.csv
gsc-16m-all,2026-03-30,3,114,0.0263,15.8,property,date,complete,false,2025-08-01,2026-09-06,GB,web,none,,raw/gsc-16m-all/Chart.csv
gsc-16m-all,2026-03-31,3,125,0.024,11.8,property,date,complete,false,2025-08-01,2026-09-06,GB,web,none,,raw/gsc-16m-all/Chart.csv
gsc-16m-all,2026-04-01,1,122,0.0082,10.1,property,date,complete,false,2025-08-01,2026-09-06,GB,web,none,,raw/gsc-16m-all/Chart.csv
gsc-16m-all,2026-04-02,2,104,0.0192,14.4,property,date,complete,false,2025-08-01,2026-09-06,GB,web,none,,raw/gsc-16m-all/Chart.csv
gsc-16m-all,2026-04-03,3,187,0.016,11.6,property,date,complete,false,2025-08-01,2026-09-06,GB,web,none,,raw/gsc-16m-all/Chart.csv
gsc-16m-all,2026-04-04,2,94,0.0213,13.7,property,date,complete,false,2025-08-01,2026-09-06,GB,web,none,,raw/gsc-16m-all/Chart.csv
gsc-16m-all,2026-04-05,1,146,0.0068,14.7,property,date,complete,false,2025-08-01,2026-09-06,GB,web,none,,raw/gsc-16m-all/Chart.csv
gsc-16m-all,2026-04-06,1,174,0.0057,13.2,property,date,complete,false,2025-08-01,2026-09-06,GB,web,none,,raw/gsc-16m-all/Chart.csv
gsc-16m-all,2026-04-07,2,217,0.0092,14.7,property,date,complete,false,2025-08-01,2026-09-06,GB,web,none,,raw/gsc-16m-all/Chart.csv
gsc-16m-all,2026-04-08,2,174,0.0115,12.4,property,date,complete,false,2025-08-01,2026-09-06,GB,web,none,,raw/gsc-16m-all/Chart.csv
gsc-16m-all,2026-04-09,2,181,0.011,10.7,property,date,complete,false,2025-08-01,2026-09-06,GB,web,none,,raw/gsc-16m-all/Chart.csv
gsc-16m-all,2026-04-10,4,178,0.0225,12.7,property,date,complete,false,2025-08-01,2026-09-06,GB,web,none,,raw/gsc-16m-all/Chart.csv
gsc-16m-all,2026-04-11,2,139,0.0144,15,property,date,complete,false,2025-08-01,2026-09-06,GB,web,none,,raw/gsc-16m-all/Chart.csv
gsc-16m-all,2026-04-12,1,149,0.0067,13,property,date,complete,false,2025-08-01,2026-09-06,GB,web,none,,raw/gsc-16m-all/Chart.csv
gsc-16m-all,2026-04-13,1,142,0.007,14.3,property,date,complete,false,2025-08-01,2026-09-06,GB,web,none,,raw/gsc-16m-all/Chart.csv
gsc-16m-all,2026-04-14,3,119,0.0252,13.7,property,date,complete,false,2025-08-01,2026-09-06,GB,web,none,,raw/gsc-16m-all/Chart.csv
gsc-16m-all,2026-04-15,3,185,0.0162,13.9,property,date,complete,false,2025-08-01,2026-09-06,GB,web,none,,raw/gsc-16m-all/Chart.csv
gsc-16m-all,2026-04-16,2,144,0.0139,12.5,property,date,complete,false,2025-08-01,2026-09-06,GB,web,none,,raw/gsc-16m-all/Chart.csv
gsc-16m-all,2026-04-17,2,121,0.0165,14.4,property,date,complete,false,2025-08-01,2026-09-06,GB,web,none,,raw/gsc-16m-all/Chart.csv
gsc-16m-all,2026-04-18,3,99,0.0303,15.6,property,date,complete,false,2025-08-01,2026-09-06,GB,web,none,,raw/gsc-16m-all/Chart.csv
gsc-16m-all,2026-04-19,0,124,0,13.2,property,date,complete,false,2025-08-01,2026-09-06,GB,web,none,,raw/gsc-16m-all/Chart.csv
gsc-16m-all,2026-04-20,0,131,0,15.9,property,date,complete,false,2025-08-01,2026-09-06,GB,web,none,,raw/gsc-16m-all/Chart.csv
gsc-16m-all,2026-04-21,4,140,0.0286,15.3,property,date,complete,false,2025-08-01,2026-09-06,GB,web,none,,raw/gsc-16m-all/Chart.csv
gsc-16m-all,2026-04-22,0,153,0,16.7,property,date,complete,false,2025-08-01,2026-09-06,GB,web,none,,raw/gsc-16m-all/Chart.csv
gsc-16m-all,2026-04-23,1,110,0.0091,17.1,property,date,complete,false,2025-08-01,2026-09-06,GB,web,none,,raw/gsc-16m-all/Chart.csv
gsc-16m-all,2026-04-24,0,114,0,14.7,property,date,complete,false,2025-08-01,2026-09-06,GB,web,none,,raw/gsc-16m-all/Chart.csv
gsc-16m-all,2026-04-25,0,98,0,16.1,property,date,complete,false,2025-08-01,2026-09-06,GB,web,none,,raw/gsc-16m-all/Chart.csv
gsc-16m-all,2026-04-26,5,117,0.0427,14,property,date,complete,false,2025-08-01,2026-09-06,GB,web,none,,raw/gsc-16m-all/Chart.csv
gsc-16m-all,2026-04-27,3,128,0.0234,14.1,property,date,complete,false,2025-08-01,2026-09-06,GB,web,none,,raw/gsc-16m-all/Chart.csv
gsc-16m-all,2026-04-28,1,117,0.0085,12,property,date,complete,false,2025-08-01,2026-09-06,GB,web,none,,raw/gsc-16m-all/Chart.csv
gsc-16m-all,2026-04-29,2,138,0.0145,14.2,property,date,complete,false,2025-08-01,2026-09-06,GB,web,none,,raw/gsc-16m-all/Chart.csv
gsc-16m-all,2026-04-30,3,104,0.0288,12.2,property,date,complete,false,2025-08-01,2026-09-06,GB,web,none,,raw/gsc-16m-all/Chart.csv
gsc-16m-all,2026-05-01,6,114,0.0526,13,property,date,complete,false,2025-08-01,2026-09-06,GB,web,none,,raw/gsc-16m-all/Chart.csv
gsc-16m-all,2026-05-02,1,88,0.0114,13.6,property,date,complete,false,2025-08-01,2026-09-06,GB,web,none,,raw/gsc-16m-all/Chart.csv
gsc-16m-all,2026-05-03,0,110,0,12.2,property,date,complete,false,2025-08-01,2026-09-06,GB,web,none,,raw/gsc-16m-all/Chart.csv
gsc-16m-all,2026-05-04,1,114,0.0088,12.3,property,date,complete,false,2025-08-01,2026-09-06,GB,web,none,,raw/gsc-16m-all/Chart.csv
gsc-16m-all,2026-05-05,2,175,0.0114,15.2,property,date,complete,false,2025-08-01,2026-09-06,GB,web,none,,raw/gsc-16m-all/Chart.csv
gsc-16m-all,2026-05-06,0,129,0,14.4,property,date,complete,false,2025-08-01,2026-09-06,GB,web,none,,raw/gsc-16m-all/Chart.csv
gsc-16m-all,2026-05-07,3,138,0.0217,13.5,property,date,complete,false,2025-08-01,2026-09-06,GB,web,none,,raw/gsc-16m-all/Chart.csv
gsc-16m-all,2026-05-08,1,146,0.0068,14.3,property,date,complete,false,2025-08-01,2026-09-06,GB,web,none,,raw/gsc-16m-all/Chart.csv
gsc-16m-all,2026-05-09,0,108,0,13.3,property,date,complete,false,2025-08-01,2026-09-06,GB,web,none,,raw/gsc-16m-all/Chart.csv
gsc-16m-all,2026-05-10,2,123,0.0163,16,property,date,complete,false,2025-08-01,2026-09-06,GB,web,none,,raw/gsc-16m-all/Chart.csv
gsc-16m-all,2026-05-11,1,146,0.0068,14.6,property,date,complete,false,2025-08-01,2026-09-06,GB,web,none,,raw/gsc-16m-all/Chart.csv
gsc-16m-all,2026-05-12,1,137,0.0073,12.4,property,date,complete,false,2025-08-01,2026-09-06,GB,web,none,,raw/gsc-16m-all/Chart.csv
gsc-16m-all,2026-05-13,4,148,0.027,13,property,date,complete,false,2025-08-01,2026-09-06,GB,web,none,,raw/gsc-16m-all/Chart.csv
gsc-16m-all,2026-05-14,1,131,0.0076,12.6,property,date,complete,false,2025-08-01,2026-09-06,GB,web,none,,raw/gsc-16m-all/Chart.csv
gsc-16m-all,2026-05-15,1,111,0.009,11.9,property,date,complete,false,2025-08-01,2026-09-06,GB,web,none,,raw/gsc-16m-all/Chart.csv
gsc-16m-all,2026-05-16,1,116,0.0086,11.4,property,date,complete,false,2025-08-01,2026-09-06,GB,web,none,,raw/gsc-16m-all/Chart.csv
gsc-16m-all,2026-05-17,4,178,0.0225,15.1,property,date,complete,false,2025-08-01,2026-09-06,GB,web,none,,raw/gsc-16m-all/Chart.csv
gsc-16m-all,2026-05-18,1,202,0.005,13.3,property,date,complete,false,2025-08-01,2026-09-06,GB,web,none,,raw/gsc-16m-all/Chart.csv
gsc-16m-all,2026-05-19,5,296,0.0169,9.7,property,date,complete,false,2025-08-01,2026-09-06,GB,web,none,,raw/gsc-16m-all/Chart.csv
gsc-16m-all,2026-05-20,7,177,0.0395,13.9,property,date,complete,false,2025-08-01,2026-09-06,GB,web,none,,raw/gsc-16m-all/Chart.csv
gsc-16m-all,2026-05-21,3,139,0.0216,13.7,property,date,complete,false,2025-08-01,2026-09-06,GB,web,none,,raw/gsc-16m-all/Chart.csv
gsc-16m-all,2026-05-22,1,126,0.0079,12.5,property,date,complete,false,2025-08-01,2026-09-06,GB,web,none,,raw/gsc-16m-all/Chart.csv
gsc-16m-all,2026-05-23,2,119,0.0168,13.6,property,date,complete,false,2025-08-01,2026-09-06,GB,web,none,,raw/gsc-16m-all/Chart.csv
gsc-16m-all,2026-05-24,3,118,0.0254,14.1,property,date,complete,false,2025-08-01,2026-09-06,GB,web,none,,raw/gsc-16m-all/Chart.csv
gsc-16m-all,2026-05-25,1,119,0.0084,16.2,property,date,complete,false,2025-08-01,2026-09-06,GB,web,none,,raw/gsc-16m-all/Chart.csv
gsc-16m-all,2026-05-26,7,199,0.0352,14.4,property,date,complete,false,2025-08-01,2026-09-06,GB,web,none,,raw/gsc-16m-all/Chart.csv
gsc-16m-all,2026-05-27,4,162,0.0247,11.6,property,date,complete,false,2025-08-01,2026-09-06,GB,web,none,,raw/gsc-16m-all/Chart.csv
gsc-16m-all,2026-05-28,2,164,0.0122,12.6,property,date,complete,false,2025-08-01,2026-09-06,GB,web,none,,raw/gsc-16m-all/Chart.csv
gsc-16m-all,2026-05-29,2,150,0.0133,11.8,property,date,complete,false,2025-08-01,2026-09-06,GB,web,none,,raw/gsc-16m-all/Chart.csv
gsc-16m-all,2026-05-30,1,142,0.007,12.1,property,date,complete,false,2025-08-01,2026-09-06,GB,web,none,,raw/gsc-16m-all/Chart.csv
gsc-16m-all,2026-05-31,4,155,0.0258,10.7,property,date,complete,false,2025-08-01,2026-09-06,GB,web,none,,raw/gsc-16m-all/Chart.csv
gsc-16m-all,2026-06-01,6,204,0.0294,11.1,property,date,complete,false,2025-08-01,2026-09-06,GB,web,none,,raw/gsc-16m-all/Chart.csv
gsc-16m-all,2026-06-02,0,180,0,10.3,property,date,complete,false,2025-08-01,2026-09-06,GB,web,none,,raw/gsc-16m-all/Chart.csv
gsc-16m-all,2026-06-03,7,220,0.0318,11.4,property,date,complete,false,2025-08-01,2026-09-06,GB,web,none,,raw/gsc-16m-all/Chart.csv
gsc-16m-all,2026-06-04,0,177,0,10.2,property,date,complete,false,2025-08-01,2026-09-06,GB,web,none,,raw/gsc-16m-all/Chart.csv
gsc-16m-all,2026-06-05,3,179,0.0168,10.6,property,date,complete,false,2025-08-01,2026-09-06,GB,web,none,,raw/gsc-16m-all/Chart.csv
gsc-16m-all,2026-06-06,4,180,0.0222,13.7,property,date,complete,false,2025-08-01,2026-09-06,GB,web,none,,raw/gsc-16m-all/Chart.csv
gsc-16m-all,2026-06-07,1,168,0.006,12.8,property,date,complete,false,2025-08-01,2026-09-06,GB,web,none,,raw/gsc-16m-all/Chart.csv
gsc-16m-all,2026-06-08,6,242,0.0248,12,property,date,complete,false,2025-08-01,2026-09-06,GB,web,none,,raw/gsc-16m-all/Chart.csv
gsc-16m-all,2026-06-09,5,239,0.0209,10.4,property,date,complete,false,2025-08-01,2026-09-06,GB,web,none,,raw/gsc-16m-all/Chart.csv
gsc-16m-all,2026-06-10,5,225,0.0222,9.5,property,date,complete,false,2025-08-01,2026-09-06,GB,web,none,,raw/gsc-16m-all/Chart.csv
gsc-16m-all,2026-06-11,5,218,0.0229,11.3,property,date,complete,false,2025-08-01,2026-09-06,GB,web,none,,raw/gsc-16m-all/Chart.csv
gsc-16m-all,2026-06-12,2,172,0.0116,12.6,property,date,complete,false,2025-08-01,2026-09-06,GB,web,none,,raw/gsc-16m-all/Chart.csv
gsc-16m-all,2026-06-13,7,189,0.037,11.2,property,date,complete,false,2025-08-01,2026-09-06,GB,web,none,,raw/gsc-16m-all/Chart.csv
gsc-16m-all,2026-06-14,3,171,0.0175,12.3,property,date,complete,false,2025-08-01,2026-09-06,GB,web,none,,raw/gsc-16m-all/Chart.csv
gsc-16m-all,2026-06-15,3,187,0.016,12,property,date,complete,false,2025-08-01,2026-09-06,GB,web,none,,raw/gsc-16m-all/Chart.csv
gsc-16m-all,2026-06-16,6,219,0.0274,11.3,property,date,complete,false,2025-08-01,2026-09-06,GB,web,none,,raw/gsc-16m-all/Chart.csv
gsc-16m-all,2026-06-17,0,199,0,14,property,date,complete,false,2025-08-01,2026-09-06,GB,web,none,,raw/gsc-16m-all/Chart.csv
gsc-16m-all,2026-06-18,5,296,0.0169,16.6,property,date,complete,false,2025-08-01,2026-09-06,GB,web,none,,raw/gsc-16m-all/Chart.csv
gsc-16m-all,2026-06-19,1,291,0.0034,13.5,property,date,complete,false,2025-08-01,2026-09-06,GB,web,none,,raw/gsc-16m-all/Chart.csv
gsc-16m-all,2026-06-20,2,224,0.0089,14.6,property,date,complete,false,2025-08-01,2026-09-06,GB,web,none,,raw/gsc-16m-all/Chart.csv
gsc-16m-all,2026-06-21,1,175,0.0057,15.5,property,date,complete,false,2025-08-01,2026-09-06,GB,web,none,,raw/gsc-16m-all/Chart.csv
gsc-16m-all,2026-06-22,3,233,0.0129,16.8,property,date,complete,false,2025-08-01,2026-09-06,GB,web,none,,raw/gsc-16m-all/Chart.csv
gsc-16m-all,2026-06-23,4,174,0.023,11.9,property,date,complete,false,2025-08-01,2026-09-06,GB,web,none,,raw/gsc-16m-all/Chart.csv
gsc-16m-all,2026-06-24,5,221,0.0226,11.2,property,date,complete,false,2025-08-01,2026-09-06,GB,web,none,,raw/gsc-16m-all/Chart.csv
gsc-16m-all,2026-06-25,2,207,0.0097,12.1,property,date,complete,false,2025-08-01,2026-09-06,GB,web,none,,raw/gsc-16m-all/Chart.csv
gsc-16m-all,2026-06-26,1,242,0.0041,12.1,property,date,complete,false,2025-08-01,2026-09-06,GB,web,none,,raw/gsc-16m-all/Chart.csv
gsc-16m-all,2026-06-27,1,157,0.0064,13.6,property,date,complete,false,2025-08-01,2026-09-06,GB,web,none,,raw/gsc-16m-all/Chart.csv
gsc-16m-all,2026-06-28,2,190,0.0105,11.7,property,date,complete,false,2025-08-01,2026-09-06,GB,web,none,,raw/gsc-16m-all/Chart.csv
gsc-16m-all,2026-06-29,6,225,0.0267,11.8,property,date,complete,false,2025-08-01,2026-09-06,GB,web,none,,raw/gsc-16m-all/Chart.csv
gsc-16m-all,2026-06-30,3,269,0.0112,10.9,property,date,complete,false,2025-08-01,2026-09-06,GB,web,none,,raw/gsc-16m-all/Chart.csv
gsc-16m-all,2026-07-01,6,232,0.0259,11.2,property,date,complete,false,2025-08-01,2026-09-06,GB,web,none,,raw/gsc-16m-all/Chart.csv
gsc-16m-all,2026-07-02,3,243,0.0123,11.9,property,date,complete,false,2025-08-01,2026-09-06,GB,web,none,,raw/gsc-16m-all/Chart.csv
gsc-16m-all,2026-07-03,4,191,0.0209,12.1,property,date,complete,false,2025-08-01,2026-09-06,GB,web,none,,raw/gsc-16m-all/Chart.csv
gsc-16m-all,2026-07-04,6,237,0.0253,13.5,property,date,complete,false,2025-08-01,2026-09-06,GB,web,none,,raw/gsc-16m-all/Chart.csv
gsc-16m-all,2026-07-05,3,187,0.016,13.2,property,date,complete,false,2025-08-01,2026-09-06,GB,web,none,,raw/gsc-16m-all/Chart.csv
gsc-16m-all,2026-07-06,7,296,0.0236,16.1,property,date,complete,false,2025-08-01,2026-09-06,GB,web,none,,raw/gsc-16m-all/Chart.csv
gsc-16m-all,2026-07-07,7,271,0.0258,12.1,property,date,complete,false,2025-08-01,2026-09-06,GB,web,none,,raw/gsc-16m-all/Chart.csv
gsc-16m-all,2026-07-08,10,270,0.037,12.3,property,date,complete,false,2025-08-01,2026-09-06,GB,web,none,,raw/gsc-16m-all/Chart.csv
gsc-16m-all,2026-07-09,4,275,0.0145,11.8,property,date,complete,false,2025-08-01,2026-09-06,GB,web,none,,raw/gsc-16m-all/Chart.csv
gsc-16m-all,2026-07-10,5,225,0.0222,13.4,property,date,complete,false,2025-08-01,2026-09-06,GB,web,none,,raw/gsc-16m-all/Chart.csv
gsc-16m-all,2026-07-11,5,183,0.0273,14.7,property,date,complete,false,2025-08-01,2026-09-06,GB,web,none,,raw/gsc-16m-all/Chart.csv
gsc-16m-all,2026-07-12,2,204,0.0098,13.2,property,date,complete,false,2025-08-01,2026-09-06,GB,web,none,,raw/gsc-16m-all/Chart.csv
gsc-16m-all,2026-07-13,3,289,0.0104,12.2,property,date,complete,false,2025-08-01,2026-09-06,GB,web,none,,raw/gsc-16m-all/Chart.csv
gsc-16m-all,2026-07-14,8,267,0.03,10.2,property,date,complete,false,2025-08-01,2026-09-06,GB,web,none,,raw/gsc-16m-all/Chart.csv
gsc-16m-all,2026-07-15,5,254,0.0197,13,property,date,complete,false,2025-08-01,2026-09-06,GB,web,none,,raw/gsc-16m-all/Chart.csv
gsc-16m-all,2026-07-16,5,284,0.0176,10,property,date,complete,false,2025-08-01,2026-09-06,GB,web,none,,raw/gsc-16m-all/Chart.csv
gsc-16m-all,2026-07-17,4,277,0.0144,11,property,date,complete,false,2025-08-01,2026-09-06,GB,web,none,,raw/gsc-16m-all/Chart.csv
gsc-16m-all,2026-07-18,6,242,0.0248,11.8,property,date,complete,false,2025-08-01,2026-09-06,GB,web,none,,raw/gsc-16m-all/Chart.csv
gsc-16m-all,2026-07-19,2,203,0.0099,10.1,property,date,complete,false,2025-08-01,2026-09-06,GB,web,none,,raw/gsc-16m-all/Chart.csv
gsc-16m-all,2026-07-20,9,403,0.0223,14.9,property,date,complete,false,2025-08-01,2026-09-06,GB,web,none,,raw/gsc-16m-all/Chart.csv
gsc-16m-all,2026-07-21,2,378,0.0053,12.7,property,date,complete,false,2025-08-01,2026-09-06,GB,web,none,,raw/gsc-16m-all/Chart.csv
gsc-16m-all,2026-07-22,6,373,0.0161,10.9,property,date,complete,false,2025-08-01,2026-09-06,GB,web,none,,raw/gsc-16m-all/Chart.csv
gsc-16m-all,2026-07-23,8,414,0.0193,10.8,property,date,complete,false,2025-08-01,2026-09-06,GB,web,none,,raw/gsc-16m-all/Chart.csv
gsc-16m-all,2026-07-24,6,342,0.0175,14.2,property,date,complete,false,2025-08-01,2026-09-06,GB,web,none,,raw/gsc-16m-all/Chart.csv
gsc-16m-all,2026-07-25,9,218,0.0413,12.5,property,date,complete,false,2025-08-01,2026-09-06,GB,web,none,,raw/gsc-16m-all/Chart.csv
gsc-16m-all,2026-07-26,5,226,0.0221,10.3,property,date,complete,false,2025-08-01,2026-09-06,GB,web,none,,raw/gsc-16m-all/Chart.csv
gsc-16m-all,2026-07-27,6,345,0.0174,11.5,property,date,complete,false,2025-08-01,2026-09-06,GB,web,none,,raw/gsc-16m-all/Chart.csv
gsc-16m-all,2026-07-28,3,381,0.0079,10,property,date,complete,false,2025-08-01,2026-09-06,GB,web,none,,raw/gsc-16m-all/Chart.csv
gsc-16m-all,2026-07-29,4,329,0.0122,9.6,property,date,complete,false,2025-08-01,2026-09-06,GB,web,none,,raw/gsc-16m-all/Chart.csv
gsc-16m-all,2026-07-30,6,348,0.0172,10.1,property,date,complete,false,2025-08-01,2026-09-06,GB,web,none,,raw/gsc-16m-all/Chart.csv
gsc-16m-all,2026-07-31,13,293,0.0444,10.9,property,date,complete,false,2025-08-01,2026-09-06,GB,web,none,,raw/gsc-16m-all/Chart.csv
gsc-16m-all,2026-08-01,3,331,0.0091,11.4,property,date,complete,false,2025-08-01,2026-09-06,GB,web,none,,raw/gsc-16m-all/Chart.csv
gsc-16m-all,2026-08-02,6,283,0.0212,10.3,property,date,complete,false,2025-08-01,2026-09-06,GB,web,none,,raw/gsc-16m-all/Chart.csv
gsc-16m-all,2026-08-03,6,394,0.0152,11.4,property,date,complete,false,2025-08-01,2026-09-06,GB,web,none,,raw/gsc-16m-all/Chart.csv
gsc-16m-all,2026-08-04,6,389,0.0154,9,property,date,complete,false,2025-08-01,2026-09-06,GB,web,none,,raw/gsc-16m-all/Chart.csv
gsc-16m-all,2026-08-05,8,427,0.0187,9.5,property,date,complete,false,2025-08-01,2026-09-06,GB,web,none,,raw/gsc-16m-all/Chart.csv
gsc-16m-all,2026-08-06,6,355,0.0169,10.3,property,date,complete,false,2025-08-01,2026-09-06,GB,web,none,,raw/gsc-16m-all/Chart.csv
gsc-16m-all,2026-08-07,10,334,0.0299,9.7,property,date,complete,false,2025-08-01,2026-09-06,GB,web,none,,raw/gsc-16m-all/Chart.csv
gsc-16m-all,2026-08-08,3,267,0.0112,11.8,property,date,complete,false,2025-08-01,2026-09-06,GB,web,none,,raw/gsc-16m-all/Chart.csv
gsc-16m-all,2026-08-09,3,314,0.0096,10.1,property,date,complete,false,2025-08-01,2026-09-06,GB,web,none,,raw/gsc-16m-all/Chart.csv
gsc-16m-all,2026-08-10,10,464,0.0216,10.2,property,date,complete,false,2025-08-01,2026-09-06,GB,web,none,,raw/gsc-16m-all/Chart.csv
gsc-16m-all,2026-08-11,6,440,0.0136,9.9,property,date,complete,false,2025-08-01,2026-09-06,GB,web,none,,raw/gsc-16m-all/Chart.csv
gsc-16m-all,2026-08-12,5,439,0.0114,10.9,property,date,complete,false,2025-08-01,2026-09-06,GB,web,none,,raw/gsc-16m-all/Chart.csv
gsc-16m-all,2026-08-13,2,431,0.0046,10.5,property,date,complete,false,2025-08-01,2026-09-06,GB,web,none,,raw/gsc-16m-all/Chart.csv
gsc-16m-all,2026-08-14,5,385,0.013,9.8,property,date,complete,false,2025-08-01,2026-09-06,GB,web,none,,raw/gsc-16m-all/Chart.csv
gsc-16m-all,2026-08-15,3,338,0.0089,12.6,property,date,complete,false,2025-08-01,2026-09-06,GB,web,none,,raw/gsc-16m-all/Chart.csv
gsc-16m-all,2026-08-16,5,354,0.0141,10.6,property,date,complete,false,2025-08-01,2026-09-06,GB,web,none,,raw/gsc-16m-all/Chart.csv
gsc-16m-all,2026-08-17,7,508,0.0138,13.4,property,date,complete,false,2025-08-01,2026-09-06,GB,web,none,,raw/gsc-16m-all/Chart.csv
gsc-16m-all,2026-08-18,12,496,0.0242,9.2,property,date,complete,false,2025-08-01,2026-09-06,GB,web,none,,raw/gsc-16m-all/Chart.csv
gsc-16m-all,2026-08-19,11,510,0.0216,11.5,property,date,complete,false,2025-08-01,2026-09-06,GB,web,none,,raw/gsc-16m-all/Chart.csv
gsc-16m-all,2026-08-20,7,497,0.0141,9.8,property,date,complete,false,2025-08-01,2026-09-06,GB,web,none,,raw/gsc-16m-all/Chart.csv
gsc-16m-all,2026-08-21,8,463,0.0173,10.3,property,date,complete,false,2025-08-01,2026-09-06,GB,web,none,,raw/gsc-16m-all/Chart.csv
gsc-16m-all,2026-08-22,4,327,0.0122,11.5,property,date,complete,false,2025-08-01,2026-09-06,GB,web,none,,raw/gsc-16m-all/Chart.csv
gsc-16m-all,2026-08-23,7,375,0.0187,9.8,property,date,complete,false,2025-08-01,2026-09-06,GB,web,none,,raw/gsc-16m-all/Chart.csv
gsc-16m-all,2026-08-24,7,569,0.0123,9.3,property,date,complete,false,2025-08-01,2026-09-06,GB,web,none,,raw/gsc-16m-all/Chart.csv
gsc-16m-all,2026-08-25,3,555,0.0054,10.1,property,date,complete,false,2025-08-01,2026-09-06,GB,web,none,,raw/gsc-16m-all/Chart.csv
gsc-16m-all,2026-08-26,2,593,0.0034,9.6,property,date,complete,false,2025-08-01,2026-09-06,GB,web,none,,raw/gsc-16m-all/Chart.csv
gsc-16m-all,2026-08-27,4,529,0.0076,8.7,property,date,complete,false,2025-08-01,2026-09-06,GB,web,none,,raw/gsc-16m-all/Chart.csv
gsc-16m-all,2026-08-28,4,504,0.0079,9.1,property,date,complete,false,2025-08-01,2026-09-06,GB,web,none,,raw/gsc-16m-all/Chart.csv
gsc-16m-all,2026-08-29,3,449,0.0067,10.2,property,date,complete,false,2025-08-01,2026-09-06,GB,web,none,,raw/gsc-16m-all/Chart.csv
gsc-16m-all,2026-08-30,6,460,0.013,10.4,property,date,complete,false,2025-08-01,2026-09-06,GB,web,none,,raw/gsc-16m-all/Chart.csv
gsc-16m-all,2026-08-31,11,539,0.0204,11.4,property,date,complete,false,2025-08-01,2026-09-06,GB,web,none,,raw/gsc-16m-all/Chart.csv
gsc-16m-all,2026-09-01,11,809,0.0136,8.4,property,date,complete,false,2025-08-01,2026-09-06,GB,web,none,,raw/gsc-16m-all/Chart.csv
gsc-16m-all,2026-09-02,23,1302,0.0177,9.8,property,date,complete,false,2025-08-01,2026-09-06,GB,web,none,,raw/gsc-16m-all/Chart.csv
gsc-16m-all,2026-09-03,16,1095,0.0146,12.8,property,date,complete,false,2025-08-01,2026-09-06,GB,web,none,,raw/gsc-16m-all/Chart.csv
gsc-16m-all,2026-09-04,12,849,0.0141,11.4,property,date,complete,false,2025-08-01,2026-09-06,GB,web,none,,raw/gsc-16m-all/Chart.csv
gsc-16m-all,2026-09-05,9,613,0.0147,12.4,property,date,complete,false,2025-08-01,2026-09-06,GB,web,none,,raw/gsc-16m-all/Chart.csv
gsc-16m-all,2026-09-06,10,639,0.0156,11.2,property,date,complete,false,2025-08-01,2026-09-06,GB,web,none,,raw/gsc-16m-all/Chart.csv
gsc-3m-all,2026-06-07,1,168,0.006,12.8,property,date,complete,false,2026-06-07,2026-09-06,GB,web,none,,raw/gsc-3m-all/Chart.csv
gsc-3m-all,2026-06-08,6,242,0.0248,12,property,date,complete,false,2026-06-07,2026-09-06,GB,web,none,,raw/gsc-3m-all/Chart.csv
gsc-3m-all,2026-06-09,5,239,0.0209,10.4,property,date,complete,false,2026-06-07,2026-09-06,GB,web,none,,raw/gsc-3m-all/Chart.csv
gsc-3m-all,2026-06-10,5,225,0.0222,9.5,property,date,complete,false,2026-06-07,2026-09-06,GB,web,none,,raw/gsc-3m-all/Chart.csv
gsc-3m-all,2026-06-11,5,218,0.0229,11.3,property,date,complete,false,2026-06-07,2026-09-06,GB,web,none,,raw/gsc-3m-all/Chart.csv
gsc-3m-all,2026-06-12,2,172,0.0116,12.6,property,date,complete,false,2026-06-07,2026-09-06,GB,web,none,,raw/gsc-3m-all/Chart.csv
gsc-3m-all,2026-06-13,7,189,0.037,11.2,property,date,complete,false,2026-06-07,2026-09-06,GB,web,none,,raw/gsc-3m-all/Chart.csv
gsc-3m-all,2026-06-14,3,171,0.0175,12.3,property,date,complete,false,2026-06-07,2026-09-06,GB,web,none,,raw/gsc-3m-all/Chart.csv
gsc-3m-all,2026-06-15,3,187,0.016,12,property,date,complete,false,2026-06-07,2026-09-06,GB,web,none,,raw/gsc-3m-all/Chart.csv
gsc-3m-all,2026-06-16,6,219,0.0274,11.3,property,date,complete,false,2026-06-07,2026-09-06,GB,web,none,,raw/gsc-3m-all/Chart.csv
gsc-3m-all,2026-06-17,0,199,0,14,property,date,complete,false,2026-06-07,2026-09-06,GB,web,none,,raw/gsc-3m-all/Chart.csv
gsc-3m-all,2026-06-18,5,296,0.0169,16.6,property,date,complete,false,2026-06-07,2026-09-06,GB,web,none,,raw/gsc-3m-all/Chart.csv
gsc-3m-all,2026-06-19,1,291,0.0034,13.5,property,date,complete,false,2026-06-07,2026-09-06,GB,web,none,,raw/gsc-3m-all/Chart.csv
gsc-3m-all,2026-06-20,2,224,0.0089,14.6,property,date,complete,false,2026-06-07,2026-09-06,GB,web,none,,raw/gsc-3m-all/Chart.csv
gsc-3m-all,2026-06-21,1,175,0.0057,15.5,property,date,complete,false,2026-06-07,2026-09-06,GB,web,none,,raw/gsc-3m-all/Chart.csv
gsc-3m-all,2026-06-22,3,233,0.0129,16.8,property,date,complete,false,2026-06-07,2026-09-06,GB,web,none,,raw/gsc-3m-all/Chart.csv
gsc-3m-all,2026-06-23,4,174,0.023,11.9,property,date,complete,false,2026-06-07,2026-09-06,GB,web,none,,raw/gsc-3m-all/Chart.csv
gsc-3m-all,2026-06-24,5,221,0.0226,11.2,property,date,complete,false,2026-06-07,2026-09-06,GB,web,none,,raw/gsc-3m-all/Chart.csv
gsc-3m-all,2026-06-25,2,207,0.0097,12.1,property,date,complete,false,2026-06-07,2026-09-06,GB,web,none,,raw/gsc-3m-all/Chart.csv
gsc-3m-all,2026-06-26,1,242,0.0041,12.1,property,date,complete,false,2026-06-07,2026-09-06,GB,web,none,,raw/gsc-3m-all/Chart.csv
gsc-3m-all,2026-06-27,1,157,0.0064,13.6,property,date,complete,false,2026-06-07,2026-09-06,GB,web,none,,raw/gsc-3m-all/Chart.csv
gsc-3m-all,2026-06-28,2,190,0.0105,11.7,property,date,complete,false,2026-06-07,2026-09-06,GB,web,none,,raw/gsc-3m-all/Chart.csv
gsc-3m-all,2026-06-29,6,225,0.0267,11.8,property,date,complete,false,2026-06-07,2026-09-06,GB,web,none,,raw/gsc-3m-all/Chart.csv
gsc-3m-all,2026-06-30,3,269,0.0112,10.9,property,date,complete,false,2026-06-07,2026-09-06,GB,web,none,,raw/gsc-3m-all/Chart.csv
gsc-3m-all,2026-07-01,6,232,0.0259,11.2,property,date,complete,false,2026-06-07,2026-09-06,GB,web,none,,raw/gsc-3m-all/Chart.csv
gsc-3m-all,2026-07-02,3,243,0.0123,11.9,property,date,complete,false,2026-06-07,2026-09-06,GB,web,none,,raw/gsc-3m-all/Chart.csv
gsc-3m-all,2026-07-03,4,191,0.0209,12.1,property,date,complete,false,2026-06-07,2026-09-06,GB,web,none,,raw/gsc-3m-all/Chart.csv
gsc-3m-all,2026-07-04,6,237,0.0253,13.5,property,date,complete,false,2026-06-07,2026-09-06,GB,web,none,,raw/gsc-3m-all/Chart.csv
gsc-3m-all,2026-07-05,3,187,0.016,13.2,property,date,complete,false,2026-06-07,2026-09-06,GB,web,none,,raw/gsc-3m-all/Chart.csv
gsc-3m-all,2026-07-06,7,296,0.0236,16.1,property,date,complete,false,2026-06-07,2026-09-06,GB,web,none,,raw/gsc-3m-all/Chart.csv
gsc-3m-all,2026-07-07,7,271,0.0258,12.1,property,date,complete,false,2026-06-07,2026-09-06,GB,web,none,,raw/gsc-3m-all/Chart.csv
gsc-3m-all,2026-07-08,10,270,0.037,12.3,property,date,complete,false,2026-06-07,2026-09-06,GB,web,none,,raw/gsc-3m-all/Chart.csv
gsc-3m-all,2026-07-09,4,275,0.0145,11.8,property,date,complete,false,2026-06-07,2026-09-06,GB,web,none,,raw/gsc-3m-all/Chart.csv
gsc-3m-all,2026-07-10,5,225,0.0222,13.4,property,date,complete,false,2026-06-07,2026-09-06,GB,web,none,,raw/gsc-3m-all/Chart.csv
gsc-3m-all,2026-07-11,5,183,0.0273,14.7,property,date,complete,false,2026-06-07,2026-09-06,GB,web,none,,raw/gsc-3m-all/Chart.csv
gsc-3m-all,2026-07-12,2,204,0.0098,13.2,property,date,complete,false,2026-06-07,2026-09-06,GB,web,none,,raw/gsc-3m-all/Chart.csv
gsc-3m-all,2026-07-13,3,289,0.0104,12.2,property,date,complete,false,2026-06-07,2026-09-06,GB,web,none,,raw/gsc-3m-all/Chart.csv
gsc-3m-all,2026-07-14,8,267,0.03,10.2,property,date,complete,false,2026-06-07,2026-09-06,GB,web,none,,raw/gsc-3m-all/Chart.csv
gsc-3m-all,2026-07-15,5,254,0.0197,13,property,date,complete,false,2026-06-07,2026-09-06,GB,web,none,,raw/gsc-3m-all/Chart.csv
gsc-3m-all,2026-07-16,5,284,0.0176,10,property,date,complete,false,2026-06-07,2026-09-06,GB,web,none,,raw/gsc-3m-all/Chart.csv
gsc-3m-all,2026-07-17,4,277,0.0144,11,property,date,complete,false,2026-06-07,2026-09-06,GB,web,none,,raw/gsc-3m-all/Chart.csv
gsc-3m-all,2026-07-18,6,242,0.0248,11.8,property,date,complete,false,2026-06-07,2026-09-06,GB,web,none,,raw/gsc-3m-all/Chart.csv
gsc-3m-all,2026-07-19,2,203,0.0099,10.1,property,date,complete,false,2026-06-07,2026-09-06,GB,web,none,,raw/gsc-3m-all/Chart.csv
gsc-3m-all,2026-07-20,9,403,0.0223,14.9,property,date,complete,false,2026-06-07,2026-09-06,GB,web,none,,raw/gsc-3m-all/Chart.csv
gsc-3m-all,2026-07-21,2,378,0.0053,12.7,property,date,complete,false,2026-06-07,2026-09-06,GB,web,none,,raw/gsc-3m-all/Chart.csv
gsc-3m-all,2026-07-22,6,373,0.0161,10.9,property,date,complete,false,2026-06-07,2026-09-06,GB,web,none,,raw/gsc-3m-all/Chart.csv
gsc-3m-all,2026-07-23,8,414,0.0193,10.8,property,date,complete,false,2026-06-07,2026-09-06,GB,web,none,,raw/gsc-3m-all/Chart.csv
gsc-3m-all,2026-07-24,6,342,0.0175,14.2,property,date,complete,false,2026-06-07,2026-09-06,GB,web,none,,raw/gsc-3m-all/Chart.csv
gsc-3m-all,2026-07-25,9,218,0.0413,12.5,property,date,complete,false,2026-06-07,2026-09-06,GB,web,none,,raw/gsc-3m-all/Chart.csv
gsc-3m-all,2026-07-26,5,226,0.0221,10.3,property,date,complete,false,2026-06-07,2026-09-06,GB,web,none,,raw/gsc-3m-all/Chart.csv
gsc-3m-all,2026-07-27,6,345,0.0174,11.5,property,date,complete,false,2026-06-07,2026-09-06,GB,web,none,,raw/gsc-3m-all/Chart.csv
gsc-3m-all,2026-07-28,3,381,0.0079,10,property,date,complete,false,2026-06-07,2026-09-06,GB,web,none,,raw/gsc-3m-all/Chart.csv
gsc-3m-all,2026-07-29,4,329,0.0122,9.6,property,date,complete,false,2026-06-07,2026-09-06,GB,web,none,,raw/gsc-3m-all/Chart.csv
gsc-3m-all,2026-07-30,6,348,0.0172,10.1,property,date,complete,false,2026-06-07,2026-09-06,GB,web,none,,raw/gsc-3m-all/Chart.csv
gsc-3m-all,2026-07-31,13,293,0.0444,10.9,property,date,complete,false,2026-06-07,2026-09-06,GB,web,none,,raw/gsc-3m-all/Chart.csv
gsc-3m-all,2026-08-01,3,331,0.0091,11.4,property,date,complete,false,2026-06-07,2026-09-06,GB,web,none,,raw/gsc-3m-all/Chart.csv
gsc-3m-all,2026-08-02,6,283,0.0212,10.3,property,date,complete,false,2026-06-07,2026-09-06,GB,web,none,,raw/gsc-3m-all/Chart.csv
gsc-3m-all,2026-08-03,6,394,0.0152,11.4,property,date,complete,false,2026-06-07,2026-09-06,GB,web,none,,raw/gsc-3m-all/Chart.csv
gsc-3m-all,2026-08-04,6,389,0.0154,9,property,date,complete,false,2026-06-07,2026-09-06,GB,web,none,,raw/gsc-3m-all/Chart.csv
gsc-3m-all,2026-08-05,8,427,0.0187,9.5,property,date,complete,false,2026-06-07,2026-09-06,GB,web,none,,raw/gsc-3m-all/Chart.csv
gsc-3m-all,2026-08-06,6,355,0.0169,10.3,property,date,complete,false,2026-06-07,2026-09-06,GB,web,none,,raw/gsc-3m-all/Chart.csv
gsc-3m-all,2026-08-07,10,334,0.0299,9.7,property,date,complete,false,2026-06-07,2026-09-06,GB,web,none,,raw/gsc-3m-all/Chart.csv
gsc-3m-all,2026-08-08,3,267,0.0112,11.8,property,date,complete,false,2026-06-07,2026-09-06,GB,web,none,,raw/gsc-3m-all/Chart.csv
gsc-3m-all,2026-08-09,3,314,0.0096,10.1,property,date,complete,false,2026-06-07,2026-09-06,GB,web,none,,raw/gsc-3m-all/Chart.csv
gsc-3m-all,2026-08-10,10,464,0.0216,10.2,property,date,complete,false,2026-06-07,2026-09-06,GB,web,none,,raw/gsc-3m-all/Chart.csv
gsc-3m-all,2026-08-11,6,440,0.0136,9.9,property,date,complete,false,2026-06-07,2026-09-06,GB,web,none,,raw/gsc-3m-all/Chart.csv
gsc-3m-all,2026-08-12,5,439,0.0114,10.9,property,date,complete,false,2026-06-07,2026-09-06,GB,web,none,,raw/gsc-3m-all/Chart.csv
gsc-3m-all,2026-08-13,2,431,0.0046,10.5,property,date,complete,false,2026-06-07,2026-09-06,GB,web,none,,raw/gsc-3m-all/Chart.csv
gsc-3m-all,2026-08-14,5,385,0.013,9.8,property,date,complete,false,2026-06-07,2026-09-06,GB,web,none,,raw/gsc-3m-all/Chart.csv
gsc-3m-all,2026-08-15,3,338,0.0089,12.6,property,date,complete,false,2026-06-07,2026-09-06,GB,web,none,,raw/gsc-3m-all/Chart.csv
gsc-3m-all,2026-08-16,5,354,0.0141,10.6,property,date,complete,false,2026-06-07,2026-09-06,GB,web,none,,raw/gsc-3m-all/Chart.csv
gsc-3m-all,2026-08-17,7,508,0.0138,13.4,property,date,complete,false,2026-06-07,2026-09-06,GB,web,none,,raw/gsc-3m-all/Chart.csv
gsc-3m-all,2026-08-18,12,496,0.0242,9.2,property,date,complete,false,2026-06-07,2026-09-06,GB,web,none,,raw/gsc-3m-all/Chart.csv
gsc-3m-all,2026-08-19,11,510,0.0216,11.5,property,date,complete,false,2026-06-07,2026-09-06,GB,web,none,,raw/gsc-3m-all/Chart.csv
gsc-3m-all,2026-08-20,7,497,0.0141,9.8,property,date,complete,false,2026-06-07,2026-09-06,GB,web,none,,raw/gsc-3m-all/Chart.csv
gsc-3m-all,2026-08-21,8,463,0.0173,10.3,property,date,complete,false,2026-06-07,2026-09-06,GB,web,none,,raw/gsc-3m-all/Chart.csv
gsc-3m-all,2026-08-22,4,327,0.0122,11.5,property,date,complete,false,2026-06-07,2026-09-06,GB,web,none,,raw/gsc-3m-all/Chart.csv
gsc-3m-all,2026-08-23,7,375,0.0187,9.8,property,date,complete,false,2026-06-07,2026-09-06,GB,web,none,,raw/gsc-3m-all/Chart.csv
gsc-3m-all,2026-08-24,7,569,0.0123,9.3,property,date,complete,false,2026-06-07,2026-09-06,GB,web,none,,raw/gsc-3m-all/Chart.csv
gsc-3m-all,2026-08-25,3,555,0.0054,10.1,property,date,complete,false,2026-06-07,2026-09-06,GB,web,none,,raw/gsc-3m-all/Chart.csv
gsc-3m-all,2026-08-26,2,593,0.0034,9.6,property,date,complete,false,2026-06-07,2026-09-06,GB,web,none,,raw/gsc-3m-all/Chart.csv
gsc-3m-all,2026-08-27,4,529,0.0076,8.7,property,date,complete,false,2026-06-07,2026-09-06,GB,web,none,,raw/gsc-3m-all/Chart.csv
gsc-3m-all,2026-08-28,4,504,0.0079,9.1,property,date,complete,false,2026-06-07,2026-09-06,GB,web,none,,raw/gsc-3m-all/Chart.csv
gsc-3m-all,2026-08-29,3,449,0.0067,10.2,property,date,complete,false,2026-06-07,2026-09-06,GB,web,none,,raw/gsc-3m-all/Chart.csv
gsc-3m-all,2026-08-30,6,460,0.013,10.4,property,date,complete,false,2026-06-07,2026-09-06,GB,web,none,,raw/gsc-3m-all/Chart.csv
gsc-3m-all,2026-08-31,11,539,0.0204,11.4,property,date,complete,false,2026-06-07,2026-09-06,GB,web,none,,raw/gsc-3m-all/Chart.csv
gsc-3m-all,2026-09-01,11,809,0.0136,8.4,property,date,complete,false,2026-06-07,2026-09-06,GB,web,none,,raw/gsc-3m-all/Chart.csv
gsc-3m-all,2026-09-02,23,1302,0.0177,9.8,property,date,complete,false,2026-06-07,2026-09-06,GB,web,none,,raw/gsc-3m-all/Chart.csv
gsc-3m-all,2026-09-03,16,1095,0.0146,12.8,property,date,complete,false,2026-06-07,2026-09-06,GB,web,none,,raw/gsc-3m-all/Chart.csv
gsc-3m-all,2026-09-04,12,849,0.0141,11.4,property,date,complete,false,2026-06-07,2026-09-06,GB,web,none,,raw/gsc-3m-all/Chart.csv
gsc-3m-all,2026-09-05,9,613,0.0147,12.4,property,date,complete,false,2026-06-07,2026-09-06,GB,web,none,,raw/gsc-3m-all/Chart.csv
gsc-3m-all,2026-09-06,10,639,0.0156,11.2,property,date,complete,false,2026-06-07,2026-09-06,GB,web,none,,raw/gsc-3m-all/Chart.csv
gsc-3m-q-cl_0004,2026-06-07,0,11,0,24.6,query-filter,date,named-subset,false,2026-06-07,2026-09-06,GB,web,query,"+(?i)((pub|bar|hospitality)\b.{0,25}\b(marketing|advertising|agency)|(marketing|advertising|instagram|facebook|content creation|paid social|social video)\b.{0,12}\bfor (pubs|bars))",raw/gsc-3m-q-cl_0004/Chart.csv
gsc-3m-q-cl_0004,2026-06-08,0,30,0,24.3,query-filter,date,named-subset,false,2026-06-07,2026-09-06,GB,web,query,"+(?i)((pub|bar|hospitality)\b.{0,25}\b(marketing|advertising|agency)|(marketing|advertising|instagram|facebook|content creation|paid social|social video)\b.{0,12}\bfor (pubs|bars))",raw/gsc-3m-q-cl_0004/Chart.csv
gsc-3m-q-cl_0004,2026-06-09,0,8,0,13.1,query-filter,date,named-subset,false,2026-06-07,2026-09-06,GB,web,query,"+(?i)((pub|bar|hospitality)\b.{0,25}\b(marketing|advertising|agency)|(marketing|advertising|instagram|facebook|content creation|paid social|social video)\b.{0,12}\bfor (pubs|bars))",raw/gsc-3m-q-cl_0004/Chart.csv
gsc-3m-q-cl_0004,2026-06-10,0,14,0,10,query-filter,date,named-subset,false,2026-06-07,2026-09-06,GB,web,query,"+(?i)((pub|bar|hospitality)\b.{0,25}\b(marketing|advertising|agency)|(marketing|advertising|instagram|facebook|content creation|paid social|social video)\b.{0,12}\bfor (pubs|bars))",raw/gsc-3m-q-cl_0004/Chart.csv
gsc-3m-q-cl_0004,2026-06-11,0,8,0,15.4,query-filter,date,named-subset,false,2026-06-07,2026-09-06,GB,web,query,"+(?i)((pub|bar|hospitality)\b.{0,25}\b(marketing|advertising|agency)|(marketing|advertising|instagram|facebook|content creation|paid social|social video)\b.{0,12}\bfor (pubs|bars))",raw/gsc-3m-q-cl_0004/Chart.csv
gsc-3m-q-cl_0004,2026-06-12,0,12,0,10.7,query-filter,date,named-subset,false,2026-06-07,2026-09-06,GB,web,query,"+(?i)((pub|bar|hospitality)\b.{0,25}\b(marketing|advertising|agency)|(marketing|advertising|instagram|facebook|content creation|paid social|social video)\b.{0,12}\bfor (pubs|bars))",raw/gsc-3m-q-cl_0004/Chart.csv
gsc-3m-q-cl_0004,2026-06-13,0,17,0,13.6,query-filter,date,named-subset,false,2026-06-07,2026-09-06,GB,web,query,"+(?i)((pub|bar|hospitality)\b.{0,25}\b(marketing|advertising|agency)|(marketing|advertising|instagram|facebook|content creation|paid social|social video)\b.{0,12}\bfor (pubs|bars))",raw/gsc-3m-q-cl_0004/Chart.csv
gsc-3m-q-cl_0004,2026-06-14,0,12,0,11.7,query-filter,date,named-subset,false,2026-06-07,2026-09-06,GB,web,query,"+(?i)((pub|bar|hospitality)\b.{0,25}\b(marketing|advertising|agency)|(marketing|advertising|instagram|facebook|content creation|paid social|social video)\b.{0,12}\bfor (pubs|bars))",raw/gsc-3m-q-cl_0004/Chart.csv
gsc-3m-q-cl_0004,2026-06-15,0,12,0,18.3,query-filter,date,named-subset,false,2026-06-07,2026-09-06,GB,web,query,"+(?i)((pub|bar|hospitality)\b.{0,25}\b(marketing|advertising|agency)|(marketing|advertising|instagram|facebook|content creation|paid social|social video)\b.{0,12}\bfor (pubs|bars))",raw/gsc-3m-q-cl_0004/Chart.csv
gsc-3m-q-cl_0004,2026-06-16,0,15,0,8.7,query-filter,date,named-subset,false,2026-06-07,2026-09-06,GB,web,query,"+(?i)((pub|bar|hospitality)\b.{0,25}\b(marketing|advertising|agency)|(marketing|advertising|instagram|facebook|content creation|paid social|social video)\b.{0,12}\bfor (pubs|bars))",raw/gsc-3m-q-cl_0004/Chart.csv
gsc-3m-q-cl_0004,2026-06-17,0,9,0,16,query-filter,date,named-subset,false,2026-06-07,2026-09-06,GB,web,query,"+(?i)((pub|bar|hospitality)\b.{0,25}\b(marketing|advertising|agency)|(marketing|advertising|instagram|facebook|content creation|paid social|social video)\b.{0,12}\bfor (pubs|bars))",raw/gsc-3m-q-cl_0004/Chart.csv
gsc-3m-q-cl_0004,2026-06-18,0,16,0,13.6,query-filter,date,named-subset,false,2026-06-07,2026-09-06,GB,web,query,"+(?i)((pub|bar|hospitality)\b.{0,25}\b(marketing|advertising|agency)|(marketing|advertising|instagram|facebook|content creation|paid social|social video)\b.{0,12}\bfor (pubs|bars))",raw/gsc-3m-q-cl_0004/Chart.csv
gsc-3m-q-cl_0004,2026-06-19,0,10,0,15.3,query-filter,date,named-subset,false,2026-06-07,2026-09-06,GB,web,query,"+(?i)((pub|bar|hospitality)\b.{0,25}\b(marketing|advertising|agency)|(marketing|advertising|instagram|facebook|content creation|paid social|social video)\b.{0,12}\bfor (pubs|bars))",raw/gsc-3m-q-cl_0004/Chart.csv
gsc-3m-q-cl_0004,2026-06-20,0,18,0,14.4,query-filter,date,named-subset,false,2026-06-07,2026-09-06,GB,web,query,"+(?i)((pub|bar|hospitality)\b.{0,25}\b(marketing|advertising|agency)|(marketing|advertising|instagram|facebook|content creation|paid social|social video)\b.{0,12}\bfor (pubs|bars))",raw/gsc-3m-q-cl_0004/Chart.csv
gsc-3m-q-cl_0004,2026-06-21,0,9,0,16.7,query-filter,date,named-subset,false,2026-06-07,2026-09-06,GB,web,query,"+(?i)((pub|bar|hospitality)\b.{0,25}\b(marketing|advertising|agency)|(marketing|advertising|instagram|facebook|content creation|paid social|social video)\b.{0,12}\bfor (pubs|bars))",raw/gsc-3m-q-cl_0004/Chart.csv
gsc-3m-q-cl_0004,2026-06-22,0,26,0,26.9,query-filter,date,named-subset,false,2026-06-07,2026-09-06,GB,web,query,"+(?i)((pub|bar|hospitality)\b.{0,25}\b(marketing|advertising|agency)|(marketing|advertising|instagram|facebook|content creation|paid social|social video)\b.{0,12}\bfor (pubs|bars))",raw/gsc-3m-q-cl_0004/Chart.csv
gsc-3m-q-cl_0004,2026-06-23,0,5,0,20.6,query-filter,date,named-subset,false,2026-06-07,2026-09-06,GB,web,query,"+(?i)((pub|bar|hospitality)\b.{0,25}\b(marketing|advertising|agency)|(marketing|advertising|instagram|facebook|content creation|paid social|social video)\b.{0,12}\bfor (pubs|bars))",raw/gsc-3m-q-cl_0004/Chart.csv
gsc-3m-q-cl_0004,2026-06-24,0,14,0,13.8,query-filter,date,named-subset,false,2026-06-07,2026-09-06,GB,web,query,"+(?i)((pub|bar|hospitality)\b.{0,25}\b(marketing|advertising|agency)|(marketing|advertising|instagram|facebook|content creation|paid social|social video)\b.{0,12}\bfor (pubs|bars))",raw/gsc-3m-q-cl_0004/Chart.csv
gsc-3m-q-cl_0004,2026-06-25,0,5,0,20,query-filter,date,named-subset,false,2026-06-07,2026-09-06,GB,web,query,"+(?i)((pub|bar|hospitality)\b.{0,25}\b(marketing|advertising|agency)|(marketing|advertising|instagram|facebook|content creation|paid social|social video)\b.{0,12}\bfor (pubs|bars))",raw/gsc-3m-q-cl_0004/Chart.csv
gsc-3m-q-cl_0004,2026-06-26,0,12,0,13.4,query-filter,date,named-subset,false,2026-06-07,2026-09-06,GB,web,query,"+(?i)((pub|bar|hospitality)\b.{0,25}\b(marketing|advertising|agency)|(marketing|advertising|instagram|facebook|content creation|paid social|social video)\b.{0,12}\bfor (pubs|bars))",raw/gsc-3m-q-cl_0004/Chart.csv
gsc-3m-q-cl_0004,2026-06-27,0,14,0,13.4,query-filter,date,named-subset,false,2026-06-07,2026-09-06,GB,web,query,"+(?i)((pub|bar|hospitality)\b.{0,25}\b(marketing|advertising|agency)|(marketing|advertising|instagram|facebook|content creation|paid social|social video)\b.{0,12}\bfor (pubs|bars))",raw/gsc-3m-q-cl_0004/Chart.csv
gsc-3m-q-cl_0004,2026-06-28,0,12,0,13.2,query-filter,date,named-subset,false,2026-06-07,2026-09-06,GB,web,query,"+(?i)((pub|bar|hospitality)\b.{0,25}\b(marketing|advertising|agency)|(marketing|advertising|instagram|facebook|content creation|paid social|social video)\b.{0,12}\bfor (pubs|bars))",raw/gsc-3m-q-cl_0004/Chart.csv
gsc-3m-q-cl_0004,2026-06-29,0,8,0,28.1,query-filter,date,named-subset,false,2026-06-07,2026-09-06,GB,web,query,"+(?i)((pub|bar|hospitality)\b.{0,25}\b(marketing|advertising|agency)|(marketing|advertising|instagram|facebook|content creation|paid social|social video)\b.{0,12}\bfor (pubs|bars))",raw/gsc-3m-q-cl_0004/Chart.csv
gsc-3m-q-cl_0004,2026-06-30,0,12,0,7.3,query-filter,date,named-subset,false,2026-06-07,2026-09-06,GB,web,query,"+(?i)((pub|bar|hospitality)\b.{0,25}\b(marketing|advertising|agency)|(marketing|advertising|instagram|facebook|content creation|paid social|social video)\b.{0,12}\bfor (pubs|bars))",raw/gsc-3m-q-cl_0004/Chart.csv
gsc-3m-q-cl_0004,2026-07-01,0,12,0,18.8,query-filter,date,named-subset,false,2026-06-07,2026-09-06,GB,web,query,"+(?i)((pub|bar|hospitality)\b.{0,25}\b(marketing|advertising|agency)|(marketing|advertising|instagram|facebook|content creation|paid social|social video)\b.{0,12}\bfor (pubs|bars))",raw/gsc-3m-q-cl_0004/Chart.csv
gsc-3m-q-cl_0004,2026-07-02,0,18,0,15.8,query-filter,date,named-subset,false,2026-06-07,2026-09-06,GB,web,query,"+(?i)((pub|bar|hospitality)\b.{0,25}\b(marketing|advertising|agency)|(marketing|advertising|instagram|facebook|content creation|paid social|social video)\b.{0,12}\bfor (pubs|bars))",raw/gsc-3m-q-cl_0004/Chart.csv
gsc-3m-q-cl_0004,2026-07-03,0,14,0,22.2,query-filter,date,named-subset,false,2026-06-07,2026-09-06,GB,web,query,"+(?i)((pub|bar|hospitality)\b.{0,25}\b(marketing|advertising|agency)|(marketing|advertising|instagram|facebook|content creation|paid social|social video)\b.{0,12}\bfor (pubs|bars))",raw/gsc-3m-q-cl_0004/Chart.csv
gsc-3m-q-cl_0004,2026-07-04,0,25,0,20.3,query-filter,date,named-subset,false,2026-06-07,2026-09-06,GB,web,query,"+(?i)((pub|bar|hospitality)\b.{0,25}\b(marketing|advertising|agency)|(marketing|advertising|instagram|facebook|content creation|paid social|social video)\b.{0,12}\bfor (pubs|bars))",raw/gsc-3m-q-cl_0004/Chart.csv
gsc-3m-q-cl_0004,2026-07-05,0,14,0,20.4,query-filter,date,named-subset,false,2026-06-07,2026-09-06,GB,web,query,"+(?i)((pub|bar|hospitality)\b.{0,25}\b(marketing|advertising|agency)|(marketing|advertising|instagram|facebook|content creation|paid social|social video)\b.{0,12}\bfor (pubs|bars))",raw/gsc-3m-q-cl_0004/Chart.csv
gsc-3m-q-cl_0004,2026-07-06,0,42,0,33.1,query-filter,date,named-subset,false,2026-06-07,2026-09-06,GB,web,query,"+(?i)((pub|bar|hospitality)\b.{0,25}\b(marketing|advertising|agency)|(marketing|advertising|instagram|facebook|content creation|paid social|social video)\b.{0,12}\bfor (pubs|bars))",raw/gsc-3m-q-cl_0004/Chart.csv
gsc-3m-q-cl_0004,2026-07-07,0,16,0,29.1,query-filter,date,named-subset,false,2026-06-07,2026-09-06,GB,web,query,"+(?i)((pub|bar|hospitality)\b.{0,25}\b(marketing|advertising|agency)|(marketing|advertising|instagram|facebook|content creation|paid social|social video)\b.{0,12}\bfor (pubs|bars))",raw/gsc-3m-q-cl_0004/Chart.csv
gsc-3m-q-cl_0004,2026-07-08,0,20,0,20.9,query-filter,date,named-subset,false,2026-06-07,2026-09-06,GB,web,query,"+(?i)((pub|bar|hospitality)\b.{0,25}\b(marketing|advertising|agency)|(marketing|advertising|instagram|facebook|content creation|paid social|social video)\b.{0,12}\bfor (pubs|bars))",raw/gsc-3m-q-cl_0004/Chart.csv
gsc-3m-q-cl_0004,2026-07-09,0,11,0,26.4,query-filter,date,named-subset,false,2026-06-07,2026-09-06,GB,web,query,"+(?i)((pub|bar|hospitality)\b.{0,25}\b(marketing|advertising|agency)|(marketing|advertising|instagram|facebook|content creation|paid social|social video)\b.{0,12}\bfor (pubs|bars))",raw/gsc-3m-q-cl_0004/Chart.csv
gsc-3m-q-cl_0004,2026-07-10,0,24,0,23.1,query-filter,date,named-subset,false,2026-06-07,2026-09-06,GB,web,query,"+(?i)((pub|bar|hospitality)\b.{0,25}\b(marketing|advertising|agency)|(marketing|advertising|instagram|facebook|content creation|paid social|social video)\b.{0,12}\bfor (pubs|bars))",raw/gsc-3m-q-cl_0004/Chart.csv
gsc-3m-q-cl_0004,2026-07-11,0,14,0,20.6,query-filter,date,named-subset,false,2026-06-07,2026-09-06,GB,web,query,"+(?i)((pub|bar|hospitality)\b.{0,25}\b(marketing|advertising|agency)|(marketing|advertising|instagram|facebook|content creation|paid social|social video)\b.{0,12}\bfor (pubs|bars))",raw/gsc-3m-q-cl_0004/Chart.csv
gsc-3m-q-cl_0004,2026-07-12,0,16,0,27.4,query-filter,date,named-subset,false,2026-06-07,2026-09-06,GB,web,query,"+(?i)((pub|bar|hospitality)\b.{0,25}\b(marketing|advertising|agency)|(marketing|advertising|instagram|facebook|content creation|paid social|social video)\b.{0,12}\bfor (pubs|bars))",raw/gsc-3m-q-cl_0004/Chart.csv
gsc-3m-q-cl_0004,2026-07-13,0,20,0,32.8,query-filter,date,named-subset,false,2026-06-07,2026-09-06,GB,web,query,"+(?i)((pub|bar|hospitality)\b.{0,25}\b(marketing|advertising|agency)|(marketing|advertising|instagram|facebook|content creation|paid social|social video)\b.{0,12}\bfor (pubs|bars))",raw/gsc-3m-q-cl_0004/Chart.csv
gsc-3m-q-cl_0004,2026-07-14,0,18,0,19.1,query-filter,date,named-subset,false,2026-06-07,2026-09-06,GB,web,query,"+(?i)((pub|bar|hospitality)\b.{0,25}\b(marketing|advertising|agency)|(marketing|advertising|instagram|facebook|content creation|paid social|social video)\b.{0,12}\bfor (pubs|bars))",raw/gsc-3m-q-cl_0004/Chart.csv
gsc-3m-q-cl_0004,2026-07-15,0,12,0,36.5,query-filter,date,named-subset,false,2026-06-07,2026-09-06,GB,web,query,"+(?i)((pub|bar|hospitality)\b.{0,25}\b(marketing|advertising|agency)|(marketing|advertising|instagram|facebook|content creation|paid social|social video)\b.{0,12}\bfor (pubs|bars))",raw/gsc-3m-q-cl_0004/Chart.csv
gsc-3m-q-cl_0004,2026-07-16,0,13,0,17.6,query-filter,date,named-subset,false,2026-06-07,2026-09-06,GB,web,query,"+(?i)((pub|bar|hospitality)\b.{0,25}\b(marketing|advertising|agency)|(marketing|advertising|instagram|facebook|content creation|paid social|social video)\b.{0,12}\bfor (pubs|bars))",raw/gsc-3m-q-cl_0004/Chart.csv
gsc-3m-q-cl_0004,2026-07-17,0,10,0,29.5,query-filter,date,named-subset,false,2026-06-07,2026-09-06,GB,web,query,"+(?i)((pub|bar|hospitality)\b.{0,25}\b(marketing|advertising|agency)|(marketing|advertising|instagram|facebook|content creation|paid social|social video)\b.{0,12}\bfor (pubs|bars))",raw/gsc-3m-q-cl_0004/Chart.csv
gsc-3m-q-cl_0004,2026-07-18,0,30,0,19.6,query-filter,date,named-subset,false,2026-06-07,2026-09-06,GB,web,query,"+(?i)((pub|bar|hospitality)\b.{0,25}\b(marketing|advertising|agency)|(marketing|advertising|instagram|facebook|content creation|paid social|social video)\b.{0,12}\bfor (pubs|bars))",raw/gsc-3m-q-cl_0004/Chart.csv
gsc-3m-q-cl_0004,2026-07-19,0,10,0,23.7,query-filter,date,named-subset,false,2026-06-07,2026-09-06,GB,web,query,"+(?i)((pub|bar|hospitality)\b.{0,25}\b(marketing|advertising|agency)|(marketing|advertising|instagram|facebook|content creation|paid social|social video)\b.{0,12}\bfor (pubs|bars))",raw/gsc-3m-q-cl_0004/Chart.csv
gsc-3m-q-cl_0004,2026-07-20,0,34,0,26.7,query-filter,date,named-subset,false,2026-06-07,2026-09-06,GB,web,query,"+(?i)((pub|bar|hospitality)\b.{0,25}\b(marketing|advertising|agency)|(marketing|advertising|instagram|facebook|content creation|paid social|social video)\b.{0,12}\bfor (pubs|bars))",raw/gsc-3m-q-cl_0004/Chart.csv
gsc-3m-q-cl_0004,2026-07-21,0,19,0,13.2,query-filter,date,named-subset,false,2026-06-07,2026-09-06,GB,web,query,"+(?i)((pub|bar|hospitality)\b.{0,25}\b(marketing|advertising|agency)|(marketing|advertising|instagram|facebook|content creation|paid social|social video)\b.{0,12}\bfor (pubs|bars))",raw/gsc-3m-q-cl_0004/Chart.csv
gsc-3m-q-cl_0004,2026-07-22,0,25,0,12.6,query-filter,date,named-subset,false,2026-06-07,2026-09-06,GB,web,query,"+(?i)((pub|bar|hospitality)\b.{0,25}\b(marketing|advertising|agency)|(marketing|advertising|instagram|facebook|content creation|paid social|social video)\b.{0,12}\bfor (pubs|bars))",raw/gsc-3m-q-cl_0004/Chart.csv
gsc-3m-q-cl_0004,2026-07-23,0,13,0,24,query-filter,date,named-subset,false,2026-06-07,2026-09-06,GB,web,query,"+(?i)((pub|bar|hospitality)\b.{0,25}\b(marketing|advertising|agency)|(marketing|advertising|instagram|facebook|content creation|paid social|social video)\b.{0,12}\bfor (pubs|bars))",raw/gsc-3m-q-cl_0004/Chart.csv
gsc-3m-q-cl_0004,2026-07-24,0,23,0,15.1,query-filter,date,named-subset,false,2026-06-07,2026-09-06,GB,web,query,"+(?i)((pub|bar|hospitality)\b.{0,25}\b(marketing|advertising|agency)|(marketing|advertising|instagram|facebook|content creation|paid social|social video)\b.{0,12}\bfor (pubs|bars))",raw/gsc-3m-q-cl_0004/Chart.csv
gsc-3m-q-cl_0004,2026-07-25,0,13,0,22,query-filter,date,named-subset,false,2026-06-07,2026-09-06,GB,web,query,"+(?i)((pub|bar|hospitality)\b.{0,25}\b(marketing|advertising|agency)|(marketing|advertising|instagram|facebook|content creation|paid social|social video)\b.{0,12}\bfor (pubs|bars))",raw/gsc-3m-q-cl_0004/Chart.csv
gsc-3m-q-cl_0004,2026-07-26,0,15,0,12.7,query-filter,date,named-subset,false,2026-06-07,2026-09-06,GB,web,query,"+(?i)((pub|bar|hospitality)\b.{0,25}\b(marketing|advertising|agency)|(marketing|advertising|instagram|facebook|content creation|paid social|social video)\b.{0,12}\bfor (pubs|bars))",raw/gsc-3m-q-cl_0004/Chart.csv
gsc-3m-q-cl_0004,2026-07-27,0,16,0,26.3,query-filter,date,named-subset,false,2026-06-07,2026-09-06,GB,web,query,"+(?i)((pub|bar|hospitality)\b.{0,25}\b(marketing|advertising|agency)|(marketing|advertising|instagram|facebook|content creation|paid social|social video)\b.{0,12}\bfor (pubs|bars))",raw/gsc-3m-q-cl_0004/Chart.csv
gsc-3m-q-cl_0004,2026-07-28,0,13,0,14.7,query-filter,date,named-subset,false,2026-06-07,2026-09-06,GB,web,query,"+(?i)((pub|bar|hospitality)\b.{0,25}\b(marketing|advertising|agency)|(marketing|advertising|instagram|facebook|content creation|paid social|social video)\b.{0,12}\bfor (pubs|bars))",raw/gsc-3m-q-cl_0004/Chart.csv
gsc-3m-q-cl_0004,2026-07-29,0,16,0,21.9,query-filter,date,named-subset,false,2026-06-07,2026-09-06,GB,web,query,"+(?i)((pub|bar|hospitality)\b.{0,25}\b(marketing|advertising|agency)|(marketing|advertising|instagram|facebook|content creation|paid social|social video)\b.{0,12}\bfor (pubs|bars))",raw/gsc-3m-q-cl_0004/Chart.csv
gsc-3m-q-cl_0004,2026-07-30,0,23,0,15,query-filter,date,named-subset,false,2026-06-07,2026-09-06,GB,web,query,"+(?i)((pub|bar|hospitality)\b.{0,25}\b(marketing|advertising|agency)|(marketing|advertising|instagram|facebook|content creation|paid social|social video)\b.{0,12}\bfor (pubs|bars))",raw/gsc-3m-q-cl_0004/Chart.csv
gsc-3m-q-cl_0004,2026-07-31,0,12,0,29.2,query-filter,date,named-subset,false,2026-06-07,2026-09-06,GB,web,query,"+(?i)((pub|bar|hospitality)\b.{0,25}\b(marketing|advertising|agency)|(marketing|advertising|instagram|facebook|content creation|paid social|social video)\b.{0,12}\bfor (pubs|bars))",raw/gsc-3m-q-cl_0004/Chart.csv
gsc-3m-q-cl_0004,2026-08-01,0,38,0,19.3,query-filter,date,named-subset,false,2026-06-07,2026-09-06,GB,web,query,"+(?i)((pub|bar|hospitality)\b.{0,25}\b(marketing|advertising|agency)|(marketing|advertising|instagram|facebook|content creation|paid social|social video)\b.{0,12}\bfor (pubs|bars))",raw/gsc-3m-q-cl_0004/Chart.csv
gsc-3m-q-cl_0004,2026-08-02,0,13,0,30.7,query-filter,date,named-subset,false,2026-06-07,2026-09-06,GB,web,query,"+(?i)((pub|bar|hospitality)\b.{0,25}\b(marketing|advertising|agency)|(marketing|advertising|instagram|facebook|content creation|paid social|social video)\b.{0,12}\bfor (pubs|bars))",raw/gsc-3m-q-cl_0004/Chart.csv
gsc-3m-q-cl_0004,2026-08-03,0,30,0,32.7,query-filter,date,named-subset,false,2026-06-07,2026-09-06,GB,web,query,"+(?i)((pub|bar|hospitality)\b.{0,25}\b(marketing|advertising|agency)|(marketing|advertising|instagram|facebook|content creation|paid social|social video)\b.{0,12}\bfor (pubs|bars))",raw/gsc-3m-q-cl_0004/Chart.csv
gsc-3m-q-cl_0004,2026-08-04,0,9,0,24.9,query-filter,date,named-subset,false,2026-06-07,2026-09-06,GB,web,query,"+(?i)((pub|bar|hospitality)\b.{0,25}\b(marketing|advertising|agency)|(marketing|advertising|instagram|facebook|content creation|paid social|social video)\b.{0,12}\bfor (pubs|bars))",raw/gsc-3m-q-cl_0004/Chart.csv
gsc-3m-q-cl_0004,2026-08-05,0,24,0,16.8,query-filter,date,named-subset,false,2026-06-07,2026-09-06,GB,web,query,"+(?i)((pub|bar|hospitality)\b.{0,25}\b(marketing|advertising|agency)|(marketing|advertising|instagram|facebook|content creation|paid social|social video)\b.{0,12}\bfor (pubs|bars))",raw/gsc-3m-q-cl_0004/Chart.csv
gsc-3m-q-cl_0004,2026-08-06,0,9,0,22.3,query-filter,date,named-subset,false,2026-06-07,2026-09-06,GB,web,query,"+(?i)((pub|bar|hospitality)\b.{0,25}\b(marketing|advertising|agency)|(marketing|advertising|instagram|facebook|content creation|paid social|social video)\b.{0,12}\bfor (pubs|bars))",raw/gsc-3m-q-cl_0004/Chart.csv
gsc-3m-q-cl_0004,2026-08-07,0,16,0,18.8,query-filter,date,named-subset,false,2026-06-07,2026-09-06,GB,web,query,"+(?i)((pub|bar|hospitality)\b.{0,25}\b(marketing|advertising|agency)|(marketing|advertising|instagram|facebook|content creation|paid social|social video)\b.{0,12}\bfor (pubs|bars))",raw/gsc-3m-q-cl_0004/Chart.csv
gsc-3m-q-cl_0004,2026-08-08,0,22,0,18.2,query-filter,date,named-subset,false,2026-06-07,2026-09-06,GB,web,query,"+(?i)((pub|bar|hospitality)\b.{0,25}\b(marketing|advertising|agency)|(marketing|advertising|instagram|facebook|content creation|paid social|social video)\b.{0,12}\bfor (pubs|bars))",raw/gsc-3m-q-cl_0004/Chart.csv
gsc-3m-q-cl_0004,2026-08-09,0,14,0,14.1,query-filter,date,named-subset,false,2026-06-07,2026-09-06,GB,web,query,"+(?i)((pub|bar|hospitality)\b.{0,25}\b(marketing|advertising|agency)|(marketing|advertising|instagram|facebook|content creation|paid social|social video)\b.{0,12}\bfor (pubs|bars))",raw/gsc-3m-q-cl_0004/Chart.csv
gsc-3m-q-cl_0004,2026-08-10,0,18,0,26.4,query-filter,date,named-subset,false,2026-06-07,2026-09-06,GB,web,query,"+(?i)((pub|bar|hospitality)\b.{0,25}\b(marketing|advertising|agency)|(marketing|advertising|instagram|facebook|content creation|paid social|social video)\b.{0,12}\bfor (pubs|bars))",raw/gsc-3m-q-cl_0004/Chart.csv
gsc-3m-q-cl_0004,2026-08-11,0,23,0,13.1,query-filter,date,named-subset,false,2026-06-07,2026-09-06,GB,web,query,"+(?i)((pub|bar|hospitality)\b.{0,25}\b(marketing|advertising|agency)|(marketing|advertising|instagram|facebook|content creation|paid social|social video)\b.{0,12}\bfor (pubs|bars))",raw/gsc-3m-q-cl_0004/Chart.csv
gsc-3m-q-cl_0004,2026-08-12,0,15,0,16.5,query-filter,date,named-subset,false,2026-06-07,2026-09-06,GB,web,query,"+(?i)((pub|bar|hospitality)\b.{0,25}\b(marketing|advertising|agency)|(marketing|advertising|instagram|facebook|content creation|paid social|social video)\b.{0,12}\bfor (pubs|bars))",raw/gsc-3m-q-cl_0004/Chart.csv
gsc-3m-q-cl_0004,2026-08-13,0,20,0,13.9,query-filter,date,named-subset,false,2026-06-07,2026-09-06,GB,web,query,"+(?i)((pub|bar|hospitality)\b.{0,25}\b(marketing|advertising|agency)|(marketing|advertising|instagram|facebook|content creation|paid social|social video)\b.{0,12}\bfor (pubs|bars))",raw/gsc-3m-q-cl_0004/Chart.csv
gsc-3m-q-cl_0004,2026-08-14,0,10,0,18.8,query-filter,date,named-subset,false,2026-06-07,2026-09-06,GB,web,query,"+(?i)((pub|bar|hospitality)\b.{0,25}\b(marketing|advertising|agency)|(marketing|advertising|instagram|facebook|content creation|paid social|social video)\b.{0,12}\bfor (pubs|bars))",raw/gsc-3m-q-cl_0004/Chart.csv
gsc-3m-q-cl_0004,2026-08-15,0,29,0,18.1,query-filter,date,named-subset,false,2026-06-07,2026-09-06,GB,web,query,"+(?i)((pub|bar|hospitality)\b.{0,25}\b(marketing|advertising|agency)|(marketing|advertising|instagram|facebook|content creation|paid social|social video)\b.{0,12}\bfor (pubs|bars))",raw/gsc-3m-q-cl_0004/Chart.csv
gsc-3m-q-cl_0004,2026-08-16,0,11,0,15.8,query-filter,date,named-subset,false,2026-06-07,2026-09-06,GB,web,query,"+(?i)((pub|bar|hospitality)\b.{0,25}\b(marketing|advertising|agency)|(marketing|advertising|instagram|facebook|content creation|paid social|social video)\b.{0,12}\bfor (pubs|bars))",raw/gsc-3m-q-cl_0004/Chart.csv
gsc-3m-q-cl_0004,2026-08-17,0,43,0,38.1,query-filter,date,named-subset,false,2026-06-07,2026-09-06,GB,web,query,"+(?i)((pub|bar|hospitality)\b.{0,25}\b(marketing|advertising|agency)|(marketing|advertising|instagram|facebook|content creation|paid social|social video)\b.{0,12}\bfor (pubs|bars))",raw/gsc-3m-q-cl_0004/Chart.csv
gsc-3m-q-cl_0004,2026-08-18,0,9,0,19.1,query-filter,date,named-subset,false,2026-06-07,2026-09-06,GB,web,query,"+(?i)((pub|bar|hospitality)\b.{0,25}\b(marketing|advertising|agency)|(marketing|advertising|instagram|facebook|content creation|paid social|social video)\b.{0,12}\bfor (pubs|bars))",raw/gsc-3m-q-cl_0004/Chart.csv
gsc-3m-q-cl_0004,2026-08-19,0,24,0,13.8,query-filter,date,named-subset,false,2026-06-07,2026-09-06,GB,web,query,"+(?i)((pub|bar|hospitality)\b.{0,25}\b(marketing|advertising|agency)|(marketing|advertising|instagram|facebook|content creation|paid social|social video)\b.{0,12}\bfor (pubs|bars))",raw/gsc-3m-q-cl_0004/Chart.csv
gsc-3m-q-cl_0004,2026-08-20,0,11,0,15,query-filter,date,named-subset,false,2026-06-07,2026-09-06,GB,web,query,"+(?i)((pub|bar|hospitality)\b.{0,25}\b(marketing|advertising|agency)|(marketing|advertising|instagram|facebook|content creation|paid social|social video)\b.{0,12}\bfor (pubs|bars))",raw/gsc-3m-q-cl_0004/Chart.csv
gsc-3m-q-cl_0004,2026-08-21,0,25,0,16.4,query-filter,date,named-subset,false,2026-06-07,2026-09-06,GB,web,query,"+(?i)((pub|bar|hospitality)\b.{0,25}\b(marketing|advertising|agency)|(marketing|advertising|instagram|facebook|content creation|paid social|social video)\b.{0,12}\bfor (pubs|bars))",raw/gsc-3m-q-cl_0004/Chart.csv
gsc-3m-q-cl_0004,2026-08-22,0,19,0,15.1,query-filter,date,named-subset,false,2026-06-07,2026-09-06,GB,web,query,"+(?i)((pub|bar|hospitality)\b.{0,25}\b(marketing|advertising|agency)|(marketing|advertising|instagram|facebook|content creation|paid social|social video)\b.{0,12}\bfor (pubs|bars))",raw/gsc-3m-q-cl_0004/Chart.csv
gsc-3m-q-cl_0004,2026-08-23,0,25,0,8,query-filter,date,named-subset,false,2026-06-07,2026-09-06,GB,web,query,"+(?i)((pub|bar|hospitality)\b.{0,25}\b(marketing|advertising|agency)|(marketing|advertising|instagram|facebook|content creation|paid social|social video)\b.{0,12}\bfor (pubs|bars))",raw/gsc-3m-q-cl_0004/Chart.csv
gsc-3m-q-cl_0004,2026-08-24,0,20,0,22.8,query-filter,date,named-subset,false,2026-06-07,2026-09-06,GB,web,query,"+(?i)((pub|bar|hospitality)\b.{0,25}\b(marketing|advertising|agency)|(marketing|advertising|instagram|facebook|content creation|paid social|social video)\b.{0,12}\bfor (pubs|bars))",raw/gsc-3m-q-cl_0004/Chart.csv
gsc-3m-q-cl_0004,2026-08-25,0,18,0,10.1,query-filter,date,named-subset,false,2026-06-07,2026-09-06,GB,web,query,"+(?i)((pub|bar|hospitality)\b.{0,25}\b(marketing|advertising|agency)|(marketing|advertising|instagram|facebook|content creation|paid social|social video)\b.{0,12}\bfor (pubs|bars))",raw/gsc-3m-q-cl_0004/Chart.csv
gsc-3m-q-cl_0004,2026-08-26,0,22,0,15.3,query-filter,date,named-subset,false,2026-06-07,2026-09-06,GB,web,query,"+(?i)((pub|bar|hospitality)\b.{0,25}\b(marketing|advertising|agency)|(marketing|advertising|instagram|facebook|content creation|paid social|social video)\b.{0,12}\bfor (pubs|bars))",raw/gsc-3m-q-cl_0004/Chart.csv
gsc-3m-q-cl_0004,2026-08-27,0,15,0,10.5,query-filter,date,named-subset,false,2026-06-07,2026-09-06,GB,web,query,"+(?i)((pub|bar|hospitality)\b.{0,25}\b(marketing|advertising|agency)|(marketing|advertising|instagram|facebook|content creation|paid social|social video)\b.{0,12}\bfor (pubs|bars))",raw/gsc-3m-q-cl_0004/Chart.csv
gsc-3m-q-cl_0004,2026-08-28,0,14,0,12.2,query-filter,date,named-subset,false,2026-06-07,2026-09-06,GB,web,query,"+(?i)((pub|bar|hospitality)\b.{0,25}\b(marketing|advertising|agency)|(marketing|advertising|instagram|facebook|content creation|paid social|social video)\b.{0,12}\bfor (pubs|bars))",raw/gsc-3m-q-cl_0004/Chart.csv
gsc-3m-q-cl_0004,2026-08-29,0,31,0,14.9,query-filter,date,named-subset,false,2026-06-07,2026-09-06,GB,web,query,"+(?i)((pub|bar|hospitality)\b.{0,25}\b(marketing|advertising|agency)|(marketing|advertising|instagram|facebook|content creation|paid social|social video)\b.{0,12}\bfor (pubs|bars))",raw/gsc-3m-q-cl_0004/Chart.csv
gsc-3m-q-cl_0004,2026-08-30,0,19,0,15.8,query-filter,date,named-subset,false,2026-06-07,2026-09-06,GB,web,query,"+(?i)((pub|bar|hospitality)\b.{0,25}\b(marketing|advertising|agency)|(marketing|advertising|instagram|facebook|content creation|paid social|social video)\b.{0,12}\bfor (pubs|bars))",raw/gsc-3m-q-cl_0004/Chart.csv
gsc-3m-q-cl_0004,2026-08-31,0,46,0,35.8,query-filter,date,named-subset,false,2026-06-07,2026-09-06,GB,web,query,"+(?i)((pub|bar|hospitality)\b.{0,25}\b(marketing|advertising|agency)|(marketing|advertising|instagram|facebook|content creation|paid social|social video)\b.{0,12}\bfor (pubs|bars))",raw/gsc-3m-q-cl_0004/Chart.csv
gsc-3m-q-cl_0004,2026-09-01,0,13,0,12,query-filter,date,named-subset,false,2026-06-07,2026-09-06,GB,web,query,"+(?i)((pub|bar|hospitality)\b.{0,25}\b(marketing|advertising|agency)|(marketing|advertising|instagram|facebook|content creation|paid social|social video)\b.{0,12}\bfor (pubs|bars))",raw/gsc-3m-q-cl_0004/Chart.csv
gsc-3m-q-cl_0004,2026-09-02,0,27,0,11.7,query-filter,date,named-subset,false,2026-06-07,2026-09-06,GB,web,query,"+(?i)((pub|bar|hospitality)\b.{0,25}\b(marketing|advertising|agency)|(marketing|advertising|instagram|facebook|content creation|paid social|social video)\b.{0,12}\bfor (pubs|bars))",raw/gsc-3m-q-cl_0004/Chart.csv
gsc-3m-q-cl_0004,2026-09-03,0,17,0,14.8,query-filter,date,named-subset,false,2026-06-07,2026-09-06,GB,web,query,"+(?i)((pub|bar|hospitality)\b.{0,25}\b(marketing|advertising|agency)|(marketing|advertising|instagram|facebook|content creation|paid social|social video)\b.{0,12}\bfor (pubs|bars))",raw/gsc-3m-q-cl_0004/Chart.csv
gsc-3m-q-cl_0004,2026-09-04,0,25,0,12.1,query-filter,date,named-subset,false,2026-06-07,2026-09-06,GB,web,query,"+(?i)((pub|bar|hospitality)\b.{0,25}\b(marketing|advertising|agency)|(marketing|advertising|instagram|facebook|content creation|paid social|social video)\b.{0,12}\bfor (pubs|bars))",raw/gsc-3m-q-cl_0004/Chart.csv
gsc-3m-q-cl_0004,2026-09-05,0,21,0,15.5,query-filter,date,named-subset,false,2026-06-07,2026-09-06,GB,web,query,"+(?i)((pub|bar|hospitality)\b.{0,25}\b(marketing|advertising|agency)|(marketing|advertising|instagram|facebook|content creation|paid social|social video)\b.{0,12}\bfor (pubs|bars))",raw/gsc-3m-q-cl_0004/Chart.csv
gsc-3m-q-cl_0004,2026-09-06,0,19,0,15.3,query-filter,date,named-subset,false,2026-06-07,2026-09-06,GB,web,query,"+(?i)((pub|bar|hospitality)\b.{0,25}\b(marketing|advertising|agency)|(marketing|advertising|instagram|facebook|content creation|paid social|social video)\b.{0,12}\bfor (pubs|bars))",raw/gsc-3m-q-cl_0004/Chart.csv
gsc-3m-q-cl_0007,2026-06-07,0,10,0,16.6,query-filter,date,named-subset,false,2026-06-07,2026-09-06,GB,web,query,"+(?i)((pub )?quiz\b.{0,25}\b(night|round|format|question|answer|topic|scoring|prize|rule|idea)|picture round|quiz night)",raw/gsc-3m-q-cl_0007/Chart.csv
gsc-3m-q-cl_0007,2026-06-08,3,20,0.15,8.9,query-filter,date,named-subset,false,2026-06-07,2026-09-06,GB,web,query,"+(?i)((pub )?quiz\b.{0,25}\b(night|round|format|question|answer|topic|scoring|prize|rule|idea)|picture round|quiz night)",raw/gsc-3m-q-cl_0007/Chart.csv
gsc-3m-q-cl_0007,2026-06-09,0,15,0,11.5,query-filter,date,named-subset,false,2026-06-07,2026-09-06,GB,web,query,"+(?i)((pub )?quiz\b.{0,25}\b(night|round|format|question|answer|topic|scoring|prize|rule|idea)|picture round|quiz night)",raw/gsc-3m-q-cl_0007/Chart.csv
gsc-3m-q-cl_0007,2026-06-10,0,29,0,4.2,query-filter,date,named-subset,false,2026-06-07,2026-09-06,GB,web,query,"+(?i)((pub )?quiz\b.{0,25}\b(night|round|format|question|answer|topic|scoring|prize|rule|idea)|picture round|quiz night)",raw/gsc-3m-q-cl_0007/Chart.csv
gsc-3m-q-cl_0007,2026-06-11,0,25,0,13.6,query-filter,date,named-subset,false,2026-06-07,2026-09-06,GB,web,query,"+(?i)((pub )?quiz\b.{0,25}\b(night|round|format|question|answer|topic|scoring|prize|rule|idea)|picture round|quiz night)",raw/gsc-3m-q-cl_0007/Chart.csv
gsc-3m-q-cl_0007,2026-06-12,0,13,0,10,query-filter,date,named-subset,false,2026-06-07,2026-09-06,GB,web,query,"+(?i)((pub )?quiz\b.{0,25}\b(night|round|format|question|answer|topic|scoring|prize|rule|idea)|picture round|quiz night)",raw/gsc-3m-q-cl_0007/Chart.csv
gsc-3m-q-cl_0007,2026-06-13,0,16,0,7.1,query-filter,date,named-subset,false,2026-06-07,2026-09-06,GB,web,query,"+(?i)((pub )?quiz\b.{0,25}\b(night|round|format|question|answer|topic|scoring|prize|rule|idea)|picture round|quiz night)",raw/gsc-3m-q-cl_0007/Chart.csv
gsc-3m-q-cl_0007,2026-06-14,0,8,0,6,query-filter,date,named-subset,false,2026-06-07,2026-09-06,GB,web,query,"+(?i)((pub )?quiz\b.{0,25}\b(night|round|format|question|answer|topic|scoring|prize|rule|idea)|picture round|quiz night)",raw/gsc-3m-q-cl_0007/Chart.csv
gsc-3m-q-cl_0007,2026-06-15,0,2,0,14,query-filter,date,named-subset,false,2026-06-07,2026-09-06,GB,web,query,"+(?i)((pub )?quiz\b.{0,25}\b(night|round|format|question|answer|topic|scoring|prize|rule|idea)|picture round|quiz night)",raw/gsc-3m-q-cl_0007/Chart.csv
gsc-3m-q-cl_0007,2026-06-16,1,5,0.2,9.8,query-filter,date,named-subset,false,2026-06-07,2026-09-06,GB,web,query,"+(?i)((pub )?quiz\b.{0,25}\b(night|round|format|question|answer|topic|scoring|prize|rule|idea)|picture round|quiz night)",raw/gsc-3m-q-cl_0007/Chart.csv
gsc-3m-q-cl_0007,2026-06-17,0,12,0,18.5,query-filter,date,named-subset,false,2026-06-07,2026-09-06,GB,web,query,"+(?i)((pub )?quiz\b.{0,25}\b(night|round|format|question|answer|topic|scoring|prize|rule|idea)|picture round|quiz night)",raw/gsc-3m-q-cl_0007/Chart.csv
gsc-3m-q-cl_0007,2026-06-18,0,9,0,15.7,query-filter,date,named-subset,false,2026-06-07,2026-09-06,GB,web,query,"+(?i)((pub )?quiz\b.{0,25}\b(night|round|format|question|answer|topic|scoring|prize|rule|idea)|picture round|quiz night)",raw/gsc-3m-q-cl_0007/Chart.csv
gsc-3m-q-cl_0007,2026-06-19,0,7,0,25.4,query-filter,date,named-subset,false,2026-06-07,2026-09-06,GB,web,query,"+(?i)((pub )?quiz\b.{0,25}\b(night|round|format|question|answer|topic|scoring|prize|rule|idea)|picture round|quiz night)",raw/gsc-3m-q-cl_0007/Chart.csv
gsc-3m-q-cl_0007,2026-06-20,0,4,0,17.2,query-filter,date,named-subset,false,2026-06-07,2026-09-06,GB,web,query,"+(?i)((pub )?quiz\b.{0,25}\b(night|round|format|question|answer|topic|scoring|prize|rule|idea)|picture round|quiz night)",raw/gsc-3m-q-cl_0007/Chart.csv
gsc-3m-q-cl_0007,2026-06-21,0,10,0,16.5,query-filter,date,named-subset,false,2026-06-07,2026-09-06,GB,web,query,"+(?i)((pub )?quiz\b.{0,25}\b(night|round|format|question|answer|topic|scoring|prize|rule|idea)|picture round|quiz night)",raw/gsc-3m-q-cl_0007/Chart.csv
gsc-3m-q-cl_0007,2026-06-22,1,6,0.1667,10.2,query-filter,date,named-subset,false,2026-06-07,2026-09-06,GB,web,query,"+(?i)((pub )?quiz\b.{0,25}\b(night|round|format|question|answer|topic|scoring|prize|rule|idea)|picture round|quiz night)",raw/gsc-3m-q-cl_0007/Chart.csv
gsc-3m-q-cl_0007,2026-06-23,0,5,0,14,query-filter,date,named-subset,false,2026-06-07,2026-09-06,GB,web,query,"+(?i)((pub )?quiz\b.{0,25}\b(night|round|format|question|answer|topic|scoring|prize|rule|idea)|picture round|quiz night)",raw/gsc-3m-q-cl_0007/Chart.csv
gsc-3m-q-cl_0007,2026-06-24,0,5,0,16.2,query-filter,date,named-subset,false,2026-06-07,2026-09-06,GB,web,query,"+(?i)((pub )?quiz\b.{0,25}\b(night|round|format|question|answer|topic|scoring|prize|rule|idea)|picture round|quiz night)",raw/gsc-3m-q-cl_0007/Chart.csv
gsc-3m-q-cl_0007,2026-06-25,1,3,0.3333,13.3,query-filter,date,named-subset,false,2026-06-07,2026-09-06,GB,web,query,"+(?i)((pub )?quiz\b.{0,25}\b(night|round|format|question|answer|topic|scoring|prize|rule|idea)|picture round|quiz night)",raw/gsc-3m-q-cl_0007/Chart.csv
gsc-3m-q-cl_0007,2026-06-26,0,5,0,10.8,query-filter,date,named-subset,false,2026-06-07,2026-09-06,GB,web,query,"+(?i)((pub )?quiz\b.{0,25}\b(night|round|format|question|answer|topic|scoring|prize|rule|idea)|picture round|quiz night)",raw/gsc-3m-q-cl_0007/Chart.csv
gsc-3m-q-cl_0007,2026-06-27,0,3,0,10,query-filter,date,named-subset,false,2026-06-07,2026-09-06,GB,web,query,"+(?i)((pub )?quiz\b.{0,25}\b(night|round|format|question|answer|topic|scoring|prize|rule|idea)|picture round|quiz night)",raw/gsc-3m-q-cl_0007/Chart.csv
gsc-3m-q-cl_0007,2026-06-28,0,6,0,20.3,query-filter,date,named-subset,false,2026-06-07,2026-09-06,GB,web,query,"+(?i)((pub )?quiz\b.{0,25}\b(night|round|format|question|answer|topic|scoring|prize|rule|idea)|picture round|quiz night)",raw/gsc-3m-q-cl_0007/Chart.csv
gsc-3m-q-cl_0007,2026-06-29,0,0,,,query-filter,date,named-subset,false,2026-06-07,2026-09-06,GB,web,query,"+(?i)((pub )?quiz\b.{0,25}\b(night|round|format|question|answer|topic|scoring|prize|rule|idea)|picture round|quiz night)",raw/gsc-3m-q-cl_0007/Chart.csv
gsc-3m-q-cl_0007,2026-06-30,0,8,0,9.8,query-filter,date,named-subset,false,2026-06-07,2026-09-06,GB,web,query,"+(?i)((pub )?quiz\b.{0,25}\b(night|round|format|question|answer|topic|scoring|prize|rule|idea)|picture round|quiz night)",raw/gsc-3m-q-cl_0007/Chart.csv
gsc-3m-q-cl_0007,2026-07-01,0,4,0,10.5,query-filter,date,named-subset,false,2026-06-07,2026-09-06,GB,web,query,"+(?i)((pub )?quiz\b.{0,25}\b(night|round|format|question|answer|topic|scoring|prize|rule|idea)|picture round|quiz night)",raw/gsc-3m-q-cl_0007/Chart.csv
gsc-3m-q-cl_0007,2026-07-02,0,3,0,9.3,query-filter,date,named-subset,false,2026-06-07,2026-09-06,GB,web,query,"+(?i)((pub )?quiz\b.{0,25}\b(night|round|format|question|answer|topic|scoring|prize|rule|idea)|picture round|quiz night)",raw/gsc-3m-q-cl_0007/Chart.csv
gsc-3m-q-cl_0007,2026-07-03,0,5,0,14.4,query-filter,date,named-subset,false,2026-06-07,2026-09-06,GB,web,query,"+(?i)((pub )?quiz\b.{0,25}\b(night|round|format|question|answer|topic|scoring|prize|rule|idea)|picture round|quiz night)",raw/gsc-3m-q-cl_0007/Chart.csv
gsc-3m-q-cl_0007,2026-07-04,0,2,0,8,query-filter,date,named-subset,false,2026-06-07,2026-09-06,GB,web,query,"+(?i)((pub )?quiz\b.{0,25}\b(night|round|format|question|answer|topic|scoring|prize|rule|idea)|picture round|quiz night)",raw/gsc-3m-q-cl_0007/Chart.csv
gsc-3m-q-cl_0007,2026-07-05,0,5,0,9.8,query-filter,date,named-subset,false,2026-06-07,2026-09-06,GB,web,query,"+(?i)((pub )?quiz\b.{0,25}\b(night|round|format|question|answer|topic|scoring|prize|rule|idea)|picture round|quiz night)",raw/gsc-3m-q-cl_0007/Chart.csv
gsc-3m-q-cl_0007,2026-07-06,0,10,0,21.6,query-filter,date,named-subset,false,2026-06-07,2026-09-06,GB,web,query,"+(?i)((pub )?quiz\b.{0,25}\b(night|round|format|question|answer|topic|scoring|prize|rule|idea)|picture round|quiz night)",raw/gsc-3m-q-cl_0007/Chart.csv
gsc-3m-q-cl_0007,2026-07-07,0,3,0,6,query-filter,date,named-subset,false,2026-06-07,2026-09-06,GB,web,query,"+(?i)((pub )?quiz\b.{0,25}\b(night|round|format|question|answer|topic|scoring|prize|rule|idea)|picture round|quiz night)",raw/gsc-3m-q-cl_0007/Chart.csv
gsc-3m-q-cl_0007,2026-07-08,0,7,0,8.9,query-filter,date,named-subset,false,2026-06-07,2026-09-06,GB,web,query,"+(?i)((pub )?quiz\b.{0,25}\b(night|round|format|question|answer|topic|scoring|prize|rule|idea)|picture round|quiz night)",raw/gsc-3m-q-cl_0007/Chart.csv
gsc-3m-q-cl_0007,2026-07-09,0,5,0,9,query-filter,date,named-subset,false,2026-06-07,2026-09-06,GB,web,query,"+(?i)((pub )?quiz\b.{0,25}\b(night|round|format|question|answer|topic|scoring|prize|rule|idea)|picture round|quiz night)",raw/gsc-3m-q-cl_0007/Chart.csv
gsc-3m-q-cl_0007,2026-07-10,0,6,0,5.3,query-filter,date,named-subset,false,2026-06-07,2026-09-06,GB,web,query,"+(?i)((pub )?quiz\b.{0,25}\b(night|round|format|question|answer|topic|scoring|prize|rule|idea)|picture round|quiz night)",raw/gsc-3m-q-cl_0007/Chart.csv
gsc-3m-q-cl_0007,2026-07-11,1,5,0.2,9.6,query-filter,date,named-subset,false,2026-06-07,2026-09-06,GB,web,query,"+(?i)((pub )?quiz\b.{0,25}\b(night|round|format|question|answer|topic|scoring|prize|rule|idea)|picture round|quiz night)",raw/gsc-3m-q-cl_0007/Chart.csv
gsc-3m-q-cl_0007,2026-07-12,0,8,0,10,query-filter,date,named-subset,false,2026-06-07,2026-09-06,GB,web,query,"+(?i)((pub )?quiz\b.{0,25}\b(night|round|format|question|answer|topic|scoring|prize|rule|idea)|picture round|quiz night)",raw/gsc-3m-q-cl_0007/Chart.csv
gsc-3m-q-cl_0007,2026-07-13,0,4,0,15.2,query-filter,date,named-subset,false,2026-06-07,2026-09-06,GB,web,query,"+(?i)((pub )?quiz\b.{0,25}\b(night|round|format|question|answer|topic|scoring|prize|rule|idea)|picture round|quiz night)",raw/gsc-3m-q-cl_0007/Chart.csv
gsc-3m-q-cl_0007,2026-07-14,0,3,0,4.3,query-filter,date,named-subset,false,2026-06-07,2026-09-06,GB,web,query,"+(?i)((pub )?quiz\b.{0,25}\b(night|round|format|question|answer|topic|scoring|prize|rule|idea)|picture round|quiz night)",raw/gsc-3m-q-cl_0007/Chart.csv
gsc-3m-q-cl_0007,2026-07-15,0,6,0,7.8,query-filter,date,named-subset,false,2026-06-07,2026-09-06,GB,web,query,"+(?i)((pub )?quiz\b.{0,25}\b(night|round|format|question|answer|topic|scoring|prize|rule|idea)|picture round|quiz night)",raw/gsc-3m-q-cl_0007/Chart.csv
gsc-3m-q-cl_0007,2026-07-16,0,7,0,5.4,query-filter,date,named-subset,false,2026-06-07,2026-09-06,GB,web,query,"+(?i)((pub )?quiz\b.{0,25}\b(night|round|format|question|answer|topic|scoring|prize|rule|idea)|picture round|quiz night)",raw/gsc-3m-q-cl_0007/Chart.csv
gsc-3m-q-cl_0007,2026-07-17,0,5,0,10,query-filter,date,named-subset,false,2026-06-07,2026-09-06,GB,web,query,"+(?i)((pub )?quiz\b.{0,25}\b(night|round|format|question|answer|topic|scoring|prize|rule|idea)|picture round|quiz night)",raw/gsc-3m-q-cl_0007/Chart.csv
gsc-3m-q-cl_0007,2026-07-18,1,2,0.5,8,query-filter,date,named-subset,false,2026-06-07,2026-09-06,GB,web,query,"+(?i)((pub )?quiz\b.{0,25}\b(night|round|format|question|answer|topic|scoring|prize|rule|idea)|picture round|quiz night)",raw/gsc-3m-q-cl_0007/Chart.csv
gsc-3m-q-cl_0007,2026-07-19,0,4,0,9.5,query-filter,date,named-subset,false,2026-06-07,2026-09-06,GB,web,query,"+(?i)((pub )?quiz\b.{0,25}\b(night|round|format|question|answer|topic|scoring|prize|rule|idea)|picture round|quiz night)",raw/gsc-3m-q-cl_0007/Chart.csv
gsc-3m-q-cl_0007,2026-07-20,0,10,0,17.3,query-filter,date,named-subset,false,2026-06-07,2026-09-06,GB,web,query,"+(?i)((pub )?quiz\b.{0,25}\b(night|round|format|question|answer|topic|scoring|prize|rule|idea)|picture round|quiz night)",raw/gsc-3m-q-cl_0007/Chart.csv
gsc-3m-q-cl_0007,2026-07-21,0,14,0,20.9,query-filter,date,named-subset,false,2026-06-07,2026-09-06,GB,web,query,"+(?i)((pub )?quiz\b.{0,25}\b(night|round|format|question|answer|topic|scoring|prize|rule|idea)|picture round|quiz night)",raw/gsc-3m-q-cl_0007/Chart.csv
gsc-3m-q-cl_0007,2026-07-22,0,3,0,19.3,query-filter,date,named-subset,false,2026-06-07,2026-09-06,GB,web,query,"+(?i)((pub )?quiz\b.{0,25}\b(night|round|format|question|answer|topic|scoring|prize|rule|idea)|picture round|quiz night)",raw/gsc-3m-q-cl_0007/Chart.csv
gsc-3m-q-cl_0007,2026-07-23,0,7,0,7.3,query-filter,date,named-subset,false,2026-06-07,2026-09-06,GB,web,query,"+(?i)((pub )?quiz\b.{0,25}\b(night|round|format|question|answer|topic|scoring|prize|rule|idea)|picture round|quiz night)",raw/gsc-3m-q-cl_0007/Chart.csv
gsc-3m-q-cl_0007,2026-07-24,0,6,0,6,query-filter,date,named-subset,false,2026-06-07,2026-09-06,GB,web,query,"+(?i)((pub )?quiz\b.{0,25}\b(night|round|format|question|answer|topic|scoring|prize|rule|idea)|picture round|quiz night)",raw/gsc-3m-q-cl_0007/Chart.csv
gsc-3m-q-cl_0007,2026-07-25,1,6,0.1667,5.7,query-filter,date,named-subset,false,2026-06-07,2026-09-06,GB,web,query,"+(?i)((pub )?quiz\b.{0,25}\b(night|round|format|question|answer|topic|scoring|prize|rule|idea)|picture round|quiz night)",raw/gsc-3m-q-cl_0007/Chart.csv
gsc-3m-q-cl_0007,2026-07-26,0,11,0,14.5,query-filter,date,named-subset,false,2026-06-07,2026-09-06,GB,web,query,"+(?i)((pub )?quiz\b.{0,25}\b(night|round|format|question|answer|topic|scoring|prize|rule|idea)|picture round|quiz night)",raw/gsc-3m-q-cl_0007/Chart.csv
gsc-3m-q-cl_0007,2026-07-27,0,7,0,14.6,query-filter,date,named-subset,false,2026-06-07,2026-09-06,GB,web,query,"+(?i)((pub )?quiz\b.{0,25}\b(night|round|format|question|answer|topic|scoring|prize|rule|idea)|picture round|quiz night)",raw/gsc-3m-q-cl_0007/Chart.csv
gsc-3m-q-cl_0007,2026-07-28,0,7,0,12.4,query-filter,date,named-subset,false,2026-06-07,2026-09-06,GB,web,query,"+(?i)((pub )?quiz\b.{0,25}\b(night|round|format|question|answer|topic|scoring|prize|rule|idea)|picture round|quiz night)",raw/gsc-3m-q-cl_0007/Chart.csv
gsc-3m-q-cl_0007,2026-07-29,0,6,0,19.5,query-filter,date,named-subset,false,2026-06-07,2026-09-06,GB,web,query,"+(?i)((pub )?quiz\b.{0,25}\b(night|round|format|question|answer|topic|scoring|prize|rule|idea)|picture round|quiz night)",raw/gsc-3m-q-cl_0007/Chart.csv
gsc-3m-q-cl_0007,2026-07-30,0,3,0,20.3,query-filter,date,named-subset,false,2026-06-07,2026-09-06,GB,web,query,"+(?i)((pub )?quiz\b.{0,25}\b(night|round|format|question|answer|topic|scoring|prize|rule|idea)|picture round|quiz night)",raw/gsc-3m-q-cl_0007/Chart.csv
gsc-3m-q-cl_0007,2026-07-31,0,5,0,10.8,query-filter,date,named-subset,false,2026-06-07,2026-09-06,GB,web,query,"+(?i)((pub )?quiz\b.{0,25}\b(night|round|format|question|answer|topic|scoring|prize|rule|idea)|picture round|quiz night)",raw/gsc-3m-q-cl_0007/Chart.csv
gsc-3m-q-cl_0007,2026-08-01,0,1,0,6,query-filter,date,named-subset,false,2026-06-07,2026-09-06,GB,web,query,"+(?i)((pub )?quiz\b.{0,25}\b(night|round|format|question|answer|topic|scoring|prize|rule|idea)|picture round|quiz night)",raw/gsc-3m-q-cl_0007/Chart.csv
gsc-3m-q-cl_0007,2026-08-02,0,5,0,12,query-filter,date,named-subset,false,2026-06-07,2026-09-06,GB,web,query,"+(?i)((pub )?quiz\b.{0,25}\b(night|round|format|question|answer|topic|scoring|prize|rule|idea)|picture round|quiz night)",raw/gsc-3m-q-cl_0007/Chart.csv
gsc-3m-q-cl_0007,2026-08-03,0,3,0,7.7,query-filter,date,named-subset,false,2026-06-07,2026-09-06,GB,web,query,"+(?i)((pub )?quiz\b.{0,25}\b(night|round|format|question|answer|topic|scoring|prize|rule|idea)|picture round|quiz night)",raw/gsc-3m-q-cl_0007/Chart.csv
gsc-3m-q-cl_0007,2026-08-04,0,4,0,7,query-filter,date,named-subset,false,2026-06-07,2026-09-06,GB,web,query,"+(?i)((pub )?quiz\b.{0,25}\b(night|round|format|question|answer|topic|scoring|prize|rule|idea)|picture round|quiz night)",raw/gsc-3m-q-cl_0007/Chart.csv
gsc-3m-q-cl_0007,2026-08-05,0,5,0,11.4,query-filter,date,named-subset,false,2026-06-07,2026-09-06,GB,web,query,"+(?i)((pub )?quiz\b.{0,25}\b(night|round|format|question|answer|topic|scoring|prize|rule|idea)|picture round|quiz night)",raw/gsc-3m-q-cl_0007/Chart.csv
gsc-3m-q-cl_0007,2026-08-06,1,5,0.2,15.2,query-filter,date,named-subset,false,2026-06-07,2026-09-06,GB,web,query,"+(?i)((pub )?quiz\b.{0,25}\b(night|round|format|question|answer|topic|scoring|prize|rule|idea)|picture round|quiz night)",raw/gsc-3m-q-cl_0007/Chart.csv
gsc-3m-q-cl_0007,2026-08-07,0,2,0,5.5,query-filter,date,named-subset,false,2026-06-07,2026-09-06,GB,web,query,"+(?i)((pub )?quiz\b.{0,25}\b(night|round|format|question|answer|topic|scoring|prize|rule|idea)|picture round|quiz night)",raw/gsc-3m-q-cl_0007/Chart.csv
gsc-3m-q-cl_0007,2026-08-08,0,4,0,23.2,query-filter,date,named-subset,false,2026-06-07,2026-09-06,GB,web,query,"+(?i)((pub )?quiz\b.{0,25}\b(night|round|format|question|answer|topic|scoring|prize|rule|idea)|picture round|quiz night)",raw/gsc-3m-q-cl_0007/Chart.csv
gsc-3m-q-cl_0007,2026-08-09,0,5,0,4.6,query-filter,date,named-subset,false,2026-06-07,2026-09-06,GB,web,query,"+(?i)((pub )?quiz\b.{0,25}\b(night|round|format|question|answer|topic|scoring|prize|rule|idea)|picture round|quiz night)",raw/gsc-3m-q-cl_0007/Chart.csv
gsc-3m-q-cl_0007,2026-08-10,0,10,0,13,query-filter,date,named-subset,false,2026-06-07,2026-09-06,GB,web,query,"+(?i)((pub )?quiz\b.{0,25}\b(night|round|format|question|answer|topic|scoring|prize|rule|idea)|picture round|quiz night)",raw/gsc-3m-q-cl_0007/Chart.csv
gsc-3m-q-cl_0007,2026-08-11,0,5,0,8.2,query-filter,date,named-subset,false,2026-06-07,2026-09-06,GB,web,query,"+(?i)((pub )?quiz\b.{0,25}\b(night|round|format|question|answer|topic|scoring|prize|rule|idea)|picture round|quiz night)",raw/gsc-3m-q-cl_0007/Chart.csv
gsc-3m-q-cl_0007,2026-08-12,0,7,0,15.7,query-filter,date,named-subset,false,2026-06-07,2026-09-06,GB,web,query,"+(?i)((pub )?quiz\b.{0,25}\b(night|round|format|question|answer|topic|scoring|prize|rule|idea)|picture round|quiz night)",raw/gsc-3m-q-cl_0007/Chart.csv
gsc-3m-q-cl_0007,2026-08-13,0,12,0,6.8,query-filter,date,named-subset,false,2026-06-07,2026-09-06,GB,web,query,"+(?i)((pub )?quiz\b.{0,25}\b(night|round|format|question|answer|topic|scoring|prize|rule|idea)|picture round|quiz night)",raw/gsc-3m-q-cl_0007/Chart.csv
gsc-3m-q-cl_0007,2026-08-14,0,10,0,8.2,query-filter,date,named-subset,false,2026-06-07,2026-09-06,GB,web,query,"+(?i)((pub )?quiz\b.{0,25}\b(night|round|format|question|answer|topic|scoring|prize|rule|idea)|picture round|quiz night)",raw/gsc-3m-q-cl_0007/Chart.csv
gsc-3m-q-cl_0007,2026-08-15,0,4,0,9.8,query-filter,date,named-subset,false,2026-06-07,2026-09-06,GB,web,query,"+(?i)((pub )?quiz\b.{0,25}\b(night|round|format|question|answer|topic|scoring|prize|rule|idea)|picture round|quiz night)",raw/gsc-3m-q-cl_0007/Chart.csv
gsc-3m-q-cl_0007,2026-08-16,0,12,0,13.2,query-filter,date,named-subset,false,2026-06-07,2026-09-06,GB,web,query,"+(?i)((pub )?quiz\b.{0,25}\b(night|round|format|question|answer|topic|scoring|prize|rule|idea)|picture round|quiz night)",raw/gsc-3m-q-cl_0007/Chart.csv
gsc-3m-q-cl_0007,2026-08-17,0,9,0,10.2,query-filter,date,named-subset,false,2026-06-07,2026-09-06,GB,web,query,"+(?i)((pub )?quiz\b.{0,25}\b(night|round|format|question|answer|topic|scoring|prize|rule|idea)|picture round|quiz night)",raw/gsc-3m-q-cl_0007/Chart.csv
gsc-3m-q-cl_0007,2026-08-18,0,8,0,18.1,query-filter,date,named-subset,false,2026-06-07,2026-09-06,GB,web,query,"+(?i)((pub )?quiz\b.{0,25}\b(night|round|format|question|answer|topic|scoring|prize|rule|idea)|picture round|quiz night)",raw/gsc-3m-q-cl_0007/Chart.csv
gsc-3m-q-cl_0007,2026-08-19,0,13,0,13.5,query-filter,date,named-subset,false,2026-06-07,2026-09-06,GB,web,query,"+(?i)((pub )?quiz\b.{0,25}\b(night|round|format|question|answer|topic|scoring|prize|rule|idea)|picture round|quiz night)",raw/gsc-3m-q-cl_0007/Chart.csv
gsc-3m-q-cl_0007,2026-08-20,0,6,0,17.3,query-filter,date,named-subset,false,2026-06-07,2026-09-06,GB,web,query,"+(?i)((pub )?quiz\b.{0,25}\b(night|round|format|question|answer|topic|scoring|prize|rule|idea)|picture round|quiz night)",raw/gsc-3m-q-cl_0007/Chart.csv
gsc-3m-q-cl_0007,2026-08-21,0,3,0,26.7,query-filter,date,named-subset,false,2026-06-07,2026-09-06,GB,web,query,"+(?i)((pub )?quiz\b.{0,25}\b(night|round|format|question|answer|topic|scoring|prize|rule|idea)|picture round|quiz night)",raw/gsc-3m-q-cl_0007/Chart.csv
gsc-3m-q-cl_0007,2026-08-22,0,3,0,14,query-filter,date,named-subset,false,2026-06-07,2026-09-06,GB,web,query,"+(?i)((pub )?quiz\b.{0,25}\b(night|round|format|question|answer|topic|scoring|prize|rule|idea)|picture round|quiz night)",raw/gsc-3m-q-cl_0007/Chart.csv
gsc-3m-q-cl_0007,2026-08-23,0,3,0,14.3,query-filter,date,named-subset,false,2026-06-07,2026-09-06,GB,web,query,"+(?i)((pub )?quiz\b.{0,25}\b(night|round|format|question|answer|topic|scoring|prize|rule|idea)|picture round|quiz night)",raw/gsc-3m-q-cl_0007/Chart.csv
gsc-3m-q-cl_0007,2026-08-24,0,17,0,11.5,query-filter,date,named-subset,false,2026-06-07,2026-09-06,GB,web,query,"+(?i)((pub )?quiz\b.{0,25}\b(night|round|format|question|answer|topic|scoring|prize|rule|idea)|picture round|quiz night)",raw/gsc-3m-q-cl_0007/Chart.csv
gsc-3m-q-cl_0007,2026-08-25,0,9,0,5.1,query-filter,date,named-subset,false,2026-06-07,2026-09-06,GB,web,query,"+(?i)((pub )?quiz\b.{0,25}\b(night|round|format|question|answer|topic|scoring|prize|rule|idea)|picture round|quiz night)",raw/gsc-3m-q-cl_0007/Chart.csv
gsc-3m-q-cl_0007,2026-08-26,1,8,0.125,14.2,query-filter,date,named-subset,false,2026-06-07,2026-09-06,GB,web,query,"+(?i)((pub )?quiz\b.{0,25}\b(night|round|format|question|answer|topic|scoring|prize|rule|idea)|picture round|quiz night)",raw/gsc-3m-q-cl_0007/Chart.csv
gsc-3m-q-cl_0007,2026-08-27,0,8,0,3.2,query-filter,date,named-subset,false,2026-06-07,2026-09-06,GB,web,query,"+(?i)((pub )?quiz\b.{0,25}\b(night|round|format|question|answer|topic|scoring|prize|rule|idea)|picture round|quiz night)",raw/gsc-3m-q-cl_0007/Chart.csv
gsc-3m-q-cl_0007,2026-08-28,1,12,0.0833,11.7,query-filter,date,named-subset,false,2026-06-07,2026-09-06,GB,web,query,"+(?i)((pub )?quiz\b.{0,25}\b(night|round|format|question|answer|topic|scoring|prize|rule|idea)|picture round|quiz night)",raw/gsc-3m-q-cl_0007/Chart.csv
gsc-3m-q-cl_0007,2026-08-29,0,6,0,3.7,query-filter,date,named-subset,false,2026-06-07,2026-09-06,GB,web,query,"+(?i)((pub )?quiz\b.{0,25}\b(night|round|format|question|answer|topic|scoring|prize|rule|idea)|picture round|quiz night)",raw/gsc-3m-q-cl_0007/Chart.csv
gsc-3m-q-cl_0007,2026-08-30,0,8,0,8.2,query-filter,date,named-subset,false,2026-06-07,2026-09-06,GB,web,query,"+(?i)((pub )?quiz\b.{0,25}\b(night|round|format|question|answer|topic|scoring|prize|rule|idea)|picture round|quiz night)",raw/gsc-3m-q-cl_0007/Chart.csv
gsc-3m-q-cl_0007,2026-08-31,0,5,0,8.2,query-filter,date,named-subset,false,2026-06-07,2026-09-06,GB,web,query,"+(?i)((pub )?quiz\b.{0,25}\b(night|round|format|question|answer|topic|scoring|prize|rule|idea)|picture round|quiz night)",raw/gsc-3m-q-cl_0007/Chart.csv
gsc-3m-q-cl_0007,2026-09-01,0,20,0,4.2,query-filter,date,named-subset,false,2026-06-07,2026-09-06,GB,web,query,"+(?i)((pub )?quiz\b.{0,25}\b(night|round|format|question|answer|topic|scoring|prize|rule|idea)|picture round|quiz night)",raw/gsc-3m-q-cl_0007/Chart.csv
gsc-3m-q-cl_0007,2026-09-02,0,17,0,4.2,query-filter,date,named-subset,false,2026-06-07,2026-09-06,GB,web,query,"+(?i)((pub )?quiz\b.{0,25}\b(night|round|format|question|answer|topic|scoring|prize|rule|idea)|picture round|quiz night)",raw/gsc-3m-q-cl_0007/Chart.csv
gsc-3m-q-cl_0007,2026-09-03,1,16,0.0625,5.7,query-filter,date,named-subset,false,2026-06-07,2026-09-06,GB,web,query,"+(?i)((pub )?quiz\b.{0,25}\b(night|round|format|question|answer|topic|scoring|prize|rule|idea)|picture round|quiz night)",raw/gsc-3m-q-cl_0007/Chart.csv
gsc-3m-q-cl_0007,2026-09-04,1,4,0.25,3.2,query-filter,date,named-subset,false,2026-06-07,2026-09-06,GB,web,query,"+(?i)((pub )?quiz\b.{0,25}\b(night|round|format|question|answer|topic|scoring|prize|rule|idea)|picture round|quiz night)",raw/gsc-3m-q-cl_0007/Chart.csv
gsc-3m-q-cl_0007,2026-09-05,0,6,0,7.2,query-filter,date,named-subset,false,2026-06-07,2026-09-06,GB,web,query,"+(?i)((pub )?quiz\b.{0,25}\b(night|round|format|question|answer|topic|scoring|prize|rule|idea)|picture round|quiz night)",raw/gsc-3m-q-cl_0007/Chart.csv
gsc-3m-q-cl_0007,2026-09-06,1,7,0.1429,17,query-filter,date,named-subset,false,2026-06-07,2026-09-06,GB,web,query,"+(?i)((pub )?quiz\b.{0,25}\b(night|round|format|question|answer|topic|scoring|prize|rule|idea)|picture round|quiz night)",raw/gsc-3m-q-cl_0007/Chart.csv
gsc-3m-q-cl_0008,2026-06-07,0,9,0,12.7,query-filter,date,named-subset,false,2026-06-07,2026-09-06,GB,web,query,"+(?i)((pub|music|cash) bingo|bingo\b.{0,20}\b(pub|night|licence|equipment|idea))",raw/gsc-3m-q-cl_0008/Chart.csv
gsc-3m-q-cl_0008,2026-06-08,0,12,0,9.7,query-filter,date,named-subset,false,2026-06-07,2026-09-06,GB,web,query,"+(?i)((pub|music|cash) bingo|bingo\b.{0,20}\b(pub|night|licence|equipment|idea))",raw/gsc-3m-q-cl_0008/Chart.csv
gsc-3m-q-cl_0008,2026-06-09,0,19,0,12.3,query-filter,date,named-subset,false,2026-06-07,2026-09-06,GB,web,query,"+(?i)((pub|music|cash) bingo|bingo\b.{0,20}\b(pub|night|licence|equipment|idea))",raw/gsc-3m-q-cl_0008/Chart.csv
gsc-3m-q-cl_0008,2026-06-10,1,12,0.0833,12.2,query-filter,date,named-subset,false,2026-06-07,2026-09-06,GB,web,query,"+(?i)((pub|music|cash) bingo|bingo\b.{0,20}\b(pub|night|licence|equipment|idea))",raw/gsc-3m-q-cl_0008/Chart.csv
gsc-3m-q-cl_0008,2026-06-11,0,8,0,11.4,query-filter,date,named-subset,false,2026-06-07,2026-09-06,GB,web,query,"+(?i)((pub|music|cash) bingo|bingo\b.{0,20}\b(pub|night|licence|equipment|idea))",raw/gsc-3m-q-cl_0008/Chart.csv
gsc-3m-q-cl_0008,2026-06-12,0,14,0,12.4,query-filter,date,named-subset,false,2026-06-07,2026-09-06,GB,web,query,"+(?i)((pub|music|cash) bingo|bingo\b.{0,20}\b(pub|night|licence|equipment|idea))",raw/gsc-3m-q-cl_0008/Chart.csv
gsc-3m-q-cl_0008,2026-06-13,0,18,0,10.2,query-filter,date,named-subset,false,2026-06-07,2026-09-06,GB,web,query,"+(?i)((pub|music|cash) bingo|bingo\b.{0,20}\b(pub|night|licence|equipment|idea))",raw/gsc-3m-q-cl_0008/Chart.csv
gsc-3m-q-cl_0008,2026-06-14,0,8,0,11.1,query-filter,date,named-subset,false,2026-06-07,2026-09-06,GB,web,query,"+(?i)((pub|music|cash) bingo|bingo\b.{0,20}\b(pub|night|licence|equipment|idea))",raw/gsc-3m-q-cl_0008/Chart.csv
gsc-3m-q-cl_0008,2026-06-15,0,16,0,11.7,query-filter,date,named-subset,false,2026-06-07,2026-09-06,GB,web,query,"+(?i)((pub|music|cash) bingo|bingo\b.{0,20}\b(pub|night|licence|equipment|idea))",raw/gsc-3m-q-cl_0008/Chart.csv
gsc-3m-q-cl_0008,2026-06-16,0,14,0,13.9,query-filter,date,named-subset,false,2026-06-07,2026-09-06,GB,web,query,"+(?i)((pub|music|cash) bingo|bingo\b.{0,20}\b(pub|night|licence|equipment|idea))",raw/gsc-3m-q-cl_0008/Chart.csv
gsc-3m-q-cl_0008,2026-06-17,0,15,0,12.4,query-filter,date,named-subset,false,2026-06-07,2026-09-06,GB,web,query,"+(?i)((pub|music|cash) bingo|bingo\b.{0,20}\b(pub|night|licence|equipment|idea))",raw/gsc-3m-q-cl_0008/Chart.csv
gsc-3m-q-cl_0008,2026-06-18,0,11,0,14,query-filter,date,named-subset,false,2026-06-07,2026-09-06,GB,web,query,"+(?i)((pub|music|cash) bingo|bingo\b.{0,20}\b(pub|night|licence|equipment|idea))",raw/gsc-3m-q-cl_0008/Chart.csv
gsc-3m-q-cl_0008,2026-06-19,0,19,0,11.7,query-filter,date,named-subset,false,2026-06-07,2026-09-06,GB,web,query,"+(?i)((pub|music|cash) bingo|bingo\b.{0,20}\b(pub|night|licence|equipment|idea))",raw/gsc-3m-q-cl_0008/Chart.csv
gsc-3m-q-cl_0008,2026-06-20,0,14,0,11.7,query-filter,date,named-subset,false,2026-06-07,2026-09-06,GB,web,query,"+(?i)((pub|music|cash) bingo|bingo\b.{0,20}\b(pub|night|licence|equipment|idea))",raw/gsc-3m-q-cl_0008/Chart.csv
gsc-3m-q-cl_0008,2026-06-21,0,11,0,12.8,query-filter,date,named-subset,false,2026-06-07,2026-09-06,GB,web,query,"+(?i)((pub|music|cash) bingo|bingo\b.{0,20}\b(pub|night|licence|equipment|idea))",raw/gsc-3m-q-cl_0008/Chart.csv
gsc-3m-q-cl_0008,2026-06-22,0,12,0,12.5,query-filter,date,named-subset,false,2026-06-07,2026-09-06,GB,web,query,"+(?i)((pub|music|cash) bingo|bingo\b.{0,20}\b(pub|night|licence|equipment|idea))",raw/gsc-3m-q-cl_0008/Chart.csv
gsc-3m-q-cl_0008,2026-06-23,0,9,0,11.3,query-filter,date,named-subset,false,2026-06-07,2026-09-06,GB,web,query,"+(?i)((pub|music|cash) bingo|bingo\b.{0,20}\b(pub|night|licence|equipment|idea))",raw/gsc-3m-q-cl_0008/Chart.csv
gsc-3m-q-cl_0008,2026-06-24,0,17,0,12.6,query-filter,date,named-subset,false,2026-06-07,2026-09-06,GB,web,query,"+(?i)((pub|music|cash) bingo|bingo\b.{0,20}\b(pub|night|licence|equipment|idea))",raw/gsc-3m-q-cl_0008/Chart.csv
gsc-3m-q-cl_0008,2026-06-25,0,12,0,13.2,query-filter,date,named-subset,false,2026-06-07,2026-09-06,GB,web,query,"+(?i)((pub|music|cash) bingo|bingo\b.{0,20}\b(pub|night|licence|equipment|idea))",raw/gsc-3m-q-cl_0008/Chart.csv
gsc-3m-q-cl_0008,2026-06-26,0,19,0,12.1,query-filter,date,named-subset,false,2026-06-07,2026-09-06,GB,web,query,"+(?i)((pub|music|cash) bingo|bingo\b.{0,20}\b(pub|night|licence|equipment|idea))",raw/gsc-3m-q-cl_0008/Chart.csv
gsc-3m-q-cl_0008,2026-06-27,0,17,0,11.6,query-filter,date,named-subset,false,2026-06-07,2026-09-06,GB,web,query,"+(?i)((pub|music|cash) bingo|bingo\b.{0,20}\b(pub|night|licence|equipment|idea))",raw/gsc-3m-q-cl_0008/Chart.csv
gsc-3m-q-cl_0008,2026-06-28,0,13,0,12.8,query-filter,date,named-subset,false,2026-06-07,2026-09-06,GB,web,query,"+(?i)((pub|music|cash) bingo|bingo\b.{0,20}\b(pub|night|licence|equipment|idea))",raw/gsc-3m-q-cl_0008/Chart.csv
gsc-3m-q-cl_0008,2026-06-29,0,17,0,12.1,query-filter,date,named-subset,false,2026-06-07,2026-09-06,GB,web,query,"+(?i)((pub|music|cash) bingo|bingo\b.{0,20}\b(pub|night|licence|equipment|idea))",raw/gsc-3m-q-cl_0008/Chart.csv
gsc-3m-q-cl_0008,2026-06-30,0,13,0,11.5,query-filter,date,named-subset,false,2026-06-07,2026-09-06,GB,web,query,"+(?i)((pub|music|cash) bingo|bingo\b.{0,20}\b(pub|night|licence|equipment|idea))",raw/gsc-3m-q-cl_0008/Chart.csv
gsc-3m-q-cl_0008,2026-07-01,0,15,0,12.2,query-filter,date,named-subset,false,2026-06-07,2026-09-06,GB,web,query,"+(?i)((pub|music|cash) bingo|bingo\b.{0,20}\b(pub|night|licence|equipment|idea))",raw/gsc-3m-q-cl_0008/Chart.csv
gsc-3m-q-cl_0008,2026-07-02,0,12,0,12.8,query-filter,date,named-subset,false,2026-06-07,2026-09-06,GB,web,query,"+(?i)((pub|music|cash) bingo|bingo\b.{0,20}\b(pub|night|licence|equipment|idea))",raw/gsc-3m-q-cl_0008/Chart.csv
gsc-3m-q-cl_0008,2026-07-03,0,12,0,12.7,query-filter,date,named-subset,false,2026-06-07,2026-09-06,GB,web,query,"+(?i)((pub|music|cash) bingo|bingo\b.{0,20}\b(pub|night|licence|equipment|idea))",raw/gsc-3m-q-cl_0008/Chart.csv
gsc-3m-q-cl_0008,2026-07-04,0,14,0,13.9,query-filter,date,named-subset,false,2026-06-07,2026-09-06,GB,web,query,"+(?i)((pub|music|cash) bingo|bingo\b.{0,20}\b(pub|night|licence|equipment|idea))",raw/gsc-3m-q-cl_0008/Chart.csv
gsc-3m-q-cl_0008,2026-07-05,0,16,0,14.1,query-filter,date,named-subset,false,2026-06-07,2026-09-06,GB,web,query,"+(?i)((pub|music|cash) bingo|bingo\b.{0,20}\b(pub|night|licence|equipment|idea))",raw/gsc-3m-q-cl_0008/Chart.csv
gsc-3m-q-cl_0008,2026-07-06,0,16,0,11.2,query-filter,date,named-subset,false,2026-06-07,2026-09-06,GB,web,query,"+(?i)((pub|music|cash) bingo|bingo\b.{0,20}\b(pub|night|licence|equipment|idea))",raw/gsc-3m-q-cl_0008/Chart.csv
gsc-3m-q-cl_0008,2026-07-07,0,9,0,13.3,query-filter,date,named-subset,false,2026-06-07,2026-09-06,GB,web,query,"+(?i)((pub|music|cash) bingo|bingo\b.{0,20}\b(pub|night|licence|equipment|idea))",raw/gsc-3m-q-cl_0008/Chart.csv
gsc-3m-q-cl_0008,2026-07-08,0,11,0,12.5,query-filter,date,named-subset,false,2026-06-07,2026-09-06,GB,web,query,"+(?i)((pub|music|cash) bingo|bingo\b.{0,20}\b(pub|night|licence|equipment|idea))",raw/gsc-3m-q-cl_0008/Chart.csv
gsc-3m-q-cl_0008,2026-07-09,0,13,0,12.2,query-filter,date,named-subset,false,2026-06-07,2026-09-06,GB,web,query,"+(?i)((pub|music|cash) bingo|bingo\b.{0,20}\b(pub|night|licence|equipment|idea))",raw/gsc-3m-q-cl_0008/Chart.csv
gsc-3m-q-cl_0008,2026-07-10,0,17,0,12.5,query-filter,date,named-subset,false,2026-06-07,2026-09-06,GB,web,query,"+(?i)((pub|music|cash) bingo|bingo\b.{0,20}\b(pub|night|licence|equipment|idea))",raw/gsc-3m-q-cl_0008/Chart.csv
gsc-3m-q-cl_0008,2026-07-11,0,18,0,12.4,query-filter,date,named-subset,false,2026-06-07,2026-09-06,GB,web,query,"+(?i)((pub|music|cash) bingo|bingo\b.{0,20}\b(pub|night|licence|equipment|idea))",raw/gsc-3m-q-cl_0008/Chart.csv
gsc-3m-q-cl_0008,2026-07-12,0,11,0,13.4,query-filter,date,named-subset,false,2026-06-07,2026-09-06,GB,web,query,"+(?i)((pub|music|cash) bingo|bingo\b.{0,20}\b(pub|night|licence|equipment|idea))",raw/gsc-3m-q-cl_0008/Chart.csv
gsc-3m-q-cl_0008,2026-07-13,0,18,0,11.7,query-filter,date,named-subset,false,2026-06-07,2026-09-06,GB,web,query,"+(?i)((pub|music|cash) bingo|bingo\b.{0,20}\b(pub|night|licence|equipment|idea))",raw/gsc-3m-q-cl_0008/Chart.csv
gsc-3m-q-cl_0008,2026-07-14,0,8,0,13.1,query-filter,date,named-subset,false,2026-06-07,2026-09-06,GB,web,query,"+(?i)((pub|music|cash) bingo|bingo\b.{0,20}\b(pub|night|licence|equipment|idea))",raw/gsc-3m-q-cl_0008/Chart.csv
gsc-3m-q-cl_0008,2026-07-15,0,10,0,11.9,query-filter,date,named-subset,false,2026-06-07,2026-09-06,GB,web,query,"+(?i)((pub|music|cash) bingo|bingo\b.{0,20}\b(pub|night|licence|equipment|idea))",raw/gsc-3m-q-cl_0008/Chart.csv
gsc-3m-q-cl_0008,2026-07-16,0,14,0,12.1,query-filter,date,named-subset,false,2026-06-07,2026-09-06,GB,web,query,"+(?i)((pub|music|cash) bingo|bingo\b.{0,20}\b(pub|night|licence|equipment|idea))",raw/gsc-3m-q-cl_0008/Chart.csv
gsc-3m-q-cl_0008,2026-07-17,0,11,0,12.3,query-filter,date,named-subset,false,2026-06-07,2026-09-06,GB,web,query,"+(?i)((pub|music|cash) bingo|bingo\b.{0,20}\b(pub|night|licence|equipment|idea))",raw/gsc-3m-q-cl_0008/Chart.csv
gsc-3m-q-cl_0008,2026-07-18,0,14,0,12.4,query-filter,date,named-subset,false,2026-06-07,2026-09-06,GB,web,query,"+(?i)((pub|music|cash) bingo|bingo\b.{0,20}\b(pub|night|licence|equipment|idea))",raw/gsc-3m-q-cl_0008/Chart.csv
gsc-3m-q-cl_0008,2026-07-19,0,14,0,11,query-filter,date,named-subset,false,2026-06-07,2026-09-06,GB,web,query,"+(?i)((pub|music|cash) bingo|bingo\b.{0,20}\b(pub|night|licence|equipment|idea))",raw/gsc-3m-q-cl_0008/Chart.csv
gsc-3m-q-cl_0008,2026-07-20,0,11,0,13.6,query-filter,date,named-subset,false,2026-06-07,2026-09-06,GB,web,query,"+(?i)((pub|music|cash) bingo|bingo\b.{0,20}\b(pub|night|licence|equipment|idea))",raw/gsc-3m-q-cl_0008/Chart.csv
gsc-3m-q-cl_0008,2026-07-21,0,16,0,10.3,query-filter,date,named-subset,false,2026-06-07,2026-09-06,GB,web,query,"+(?i)((pub|music|cash) bingo|bingo\b.{0,20}\b(pub|night|licence|equipment|idea))",raw/gsc-3m-q-cl_0008/Chart.csv
gsc-3m-q-cl_0008,2026-07-22,0,9,0,15.3,query-filter,date,named-subset,false,2026-06-07,2026-09-06,GB,web,query,"+(?i)((pub|music|cash) bingo|bingo\b.{0,20}\b(pub|night|licence|equipment|idea))",raw/gsc-3m-q-cl_0008/Chart.csv
gsc-3m-q-cl_0008,2026-07-23,1,14,0.0714,10.6,query-filter,date,named-subset,false,2026-06-07,2026-09-06,GB,web,query,"+(?i)((pub|music|cash) bingo|bingo\b.{0,20}\b(pub|night|licence|equipment|idea))",raw/gsc-3m-q-cl_0008/Chart.csv
gsc-3m-q-cl_0008,2026-07-24,0,9,0,11.9,query-filter,date,named-subset,false,2026-06-07,2026-09-06,GB,web,query,"+(?i)((pub|music|cash) bingo|bingo\b.{0,20}\b(pub|night|licence|equipment|idea))",raw/gsc-3m-q-cl_0008/Chart.csv
gsc-3m-q-cl_0008,2026-07-25,0,13,0,13.2,query-filter,date,named-subset,false,2026-06-07,2026-09-06,GB,web,query,"+(?i)((pub|music|cash) bingo|bingo\b.{0,20}\b(pub|night|licence|equipment|idea))",raw/gsc-3m-q-cl_0008/Chart.csv
gsc-3m-q-cl_0008,2026-07-26,0,11,0,11,query-filter,date,named-subset,false,2026-06-07,2026-09-06,GB,web,query,"+(?i)((pub|music|cash) bingo|bingo\b.{0,20}\b(pub|night|licence|equipment|idea))",raw/gsc-3m-q-cl_0008/Chart.csv
gsc-3m-q-cl_0008,2026-07-27,0,17,0,10.9,query-filter,date,named-subset,false,2026-06-07,2026-09-06,GB,web,query,"+(?i)((pub|music|cash) bingo|bingo\b.{0,20}\b(pub|night|licence|equipment|idea))",raw/gsc-3m-q-cl_0008/Chart.csv
gsc-3m-q-cl_0008,2026-07-28,0,18,0,11.2,query-filter,date,named-subset,false,2026-06-07,2026-09-06,GB,web,query,"+(?i)((pub|music|cash) bingo|bingo\b.{0,20}\b(pub|night|licence|equipment|idea))",raw/gsc-3m-q-cl_0008/Chart.csv
gsc-3m-q-cl_0008,2026-07-29,0,16,0,11.6,query-filter,date,named-subset,false,2026-06-07,2026-09-06,GB,web,query,"+(?i)((pub|music|cash) bingo|bingo\b.{0,20}\b(pub|night|licence|equipment|idea))",raw/gsc-3m-q-cl_0008/Chart.csv
gsc-3m-q-cl_0008,2026-07-30,0,19,0,10.1,query-filter,date,named-subset,false,2026-06-07,2026-09-06,GB,web,query,"+(?i)((pub|music|cash) bingo|bingo\b.{0,20}\b(pub|night|licence|equipment|idea))",raw/gsc-3m-q-cl_0008/Chart.csv
gsc-3m-q-cl_0008,2026-07-31,0,19,0,10.5,query-filter,date,named-subset,false,2026-06-07,2026-09-06,GB,web,query,"+(?i)((pub|music|cash) bingo|bingo\b.{0,20}\b(pub|night|licence|equipment|idea))",raw/gsc-3m-q-cl_0008/Chart.csv
gsc-3m-q-cl_0008,2026-08-01,0,16,0,10.8,query-filter,date,named-subset,false,2026-06-07,2026-09-06,GB,web,query,"+(?i)((pub|music|cash) bingo|bingo\b.{0,20}\b(pub|night|licence|equipment|idea))",raw/gsc-3m-q-cl_0008/Chart.csv
gsc-3m-q-cl_0008,2026-08-02,0,19,0,10.3,query-filter,date,named-subset,false,2026-06-07,2026-09-06,GB,web,query,"+(?i)((pub|music|cash) bingo|bingo\b.{0,20}\b(pub|night|licence|equipment|idea))",raw/gsc-3m-q-cl_0008/Chart.csv
gsc-3m-q-cl_0008,2026-08-03,0,29,0,10.3,query-filter,date,named-subset,false,2026-06-07,2026-09-06,GB,web,query,"+(?i)((pub|music|cash) bingo|bingo\b.{0,20}\b(pub|night|licence|equipment|idea))",raw/gsc-3m-q-cl_0008/Chart.csv
gsc-3m-q-cl_0008,2026-08-04,0,15,0,10.6,query-filter,date,named-subset,false,2026-06-07,2026-09-06,GB,web,query,"+(?i)((pub|music|cash) bingo|bingo\b.{0,20}\b(pub|night|licence|equipment|idea))",raw/gsc-3m-q-cl_0008/Chart.csv
gsc-3m-q-cl_0008,2026-08-05,0,22,0,11.8,query-filter,date,named-subset,false,2026-06-07,2026-09-06,GB,web,query,"+(?i)((pub|music|cash) bingo|bingo\b.{0,20}\b(pub|night|licence|equipment|idea))",raw/gsc-3m-q-cl_0008/Chart.csv
gsc-3m-q-cl_0008,2026-08-06,0,16,0,11.1,query-filter,date,named-subset,false,2026-06-07,2026-09-06,GB,web,query,"+(?i)((pub|music|cash) bingo|bingo\b.{0,20}\b(pub|night|licence|equipment|idea))",raw/gsc-3m-q-cl_0008/Chart.csv
gsc-3m-q-cl_0008,2026-08-07,0,13,0,11,query-filter,date,named-subset,false,2026-06-07,2026-09-06,GB,web,query,"+(?i)((pub|music|cash) bingo|bingo\b.{0,20}\b(pub|night|licence|equipment|idea))",raw/gsc-3m-q-cl_0008/Chart.csv
gsc-3m-q-cl_0008,2026-08-08,0,19,0,10.5,query-filter,date,named-subset,false,2026-06-07,2026-09-06,GB,web,query,"+(?i)((pub|music|cash) bingo|bingo\b.{0,20}\b(pub|night|licence|equipment|idea))",raw/gsc-3m-q-cl_0008/Chart.csv
gsc-3m-q-cl_0008,2026-08-09,0,12,0,11.7,query-filter,date,named-subset,false,2026-06-07,2026-09-06,GB,web,query,"+(?i)((pub|music|cash) bingo|bingo\b.{0,20}\b(pub|night|licence|equipment|idea))",raw/gsc-3m-q-cl_0008/Chart.csv
gsc-3m-q-cl_0008,2026-08-10,0,14,0,11.5,query-filter,date,named-subset,false,2026-06-07,2026-09-06,GB,web,query,"+(?i)((pub|music|cash) bingo|bingo\b.{0,20}\b(pub|night|licence|equipment|idea))",raw/gsc-3m-q-cl_0008/Chart.csv
gsc-3m-q-cl_0008,2026-08-11,0,20,0,10.6,query-filter,date,named-subset,false,2026-06-07,2026-09-06,GB,web,query,"+(?i)((pub|music|cash) bingo|bingo\b.{0,20}\b(pub|night|licence|equipment|idea))",raw/gsc-3m-q-cl_0008/Chart.csv
gsc-3m-q-cl_0008,2026-08-12,0,20,0,10.8,query-filter,date,named-subset,false,2026-06-07,2026-09-06,GB,web,query,"+(?i)((pub|music|cash) bingo|bingo\b.{0,20}\b(pub|night|licence|equipment|idea))",raw/gsc-3m-q-cl_0008/Chart.csv
gsc-3m-q-cl_0008,2026-08-13,0,13,0,10.5,query-filter,date,named-subset,false,2026-06-07,2026-09-06,GB,web,query,"+(?i)((pub|music|cash) bingo|bingo\b.{0,20}\b(pub|night|licence|equipment|idea))",raw/gsc-3m-q-cl_0008/Chart.csv
gsc-3m-q-cl_0008,2026-08-14,1,12,0.0833,10.8,query-filter,date,named-subset,false,2026-06-07,2026-09-06,GB,web,query,"+(?i)((pub|music|cash) bingo|bingo\b.{0,20}\b(pub|night|licence|equipment|idea))",raw/gsc-3m-q-cl_0008/Chart.csv
gsc-3m-q-cl_0008,2026-08-15,1,14,0.0714,10.7,query-filter,date,named-subset,false,2026-06-07,2026-09-06,GB,web,query,"+(?i)((pub|music|cash) bingo|bingo\b.{0,20}\b(pub|night|licence|equipment|idea))",raw/gsc-3m-q-cl_0008/Chart.csv
gsc-3m-q-cl_0008,2026-08-16,0,16,0,11.3,query-filter,date,named-subset,false,2026-06-07,2026-09-06,GB,web,query,"+(?i)((pub|music|cash) bingo|bingo\b.{0,20}\b(pub|night|licence|equipment|idea))",raw/gsc-3m-q-cl_0008/Chart.csv
gsc-3m-q-cl_0008,2026-08-17,1,18,0.0556,9.9,query-filter,date,named-subset,false,2026-06-07,2026-09-06,GB,web,query,"+(?i)((pub|music|cash) bingo|bingo\b.{0,20}\b(pub|night|licence|equipment|idea))",raw/gsc-3m-q-cl_0008/Chart.csv
gsc-3m-q-cl_0008,2026-08-18,0,17,0,9.9,query-filter,date,named-subset,false,2026-06-07,2026-09-06,GB,web,query,"+(?i)((pub|music|cash) bingo|bingo\b.{0,20}\b(pub|night|licence|equipment|idea))",raw/gsc-3m-q-cl_0008/Chart.csv
gsc-3m-q-cl_0008,2026-08-19,1,18,0.0556,9.8,query-filter,date,named-subset,false,2026-06-07,2026-09-06,GB,web,query,"+(?i)((pub|music|cash) bingo|bingo\b.{0,20}\b(pub|night|licence|equipment|idea))",raw/gsc-3m-q-cl_0008/Chart.csv
gsc-3m-q-cl_0008,2026-08-20,0,17,0,8.8,query-filter,date,named-subset,false,2026-06-07,2026-09-06,GB,web,query,"+(?i)((pub|music|cash) bingo|bingo\b.{0,20}\b(pub|night|licence|equipment|idea))",raw/gsc-3m-q-cl_0008/Chart.csv
gsc-3m-q-cl_0008,2026-08-21,0,13,0,10.8,query-filter,date,named-subset,false,2026-06-07,2026-09-06,GB,web,query,"+(?i)((pub|music|cash) bingo|bingo\b.{0,20}\b(pub|night|licence|equipment|idea))",raw/gsc-3m-q-cl_0008/Chart.csv
gsc-3m-q-cl_0008,2026-08-22,0,13,0,10.7,query-filter,date,named-subset,false,2026-06-07,2026-09-06,GB,web,query,"+(?i)((pub|music|cash) bingo|bingo\b.{0,20}\b(pub|night|licence|equipment|idea))",raw/gsc-3m-q-cl_0008/Chart.csv
gsc-3m-q-cl_0008,2026-08-23,0,14,0,10.5,query-filter,date,named-subset,false,2026-06-07,2026-09-06,GB,web,query,"+(?i)((pub|music|cash) bingo|bingo\b.{0,20}\b(pub|night|licence|equipment|idea))",raw/gsc-3m-q-cl_0008/Chart.csv
gsc-3m-q-cl_0008,2026-08-24,0,15,0,9.3,query-filter,date,named-subset,false,2026-06-07,2026-09-06,GB,web,query,"+(?i)((pub|music|cash) bingo|bingo\b.{0,20}\b(pub|night|licence|equipment|idea))",raw/gsc-3m-q-cl_0008/Chart.csv
gsc-3m-q-cl_0008,2026-08-25,0,15,0,11.3,query-filter,date,named-subset,false,2026-06-07,2026-09-06,GB,web,query,"+(?i)((pub|music|cash) bingo|bingo\b.{0,20}\b(pub|night|licence|equipment|idea))",raw/gsc-3m-q-cl_0008/Chart.csv
gsc-3m-q-cl_0008,2026-08-26,0,16,0,9.9,query-filter,date,named-subset,false,2026-06-07,2026-09-06,GB,web,query,"+(?i)((pub|music|cash) bingo|bingo\b.{0,20}\b(pub|night|licence|equipment|idea))",raw/gsc-3m-q-cl_0008/Chart.csv
gsc-3m-q-cl_0008,2026-08-27,0,17,0,9,query-filter,date,named-subset,false,2026-06-07,2026-09-06,GB,web,query,"+(?i)((pub|music|cash) bingo|bingo\b.{0,20}\b(pub|night|licence|equipment|idea))",raw/gsc-3m-q-cl_0008/Chart.csv
gsc-3m-q-cl_0008,2026-08-28,0,18,0,5.6,query-filter,date,named-subset,false,2026-06-07,2026-09-06,GB,web,query,"+(?i)((pub|music|cash) bingo|bingo\b.{0,20}\b(pub|night|licence|equipment|idea))",raw/gsc-3m-q-cl_0008/Chart.csv
gsc-3m-q-cl_0008,2026-08-29,0,17,0,7.5,query-filter,date,named-subset,false,2026-06-07,2026-09-06,GB,web,query,"+(?i)((pub|music|cash) bingo|bingo\b.{0,20}\b(pub|night|licence|equipment|idea))",raw/gsc-3m-q-cl_0008/Chart.csv
gsc-3m-q-cl_0008,2026-08-30,0,15,0,7.1,query-filter,date,named-subset,false,2026-06-07,2026-09-06,GB,web,query,"+(?i)((pub|music|cash) bingo|bingo\b.{0,20}\b(pub|night|licence|equipment|idea))",raw/gsc-3m-q-cl_0008/Chart.csv
gsc-3m-q-cl_0008,2026-08-31,0,22,0,7.9,query-filter,date,named-subset,false,2026-06-07,2026-09-06,GB,web,query,"+(?i)((pub|music|cash) bingo|bingo\b.{0,20}\b(pub|night|licence|equipment|idea))",raw/gsc-3m-q-cl_0008/Chart.csv
gsc-3m-q-cl_0008,2026-09-01,0,14,0,7.8,query-filter,date,named-subset,false,2026-06-07,2026-09-06,GB,web,query,"+(?i)((pub|music|cash) bingo|bingo\b.{0,20}\b(pub|night|licence|equipment|idea))",raw/gsc-3m-q-cl_0008/Chart.csv
gsc-3m-q-cl_0008,2026-09-02,0,16,0,7.9,query-filter,date,named-subset,false,2026-06-07,2026-09-06,GB,web,query,"+(?i)((pub|music|cash) bingo|bingo\b.{0,20}\b(pub|night|licence|equipment|idea))",raw/gsc-3m-q-cl_0008/Chart.csv
gsc-3m-q-cl_0008,2026-09-03,0,14,0,6.8,query-filter,date,named-subset,false,2026-06-07,2026-09-06,GB,web,query,"+(?i)((pub|music|cash) bingo|bingo\b.{0,20}\b(pub|night|licence|equipment|idea))",raw/gsc-3m-q-cl_0008/Chart.csv
gsc-3m-q-cl_0008,2026-09-04,0,30,0,7.5,query-filter,date,named-subset,false,2026-06-07,2026-09-06,GB,web,query,"+(?i)((pub|music|cash) bingo|bingo\b.{0,20}\b(pub|night|licence|equipment|idea))",raw/gsc-3m-q-cl_0008/Chart.csv
gsc-3m-q-cl_0008,2026-09-05,0,20,0,7.3,query-filter,date,named-subset,false,2026-06-07,2026-09-06,GB,web,query,"+(?i)((pub|music|cash) bingo|bingo\b.{0,20}\b(pub|night|licence|equipment|idea))",raw/gsc-3m-q-cl_0008/Chart.csv
gsc-3m-q-cl_0008,2026-09-06,0,11,0,5,query-filter,date,named-subset,false,2026-06-07,2026-09-06,GB,web,query,"+(?i)((pub|music|cash) bingo|bingo\b.{0,20}\b(pub|night|licence|equipment|idea))",raw/gsc-3m-q-cl_0008/Chart.csv
gsc-3m-q-cl_0009,2026-06-07,0,0,,,query-filter,date,named-subset,false,2026-06-07,2026-09-06,GB,web,query,+(?i)((pub|bar|gastropub) (food|menu)|profitable (menu|food|bar food)|menu (idea|profit|margin|cost|engineering)|food (gp|margin|cost)),raw/gsc-3m-q-cl_0009/Chart.csv
gsc-3m-q-cl_0009,2026-06-08,0,2,0,15.5,query-filter,date,named-subset,false,2026-06-07,2026-09-06,GB,web,query,+(?i)((pub|bar|gastropub) (food|menu)|profitable (menu|food|bar food)|menu (idea|profit|margin|cost|engineering)|food (gp|margin|cost)),raw/gsc-3m-q-cl_0009/Chart.csv
gsc-3m-q-cl_0009,2026-06-09,0,2,0,9,query-filter,date,named-subset,false,2026-06-07,2026-09-06,GB,web,query,+(?i)((pub|bar|gastropub) (food|menu)|profitable (menu|food|bar food)|menu (idea|profit|margin|cost|engineering)|food (gp|margin|cost)),raw/gsc-3m-q-cl_0009/Chart.csv
gsc-3m-q-cl_0009,2026-06-10,0,0,,,query-filter,date,named-subset,false,2026-06-07,2026-09-06,GB,web,query,+(?i)((pub|bar|gastropub) (food|menu)|profitable (menu|food|bar food)|menu (idea|profit|margin|cost|engineering)|food (gp|margin|cost)),raw/gsc-3m-q-cl_0009/Chart.csv
gsc-3m-q-cl_0009,2026-06-11,0,1,0,14,query-filter,date,named-subset,false,2026-06-07,2026-09-06,GB,web,query,+(?i)((pub|bar|gastropub) (food|menu)|profitable (menu|food|bar food)|menu (idea|profit|margin|cost|engineering)|food (gp|margin|cost)),raw/gsc-3m-q-cl_0009/Chart.csv
gsc-3m-q-cl_0009,2026-06-12,0,0,,,query-filter,date,named-subset,false,2026-06-07,2026-09-06,GB,web,query,+(?i)((pub|bar|gastropub) (food|menu)|profitable (menu|food|bar food)|menu (idea|profit|margin|cost|engineering)|food (gp|margin|cost)),raw/gsc-3m-q-cl_0009/Chart.csv
gsc-3m-q-cl_0009,2026-06-13,0,1,0,12,query-filter,date,named-subset,false,2026-06-07,2026-09-06,GB,web,query,+(?i)((pub|bar|gastropub) (food|menu)|profitable (menu|food|bar food)|menu (idea|profit|margin|cost|engineering)|food (gp|margin|cost)),raw/gsc-3m-q-cl_0009/Chart.csv
gsc-3m-q-cl_0009,2026-06-14,0,0,,,query-filter,date,named-subset,false,2026-06-07,2026-09-06,GB,web,query,+(?i)((pub|bar|gastropub) (food|menu)|profitable (menu|food|bar food)|menu (idea|profit|margin|cost|engineering)|food (gp|margin|cost)),raw/gsc-3m-q-cl_0009/Chart.csv
gsc-3m-q-cl_0009,2026-06-15,0,1,0,6,query-filter,date,named-subset,false,2026-06-07,2026-09-06,GB,web,query,+(?i)((pub|bar|gastropub) (food|menu)|profitable (menu|food|bar food)|menu (idea|profit|margin|cost|engineering)|food (gp|margin|cost)),raw/gsc-3m-q-cl_0009/Chart.csv
gsc-3m-q-cl_0009,2026-06-16,0,3,0,17,query-filter,date,named-subset,false,2026-06-07,2026-09-06,GB,web,query,+(?i)((pub|bar|gastropub) (food|menu)|profitable (menu|food|bar food)|menu (idea|profit|margin|cost|engineering)|food (gp|margin|cost)),raw/gsc-3m-q-cl_0009/Chart.csv
gsc-3m-q-cl_0009,2026-06-17,0,1,0,34,query-filter,date,named-subset,false,2026-06-07,2026-09-06,GB,web,query,+(?i)((pub|bar|gastropub) (food|menu)|profitable (menu|food|bar food)|menu (idea|profit|margin|cost|engineering)|food (gp|margin|cost)),raw/gsc-3m-q-cl_0009/Chart.csv
gsc-3m-q-cl_0009,2026-06-18,0,2,0,31,query-filter,date,named-subset,false,2026-06-07,2026-09-06,GB,web,query,+(?i)((pub|bar|gastropub) (food|menu)|profitable (menu|food|bar food)|menu (idea|profit|margin|cost|engineering)|food (gp|margin|cost)),raw/gsc-3m-q-cl_0009/Chart.csv
gsc-3m-q-cl_0009,2026-06-19,0,1,0,26,query-filter,date,named-subset,false,2026-06-07,2026-09-06,GB,web,query,+(?i)((pub|bar|gastropub) (food|menu)|profitable (menu|food|bar food)|menu (idea|profit|margin|cost|engineering)|food (gp|margin|cost)),raw/gsc-3m-q-cl_0009/Chart.csv
gsc-3m-q-cl_0009,2026-06-20,0,2,0,30,query-filter,date,named-subset,false,2026-06-07,2026-09-06,GB,web,query,+(?i)((pub|bar|gastropub) (food|menu)|profitable (menu|food|bar food)|menu (idea|profit|margin|cost|engineering)|food (gp|margin|cost)),raw/gsc-3m-q-cl_0009/Chart.csv
gsc-3m-q-cl_0009,2026-06-21,0,1,0,29,query-filter,date,named-subset,false,2026-06-07,2026-09-06,GB,web,query,+(?i)((pub|bar|gastropub) (food|menu)|profitable (menu|food|bar food)|menu (idea|profit|margin|cost|engineering)|food (gp|margin|cost)),raw/gsc-3m-q-cl_0009/Chart.csv
gsc-3m-q-cl_0009,2026-06-22,0,1,0,30,query-filter,date,named-subset,false,2026-06-07,2026-09-06,GB,web,query,+(?i)((pub|bar|gastropub) (food|menu)|profitable (menu|food|bar food)|menu (idea|profit|margin|cost|engineering)|food (gp|margin|cost)),raw/gsc-3m-q-cl_0009/Chart.csv
gsc-3m-q-cl_0009,2026-06-23,0,0,,,query-filter,date,named-subset,false,2026-06-07,2026-09-06,GB,web,query,+(?i)((pub|bar|gastropub) (food|menu)|profitable (menu|food|bar food)|menu (idea|profit|margin|cost|engineering)|food (gp|margin|cost)),raw/gsc-3m-q-cl_0009/Chart.csv
gsc-3m-q-cl_0009,2026-06-24,0,1,0,32,query-filter,date,named-subset,false,2026-06-07,2026-09-06,GB,web,query,+(?i)((pub|bar|gastropub) (food|menu)|profitable (menu|food|bar food)|menu (idea|profit|margin|cost|engineering)|food (gp|margin|cost)),raw/gsc-3m-q-cl_0009/Chart.csv
gsc-3m-q-cl_0009,2026-06-25,0,2,0,18,query-filter,date,named-subset,false,2026-06-07,2026-09-06,GB,web,query,+(?i)((pub|bar|gastropub) (food|menu)|profitable (menu|food|bar food)|menu (idea|profit|margin|cost|engineering)|food (gp|margin|cost)),raw/gsc-3m-q-cl_0009/Chart.csv
gsc-3m-q-cl_0009,2026-06-26,0,2,0,18,query-filter,date,named-subset,false,2026-06-07,2026-09-06,GB,web,query,+(?i)((pub|bar|gastropub) (food|menu)|profitable (menu|food|bar food)|menu (idea|profit|margin|cost|engineering)|food (gp|margin|cost)),raw/gsc-3m-q-cl_0009/Chart.csv
gsc-3m-q-cl_0009,2026-06-27,0,1,0,18,query-filter,date,named-subset,false,2026-06-07,2026-09-06,GB,web,query,+(?i)((pub|bar|gastropub) (food|menu)|profitable (menu|food|bar food)|menu (idea|profit|margin|cost|engineering)|food (gp|margin|cost)),raw/gsc-3m-q-cl_0009/Chart.csv
gsc-3m-q-cl_0009,2026-06-28,0,2,0,17.5,query-filter,date,named-subset,false,2026-06-07,2026-09-06,GB,web,query,+(?i)((pub|bar|gastropub) (food|menu)|profitable (menu|food|bar food)|menu (idea|profit|margin|cost|engineering)|food (gp|margin|cost)),raw/gsc-3m-q-cl_0009/Chart.csv
gsc-3m-q-cl_0009,2026-06-29,0,2,0,18.5,query-filter,date,named-subset,false,2026-06-07,2026-09-06,GB,web,query,+(?i)((pub|bar|gastropub) (food|menu)|profitable (menu|food|bar food)|menu (idea|profit|margin|cost|engineering)|food (gp|margin|cost)),raw/gsc-3m-q-cl_0009/Chart.csv
gsc-3m-q-cl_0009,2026-06-30,0,2,0,19,query-filter,date,named-subset,false,2026-06-07,2026-09-06,GB,web,query,+(?i)((pub|bar|gastropub) (food|menu)|profitable (menu|food|bar food)|menu (idea|profit|margin|cost|engineering)|food (gp|margin|cost)),raw/gsc-3m-q-cl_0009/Chart.csv
gsc-3m-q-cl_0009,2026-07-01,0,3,0,21.7,query-filter,date,named-subset,false,2026-06-07,2026-09-06,GB,web,query,+(?i)((pub|bar|gastropub) (food|menu)|profitable (menu|food|bar food)|menu (idea|profit|margin|cost|engineering)|food (gp|margin|cost)),raw/gsc-3m-q-cl_0009/Chart.csv
gsc-3m-q-cl_0009,2026-07-02,0,0,,,query-filter,date,named-subset,false,2026-06-07,2026-09-06,GB,web,query,+(?i)((pub|bar|gastropub) (food|menu)|profitable (menu|food|bar food)|menu (idea|profit|margin|cost|engineering)|food (gp|margin|cost)),raw/gsc-3m-q-cl_0009/Chart.csv
gsc-3m-q-cl_0009,2026-07-03,0,2,0,30.5,query-filter,date,named-subset,false,2026-06-07,2026-09-06,GB,web,query,+(?i)((pub|bar|gastropub) (food|menu)|profitable (menu|food|bar food)|menu (idea|profit|margin|cost|engineering)|food (gp|margin|cost)),raw/gsc-3m-q-cl_0009/Chart.csv
gsc-3m-q-cl_0009,2026-07-04,0,1,0,34,query-filter,date,named-subset,false,2026-06-07,2026-09-06,GB,web,query,+(?i)((pub|bar|gastropub) (food|menu)|profitable (menu|food|bar food)|menu (idea|profit|margin|cost|engineering)|food (gp|margin|cost)),raw/gsc-3m-q-cl_0009/Chart.csv
gsc-3m-q-cl_0009,2026-07-05,0,3,0,23.3,query-filter,date,named-subset,false,2026-06-07,2026-09-06,GB,web,query,+(?i)((pub|bar|gastropub) (food|menu)|profitable (menu|food|bar food)|menu (idea|profit|margin|cost|engineering)|food (gp|margin|cost)),raw/gsc-3m-q-cl_0009/Chart.csv
gsc-3m-q-cl_0009,2026-07-06,0,2,0,19,query-filter,date,named-subset,false,2026-06-07,2026-09-06,GB,web,query,+(?i)((pub|bar|gastropub) (food|menu)|profitable (menu|food|bar food)|menu (idea|profit|margin|cost|engineering)|food (gp|margin|cost)),raw/gsc-3m-q-cl_0009/Chart.csv
gsc-3m-q-cl_0009,2026-07-07,0,1,0,35,query-filter,date,named-subset,false,2026-06-07,2026-09-06,GB,web,query,+(?i)((pub|bar|gastropub) (food|menu)|profitable (menu|food|bar food)|menu (idea|profit|margin|cost|engineering)|food (gp|margin|cost)),raw/gsc-3m-q-cl_0009/Chart.csv
gsc-3m-q-cl_0009,2026-07-08,0,3,0,13.7,query-filter,date,named-subset,false,2026-06-07,2026-09-06,GB,web,query,+(?i)((pub|bar|gastropub) (food|menu)|profitable (menu|food|bar food)|menu (idea|profit|margin|cost|engineering)|food (gp|margin|cost)),raw/gsc-3m-q-cl_0009/Chart.csv
gsc-3m-q-cl_0009,2026-07-09,0,3,0,23,query-filter,date,named-subset,false,2026-06-07,2026-09-06,GB,web,query,+(?i)((pub|bar|gastropub) (food|menu)|profitable (menu|food|bar food)|menu (idea|profit|margin|cost|engineering)|food (gp|margin|cost)),raw/gsc-3m-q-cl_0009/Chart.csv
gsc-3m-q-cl_0009,2026-07-10,0,3,0,22.7,query-filter,date,named-subset,false,2026-06-07,2026-09-06,GB,web,query,+(?i)((pub|bar|gastropub) (food|menu)|profitable (menu|food|bar food)|menu (idea|profit|margin|cost|engineering)|food (gp|margin|cost)),raw/gsc-3m-q-cl_0009/Chart.csv
gsc-3m-q-cl_0009,2026-07-11,0,2,0,32,query-filter,date,named-subset,false,2026-06-07,2026-09-06,GB,web,query,+(?i)((pub|bar|gastropub) (food|menu)|profitable (menu|food|bar food)|menu (idea|profit|margin|cost|engineering)|food (gp|margin|cost)),raw/gsc-3m-q-cl_0009/Chart.csv
gsc-3m-q-cl_0009,2026-07-12,0,2,0,16.5,query-filter,date,named-subset,false,2026-06-07,2026-09-06,GB,web,query,+(?i)((pub|bar|gastropub) (food|menu)|profitable (menu|food|bar food)|menu (idea|profit|margin|cost|engineering)|food (gp|margin|cost)),raw/gsc-3m-q-cl_0009/Chart.csv
gsc-3m-q-cl_0009,2026-07-13,0,2,0,24.5,query-filter,date,named-subset,false,2026-06-07,2026-09-06,GB,web,query,+(?i)((pub|bar|gastropub) (food|menu)|profitable (menu|food|bar food)|menu (idea|profit|margin|cost|engineering)|food (gp|margin|cost)),raw/gsc-3m-q-cl_0009/Chart.csv
gsc-3m-q-cl_0009,2026-07-14,0,1,0,34,query-filter,date,named-subset,false,2026-06-07,2026-09-06,GB,web,query,+(?i)((pub|bar|gastropub) (food|menu)|profitable (menu|food|bar food)|menu (idea|profit|margin|cost|engineering)|food (gp|margin|cost)),raw/gsc-3m-q-cl_0009/Chart.csv
gsc-3m-q-cl_0009,2026-07-15,0,2,0,31,query-filter,date,named-subset,false,2026-06-07,2026-09-06,GB,web,query,+(?i)((pub|bar|gastropub) (food|menu)|profitable (menu|food|bar food)|menu (idea|profit|margin|cost|engineering)|food (gp|margin|cost)),raw/gsc-3m-q-cl_0009/Chart.csv
gsc-3m-q-cl_0009,2026-07-16,0,2,0,15.5,query-filter,date,named-subset,false,2026-06-07,2026-09-06,GB,web,query,+(?i)((pub|bar|gastropub) (food|menu)|profitable (menu|food|bar food)|menu (idea|profit|margin|cost|engineering)|food (gp|margin|cost)),raw/gsc-3m-q-cl_0009/Chart.csv
gsc-3m-q-cl_0009,2026-07-17,0,2,0,22,query-filter,date,named-subset,false,2026-06-07,2026-09-06,GB,web,query,+(?i)((pub|bar|gastropub) (food|menu)|profitable (menu|food|bar food)|menu (idea|profit|margin|cost|engineering)|food (gp|margin|cost)),raw/gsc-3m-q-cl_0009/Chart.csv
gsc-3m-q-cl_0009,2026-07-18,0,1,0,5,query-filter,date,named-subset,false,2026-06-07,2026-09-06,GB,web,query,+(?i)((pub|bar|gastropub) (food|menu)|profitable (menu|food|bar food)|menu (idea|profit|margin|cost|engineering)|food (gp|margin|cost)),raw/gsc-3m-q-cl_0009/Chart.csv
gsc-3m-q-cl_0009,2026-07-19,0,1,0,3,query-filter,date,named-subset,false,2026-06-07,2026-09-06,GB,web,query,+(?i)((pub|bar|gastropub) (food|menu)|profitable (menu|food|bar food)|menu (idea|profit|margin|cost|engineering)|food (gp|margin|cost)),raw/gsc-3m-q-cl_0009/Chart.csv
gsc-3m-q-cl_0009,2026-07-20,0,1,0,33,query-filter,date,named-subset,false,2026-06-07,2026-09-06,GB,web,query,+(?i)((pub|bar|gastropub) (food|menu)|profitable (menu|food|bar food)|menu (idea|profit|margin|cost|engineering)|food (gp|margin|cost)),raw/gsc-3m-q-cl_0009/Chart.csv
gsc-3m-q-cl_0009,2026-07-21,0,2,0,7,query-filter,date,named-subset,false,2026-06-07,2026-09-06,GB,web,query,+(?i)((pub|bar|gastropub) (food|menu)|profitable (menu|food|bar food)|menu (idea|profit|margin|cost|engineering)|food (gp|margin|cost)),raw/gsc-3m-q-cl_0009/Chart.csv
gsc-3m-q-cl_0009,2026-07-22,0,3,0,18,query-filter,date,named-subset,false,2026-06-07,2026-09-06,GB,web,query,+(?i)((pub|bar|gastropub) (food|menu)|profitable (menu|food|bar food)|menu (idea|profit|margin|cost|engineering)|food (gp|margin|cost)),raw/gsc-3m-q-cl_0009/Chart.csv
gsc-3m-q-cl_0009,2026-07-23,0,1,0,25,query-filter,date,named-subset,false,2026-06-07,2026-09-06,GB,web,query,+(?i)((pub|bar|gastropub) (food|menu)|profitable (menu|food|bar food)|menu (idea|profit|margin|cost|engineering)|food (gp|margin|cost)),raw/gsc-3m-q-cl_0009/Chart.csv
gsc-3m-q-cl_0009,2026-07-24,0,4,0,33.2,query-filter,date,named-subset,false,2026-06-07,2026-09-06,GB,web,query,+(?i)((pub|bar|gastropub) (food|menu)|profitable (menu|food|bar food)|menu (idea|profit|margin|cost|engineering)|food (gp|margin|cost)),raw/gsc-3m-q-cl_0009/Chart.csv
gsc-3m-q-cl_0009,2026-07-25,0,1,0,12,query-filter,date,named-subset,false,2026-06-07,2026-09-06,GB,web,query,+(?i)((pub|bar|gastropub) (food|menu)|profitable (menu|food|bar food)|menu (idea|profit|margin|cost|engineering)|food (gp|margin|cost)),raw/gsc-3m-q-cl_0009/Chart.csv
gsc-3m-q-cl_0009,2026-07-26,0,3,0,18.3,query-filter,date,named-subset,false,2026-06-07,2026-09-06,GB,web,query,+(?i)((pub|bar|gastropub) (food|menu)|profitable (menu|food|bar food)|menu (idea|profit|margin|cost|engineering)|food (gp|margin|cost)),raw/gsc-3m-q-cl_0009/Chart.csv
gsc-3m-q-cl_0009,2026-07-27,0,4,0,15,query-filter,date,named-subset,false,2026-06-07,2026-09-06,GB,web,query,+(?i)((pub|bar|gastropub) (food|menu)|profitable (menu|food|bar food)|menu (idea|profit|margin|cost|engineering)|food (gp|margin|cost)),raw/gsc-3m-q-cl_0009/Chart.csv
gsc-3m-q-cl_0009,2026-07-28,0,3,0,29.3,query-filter,date,named-subset,false,2026-06-07,2026-09-06,GB,web,query,+(?i)((pub|bar|gastropub) (food|menu)|profitable (menu|food|bar food)|menu (idea|profit|margin|cost|engineering)|food (gp|margin|cost)),raw/gsc-3m-q-cl_0009/Chart.csv
gsc-3m-q-cl_0009,2026-07-29,0,2,0,17.5,query-filter,date,named-subset,false,2026-06-07,2026-09-06,GB,web,query,+(?i)((pub|bar|gastropub) (food|menu)|profitable (menu|food|bar food)|menu (idea|profit|margin|cost|engineering)|food (gp|margin|cost)),raw/gsc-3m-q-cl_0009/Chart.csv
gsc-3m-q-cl_0009,2026-07-30,0,1,0,7,query-filter,date,named-subset,false,2026-06-07,2026-09-06,GB,web,query,+(?i)((pub|bar|gastropub) (food|menu)|profitable (menu|food|bar food)|menu (idea|profit|margin|cost|engineering)|food (gp|margin|cost)),raw/gsc-3m-q-cl_0009/Chart.csv
gsc-3m-q-cl_0009,2026-07-31,0,1,0,37,query-filter,date,named-subset,false,2026-06-07,2026-09-06,GB,web,query,+(?i)((pub|bar|gastropub) (food|menu)|profitable (menu|food|bar food)|menu (idea|profit|margin|cost|engineering)|food (gp|margin|cost)),raw/gsc-3m-q-cl_0009/Chart.csv
gsc-3m-q-cl_0009,2026-08-01,0,1,0,35,query-filter,date,named-subset,false,2026-06-07,2026-09-06,GB,web,query,+(?i)((pub|bar|gastropub) (food|menu)|profitable (menu|food|bar food)|menu (idea|profit|margin|cost|engineering)|food (gp|margin|cost)),raw/gsc-3m-q-cl_0009/Chart.csv
gsc-3m-q-cl_0009,2026-08-02,0,1,0,31,query-filter,date,named-subset,false,2026-06-07,2026-09-06,GB,web,query,+(?i)((pub|bar|gastropub) (food|menu)|profitable (menu|food|bar food)|menu (idea|profit|margin|cost|engineering)|food (gp|margin|cost)),raw/gsc-3m-q-cl_0009/Chart.csv
gsc-3m-q-cl_0009,2026-08-03,0,0,,,query-filter,date,named-subset,false,2026-06-07,2026-09-06,GB,web,query,+(?i)((pub|bar|gastropub) (food|menu)|profitable (menu|food|bar food)|menu (idea|profit|margin|cost|engineering)|food (gp|margin|cost)),raw/gsc-3m-q-cl_0009/Chart.csv
gsc-3m-q-cl_0009,2026-08-04,0,3,0,15.3,query-filter,date,named-subset,false,2026-06-07,2026-09-06,GB,web,query,+(?i)((pub|bar|gastropub) (food|menu)|profitable (menu|food|bar food)|menu (idea|profit|margin|cost|engineering)|food (gp|margin|cost)),raw/gsc-3m-q-cl_0009/Chart.csv
gsc-3m-q-cl_0009,2026-08-05,0,5,0,20.8,query-filter,date,named-subset,false,2026-06-07,2026-09-06,GB,web,query,+(?i)((pub|bar|gastropub) (food|menu)|profitable (menu|food|bar food)|menu (idea|profit|margin|cost|engineering)|food (gp|margin|cost)),raw/gsc-3m-q-cl_0009/Chart.csv
gsc-3m-q-cl_0009,2026-08-06,0,3,0,23,query-filter,date,named-subset,false,2026-06-07,2026-09-06,GB,web,query,+(?i)((pub|bar|gastropub) (food|menu)|profitable (menu|food|bar food)|menu (idea|profit|margin|cost|engineering)|food (gp|margin|cost)),raw/gsc-3m-q-cl_0009/Chart.csv
gsc-3m-q-cl_0009,2026-08-07,0,1,0,29,query-filter,date,named-subset,false,2026-06-07,2026-09-06,GB,web,query,+(?i)((pub|bar|gastropub) (food|menu)|profitable (menu|food|bar food)|menu (idea|profit|margin|cost|engineering)|food (gp|margin|cost)),raw/gsc-3m-q-cl_0009/Chart.csv
gsc-3m-q-cl_0009,2026-08-08,0,2,0,31,query-filter,date,named-subset,false,2026-06-07,2026-09-06,GB,web,query,+(?i)((pub|bar|gastropub) (food|menu)|profitable (menu|food|bar food)|menu (idea|profit|margin|cost|engineering)|food (gp|margin|cost)),raw/gsc-3m-q-cl_0009/Chart.csv
gsc-3m-q-cl_0009,2026-08-09,0,3,0,18.3,query-filter,date,named-subset,false,2026-06-07,2026-09-06,GB,web,query,+(?i)((pub|bar|gastropub) (food|menu)|profitable (menu|food|bar food)|menu (idea|profit|margin|cost|engineering)|food (gp|margin|cost)),raw/gsc-3m-q-cl_0009/Chart.csv
gsc-3m-q-cl_0009,2026-08-10,0,2,0,24.5,query-filter,date,named-subset,false,2026-06-07,2026-09-06,GB,web,query,+(?i)((pub|bar|gastropub) (food|menu)|profitable (menu|food|bar food)|menu (idea|profit|margin|cost|engineering)|food (gp|margin|cost)),raw/gsc-3m-q-cl_0009/Chart.csv
gsc-3m-q-cl_0009,2026-08-11,0,2,0,26.5,query-filter,date,named-subset,false,2026-06-07,2026-09-06,GB,web,query,+(?i)((pub|bar|gastropub) (food|menu)|profitable (menu|food|bar food)|menu (idea|profit|margin|cost|engineering)|food (gp|margin|cost)),raw/gsc-3m-q-cl_0009/Chart.csv
gsc-3m-q-cl_0009,2026-08-12,0,6,0,23.3,query-filter,date,named-subset,false,2026-06-07,2026-09-06,GB,web,query,+(?i)((pub|bar|gastropub) (food|menu)|profitable (menu|food|bar food)|menu (idea|profit|margin|cost|engineering)|food (gp|margin|cost)),raw/gsc-3m-q-cl_0009/Chart.csv
gsc-3m-q-cl_0009,2026-08-13,0,1,0,29,query-filter,date,named-subset,false,2026-06-07,2026-09-06,GB,web,query,+(?i)((pub|bar|gastropub) (food|menu)|profitable (menu|food|bar food)|menu (idea|profit|margin|cost|engineering)|food (gp|margin|cost)),raw/gsc-3m-q-cl_0009/Chart.csv
gsc-3m-q-cl_0009,2026-08-14,0,4,0,15.5,query-filter,date,named-subset,false,2026-06-07,2026-09-06,GB,web,query,+(?i)((pub|bar|gastropub) (food|menu)|profitable (menu|food|bar food)|menu (idea|profit|margin|cost|engineering)|food (gp|margin|cost)),raw/gsc-3m-q-cl_0009/Chart.csv
gsc-3m-q-cl_0009,2026-08-15,0,2,0,23.5,query-filter,date,named-subset,false,2026-06-07,2026-09-06,GB,web,query,+(?i)((pub|bar|gastropub) (food|menu)|profitable (menu|food|bar food)|menu (idea|profit|margin|cost|engineering)|food (gp|margin|cost)),raw/gsc-3m-q-cl_0009/Chart.csv
gsc-3m-q-cl_0009,2026-08-16,0,3,0,22,query-filter,date,named-subset,false,2026-06-07,2026-09-06,GB,web,query,+(?i)((pub|bar|gastropub) (food|menu)|profitable (menu|food|bar food)|menu (idea|profit|margin|cost|engineering)|food (gp|margin|cost)),raw/gsc-3m-q-cl_0009/Chart.csv
gsc-3m-q-cl_0009,2026-08-17,0,1,0,35,query-filter,date,named-subset,false,2026-06-07,2026-09-06,GB,web,query,+(?i)((pub|bar|gastropub) (food|menu)|profitable (menu|food|bar food)|menu (idea|profit|margin|cost|engineering)|food (gp|margin|cost)),raw/gsc-3m-q-cl_0009/Chart.csv
gsc-3m-q-cl_0009,2026-08-18,0,2,0,16,query-filter,date,named-subset,false,2026-06-07,2026-09-06,GB,web,query,+(?i)((pub|bar|gastropub) (food|menu)|profitable (menu|food|bar food)|menu (idea|profit|margin|cost|engineering)|food (gp|margin|cost)),raw/gsc-3m-q-cl_0009/Chart.csv
gsc-3m-q-cl_0009,2026-08-19,0,3,0,25.3,query-filter,date,named-subset,false,2026-06-07,2026-09-06,GB,web,query,+(?i)((pub|bar|gastropub) (food|menu)|profitable (menu|food|bar food)|menu (idea|profit|margin|cost|engineering)|food (gp|margin|cost)),raw/gsc-3m-q-cl_0009/Chart.csv
gsc-3m-q-cl_0009,2026-08-20,0,2,0,18.5,query-filter,date,named-subset,false,2026-06-07,2026-09-06,GB,web,query,+(?i)((pub|bar|gastropub) (food|menu)|profitable (menu|food|bar food)|menu (idea|profit|margin|cost|engineering)|food (gp|margin|cost)),raw/gsc-3m-q-cl_0009/Chart.csv
gsc-3m-q-cl_0009,2026-08-21,0,1,0,32,query-filter,date,named-subset,false,2026-06-07,2026-09-06,GB,web,query,+(?i)((pub|bar|gastropub) (food|menu)|profitable (menu|food|bar food)|menu (idea|profit|margin|cost|engineering)|food (gp|margin|cost)),raw/gsc-3m-q-cl_0009/Chart.csv
gsc-3m-q-cl_0009,2026-08-22,0,2,0,14,query-filter,date,named-subset,false,2026-06-07,2026-09-06,GB,web,query,+(?i)((pub|bar|gastropub) (food|menu)|profitable (menu|food|bar food)|menu (idea|profit|margin|cost|engineering)|food (gp|margin|cost)),raw/gsc-3m-q-cl_0009/Chart.csv
gsc-3m-q-cl_0009,2026-08-23,0,3,0,16.7,query-filter,date,named-subset,false,2026-06-07,2026-09-06,GB,web,query,+(?i)((pub|bar|gastropub) (food|menu)|profitable (menu|food|bar food)|menu (idea|profit|margin|cost|engineering)|food (gp|margin|cost)),raw/gsc-3m-q-cl_0009/Chart.csv
gsc-3m-q-cl_0009,2026-08-24,0,1,0,26,query-filter,date,named-subset,false,2026-06-07,2026-09-06,GB,web,query,+(?i)((pub|bar|gastropub) (food|menu)|profitable (menu|food|bar food)|menu (idea|profit|margin|cost|engineering)|food (gp|margin|cost)),raw/gsc-3m-q-cl_0009/Chart.csv
gsc-3m-q-cl_0009,2026-08-25,0,0,,,query-filter,date,named-subset,false,2026-06-07,2026-09-06,GB,web,query,+(?i)((pub|bar|gastropub) (food|menu)|profitable (menu|food|bar food)|menu (idea|profit|margin|cost|engineering)|food (gp|margin|cost)),raw/gsc-3m-q-cl_0009/Chart.csv
gsc-3m-q-cl_0009,2026-08-26,0,4,0,21.5,query-filter,date,named-subset,false,2026-06-07,2026-09-06,GB,web,query,+(?i)((pub|bar|gastropub) (food|menu)|profitable (menu|food|bar food)|menu (idea|profit|margin|cost|engineering)|food (gp|margin|cost)),raw/gsc-3m-q-cl_0009/Chart.csv
gsc-3m-q-cl_0009,2026-08-27,0,1,0,9,query-filter,date,named-subset,false,2026-06-07,2026-09-06,GB,web,query,+(?i)((pub|bar|gastropub) (food|menu)|profitable (menu|food|bar food)|menu (idea|profit|margin|cost|engineering)|food (gp|margin|cost)),raw/gsc-3m-q-cl_0009/Chart.csv
gsc-3m-q-cl_0009,2026-08-28,0,1,0,19,query-filter,date,named-subset,false,2026-06-07,2026-09-06,GB,web,query,+(?i)((pub|bar|gastropub) (food|menu)|profitable (menu|food|bar food)|menu (idea|profit|margin|cost|engineering)|food (gp|margin|cost)),raw/gsc-3m-q-cl_0009/Chart.csv
gsc-3m-q-cl_0009,2026-08-29,0,3,0,13.7,query-filter,date,named-subset,false,2026-06-07,2026-09-06,GB,web,query,+(?i)((pub|bar|gastropub) (food|menu)|profitable (menu|food|bar food)|menu (idea|profit|margin|cost|engineering)|food (gp|margin|cost)),raw/gsc-3m-q-cl_0009/Chart.csv
gsc-3m-q-cl_0009,2026-08-30,0,3,0,21.3,query-filter,date,named-subset,false,2026-06-07,2026-09-06,GB,web,query,+(?i)((pub|bar|gastropub) (food|menu)|profitable (menu|food|bar food)|menu (idea|profit|margin|cost|engineering)|food (gp|margin|cost)),raw/gsc-3m-q-cl_0009/Chart.csv
gsc-3m-q-cl_0009,2026-08-31,0,4,0,11,query-filter,date,named-subset,false,2026-06-07,2026-09-06,GB,web,query,+(?i)((pub|bar|gastropub) (food|menu)|profitable (menu|food|bar food)|menu (idea|profit|margin|cost|engineering)|food (gp|margin|cost)),raw/gsc-3m-q-cl_0009/Chart.csv
gsc-3m-q-cl_0009,2026-09-01,0,6,0,18,query-filter,date,named-subset,false,2026-06-07,2026-09-06,GB,web,query,+(?i)((pub|bar|gastropub) (food|menu)|profitable (menu|food|bar food)|menu (idea|profit|margin|cost|engineering)|food (gp|margin|cost)),raw/gsc-3m-q-cl_0009/Chart.csv
gsc-3m-q-cl_0009,2026-09-02,0,5,0,31.8,query-filter,date,named-subset,false,2026-06-07,2026-09-06,GB,web,query,+(?i)((pub|bar|gastropub) (food|menu)|profitable (menu|food|bar food)|menu (idea|profit|margin|cost|engineering)|food (gp|margin|cost)),raw/gsc-3m-q-cl_0009/Chart.csv
gsc-3m-q-cl_0009,2026-09-03,0,3,0,33,query-filter,date,named-subset,false,2026-06-07,2026-09-06,GB,web,query,+(?i)((pub|bar|gastropub) (food|menu)|profitable (menu|food|bar food)|menu (idea|profit|margin|cost|engineering)|food (gp|margin|cost)),raw/gsc-3m-q-cl_0009/Chart.csv
gsc-3m-q-cl_0009,2026-09-04,0,1,0,8,query-filter,date,named-subset,false,2026-06-07,2026-09-06,GB,web,query,+(?i)((pub|bar|gastropub) (food|menu)|profitable (menu|food|bar food)|menu (idea|profit|margin|cost|engineering)|food (gp|margin|cost)),raw/gsc-3m-q-cl_0009/Chart.csv
gsc-3m-q-cl_0009,2026-09-05,0,0,,,query-filter,date,named-subset,false,2026-06-07,2026-09-06,GB,web,query,+(?i)((pub|bar|gastropub) (food|menu)|profitable (menu|food|bar food)|menu (idea|profit|margin|cost|engineering)|food (gp|margin|cost)),raw/gsc-3m-q-cl_0009/Chart.csv
gsc-3m-q-cl_0009,2026-09-06,0,2,0,26.5,query-filter,date,named-subset,false,2026-06-07,2026-09-06,GB,web,query,+(?i)((pub|bar|gastropub) (food|menu)|profitable (menu|food|bar food)|menu (idea|profit|margin|cost|engineering)|food (gp|margin|cost)),raw/gsc-3m-q-cl_0009/Chart.csv
gsc-3m-q-cl_0010,2026-06-07,0,16,0,22.7,query-filter,date,named-subset,false,2026-06-07,2026-09-06,GB,web,query,"+(?i)((pub|bar)\b.{0,20}\b(event|entertainment)|event ideas for (pub|bar)|pop[- ]?up event)",raw/gsc-3m-q-cl_0010/Chart.csv
gsc-3m-q-cl_0010,2026-06-08,0,16,0,22.1,query-filter,date,named-subset,false,2026-06-07,2026-09-06,GB,web,query,"+(?i)((pub|bar)\b.{0,20}\b(event|entertainment)|event ideas for (pub|bar)|pop[- ]?up event)",raw/gsc-3m-q-cl_0010/Chart.csv
gsc-3m-q-cl_0010,2026-06-09,0,23,0,25.2,query-filter,date,named-subset,false,2026-06-07,2026-09-06,GB,web,query,"+(?i)((pub|bar)\b.{0,20}\b(event|entertainment)|event ideas for (pub|bar)|pop[- ]?up event)",raw/gsc-3m-q-cl_0010/Chart.csv
gsc-3m-q-cl_0010,2026-06-10,0,16,0,22.3,query-filter,date,named-subset,false,2026-06-07,2026-09-06,GB,web,query,"+(?i)((pub|bar)\b.{0,20}\b(event|entertainment)|event ideas for (pub|bar)|pop[- ]?up event)",raw/gsc-3m-q-cl_0010/Chart.csv
gsc-3m-q-cl_0010,2026-06-11,1,12,0.0833,25.4,query-filter,date,named-subset,false,2026-06-07,2026-09-06,GB,web,query,"+(?i)((pub|bar)\b.{0,20}\b(event|entertainment)|event ideas for (pub|bar)|pop[- ]?up event)",raw/gsc-3m-q-cl_0010/Chart.csv
gsc-3m-q-cl_0010,2026-06-12,0,15,0,25.1,query-filter,date,named-subset,false,2026-06-07,2026-09-06,GB,web,query,"+(?i)((pub|bar)\b.{0,20}\b(event|entertainment)|event ideas for (pub|bar)|pop[- ]?up event)",raw/gsc-3m-q-cl_0010/Chart.csv
gsc-3m-q-cl_0010,2026-06-13,0,13,0,24.5,query-filter,date,named-subset,false,2026-06-07,2026-09-06,GB,web,query,"+(?i)((pub|bar)\b.{0,20}\b(event|entertainment)|event ideas for (pub|bar)|pop[- ]?up event)",raw/gsc-3m-q-cl_0010/Chart.csv
gsc-3m-q-cl_0010,2026-06-14,0,16,0,24.7,query-filter,date,named-subset,false,2026-06-07,2026-09-06,GB,web,query,"+(?i)((pub|bar)\b.{0,20}\b(event|entertainment)|event ideas for (pub|bar)|pop[- ]?up event)",raw/gsc-3m-q-cl_0010/Chart.csv
gsc-3m-q-cl_0010,2026-06-15,0,16,0,29.1,query-filter,date,named-subset,false,2026-06-07,2026-09-06,GB,web,query,"+(?i)((pub|bar)\b.{0,20}\b(event|entertainment)|event ideas for (pub|bar)|pop[- ]?up event)",raw/gsc-3m-q-cl_0010/Chart.csv
gsc-3m-q-cl_0010,2026-06-16,0,22,0,24.5,query-filter,date,named-subset,false,2026-06-07,2026-09-06,GB,web,query,"+(?i)((pub|bar)\b.{0,20}\b(event|entertainment)|event ideas for (pub|bar)|pop[- ]?up event)",raw/gsc-3m-q-cl_0010/Chart.csv
gsc-3m-q-cl_0010,2026-06-17,0,13,0,29.8,query-filter,date,named-subset,false,2026-06-07,2026-09-06,GB,web,query,"+(?i)((pub|bar)\b.{0,20}\b(event|entertainment)|event ideas for (pub|bar)|pop[- ]?up event)",raw/gsc-3m-q-cl_0010/Chart.csv
gsc-3m-q-cl_0010,2026-06-18,0,18,0,26.8,query-filter,date,named-subset,false,2026-06-07,2026-09-06,GB,web,query,"+(?i)((pub|bar)\b.{0,20}\b(event|entertainment)|event ideas for (pub|bar)|pop[- ]?up event)",raw/gsc-3m-q-cl_0010/Chart.csv
gsc-3m-q-cl_0010,2026-06-19,0,13,0,26.7,query-filter,date,named-subset,false,2026-06-07,2026-09-06,GB,web,query,"+(?i)((pub|bar)\b.{0,20}\b(event|entertainment)|event ideas for (pub|bar)|pop[- ]?up event)",raw/gsc-3m-q-cl_0010/Chart.csv
gsc-3m-q-cl_0010,2026-06-20,0,16,0,25.8,query-filter,date,named-subset,false,2026-06-07,2026-09-06,GB,web,query,"+(?i)((pub|bar)\b.{0,20}\b(event|entertainment)|event ideas for (pub|bar)|pop[- ]?up event)",raw/gsc-3m-q-cl_0010/Chart.csv
gsc-3m-q-cl_0010,2026-06-21,0,15,0,25.2,query-filter,date,named-subset,false,2026-06-07,2026-09-06,GB,web,query,"+(?i)((pub|bar)\b.{0,20}\b(event|entertainment)|event ideas for (pub|bar)|pop[- ]?up event)",raw/gsc-3m-q-cl_0010/Chart.csv
gsc-3m-q-cl_0010,2026-06-22,0,20,0,29,query-filter,date,named-subset,false,2026-06-07,2026-09-06,GB,web,query,"+(?i)((pub|bar)\b.{0,20}\b(event|entertainment)|event ideas for (pub|bar)|pop[- ]?up event)",raw/gsc-3m-q-cl_0010/Chart.csv
gsc-3m-q-cl_0010,2026-06-23,0,17,0,27.6,query-filter,date,named-subset,false,2026-06-07,2026-09-06,GB,web,query,"+(?i)((pub|bar)\b.{0,20}\b(event|entertainment)|event ideas for (pub|bar)|pop[- ]?up event)",raw/gsc-3m-q-cl_0010/Chart.csv
gsc-3m-q-cl_0010,2026-06-24,0,14,0,26.4,query-filter,date,named-subset,false,2026-06-07,2026-09-06,GB,web,query,"+(?i)((pub|bar)\b.{0,20}\b(event|entertainment)|event ideas for (pub|bar)|pop[- ]?up event)",raw/gsc-3m-q-cl_0010/Chart.csv
gsc-3m-q-cl_0010,2026-06-25,0,14,0,29.6,query-filter,date,named-subset,false,2026-06-07,2026-09-06,GB,web,query,"+(?i)((pub|bar)\b.{0,20}\b(event|entertainment)|event ideas for (pub|bar)|pop[- ]?up event)",raw/gsc-3m-q-cl_0010/Chart.csv
gsc-3m-q-cl_0010,2026-06-26,0,16,0,32.4,query-filter,date,named-subset,false,2026-06-07,2026-09-06,GB,web,query,"+(?i)((pub|bar)\b.{0,20}\b(event|entertainment)|event ideas for (pub|bar)|pop[- ]?up event)",raw/gsc-3m-q-cl_0010/Chart.csv
gsc-3m-q-cl_0010,2026-06-27,0,11,0,30.9,query-filter,date,named-subset,false,2026-06-07,2026-09-06,GB,web,query,"+(?i)((pub|bar)\b.{0,20}\b(event|entertainment)|event ideas for (pub|bar)|pop[- ]?up event)",raw/gsc-3m-q-cl_0010/Chart.csv
gsc-3m-q-cl_0010,2026-06-28,0,14,0,30.6,query-filter,date,named-subset,false,2026-06-07,2026-09-06,GB,web,query,"+(?i)((pub|bar)\b.{0,20}\b(event|entertainment)|event ideas for (pub|bar)|pop[- ]?up event)",raw/gsc-3m-q-cl_0010/Chart.csv
gsc-3m-q-cl_0010,2026-06-29,0,14,0,26.3,query-filter,date,named-subset,false,2026-06-07,2026-09-06,GB,web,query,"+(?i)((pub|bar)\b.{0,20}\b(event|entertainment)|event ideas for (pub|bar)|pop[- ]?up event)",raw/gsc-3m-q-cl_0010/Chart.csv
gsc-3m-q-cl_0010,2026-06-30,0,23,0,25.5,query-filter,date,named-subset,false,2026-06-07,2026-09-06,GB,web,query,"+(?i)((pub|bar)\b.{0,20}\b(event|entertainment)|event ideas for (pub|bar)|pop[- ]?up event)",raw/gsc-3m-q-cl_0010/Chart.csv
gsc-3m-q-cl_0010,2026-07-01,0,17,0,27.2,query-filter,date,named-subset,false,2026-06-07,2026-09-06,GB,web,query,"+(?i)((pub|bar)\b.{0,20}\b(event|entertainment)|event ideas for (pub|bar)|pop[- ]?up event)",raw/gsc-3m-q-cl_0010/Chart.csv
gsc-3m-q-cl_0010,2026-07-02,0,17,0,24.4,query-filter,date,named-subset,false,2026-06-07,2026-09-06,GB,web,query,"+(?i)((pub|bar)\b.{0,20}\b(event|entertainment)|event ideas for (pub|bar)|pop[- ]?up event)",raw/gsc-3m-q-cl_0010/Chart.csv
gsc-3m-q-cl_0010,2026-07-03,0,13,0,29.2,query-filter,date,named-subset,false,2026-06-07,2026-09-06,GB,web,query,"+(?i)((pub|bar)\b.{0,20}\b(event|entertainment)|event ideas for (pub|bar)|pop[- ]?up event)",raw/gsc-3m-q-cl_0010/Chart.csv
gsc-3m-q-cl_0010,2026-07-04,0,20,0,26.6,query-filter,date,named-subset,false,2026-06-07,2026-09-06,GB,web,query,"+(?i)((pub|bar)\b.{0,20}\b(event|entertainment)|event ideas for (pub|bar)|pop[- ]?up event)",raw/gsc-3m-q-cl_0010/Chart.csv
gsc-3m-q-cl_0010,2026-07-05,0,15,0,26.5,query-filter,date,named-subset,false,2026-06-07,2026-09-06,GB,web,query,"+(?i)((pub|bar)\b.{0,20}\b(event|entertainment)|event ideas for (pub|bar)|pop[- ]?up event)",raw/gsc-3m-q-cl_0010/Chart.csv
gsc-3m-q-cl_0010,2026-07-06,0,16,0,27.6,query-filter,date,named-subset,false,2026-06-07,2026-09-06,GB,web,query,"+(?i)((pub|bar)\b.{0,20}\b(event|entertainment)|event ideas for (pub|bar)|pop[- ]?up event)",raw/gsc-3m-q-cl_0010/Chart.csv
gsc-3m-q-cl_0010,2026-07-07,0,23,0,25.9,query-filter,date,named-subset,false,2026-06-07,2026-09-06,GB,web,query,"+(?i)((pub|bar)\b.{0,20}\b(event|entertainment)|event ideas for (pub|bar)|pop[- ]?up event)",raw/gsc-3m-q-cl_0010/Chart.csv
gsc-3m-q-cl_0010,2026-07-08,0,14,0,26.5,query-filter,date,named-subset,false,2026-06-07,2026-09-06,GB,web,query,"+(?i)((pub|bar)\b.{0,20}\b(event|entertainment)|event ideas for (pub|bar)|pop[- ]?up event)",raw/gsc-3m-q-cl_0010/Chart.csv
gsc-3m-q-cl_0010,2026-07-09,0,12,0,30.3,query-filter,date,named-subset,false,2026-06-07,2026-09-06,GB,web,query,"+(?i)((pub|bar)\b.{0,20}\b(event|entertainment)|event ideas for (pub|bar)|pop[- ]?up event)",raw/gsc-3m-q-cl_0010/Chart.csv
gsc-3m-q-cl_0010,2026-07-10,0,13,0,29.2,query-filter,date,named-subset,false,2026-06-07,2026-09-06,GB,web,query,"+(?i)((pub|bar)\b.{0,20}\b(event|entertainment)|event ideas for (pub|bar)|pop[- ]?up event)",raw/gsc-3m-q-cl_0010/Chart.csv
gsc-3m-q-cl_0010,2026-07-11,0,13,0,27.8,query-filter,date,named-subset,false,2026-06-07,2026-09-06,GB,web,query,"+(?i)((pub|bar)\b.{0,20}\b(event|entertainment)|event ideas for (pub|bar)|pop[- ]?up event)",raw/gsc-3m-q-cl_0010/Chart.csv
gsc-3m-q-cl_0010,2026-07-12,0,14,0,26.1,query-filter,date,named-subset,false,2026-06-07,2026-09-06,GB,web,query,"+(?i)((pub|bar)\b.{0,20}\b(event|entertainment)|event ideas for (pub|bar)|pop[- ]?up event)",raw/gsc-3m-q-cl_0010/Chart.csv
gsc-3m-q-cl_0010,2026-07-13,0,14,0,28.2,query-filter,date,named-subset,false,2026-06-07,2026-09-06,GB,web,query,"+(?i)((pub|bar)\b.{0,20}\b(event|entertainment)|event ideas for (pub|bar)|pop[- ]?up event)",raw/gsc-3m-q-cl_0010/Chart.csv
gsc-3m-q-cl_0010,2026-07-14,0,15,0,21.7,query-filter,date,named-subset,false,2026-06-07,2026-09-06,GB,web,query,"+(?i)((pub|bar)\b.{0,20}\b(event|entertainment)|event ideas for (pub|bar)|pop[- ]?up event)",raw/gsc-3m-q-cl_0010/Chart.csv
gsc-3m-q-cl_0010,2026-07-15,0,16,0,30.9,query-filter,date,named-subset,false,2026-06-07,2026-09-06,GB,web,query,"+(?i)((pub|bar)\b.{0,20}\b(event|entertainment)|event ideas for (pub|bar)|pop[- ]?up event)",raw/gsc-3m-q-cl_0010/Chart.csv
gsc-3m-q-cl_0010,2026-07-16,0,12,0,26.1,query-filter,date,named-subset,false,2026-06-07,2026-09-06,GB,web,query,"+(?i)((pub|bar)\b.{0,20}\b(event|entertainment)|event ideas for (pub|bar)|pop[- ]?up event)",raw/gsc-3m-q-cl_0010/Chart.csv
gsc-3m-q-cl_0010,2026-07-17,0,13,0,27.4,query-filter,date,named-subset,false,2026-06-07,2026-09-06,GB,web,query,"+(?i)((pub|bar)\b.{0,20}\b(event|entertainment)|event ideas for (pub|bar)|pop[- ]?up event)",raw/gsc-3m-q-cl_0010/Chart.csv
gsc-3m-q-cl_0010,2026-07-18,0,10,0,22.4,query-filter,date,named-subset,false,2026-06-07,2026-09-06,GB,web,query,"+(?i)((pub|bar)\b.{0,20}\b(event|entertainment)|event ideas for (pub|bar)|pop[- ]?up event)",raw/gsc-3m-q-cl_0010/Chart.csv
gsc-3m-q-cl_0010,2026-07-19,0,13,0,23.5,query-filter,date,named-subset,false,2026-06-07,2026-09-06,GB,web,query,"+(?i)((pub|bar)\b.{0,20}\b(event|entertainment)|event ideas for (pub|bar)|pop[- ]?up event)",raw/gsc-3m-q-cl_0010/Chart.csv
gsc-3m-q-cl_0010,2026-07-20,0,19,0,22.8,query-filter,date,named-subset,false,2026-06-07,2026-09-06,GB,web,query,"+(?i)((pub|bar)\b.{0,20}\b(event|entertainment)|event ideas for (pub|bar)|pop[- ]?up event)",raw/gsc-3m-q-cl_0010/Chart.csv
gsc-3m-q-cl_0010,2026-07-21,0,23,0,25.3,query-filter,date,named-subset,false,2026-06-07,2026-09-06,GB,web,query,"+(?i)((pub|bar)\b.{0,20}\b(event|entertainment)|event ideas for (pub|bar)|pop[- ]?up event)",raw/gsc-3m-q-cl_0010/Chart.csv
gsc-3m-q-cl_0010,2026-07-22,0,19,0,21.5,query-filter,date,named-subset,false,2026-06-07,2026-09-06,GB,web,query,"+(?i)((pub|bar)\b.{0,20}\b(event|entertainment)|event ideas for (pub|bar)|pop[- ]?up event)",raw/gsc-3m-q-cl_0010/Chart.csv
gsc-3m-q-cl_0010,2026-07-23,0,14,0,25.8,query-filter,date,named-subset,false,2026-06-07,2026-09-06,GB,web,query,"+(?i)((pub|bar)\b.{0,20}\b(event|entertainment)|event ideas for (pub|bar)|pop[- ]?up event)",raw/gsc-3m-q-cl_0010/Chart.csv
gsc-3m-q-cl_0010,2026-07-24,0,25,0,30.1,query-filter,date,named-subset,false,2026-06-07,2026-09-06,GB,web,query,"+(?i)((pub|bar)\b.{0,20}\b(event|entertainment)|event ideas for (pub|bar)|pop[- ]?up event)",raw/gsc-3m-q-cl_0010/Chart.csv
gsc-3m-q-cl_0010,2026-07-25,0,15,0,23.4,query-filter,date,named-subset,false,2026-06-07,2026-09-06,GB,web,query,"+(?i)((pub|bar)\b.{0,20}\b(event|entertainment)|event ideas for (pub|bar)|pop[- ]?up event)",raw/gsc-3m-q-cl_0010/Chart.csv
gsc-3m-q-cl_0010,2026-07-26,0,11,0,15.8,query-filter,date,named-subset,false,2026-06-07,2026-09-06,GB,web,query,"+(?i)((pub|bar)\b.{0,20}\b(event|entertainment)|event ideas for (pub|bar)|pop[- ]?up event)",raw/gsc-3m-q-cl_0010/Chart.csv
gsc-3m-q-cl_0010,2026-07-27,0,15,0,20.2,query-filter,date,named-subset,false,2026-06-07,2026-09-06,GB,web,query,"+(?i)((pub|bar)\b.{0,20}\b(event|entertainment)|event ideas for (pub|bar)|pop[- ]?up event)",raw/gsc-3m-q-cl_0010/Chart.csv
gsc-3m-q-cl_0010,2026-07-28,0,24,0,19.9,query-filter,date,named-subset,false,2026-06-07,2026-09-06,GB,web,query,"+(?i)((pub|bar)\b.{0,20}\b(event|entertainment)|event ideas for (pub|bar)|pop[- ]?up event)",raw/gsc-3m-q-cl_0010/Chart.csv
gsc-3m-q-cl_0010,2026-07-29,0,15,0,20.7,query-filter,date,named-subset,false,2026-06-07,2026-09-06,GB,web,query,"+(?i)((pub|bar)\b.{0,20}\b(event|entertainment)|event ideas for (pub|bar)|pop[- ]?up event)",raw/gsc-3m-q-cl_0010/Chart.csv
gsc-3m-q-cl_0010,2026-07-30,0,16,0,22,query-filter,date,named-subset,false,2026-06-07,2026-09-06,GB,web,query,"+(?i)((pub|bar)\b.{0,20}\b(event|entertainment)|event ideas for (pub|bar)|pop[- ]?up event)",raw/gsc-3m-q-cl_0010/Chart.csv
gsc-3m-q-cl_0010,2026-07-31,0,16,0,18.5,query-filter,date,named-subset,false,2026-06-07,2026-09-06,GB,web,query,"+(?i)((pub|bar)\b.{0,20}\b(event|entertainment)|event ideas for (pub|bar)|pop[- ]?up event)",raw/gsc-3m-q-cl_0010/Chart.csv
gsc-3m-q-cl_0010,2026-08-01,0,24,0,17.9,query-filter,date,named-subset,false,2026-06-07,2026-09-06,GB,web,query,"+(?i)((pub|bar)\b.{0,20}\b(event|entertainment)|event ideas for (pub|bar)|pop[- ]?up event)",raw/gsc-3m-q-cl_0010/Chart.csv
gsc-3m-q-cl_0010,2026-08-02,0,20,0,19.2,query-filter,date,named-subset,false,2026-06-07,2026-09-06,GB,web,query,"+(?i)((pub|bar)\b.{0,20}\b(event|entertainment)|event ideas for (pub|bar)|pop[- ]?up event)",raw/gsc-3m-q-cl_0010/Chart.csv
gsc-3m-q-cl_0010,2026-08-03,0,14,0,22.1,query-filter,date,named-subset,false,2026-06-07,2026-09-06,GB,web,query,"+(?i)((pub|bar)\b.{0,20}\b(event|entertainment)|event ideas for (pub|bar)|pop[- ]?up event)",raw/gsc-3m-q-cl_0010/Chart.csv
gsc-3m-q-cl_0010,2026-08-04,0,24,0,19.2,query-filter,date,named-subset,false,2026-06-07,2026-09-06,GB,web,query,"+(?i)((pub|bar)\b.{0,20}\b(event|entertainment)|event ideas for (pub|bar)|pop[- ]?up event)",raw/gsc-3m-q-cl_0010/Chart.csv
gsc-3m-q-cl_0010,2026-08-05,0,20,0,22.3,query-filter,date,named-subset,false,2026-06-07,2026-09-06,GB,web,query,"+(?i)((pub|bar)\b.{0,20}\b(event|entertainment)|event ideas for (pub|bar)|pop[- ]?up event)",raw/gsc-3m-q-cl_0010/Chart.csv
gsc-3m-q-cl_0010,2026-08-06,0,15,0,20.5,query-filter,date,named-subset,false,2026-06-07,2026-09-06,GB,web,query,"+(?i)((pub|bar)\b.{0,20}\b(event|entertainment)|event ideas for (pub|bar)|pop[- ]?up event)",raw/gsc-3m-q-cl_0010/Chart.csv
gsc-3m-q-cl_0010,2026-08-07,0,15,0,18.6,query-filter,date,named-subset,false,2026-06-07,2026-09-06,GB,web,query,"+(?i)((pub|bar)\b.{0,20}\b(event|entertainment)|event ideas for (pub|bar)|pop[- ]?up event)",raw/gsc-3m-q-cl_0010/Chart.csv
gsc-3m-q-cl_0010,2026-08-08,0,18,0,18.4,query-filter,date,named-subset,false,2026-06-07,2026-09-06,GB,web,query,"+(?i)((pub|bar)\b.{0,20}\b(event|entertainment)|event ideas for (pub|bar)|pop[- ]?up event)",raw/gsc-3m-q-cl_0010/Chart.csv
gsc-3m-q-cl_0010,2026-08-09,0,17,0,24.9,query-filter,date,named-subset,false,2026-06-07,2026-09-06,GB,web,query,"+(?i)((pub|bar)\b.{0,20}\b(event|entertainment)|event ideas for (pub|bar)|pop[- ]?up event)",raw/gsc-3m-q-cl_0010/Chart.csv
gsc-3m-q-cl_0010,2026-08-10,0,22,0,26.3,query-filter,date,named-subset,false,2026-06-07,2026-09-06,GB,web,query,"+(?i)((pub|bar)\b.{0,20}\b(event|entertainment)|event ideas for (pub|bar)|pop[- ]?up event)",raw/gsc-3m-q-cl_0010/Chart.csv
gsc-3m-q-cl_0010,2026-08-11,0,19,0,17.5,query-filter,date,named-subset,false,2026-06-07,2026-09-06,GB,web,query,"+(?i)((pub|bar)\b.{0,20}\b(event|entertainment)|event ideas for (pub|bar)|pop[- ]?up event)",raw/gsc-3m-q-cl_0010/Chart.csv
gsc-3m-q-cl_0010,2026-08-12,0,21,0,30.6,query-filter,date,named-subset,false,2026-06-07,2026-09-06,GB,web,query,"+(?i)((pub|bar)\b.{0,20}\b(event|entertainment)|event ideas for (pub|bar)|pop[- ]?up event)",raw/gsc-3m-q-cl_0010/Chart.csv
gsc-3m-q-cl_0010,2026-08-13,0,18,0,31.4,query-filter,date,named-subset,false,2026-06-07,2026-09-06,GB,web,query,"+(?i)((pub|bar)\b.{0,20}\b(event|entertainment)|event ideas for (pub|bar)|pop[- ]?up event)",raw/gsc-3m-q-cl_0010/Chart.csv
gsc-3m-q-cl_0010,2026-08-14,0,19,0,15.6,query-filter,date,named-subset,false,2026-06-07,2026-09-06,GB,web,query,"+(?i)((pub|bar)\b.{0,20}\b(event|entertainment)|event ideas for (pub|bar)|pop[- ]?up event)",raw/gsc-3m-q-cl_0010/Chart.csv
gsc-3m-q-cl_0010,2026-08-15,0,11,0,16.5,query-filter,date,named-subset,false,2026-06-07,2026-09-06,GB,web,query,"+(?i)((pub|bar)\b.{0,20}\b(event|entertainment)|event ideas for (pub|bar)|pop[- ]?up event)",raw/gsc-3m-q-cl_0010/Chart.csv
gsc-3m-q-cl_0010,2026-08-16,0,13,0,27.2,query-filter,date,named-subset,false,2026-06-07,2026-09-06,GB,web,query,"+(?i)((pub|bar)\b.{0,20}\b(event|entertainment)|event ideas for (pub|bar)|pop[- ]?up event)",raw/gsc-3m-q-cl_0010/Chart.csv
gsc-3m-q-cl_0010,2026-08-17,0,20,0,33,query-filter,date,named-subset,false,2026-06-07,2026-09-06,GB,web,query,"+(?i)((pub|bar)\b.{0,20}\b(event|entertainment)|event ideas for (pub|bar)|pop[- ]?up event)",raw/gsc-3m-q-cl_0010/Chart.csv
gsc-3m-q-cl_0010,2026-08-18,0,27,0,19.9,query-filter,date,named-subset,false,2026-06-07,2026-09-06,GB,web,query,"+(?i)((pub|bar)\b.{0,20}\b(event|entertainment)|event ideas for (pub|bar)|pop[- ]?up event)",raw/gsc-3m-q-cl_0010/Chart.csv
gsc-3m-q-cl_0010,2026-08-19,0,16,0,21.8,query-filter,date,named-subset,false,2026-06-07,2026-09-06,GB,web,query,"+(?i)((pub|bar)\b.{0,20}\b(event|entertainment)|event ideas for (pub|bar)|pop[- ]?up event)",raw/gsc-3m-q-cl_0010/Chart.csv
gsc-3m-q-cl_0010,2026-08-20,0,17,0,18.2,query-filter,date,named-subset,false,2026-06-07,2026-09-06,GB,web,query,"+(?i)((pub|bar)\b.{0,20}\b(event|entertainment)|event ideas for (pub|bar)|pop[- ]?up event)",raw/gsc-3m-q-cl_0010/Chart.csv
gsc-3m-q-cl_0010,2026-08-21,0,18,0,18.8,query-filter,date,named-subset,false,2026-06-07,2026-09-06,GB,web,query,"+(?i)((pub|bar)\b.{0,20}\b(event|entertainment)|event ideas for (pub|bar)|pop[- ]?up event)",raw/gsc-3m-q-cl_0010/Chart.csv
gsc-3m-q-cl_0010,2026-08-22,0,16,0,21.2,query-filter,date,named-subset,false,2026-06-07,2026-09-06,GB,web,query,"+(?i)((pub|bar)\b.{0,20}\b(event|entertainment)|event ideas for (pub|bar)|pop[- ]?up event)",raw/gsc-3m-q-cl_0010/Chart.csv
gsc-3m-q-cl_0010,2026-08-23,0,19,0,17.1,query-filter,date,named-subset,false,2026-06-07,2026-09-06,GB,web,query,"+(?i)((pub|bar)\b.{0,20}\b(event|entertainment)|event ideas for (pub|bar)|pop[- ]?up event)",raw/gsc-3m-q-cl_0010/Chart.csv
gsc-3m-q-cl_0010,2026-08-24,0,18,0,20,query-filter,date,named-subset,false,2026-06-07,2026-09-06,GB,web,query,"+(?i)((pub|bar)\b.{0,20}\b(event|entertainment)|event ideas for (pub|bar)|pop[- ]?up event)",raw/gsc-3m-q-cl_0010/Chart.csv
gsc-3m-q-cl_0010,2026-08-25,0,24,0,17.5,query-filter,date,named-subset,false,2026-06-07,2026-09-06,GB,web,query,"+(?i)((pub|bar)\b.{0,20}\b(event|entertainment)|event ideas for (pub|bar)|pop[- ]?up event)",raw/gsc-3m-q-cl_0010/Chart.csv
gsc-3m-q-cl_0010,2026-08-26,0,26,0,18.3,query-filter,date,named-subset,false,2026-06-07,2026-09-06,GB,web,query,"+(?i)((pub|bar)\b.{0,20}\b(event|entertainment)|event ideas for (pub|bar)|pop[- ]?up event)",raw/gsc-3m-q-cl_0010/Chart.csv
gsc-3m-q-cl_0010,2026-08-27,0,18,0,18.7,query-filter,date,named-subset,false,2026-06-07,2026-09-06,GB,web,query,"+(?i)((pub|bar)\b.{0,20}\b(event|entertainment)|event ideas for (pub|bar)|pop[- ]?up event)",raw/gsc-3m-q-cl_0010/Chart.csv
gsc-3m-q-cl_0010,2026-08-28,0,19,0,21.3,query-filter,date,named-subset,false,2026-06-07,2026-09-06,GB,web,query,"+(?i)((pub|bar)\b.{0,20}\b(event|entertainment)|event ideas for (pub|bar)|pop[- ]?up event)",raw/gsc-3m-q-cl_0010/Chart.csv
gsc-3m-q-cl_0010,2026-08-29,0,22,0,18.8,query-filter,date,named-subset,false,2026-06-07,2026-09-06,GB,web,query,"+(?i)((pub|bar)\b.{0,20}\b(event|entertainment)|event ideas for (pub|bar)|pop[- ]?up event)",raw/gsc-3m-q-cl_0010/Chart.csv
gsc-3m-q-cl_0010,2026-08-30,1,21,0.0476,18.5,query-filter,date,named-subset,false,2026-06-07,2026-09-06,GB,web,query,"+(?i)((pub|bar)\b.{0,20}\b(event|entertainment)|event ideas for (pub|bar)|pop[- ]?up event)",raw/gsc-3m-q-cl_0010/Chart.csv
gsc-3m-q-cl_0010,2026-08-31,0,23,0,21,query-filter,date,named-subset,false,2026-06-07,2026-09-06,GB,web,query,"+(?i)((pub|bar)\b.{0,20}\b(event|entertainment)|event ideas for (pub|bar)|pop[- ]?up event)",raw/gsc-3m-q-cl_0010/Chart.csv
gsc-3m-q-cl_0010,2026-09-01,0,29,0,18.7,query-filter,date,named-subset,false,2026-06-07,2026-09-06,GB,web,query,"+(?i)((pub|bar)\b.{0,20}\b(event|entertainment)|event ideas for (pub|bar)|pop[- ]?up event)",raw/gsc-3m-q-cl_0010/Chart.csv
gsc-3m-q-cl_0010,2026-09-02,2,39,0.0513,13.9,query-filter,date,named-subset,false,2026-06-07,2026-09-06,GB,web,query,"+(?i)((pub|bar)\b.{0,20}\b(event|entertainment)|event ideas for (pub|bar)|pop[- ]?up event)",raw/gsc-3m-q-cl_0010/Chart.csv
gsc-3m-q-cl_0010,2026-09-03,0,28,0,23.2,query-filter,date,named-subset,false,2026-06-07,2026-09-06,GB,web,query,"+(?i)((pub|bar)\b.{0,20}\b(event|entertainment)|event ideas for (pub|bar)|pop[- ]?up event)",raw/gsc-3m-q-cl_0010/Chart.csv
gsc-3m-q-cl_0010,2026-09-04,0,24,0,19.3,query-filter,date,named-subset,false,2026-06-07,2026-09-06,GB,web,query,"+(?i)((pub|bar)\b.{0,20}\b(event|entertainment)|event ideas for (pub|bar)|pop[- ]?up event)",raw/gsc-3m-q-cl_0010/Chart.csv
gsc-3m-q-cl_0010,2026-09-05,0,22,0,19.9,query-filter,date,named-subset,false,2026-06-07,2026-09-06,GB,web,query,"+(?i)((pub|bar)\b.{0,20}\b(event|entertainment)|event ideas for (pub|bar)|pop[- ]?up event)",raw/gsc-3m-q-cl_0010/Chart.csv
gsc-3m-q-cl_0010,2026-09-06,0,26,0,22.9,query-filter,date,named-subset,false,2026-06-07,2026-09-06,GB,web,query,"+(?i)((pub|bar)\b.{0,20}\b(event|entertainment)|event ideas for (pub|bar)|pop[- ]?up event)",raw/gsc-3m-q-cl_0010/Chart.csv
gsc-3m-q-cl_0012,2026-06-07,0,3,0,7.7,query-filter,date,named-subset,false,2026-06-07,2026-09-06,GB,web,query,+(?i)(fix my pub|struggling pub|pub turnaround|failing pub|quiet pub|empty pub|pub business support),raw/gsc-3m-q-cl_0012/Chart.csv
gsc-3m-q-cl_0012,2026-06-08,0,1,0,4,query-filter,date,named-subset,false,2026-06-07,2026-09-06,GB,web,query,+(?i)(fix my pub|struggling pub|pub turnaround|failing pub|quiet pub|empty pub|pub business support),raw/gsc-3m-q-cl_0012/Chart.csv
gsc-3m-q-cl_0012,2026-06-09,0,2,0,5.5,query-filter,date,named-subset,false,2026-06-07,2026-09-06,GB,web,query,+(?i)(fix my pub|struggling pub|pub turnaround|failing pub|quiet pub|empty pub|pub business support),raw/gsc-3m-q-cl_0012/Chart.csv
gsc-3m-q-cl_0012,2026-06-10,0,2,0,7.5,query-filter,date,named-subset,false,2026-06-07,2026-09-06,GB,web,query,+(?i)(fix my pub|struggling pub|pub turnaround|failing pub|quiet pub|empty pub|pub business support),raw/gsc-3m-q-cl_0012/Chart.csv
gsc-3m-q-cl_0012,2026-06-11,0,2,0,9,query-filter,date,named-subset,false,2026-06-07,2026-09-06,GB,web,query,+(?i)(fix my pub|struggling pub|pub turnaround|failing pub|quiet pub|empty pub|pub business support),raw/gsc-3m-q-cl_0012/Chart.csv
gsc-3m-q-cl_0012,2026-06-12,0,0,,,query-filter,date,named-subset,false,2026-06-07,2026-09-06,GB,web,query,+(?i)(fix my pub|struggling pub|pub turnaround|failing pub|quiet pub|empty pub|pub business support),raw/gsc-3m-q-cl_0012/Chart.csv
gsc-3m-q-cl_0012,2026-06-13,0,1,0,3,query-filter,date,named-subset,false,2026-06-07,2026-09-06,GB,web,query,+(?i)(fix my pub|struggling pub|pub turnaround|failing pub|quiet pub|empty pub|pub business support),raw/gsc-3m-q-cl_0012/Chart.csv
gsc-3m-q-cl_0012,2026-06-14,0,6,0,5.3,query-filter,date,named-subset,false,2026-06-07,2026-09-06,GB,web,query,+(?i)(fix my pub|struggling pub|pub turnaround|failing pub|quiet pub|empty pub|pub business support),raw/gsc-3m-q-cl_0012/Chart.csv
gsc-3m-q-cl_0012,2026-06-15,0,2,0,5.5,query-filter,date,named-subset,false,2026-06-07,2026-09-06,GB,web,query,+(?i)(fix my pub|struggling pub|pub turnaround|failing pub|quiet pub|empty pub|pub business support),raw/gsc-3m-q-cl_0012/Chart.csv
gsc-3m-q-cl_0012,2026-06-16,0,0,,,query-filter,date,named-subset,false,2026-06-07,2026-09-06,GB,web,query,+(?i)(fix my pub|struggling pub|pub turnaround|failing pub|quiet pub|empty pub|pub business support),raw/gsc-3m-q-cl_0012/Chart.csv
gsc-3m-q-cl_0012,2026-06-17,0,4,0,5.5,query-filter,date,named-subset,false,2026-06-07,2026-09-06,GB,web,query,+(?i)(fix my pub|struggling pub|pub turnaround|failing pub|quiet pub|empty pub|pub business support),raw/gsc-3m-q-cl_0012/Chart.csv
gsc-3m-q-cl_0012,2026-06-18,0,0,,,query-filter,date,named-subset,false,2026-06-07,2026-09-06,GB,web,query,+(?i)(fix my pub|struggling pub|pub turnaround|failing pub|quiet pub|empty pub|pub business support),raw/gsc-3m-q-cl_0012/Chart.csv
gsc-3m-q-cl_0012,2026-06-19,0,0,,,query-filter,date,named-subset,false,2026-06-07,2026-09-06,GB,web,query,+(?i)(fix my pub|struggling pub|pub turnaround|failing pub|quiet pub|empty pub|pub business support),raw/gsc-3m-q-cl_0012/Chart.csv
gsc-3m-q-cl_0012,2026-06-20,0,3,0,9,query-filter,date,named-subset,false,2026-06-07,2026-09-06,GB,web,query,+(?i)(fix my pub|struggling pub|pub turnaround|failing pub|quiet pub|empty pub|pub business support),raw/gsc-3m-q-cl_0012/Chart.csv
gsc-3m-q-cl_0012,2026-06-21,0,1,0,10,query-filter,date,named-subset,false,2026-06-07,2026-09-06,GB,web,query,+(?i)(fix my pub|struggling pub|pub turnaround|failing pub|quiet pub|empty pub|pub business support),raw/gsc-3m-q-cl_0012/Chart.csv
gsc-3m-q-cl_0012,2026-06-22,0,4,0,8.8,query-filter,date,named-subset,false,2026-06-07,2026-09-06,GB,web,query,+(?i)(fix my pub|struggling pub|pub turnaround|failing pub|quiet pub|empty pub|pub business support),raw/gsc-3m-q-cl_0012/Chart.csv
gsc-3m-q-cl_0012,2026-06-23,0,0,,,query-filter,date,named-subset,false,2026-06-07,2026-09-06,GB,web,query,+(?i)(fix my pub|struggling pub|pub turnaround|failing pub|quiet pub|empty pub|pub business support),raw/gsc-3m-q-cl_0012/Chart.csv
gsc-3m-q-cl_0012,2026-06-24,0,2,0,9,query-filter,date,named-subset,false,2026-06-07,2026-09-06,GB,web,query,+(?i)(fix my pub|struggling pub|pub turnaround|failing pub|quiet pub|empty pub|pub business support),raw/gsc-3m-q-cl_0012/Chart.csv
gsc-3m-q-cl_0012,2026-06-25,0,3,0,7.7,query-filter,date,named-subset,false,2026-06-07,2026-09-06,GB,web,query,+(?i)(fix my pub|struggling pub|pub turnaround|failing pub|quiet pub|empty pub|pub business support),raw/gsc-3m-q-cl_0012/Chart.csv
gsc-3m-q-cl_0012,2026-06-26,0,3,0,9.7,query-filter,date,named-subset,false,2026-06-07,2026-09-06,GB,web,query,+(?i)(fix my pub|struggling pub|pub turnaround|failing pub|quiet pub|empty pub|pub business support),raw/gsc-3m-q-cl_0012/Chart.csv
gsc-3m-q-cl_0012,2026-06-27,0,1,0,8,query-filter,date,named-subset,false,2026-06-07,2026-09-06,GB,web,query,+(?i)(fix my pub|struggling pub|pub turnaround|failing pub|quiet pub|empty pub|pub business support),raw/gsc-3m-q-cl_0012/Chart.csv
gsc-3m-q-cl_0012,2026-06-28,0,2,0,8.5,query-filter,date,named-subset,false,2026-06-07,2026-09-06,GB,web,query,+(?i)(fix my pub|struggling pub|pub turnaround|failing pub|quiet pub|empty pub|pub business support),raw/gsc-3m-q-cl_0012/Chart.csv
gsc-3m-q-cl_0012,2026-06-29,0,0,,,query-filter,date,named-subset,false,2026-06-07,2026-09-06,GB,web,query,+(?i)(fix my pub|struggling pub|pub turnaround|failing pub|quiet pub|empty pub|pub business support),raw/gsc-3m-q-cl_0012/Chart.csv
gsc-3m-q-cl_0012,2026-06-30,0,1,0,11,query-filter,date,named-subset,false,2026-06-07,2026-09-06,GB,web,query,+(?i)(fix my pub|struggling pub|pub turnaround|failing pub|quiet pub|empty pub|pub business support),raw/gsc-3m-q-cl_0012/Chart.csv
gsc-3m-q-cl_0012,2026-07-01,0,0,,,query-filter,date,named-subset,false,2026-06-07,2026-09-06,GB,web,query,+(?i)(fix my pub|struggling pub|pub turnaround|failing pub|quiet pub|empty pub|pub business support),raw/gsc-3m-q-cl_0012/Chart.csv
gsc-3m-q-cl_0012,2026-07-02,0,3,0,8.7,query-filter,date,named-subset,false,2026-06-07,2026-09-06,GB,web,query,+(?i)(fix my pub|struggling pub|pub turnaround|failing pub|quiet pub|empty pub|pub business support),raw/gsc-3m-q-cl_0012/Chart.csv
gsc-3m-q-cl_0012,2026-07-03,0,2,0,9.5,query-filter,date,named-subset,false,2026-06-07,2026-09-06,GB,web,query,+(?i)(fix my pub|struggling pub|pub turnaround|failing pub|quiet pub|empty pub|pub business support),raw/gsc-3m-q-cl_0012/Chart.csv
gsc-3m-q-cl_0012,2026-07-04,0,4,0,7.2,query-filter,date,named-subset,false,2026-06-07,2026-09-06,GB,web,query,+(?i)(fix my pub|struggling pub|pub turnaround|failing pub|quiet pub|empty pub|pub business support),raw/gsc-3m-q-cl_0012/Chart.csv
gsc-3m-q-cl_0012,2026-07-05,0,2,0,7.5,query-filter,date,named-subset,false,2026-06-07,2026-09-06,GB,web,query,+(?i)(fix my pub|struggling pub|pub turnaround|failing pub|quiet pub|empty pub|pub business support),raw/gsc-3m-q-cl_0012/Chart.csv
gsc-3m-q-cl_0012,2026-07-06,0,2,0,6,query-filter,date,named-subset,false,2026-06-07,2026-09-06,GB,web,query,+(?i)(fix my pub|struggling pub|pub turnaround|failing pub|quiet pub|empty pub|pub business support),raw/gsc-3m-q-cl_0012/Chart.csv
gsc-3m-q-cl_0012,2026-07-07,0,1,0,2,query-filter,date,named-subset,false,2026-06-07,2026-09-06,GB,web,query,+(?i)(fix my pub|struggling pub|pub turnaround|failing pub|quiet pub|empty pub|pub business support),raw/gsc-3m-q-cl_0012/Chart.csv
gsc-3m-q-cl_0012,2026-07-08,0,2,0,9,query-filter,date,named-subset,false,2026-06-07,2026-09-06,GB,web,query,+(?i)(fix my pub|struggling pub|pub turnaround|failing pub|quiet pub|empty pub|pub business support),raw/gsc-3m-q-cl_0012/Chart.csv
gsc-3m-q-cl_0012,2026-07-09,0,2,0,8.5,query-filter,date,named-subset,false,2026-06-07,2026-09-06,GB,web,query,+(?i)(fix my pub|struggling pub|pub turnaround|failing pub|quiet pub|empty pub|pub business support),raw/gsc-3m-q-cl_0012/Chart.csv
gsc-3m-q-cl_0012,2026-07-10,0,0,,,query-filter,date,named-subset,false,2026-06-07,2026-09-06,GB,web,query,+(?i)(fix my pub|struggling pub|pub turnaround|failing pub|quiet pub|empty pub|pub business support),raw/gsc-3m-q-cl_0012/Chart.csv
gsc-3m-q-cl_0012,2026-07-11,0,2,0,5.5,query-filter,date,named-subset,false,2026-06-07,2026-09-06,GB,web,query,+(?i)(fix my pub|struggling pub|pub turnaround|failing pub|quiet pub|empty pub|pub business support),raw/gsc-3m-q-cl_0012/Chart.csv
gsc-3m-q-cl_0012,2026-07-12,0,4,0,7,query-filter,date,named-subset,false,2026-06-07,2026-09-06,GB,web,query,+(?i)(fix my pub|struggling pub|pub turnaround|failing pub|quiet pub|empty pub|pub business support),raw/gsc-3m-q-cl_0012/Chart.csv
gsc-3m-q-cl_0012,2026-07-13,0,4,0,6.2,query-filter,date,named-subset,false,2026-06-07,2026-09-06,GB,web,query,+(?i)(fix my pub|struggling pub|pub turnaround|failing pub|quiet pub|empty pub|pub business support),raw/gsc-3m-q-cl_0012/Chart.csv
gsc-3m-q-cl_0012,2026-07-14,0,5,0,8,query-filter,date,named-subset,false,2026-06-07,2026-09-06,GB,web,query,+(?i)(fix my pub|struggling pub|pub turnaround|failing pub|quiet pub|empty pub|pub business support),raw/gsc-3m-q-cl_0012/Chart.csv
gsc-3m-q-cl_0012,2026-07-15,0,0,,,query-filter,date,named-subset,false,2026-06-07,2026-09-06,GB,web,query,+(?i)(fix my pub|struggling pub|pub turnaround|failing pub|quiet pub|empty pub|pub business support),raw/gsc-3m-q-cl_0012/Chart.csv
gsc-3m-q-cl_0012,2026-07-16,0,1,0,8,query-filter,date,named-subset,false,2026-06-07,2026-09-06,GB,web,query,+(?i)(fix my pub|struggling pub|pub turnaround|failing pub|quiet pub|empty pub|pub business support),raw/gsc-3m-q-cl_0012/Chart.csv
gsc-3m-q-cl_0012,2026-07-17,0,3,0,4,query-filter,date,named-subset,false,2026-06-07,2026-09-06,GB,web,query,+(?i)(fix my pub|struggling pub|pub turnaround|failing pub|quiet pub|empty pub|pub business support),raw/gsc-3m-q-cl_0012/Chart.csv
gsc-3m-q-cl_0012,2026-07-18,0,2,0,4,query-filter,date,named-subset,false,2026-06-07,2026-09-06,GB,web,query,+(?i)(fix my pub|struggling pub|pub turnaround|failing pub|quiet pub|empty pub|pub business support),raw/gsc-3m-q-cl_0012/Chart.csv
gsc-3m-q-cl_0012,2026-07-19,0,0,,,query-filter,date,named-subset,false,2026-06-07,2026-09-06,GB,web,query,+(?i)(fix my pub|struggling pub|pub turnaround|failing pub|quiet pub|empty pub|pub business support),raw/gsc-3m-q-cl_0012/Chart.csv
gsc-3m-q-cl_0012,2026-07-20,0,2,0,7,query-filter,date,named-subset,false,2026-06-07,2026-09-06,GB,web,query,+(?i)(fix my pub|struggling pub|pub turnaround|failing pub|quiet pub|empty pub|pub business support),raw/gsc-3m-q-cl_0012/Chart.csv
gsc-3m-q-cl_0012,2026-07-21,0,0,,,query-filter,date,named-subset,false,2026-06-07,2026-09-06,GB,web,query,+(?i)(fix my pub|struggling pub|pub turnaround|failing pub|quiet pub|empty pub|pub business support),raw/gsc-3m-q-cl_0012/Chart.csv
gsc-3m-q-cl_0012,2026-07-22,0,1,0,12,query-filter,date,named-subset,false,2026-06-07,2026-09-06,GB,web,query,+(?i)(fix my pub|struggling pub|pub turnaround|failing pub|quiet pub|empty pub|pub business support),raw/gsc-3m-q-cl_0012/Chart.csv
gsc-3m-q-cl_0012,2026-07-23,0,6,0,6.8,query-filter,date,named-subset,false,2026-06-07,2026-09-06,GB,web,query,+(?i)(fix my pub|struggling pub|pub turnaround|failing pub|quiet pub|empty pub|pub business support),raw/gsc-3m-q-cl_0012/Chart.csv
gsc-3m-q-cl_0012,2026-07-24,0,3,0,8,query-filter,date,named-subset,false,2026-06-07,2026-09-06,GB,web,query,+(?i)(fix my pub|struggling pub|pub turnaround|failing pub|quiet pub|empty pub|pub business support),raw/gsc-3m-q-cl_0012/Chart.csv
gsc-3m-q-cl_0012,2026-07-25,0,0,,,query-filter,date,named-subset,false,2026-06-07,2026-09-06,GB,web,query,+(?i)(fix my pub|struggling pub|pub turnaround|failing pub|quiet pub|empty pub|pub business support),raw/gsc-3m-q-cl_0012/Chart.csv
gsc-3m-q-cl_0012,2026-07-26,0,2,0,9.5,query-filter,date,named-subset,false,2026-06-07,2026-09-06,GB,web,query,+(?i)(fix my pub|struggling pub|pub turnaround|failing pub|quiet pub|empty pub|pub business support),raw/gsc-3m-q-cl_0012/Chart.csv
gsc-3m-q-cl_0012,2026-07-27,0,1,0,9,query-filter,date,named-subset,false,2026-06-07,2026-09-06,GB,web,query,+(?i)(fix my pub|struggling pub|pub turnaround|failing pub|quiet pub|empty pub|pub business support),raw/gsc-3m-q-cl_0012/Chart.csv
gsc-3m-q-cl_0012,2026-07-28,0,2,0,8,query-filter,date,named-subset,false,2026-06-07,2026-09-06,GB,web,query,+(?i)(fix my pub|struggling pub|pub turnaround|failing pub|quiet pub|empty pub|pub business support),raw/gsc-3m-q-cl_0012/Chart.csv
gsc-3m-q-cl_0012,2026-07-29,0,3,0,6,query-filter,date,named-subset,false,2026-06-07,2026-09-06,GB,web,query,+(?i)(fix my pub|struggling pub|pub turnaround|failing pub|quiet pub|empty pub|pub business support),raw/gsc-3m-q-cl_0012/Chart.csv
gsc-3m-q-cl_0012,2026-07-30,0,2,0,11.5,query-filter,date,named-subset,false,2026-06-07,2026-09-06,GB,web,query,+(?i)(fix my pub|struggling pub|pub turnaround|failing pub|quiet pub|empty pub|pub business support),raw/gsc-3m-q-cl_0012/Chart.csv
gsc-3m-q-cl_0012,2026-07-31,0,0,,,query-filter,date,named-subset,false,2026-06-07,2026-09-06,GB,web,query,+(?i)(fix my pub|struggling pub|pub turnaround|failing pub|quiet pub|empty pub|pub business support),raw/gsc-3m-q-cl_0012/Chart.csv
gsc-3m-q-cl_0012,2026-08-01,0,0,,,query-filter,date,named-subset,false,2026-06-07,2026-09-06,GB,web,query,+(?i)(fix my pub|struggling pub|pub turnaround|failing pub|quiet pub|empty pub|pub business support),raw/gsc-3m-q-cl_0012/Chart.csv
gsc-3m-q-cl_0012,2026-08-02,0,3,0,6,query-filter,date,named-subset,false,2026-06-07,2026-09-06,GB,web,query,+(?i)(fix my pub|struggling pub|pub turnaround|failing pub|quiet pub|empty pub|pub business support),raw/gsc-3m-q-cl_0012/Chart.csv
gsc-3m-q-cl_0012,2026-08-03,0,3,0,8.7,query-filter,date,named-subset,false,2026-06-07,2026-09-06,GB,web,query,+(?i)(fix my pub|struggling pub|pub turnaround|failing pub|quiet pub|empty pub|pub business support),raw/gsc-3m-q-cl_0012/Chart.csv
gsc-3m-q-cl_0012,2026-08-04,0,1,0,5,query-filter,date,named-subset,false,2026-06-07,2026-09-06,GB,web,query,+(?i)(fix my pub|struggling pub|pub turnaround|failing pub|quiet pub|empty pub|pub business support),raw/gsc-3m-q-cl_0012/Chart.csv
gsc-3m-q-cl_0012,2026-08-05,0,1,0,12,query-filter,date,named-subset,false,2026-06-07,2026-09-06,GB,web,query,+(?i)(fix my pub|struggling pub|pub turnaround|failing pub|quiet pub|empty pub|pub business support),raw/gsc-3m-q-cl_0012/Chart.csv
gsc-3m-q-cl_0012,2026-08-06,0,1,0,3,query-filter,date,named-subset,false,2026-06-07,2026-09-06,GB,web,query,+(?i)(fix my pub|struggling pub|pub turnaround|failing pub|quiet pub|empty pub|pub business support),raw/gsc-3m-q-cl_0012/Chart.csv
gsc-3m-q-cl_0012,2026-08-07,0,0,,,query-filter,date,named-subset,false,2026-06-07,2026-09-06,GB,web,query,+(?i)(fix my pub|struggling pub|pub turnaround|failing pub|quiet pub|empty pub|pub business support),raw/gsc-3m-q-cl_0012/Chart.csv
gsc-3m-q-cl_0012,2026-08-08,0,0,,,query-filter,date,named-subset,false,2026-06-07,2026-09-06,GB,web,query,+(?i)(fix my pub|struggling pub|pub turnaround|failing pub|quiet pub|empty pub|pub business support),raw/gsc-3m-q-cl_0012/Chart.csv
gsc-3m-q-cl_0012,2026-08-09,0,3,0,5.3,query-filter,date,named-subset,false,2026-06-07,2026-09-06,GB,web,query,+(?i)(fix my pub|struggling pub|pub turnaround|failing pub|quiet pub|empty pub|pub business support),raw/gsc-3m-q-cl_0012/Chart.csv
gsc-3m-q-cl_0012,2026-08-10,0,0,,,query-filter,date,named-subset,false,2026-06-07,2026-09-06,GB,web,query,+(?i)(fix my pub|struggling pub|pub turnaround|failing pub|quiet pub|empty pub|pub business support),raw/gsc-3m-q-cl_0012/Chart.csv
gsc-3m-q-cl_0012,2026-08-11,0,0,,,query-filter,date,named-subset,false,2026-06-07,2026-09-06,GB,web,query,+(?i)(fix my pub|struggling pub|pub turnaround|failing pub|quiet pub|empty pub|pub business support),raw/gsc-3m-q-cl_0012/Chart.csv
gsc-3m-q-cl_0012,2026-08-12,0,1,0,4,query-filter,date,named-subset,false,2026-06-07,2026-09-06,GB,web,query,+(?i)(fix my pub|struggling pub|pub turnaround|failing pub|quiet pub|empty pub|pub business support),raw/gsc-3m-q-cl_0012/Chart.csv
gsc-3m-q-cl_0012,2026-08-13,0,2,0,8.5,query-filter,date,named-subset,false,2026-06-07,2026-09-06,GB,web,query,+(?i)(fix my pub|struggling pub|pub turnaround|failing pub|quiet pub|empty pub|pub business support),raw/gsc-3m-q-cl_0012/Chart.csv
gsc-3m-q-cl_0012,2026-08-14,0,1,0,6,query-filter,date,named-subset,false,2026-06-07,2026-09-06,GB,web,query,+(?i)(fix my pub|struggling pub|pub turnaround|failing pub|quiet pub|empty pub|pub business support),raw/gsc-3m-q-cl_0012/Chart.csv
gsc-3m-q-cl_0012,2026-08-15,0,1,0,11,query-filter,date,named-subset,false,2026-06-07,2026-09-06,GB,web,query,+(?i)(fix my pub|struggling pub|pub turnaround|failing pub|quiet pub|empty pub|pub business support),raw/gsc-3m-q-cl_0012/Chart.csv
gsc-3m-q-cl_0012,2026-08-16,0,1,0,11,query-filter,date,named-subset,false,2026-06-07,2026-09-06,GB,web,query,+(?i)(fix my pub|struggling pub|pub turnaround|failing pub|quiet pub|empty pub|pub business support),raw/gsc-3m-q-cl_0012/Chart.csv
gsc-3m-q-cl_0012,2026-08-17,0,1,0,11,query-filter,date,named-subset,false,2026-06-07,2026-09-06,GB,web,query,+(?i)(fix my pub|struggling pub|pub turnaround|failing pub|quiet pub|empty pub|pub business support),raw/gsc-3m-q-cl_0012/Chart.csv
gsc-3m-q-cl_0012,2026-08-18,0,0,,,query-filter,date,named-subset,false,2026-06-07,2026-09-06,GB,web,query,+(?i)(fix my pub|struggling pub|pub turnaround|failing pub|quiet pub|empty pub|pub business support),raw/gsc-3m-q-cl_0012/Chart.csv
gsc-3m-q-cl_0012,2026-08-19,0,4,0,8,query-filter,date,named-subset,false,2026-06-07,2026-09-06,GB,web,query,+(?i)(fix my pub|struggling pub|pub turnaround|failing pub|quiet pub|empty pub|pub business support),raw/gsc-3m-q-cl_0012/Chart.csv
gsc-3m-q-cl_0012,2026-08-20,0,4,0,8.8,query-filter,date,named-subset,false,2026-06-07,2026-09-06,GB,web,query,+(?i)(fix my pub|struggling pub|pub turnaround|failing pub|quiet pub|empty pub|pub business support),raw/gsc-3m-q-cl_0012/Chart.csv
gsc-3m-q-cl_0012,2026-08-21,0,2,0,11,query-filter,date,named-subset,false,2026-06-07,2026-09-06,GB,web,query,+(?i)(fix my pub|struggling pub|pub turnaround|failing pub|quiet pub|empty pub|pub business support),raw/gsc-3m-q-cl_0012/Chart.csv
gsc-3m-q-cl_0012,2026-08-22,0,0,,,query-filter,date,named-subset,false,2026-06-07,2026-09-06,GB,web,query,+(?i)(fix my pub|struggling pub|pub turnaround|failing pub|quiet pub|empty pub|pub business support),raw/gsc-3m-q-cl_0012/Chart.csv
gsc-3m-q-cl_0012,2026-08-23,0,1,0,11,query-filter,date,named-subset,false,2026-06-07,2026-09-06,GB,web,query,+(?i)(fix my pub|struggling pub|pub turnaround|failing pub|quiet pub|empty pub|pub business support),raw/gsc-3m-q-cl_0012/Chart.csv
gsc-3m-q-cl_0012,2026-08-24,0,0,,,query-filter,date,named-subset,false,2026-06-07,2026-09-06,GB,web,query,+(?i)(fix my pub|struggling pub|pub turnaround|failing pub|quiet pub|empty pub|pub business support),raw/gsc-3m-q-cl_0012/Chart.csv
gsc-3m-q-cl_0012,2026-08-25,0,1,0,11,query-filter,date,named-subset,false,2026-06-07,2026-09-06,GB,web,query,+(?i)(fix my pub|struggling pub|pub turnaround|failing pub|quiet pub|empty pub|pub business support),raw/gsc-3m-q-cl_0012/Chart.csv
gsc-3m-q-cl_0012,2026-08-26,0,1,0,4,query-filter,date,named-subset,false,2026-06-07,2026-09-06,GB,web,query,+(?i)(fix my pub|struggling pub|pub turnaround|failing pub|quiet pub|empty pub|pub business support),raw/gsc-3m-q-cl_0012/Chart.csv
gsc-3m-q-cl_0012,2026-08-27,0,2,0,10,query-filter,date,named-subset,false,2026-06-07,2026-09-06,GB,web,query,+(?i)(fix my pub|struggling pub|pub turnaround|failing pub|quiet pub|empty pub|pub business support),raw/gsc-3m-q-cl_0012/Chart.csv
gsc-3m-q-cl_0012,2026-08-28,0,0,,,query-filter,date,named-subset,false,2026-06-07,2026-09-06,GB,web,query,+(?i)(fix my pub|struggling pub|pub turnaround|failing pub|quiet pub|empty pub|pub business support),raw/gsc-3m-q-cl_0012/Chart.csv
gsc-3m-q-cl_0012,2026-08-29,0,1,0,11,query-filter,date,named-subset,false,2026-06-07,2026-09-06,GB,web,query,+(?i)(fix my pub|struggling pub|pub turnaround|failing pub|quiet pub|empty pub|pub business support),raw/gsc-3m-q-cl_0012/Chart.csv
gsc-3m-q-cl_0012,2026-08-30,0,1,0,8,query-filter,date,named-subset,false,2026-06-07,2026-09-06,GB,web,query,+(?i)(fix my pub|struggling pub|pub turnaround|failing pub|quiet pub|empty pub|pub business support),raw/gsc-3m-q-cl_0012/Chart.csv
gsc-3m-q-cl_0012,2026-08-31,0,2,0,8.5,query-filter,date,named-subset,false,2026-06-07,2026-09-06,GB,web,query,+(?i)(fix my pub|struggling pub|pub turnaround|failing pub|quiet pub|empty pub|pub business support),raw/gsc-3m-q-cl_0012/Chart.csv
gsc-3m-q-cl_0012,2026-09-01,0,1,0,8,query-filter,date,named-subset,false,2026-06-07,2026-09-06,GB,web,query,+(?i)(fix my pub|struggling pub|pub turnaround|failing pub|quiet pub|empty pub|pub business support),raw/gsc-3m-q-cl_0012/Chart.csv
gsc-3m-q-cl_0012,2026-09-02,0,2,0,8,query-filter,date,named-subset,false,2026-06-07,2026-09-06,GB,web,query,+(?i)(fix my pub|struggling pub|pub turnaround|failing pub|quiet pub|empty pub|pub business support),raw/gsc-3m-q-cl_0012/Chart.csv
gsc-3m-q-cl_0012,2026-09-03,0,1,0,11,query-filter,date,named-subset,false,2026-06-07,2026-09-06,GB,web,query,+(?i)(fix my pub|struggling pub|pub turnaround|failing pub|quiet pub|empty pub|pub business support),raw/gsc-3m-q-cl_0012/Chart.csv
gsc-3m-q-cl_0012,2026-09-04,0,1,0,11,query-filter,date,named-subset,false,2026-06-07,2026-09-06,GB,web,query,+(?i)(fix my pub|struggling pub|pub turnaround|failing pub|quiet pub|empty pub|pub business support),raw/gsc-3m-q-cl_0012/Chart.csv
gsc-3m-q-cl_0012,2026-09-05,0,0,,,query-filter,date,named-subset,false,2026-06-07,2026-09-06,GB,web,query,+(?i)(fix my pub|struggling pub|pub turnaround|failing pub|quiet pub|empty pub|pub business support),raw/gsc-3m-q-cl_0012/Chart.csv
gsc-3m-q-cl_0012,2026-09-06,0,1,0,8,query-filter,date,named-subset,false,2026-06-07,2026-09-06,GB,web,query,+(?i)(fix my pub|struggling pub|pub turnaround|failing pub|quiet pub|empty pub|pub business support),raw/gsc-3m-q-cl_0012/Chart.csv
gsc-3m-q-cl_0013,2026-06-07,0,0,,,query-filter,date,named-subset,false,2026-06-07,2026-09-06,GB,web,query,"+(?i)((pub|bar)\b.{0,20}\b(social media|instagram|facebook|tiktok)|social media (strategy|idea|post|content) for (pubs|bars))",raw/gsc-3m-q-cl_0013/Chart.csv
gsc-3m-q-cl_0013,2026-06-08,0,0,,,query-filter,date,named-subset,false,2026-06-07,2026-09-06,GB,web,query,"+(?i)((pub|bar)\b.{0,20}\b(social media|instagram|facebook|tiktok)|social media (strategy|idea|post|content) for (pubs|bars))",raw/gsc-3m-q-cl_0013/Chart.csv
gsc-3m-q-cl_0013,2026-06-09,0,0,,,query-filter,date,named-subset,false,2026-06-07,2026-09-06,GB,web,query,"+(?i)((pub|bar)\b.{0,20}\b(social media|instagram|facebook|tiktok)|social media (strategy|idea|post|content) for (pubs|bars))",raw/gsc-3m-q-cl_0013/Chart.csv
gsc-3m-q-cl_0013,2026-06-10,0,0,,,query-filter,date,named-subset,false,2026-06-07,2026-09-06,GB,web,query,"+(?i)((pub|bar)\b.{0,20}\b(social media|instagram|facebook|tiktok)|social media (strategy|idea|post|content) for (pubs|bars))",raw/gsc-3m-q-cl_0013/Chart.csv
gsc-3m-q-cl_0013,2026-06-11,0,0,,,query-filter,date,named-subset,false,2026-06-07,2026-09-06,GB,web,query,"+(?i)((pub|bar)\b.{0,20}\b(social media|instagram|facebook|tiktok)|social media (strategy|idea|post|content) for (pubs|bars))",raw/gsc-3m-q-cl_0013/Chart.csv
gsc-3m-q-cl_0013,2026-06-12,0,0,,,query-filter,date,named-subset,false,2026-06-07,2026-09-06,GB,web,query,"+(?i)((pub|bar)\b.{0,20}\b(social media|instagram|facebook|tiktok)|social media (strategy|idea|post|content) for (pubs|bars))",raw/gsc-3m-q-cl_0013/Chart.csv
gsc-3m-q-cl_0013,2026-06-13,0,0,,,query-filter,date,named-subset,false,2026-06-07,2026-09-06,GB,web,query,"+(?i)((pub|bar)\b.{0,20}\b(social media|instagram|facebook|tiktok)|social media (strategy|idea|post|content) for (pubs|bars))",raw/gsc-3m-q-cl_0013/Chart.csv
gsc-3m-q-cl_0013,2026-06-14,0,0,,,query-filter,date,named-subset,false,2026-06-07,2026-09-06,GB,web,query,"+(?i)((pub|bar)\b.{0,20}\b(social media|instagram|facebook|tiktok)|social media (strategy|idea|post|content) for (pubs|bars))",raw/gsc-3m-q-cl_0013/Chart.csv
gsc-3m-q-cl_0013,2026-06-15,0,0,,,query-filter,date,named-subset,false,2026-06-07,2026-09-06,GB,web,query,"+(?i)((pub|bar)\b.{0,20}\b(social media|instagram|facebook|tiktok)|social media (strategy|idea|post|content) for (pubs|bars))",raw/gsc-3m-q-cl_0013/Chart.csv
gsc-3m-q-cl_0013,2026-06-16,0,0,,,query-filter,date,named-subset,false,2026-06-07,2026-09-06,GB,web,query,"+(?i)((pub|bar)\b.{0,20}\b(social media|instagram|facebook|tiktok)|social media (strategy|idea|post|content) for (pubs|bars))",raw/gsc-3m-q-cl_0013/Chart.csv
gsc-3m-q-cl_0013,2026-06-17,0,0,,,query-filter,date,named-subset,false,2026-06-07,2026-09-06,GB,web,query,"+(?i)((pub|bar)\b.{0,20}\b(social media|instagram|facebook|tiktok)|social media (strategy|idea|post|content) for (pubs|bars))",raw/gsc-3m-q-cl_0013/Chart.csv
gsc-3m-q-cl_0013,2026-06-18,0,1,0,22,query-filter,date,named-subset,false,2026-06-07,2026-09-06,GB,web,query,"+(?i)((pub|bar)\b.{0,20}\b(social media|instagram|facebook|tiktok)|social media (strategy|idea|post|content) for (pubs|bars))",raw/gsc-3m-q-cl_0013/Chart.csv
gsc-3m-q-cl_0013,2026-06-19,0,0,,,query-filter,date,named-subset,false,2026-06-07,2026-09-06,GB,web,query,"+(?i)((pub|bar)\b.{0,20}\b(social media|instagram|facebook|tiktok)|social media (strategy|idea|post|content) for (pubs|bars))",raw/gsc-3m-q-cl_0013/Chart.csv
gsc-3m-q-cl_0013,2026-06-20,0,0,,,query-filter,date,named-subset,false,2026-06-07,2026-09-06,GB,web,query,"+(?i)((pub|bar)\b.{0,20}\b(social media|instagram|facebook|tiktok)|social media (strategy|idea|post|content) for (pubs|bars))",raw/gsc-3m-q-cl_0013/Chart.csv
gsc-3m-q-cl_0013,2026-06-21,0,0,,,query-filter,date,named-subset,false,2026-06-07,2026-09-06,GB,web,query,"+(?i)((pub|bar)\b.{0,20}\b(social media|instagram|facebook|tiktok)|social media (strategy|idea|post|content) for (pubs|bars))",raw/gsc-3m-q-cl_0013/Chart.csv
gsc-3m-q-cl_0013,2026-06-22,0,0,,,query-filter,date,named-subset,false,2026-06-07,2026-09-06,GB,web,query,"+(?i)((pub|bar)\b.{0,20}\b(social media|instagram|facebook|tiktok)|social media (strategy|idea|post|content) for (pubs|bars))",raw/gsc-3m-q-cl_0013/Chart.csv
gsc-3m-q-cl_0013,2026-06-23,0,0,,,query-filter,date,named-subset,false,2026-06-07,2026-09-06,GB,web,query,"+(?i)((pub|bar)\b.{0,20}\b(social media|instagram|facebook|tiktok)|social media (strategy|idea|post|content) for (pubs|bars))",raw/gsc-3m-q-cl_0013/Chart.csv
gsc-3m-q-cl_0013,2026-06-24,0,0,,,query-filter,date,named-subset,false,2026-06-07,2026-09-06,GB,web,query,"+(?i)((pub|bar)\b.{0,20}\b(social media|instagram|facebook|tiktok)|social media (strategy|idea|post|content) for (pubs|bars))",raw/gsc-3m-q-cl_0013/Chart.csv
gsc-3m-q-cl_0013,2026-06-25,0,0,,,query-filter,date,named-subset,false,2026-06-07,2026-09-06,GB,web,query,"+(?i)((pub|bar)\b.{0,20}\b(social media|instagram|facebook|tiktok)|social media (strategy|idea|post|content) for (pubs|bars))",raw/gsc-3m-q-cl_0013/Chart.csv
gsc-3m-q-cl_0013,2026-06-26,0,0,,,query-filter,date,named-subset,false,2026-06-07,2026-09-06,GB,web,query,"+(?i)((pub|bar)\b.{0,20}\b(social media|instagram|facebook|tiktok)|social media (strategy|idea|post|content) for (pubs|bars))",raw/gsc-3m-q-cl_0013/Chart.csv
gsc-3m-q-cl_0013,2026-06-27,0,0,,,query-filter,date,named-subset,false,2026-06-07,2026-09-06,GB,web,query,"+(?i)((pub|bar)\b.{0,20}\b(social media|instagram|facebook|tiktok)|social media (strategy|idea|post|content) for (pubs|bars))",raw/gsc-3m-q-cl_0013/Chart.csv
gsc-3m-q-cl_0013,2026-06-28,0,0,,,query-filter,date,named-subset,false,2026-06-07,2026-09-06,GB,web,query,"+(?i)((pub|bar)\b.{0,20}\b(social media|instagram|facebook|tiktok)|social media (strategy|idea|post|content) for (pubs|bars))",raw/gsc-3m-q-cl_0013/Chart.csv
gsc-3m-q-cl_0013,2026-06-29,0,0,,,query-filter,date,named-subset,false,2026-06-07,2026-09-06,GB,web,query,"+(?i)((pub|bar)\b.{0,20}\b(social media|instagram|facebook|tiktok)|social media (strategy|idea|post|content) for (pubs|bars))",raw/gsc-3m-q-cl_0013/Chart.csv
gsc-3m-q-cl_0013,2026-06-30,0,0,,,query-filter,date,named-subset,false,2026-06-07,2026-09-06,GB,web,query,"+(?i)((pub|bar)\b.{0,20}\b(social media|instagram|facebook|tiktok)|social media (strategy|idea|post|content) for (pubs|bars))",raw/gsc-3m-q-cl_0013/Chart.csv
gsc-3m-q-cl_0013,2026-07-01,0,0,,,query-filter,date,named-subset,false,2026-06-07,2026-09-06,GB,web,query,"+(?i)((pub|bar)\b.{0,20}\b(social media|instagram|facebook|tiktok)|social media (strategy|idea|post|content) for (pubs|bars))",raw/gsc-3m-q-cl_0013/Chart.csv
gsc-3m-q-cl_0013,2026-07-02,0,2,0,20,query-filter,date,named-subset,false,2026-06-07,2026-09-06,GB,web,query,"+(?i)((pub|bar)\b.{0,20}\b(social media|instagram|facebook|tiktok)|social media (strategy|idea|post|content) for (pubs|bars))",raw/gsc-3m-q-cl_0013/Chart.csv
gsc-3m-q-cl_0013,2026-07-03,0,0,,,query-filter,date,named-subset,false,2026-06-07,2026-09-06,GB,web,query,"+(?i)((pub|bar)\b.{0,20}\b(social media|instagram|facebook|tiktok)|social media (strategy|idea|post|content) for (pubs|bars))",raw/gsc-3m-q-cl_0013/Chart.csv
gsc-3m-q-cl_0013,2026-07-04,0,0,,,query-filter,date,named-subset,false,2026-06-07,2026-09-06,GB,web,query,"+(?i)((pub|bar)\b.{0,20}\b(social media|instagram|facebook|tiktok)|social media (strategy|idea|post|content) for (pubs|bars))",raw/gsc-3m-q-cl_0013/Chart.csv
gsc-3m-q-cl_0013,2026-07-05,0,0,,,query-filter,date,named-subset,false,2026-06-07,2026-09-06,GB,web,query,"+(?i)((pub|bar)\b.{0,20}\b(social media|instagram|facebook|tiktok)|social media (strategy|idea|post|content) for (pubs|bars))",raw/gsc-3m-q-cl_0013/Chart.csv
gsc-3m-q-cl_0013,2026-07-06,0,0,,,query-filter,date,named-subset,false,2026-06-07,2026-09-06,GB,web,query,"+(?i)((pub|bar)\b.{0,20}\b(social media|instagram|facebook|tiktok)|social media (strategy|idea|post|content) for (pubs|bars))",raw/gsc-3m-q-cl_0013/Chart.csv
gsc-3m-q-cl_0013,2026-07-07,0,0,,,query-filter,date,named-subset,false,2026-06-07,2026-09-06,GB,web,query,"+(?i)((pub|bar)\b.{0,20}\b(social media|instagram|facebook|tiktok)|social media (strategy|idea|post|content) for (pubs|bars))",raw/gsc-3m-q-cl_0013/Chart.csv
gsc-3m-q-cl_0013,2026-07-08,0,0,,,query-filter,date,named-subset,false,2026-06-07,2026-09-06,GB,web,query,"+(?i)((pub|bar)\b.{0,20}\b(social media|instagram|facebook|tiktok)|social media (strategy|idea|post|content) for (pubs|bars))",raw/gsc-3m-q-cl_0013/Chart.csv
gsc-3m-q-cl_0013,2026-07-09,0,3,0,23.7,query-filter,date,named-subset,false,2026-06-07,2026-09-06,GB,web,query,"+(?i)((pub|bar)\b.{0,20}\b(social media|instagram|facebook|tiktok)|social media (strategy|idea|post|content) for (pubs|bars))",raw/gsc-3m-q-cl_0013/Chart.csv
gsc-3m-q-cl_0013,2026-07-10,0,1,0,11,query-filter,date,named-subset,false,2026-06-07,2026-09-06,GB,web,query,"+(?i)((pub|bar)\b.{0,20}\b(social media|instagram|facebook|tiktok)|social media (strategy|idea|post|content) for (pubs|bars))",raw/gsc-3m-q-cl_0013/Chart.csv
gsc-3m-q-cl_0013,2026-07-11,0,0,,,query-filter,date,named-subset,false,2026-06-07,2026-09-06,GB,web,query,"+(?i)((pub|bar)\b.{0,20}\b(social media|instagram|facebook|tiktok)|social media (strategy|idea|post|content) for (pubs|bars))",raw/gsc-3m-q-cl_0013/Chart.csv
gsc-3m-q-cl_0013,2026-07-12,0,0,,,query-filter,date,named-subset,false,2026-06-07,2026-09-06,GB,web,query,"+(?i)((pub|bar)\b.{0,20}\b(social media|instagram|facebook|tiktok)|social media (strategy|idea|post|content) for (pubs|bars))",raw/gsc-3m-q-cl_0013/Chart.csv
gsc-3m-q-cl_0013,2026-07-13,0,0,,,query-filter,date,named-subset,false,2026-06-07,2026-09-06,GB,web,query,"+(?i)((pub|bar)\b.{0,20}\b(social media|instagram|facebook|tiktok)|social media (strategy|idea|post|content) for (pubs|bars))",raw/gsc-3m-q-cl_0013/Chart.csv
gsc-3m-q-cl_0013,2026-07-14,0,0,,,query-filter,date,named-subset,false,2026-06-07,2026-09-06,GB,web,query,"+(?i)((pub|bar)\b.{0,20}\b(social media|instagram|facebook|tiktok)|social media (strategy|idea|post|content) for (pubs|bars))",raw/gsc-3m-q-cl_0013/Chart.csv
gsc-3m-q-cl_0013,2026-07-15,0,0,,,query-filter,date,named-subset,false,2026-06-07,2026-09-06,GB,web,query,"+(?i)((pub|bar)\b.{0,20}\b(social media|instagram|facebook|tiktok)|social media (strategy|idea|post|content) for (pubs|bars))",raw/gsc-3m-q-cl_0013/Chart.csv
gsc-3m-q-cl_0013,2026-07-16,0,1,0,22,query-filter,date,named-subset,false,2026-06-07,2026-09-06,GB,web,query,"+(?i)((pub|bar)\b.{0,20}\b(social media|instagram|facebook|tiktok)|social media (strategy|idea|post|content) for (pubs|bars))",raw/gsc-3m-q-cl_0013/Chart.csv
gsc-3m-q-cl_0013,2026-07-17,0,0,,,query-filter,date,named-subset,false,2026-06-07,2026-09-06,GB,web,query,"+(?i)((pub|bar)\b.{0,20}\b(social media|instagram|facebook|tiktok)|social media (strategy|idea|post|content) for (pubs|bars))",raw/gsc-3m-q-cl_0013/Chart.csv
gsc-3m-q-cl_0013,2026-07-18,0,0,,,query-filter,date,named-subset,false,2026-06-07,2026-09-06,GB,web,query,"+(?i)((pub|bar)\b.{0,20}\b(social media|instagram|facebook|tiktok)|social media (strategy|idea|post|content) for (pubs|bars))",raw/gsc-3m-q-cl_0013/Chart.csv
gsc-3m-q-cl_0013,2026-07-19,0,0,,,query-filter,date,named-subset,false,2026-06-07,2026-09-06,GB,web,query,"+(?i)((pub|bar)\b.{0,20}\b(social media|instagram|facebook|tiktok)|social media (strategy|idea|post|content) for (pubs|bars))",raw/gsc-3m-q-cl_0013/Chart.csv
gsc-3m-q-cl_0013,2026-07-20,0,0,,,query-filter,date,named-subset,false,2026-06-07,2026-09-06,GB,web,query,"+(?i)((pub|bar)\b.{0,20}\b(social media|instagram|facebook|tiktok)|social media (strategy|idea|post|content) for (pubs|bars))",raw/gsc-3m-q-cl_0013/Chart.csv
gsc-3m-q-cl_0013,2026-07-21,0,0,,,query-filter,date,named-subset,false,2026-06-07,2026-09-06,GB,web,query,"+(?i)((pub|bar)\b.{0,20}\b(social media|instagram|facebook|tiktok)|social media (strategy|idea|post|content) for (pubs|bars))",raw/gsc-3m-q-cl_0013/Chart.csv
gsc-3m-q-cl_0013,2026-07-22,0,0,,,query-filter,date,named-subset,false,2026-06-07,2026-09-06,GB,web,query,"+(?i)((pub|bar)\b.{0,20}\b(social media|instagram|facebook|tiktok)|social media (strategy|idea|post|content) for (pubs|bars))",raw/gsc-3m-q-cl_0013/Chart.csv
gsc-3m-q-cl_0013,2026-07-23,0,2,0,21,query-filter,date,named-subset,false,2026-06-07,2026-09-06,GB,web,query,"+(?i)((pub|bar)\b.{0,20}\b(social media|instagram|facebook|tiktok)|social media (strategy|idea|post|content) for (pubs|bars))",raw/gsc-3m-q-cl_0013/Chart.csv
gsc-3m-q-cl_0013,2026-07-24,0,1,0,10,query-filter,date,named-subset,false,2026-06-07,2026-09-06,GB,web,query,"+(?i)((pub|bar)\b.{0,20}\b(social media|instagram|facebook|tiktok)|social media (strategy|idea|post|content) for (pubs|bars))",raw/gsc-3m-q-cl_0013/Chart.csv
gsc-3m-q-cl_0013,2026-07-25,0,0,,,query-filter,date,named-subset,false,2026-06-07,2026-09-06,GB,web,query,"+(?i)((pub|bar)\b.{0,20}\b(social media|instagram|facebook|tiktok)|social media (strategy|idea|post|content) for (pubs|bars))",raw/gsc-3m-q-cl_0013/Chart.csv
gsc-3m-q-cl_0013,2026-07-26,0,0,,,query-filter,date,named-subset,false,2026-06-07,2026-09-06,GB,web,query,"+(?i)((pub|bar)\b.{0,20}\b(social media|instagram|facebook|tiktok)|social media (strategy|idea|post|content) for (pubs|bars))",raw/gsc-3m-q-cl_0013/Chart.csv
gsc-3m-q-cl_0013,2026-07-27,0,0,,,query-filter,date,named-subset,false,2026-06-07,2026-09-06,GB,web,query,"+(?i)((pub|bar)\b.{0,20}\b(social media|instagram|facebook|tiktok)|social media (strategy|idea|post|content) for (pubs|bars))",raw/gsc-3m-q-cl_0013/Chart.csv
gsc-3m-q-cl_0013,2026-07-28,0,0,,,query-filter,date,named-subset,false,2026-06-07,2026-09-06,GB,web,query,"+(?i)((pub|bar)\b.{0,20}\b(social media|instagram|facebook|tiktok)|social media (strategy|idea|post|content) for (pubs|bars))",raw/gsc-3m-q-cl_0013/Chart.csv
gsc-3m-q-cl_0013,2026-07-29,0,0,,,query-filter,date,named-subset,false,2026-06-07,2026-09-06,GB,web,query,"+(?i)((pub|bar)\b.{0,20}\b(social media|instagram|facebook|tiktok)|social media (strategy|idea|post|content) for (pubs|bars))",raw/gsc-3m-q-cl_0013/Chart.csv
gsc-3m-q-cl_0013,2026-07-30,0,2,0,20,query-filter,date,named-subset,false,2026-06-07,2026-09-06,GB,web,query,"+(?i)((pub|bar)\b.{0,20}\b(social media|instagram|facebook|tiktok)|social media (strategy|idea|post|content) for (pubs|bars))",raw/gsc-3m-q-cl_0013/Chart.csv
gsc-3m-q-cl_0013,2026-07-31,0,0,,,query-filter,date,named-subset,false,2026-06-07,2026-09-06,GB,web,query,"+(?i)((pub|bar)\b.{0,20}\b(social media|instagram|facebook|tiktok)|social media (strategy|idea|post|content) for (pubs|bars))",raw/gsc-3m-q-cl_0013/Chart.csv
gsc-3m-q-cl_0013,2026-08-01,0,0,,,query-filter,date,named-subset,false,2026-06-07,2026-09-06,GB,web,query,"+(?i)((pub|bar)\b.{0,20}\b(social media|instagram|facebook|tiktok)|social media (strategy|idea|post|content) for (pubs|bars))",raw/gsc-3m-q-cl_0013/Chart.csv
gsc-3m-q-cl_0013,2026-08-02,0,0,,,query-filter,date,named-subset,false,2026-06-07,2026-09-06,GB,web,query,"+(?i)((pub|bar)\b.{0,20}\b(social media|instagram|facebook|tiktok)|social media (strategy|idea|post|content) for (pubs|bars))",raw/gsc-3m-q-cl_0013/Chart.csv
gsc-3m-q-cl_0013,2026-08-03,0,0,,,query-filter,date,named-subset,false,2026-06-07,2026-09-06,GB,web,query,"+(?i)((pub|bar)\b.{0,20}\b(social media|instagram|facebook|tiktok)|social media (strategy|idea|post|content) for (pubs|bars))",raw/gsc-3m-q-cl_0013/Chart.csv
gsc-3m-q-cl_0013,2026-08-04,0,0,,,query-filter,date,named-subset,false,2026-06-07,2026-09-06,GB,web,query,"+(?i)((pub|bar)\b.{0,20}\b(social media|instagram|facebook|tiktok)|social media (strategy|idea|post|content) for (pubs|bars))",raw/gsc-3m-q-cl_0013/Chart.csv
gsc-3m-q-cl_0013,2026-08-05,0,0,,,query-filter,date,named-subset,false,2026-06-07,2026-09-06,GB,web,query,"+(?i)((pub|bar)\b.{0,20}\b(social media|instagram|facebook|tiktok)|social media (strategy|idea|post|content) for (pubs|bars))",raw/gsc-3m-q-cl_0013/Chart.csv
gsc-3m-q-cl_0013,2026-08-06,0,2,0,21,query-filter,date,named-subset,false,2026-06-07,2026-09-06,GB,web,query,"+(?i)((pub|bar)\b.{0,20}\b(social media|instagram|facebook|tiktok)|social media (strategy|idea|post|content) for (pubs|bars))",raw/gsc-3m-q-cl_0013/Chart.csv
gsc-3m-q-cl_0013,2026-08-07,0,0,,,query-filter,date,named-subset,false,2026-06-07,2026-09-06,GB,web,query,"+(?i)((pub|bar)\b.{0,20}\b(social media|instagram|facebook|tiktok)|social media (strategy|idea|post|content) for (pubs|bars))",raw/gsc-3m-q-cl_0013/Chart.csv
gsc-3m-q-cl_0013,2026-08-08,0,0,,,query-filter,date,named-subset,false,2026-06-07,2026-09-06,GB,web,query,"+(?i)((pub|bar)\b.{0,20}\b(social media|instagram|facebook|tiktok)|social media (strategy|idea|post|content) for (pubs|bars))",raw/gsc-3m-q-cl_0013/Chart.csv
gsc-3m-q-cl_0013,2026-08-09,0,0,,,query-filter,date,named-subset,false,2026-06-07,2026-09-06,GB,web,query,"+(?i)((pub|bar)\b.{0,20}\b(social media|instagram|facebook|tiktok)|social media (strategy|idea|post|content) for (pubs|bars))",raw/gsc-3m-q-cl_0013/Chart.csv
gsc-3m-q-cl_0013,2026-08-10,0,0,,,query-filter,date,named-subset,false,2026-06-07,2026-09-06,GB,web,query,"+(?i)((pub|bar)\b.{0,20}\b(social media|instagram|facebook|tiktok)|social media (strategy|idea|post|content) for (pubs|bars))",raw/gsc-3m-q-cl_0013/Chart.csv
gsc-3m-q-cl_0013,2026-08-11,0,0,,,query-filter,date,named-subset,false,2026-06-07,2026-09-06,GB,web,query,"+(?i)((pub|bar)\b.{0,20}\b(social media|instagram|facebook|tiktok)|social media (strategy|idea|post|content) for (pubs|bars))",raw/gsc-3m-q-cl_0013/Chart.csv
gsc-3m-q-cl_0013,2026-08-12,0,1,0,11,query-filter,date,named-subset,false,2026-06-07,2026-09-06,GB,web,query,"+(?i)((pub|bar)\b.{0,20}\b(social media|instagram|facebook|tiktok)|social media (strategy|idea|post|content) for (pubs|bars))",raw/gsc-3m-q-cl_0013/Chart.csv
gsc-3m-q-cl_0013,2026-08-13,0,3,0,26,query-filter,date,named-subset,false,2026-06-07,2026-09-06,GB,web,query,"+(?i)((pub|bar)\b.{0,20}\b(social media|instagram|facebook|tiktok)|social media (strategy|idea|post|content) for (pubs|bars))",raw/gsc-3m-q-cl_0013/Chart.csv
gsc-3m-q-cl_0013,2026-08-14,0,0,,,query-filter,date,named-subset,false,2026-06-07,2026-09-06,GB,web,query,"+(?i)((pub|bar)\b.{0,20}\b(social media|instagram|facebook|tiktok)|social media (strategy|idea|post|content) for (pubs|bars))",raw/gsc-3m-q-cl_0013/Chart.csv
gsc-3m-q-cl_0013,2026-08-15,0,0,,,query-filter,date,named-subset,false,2026-06-07,2026-09-06,GB,web,query,"+(?i)((pub|bar)\b.{0,20}\b(social media|instagram|facebook|tiktok)|social media (strategy|idea|post|content) for (pubs|bars))",raw/gsc-3m-q-cl_0013/Chart.csv
gsc-3m-q-cl_0013,2026-08-16,0,0,,,query-filter,date,named-subset,false,2026-06-07,2026-09-06,GB,web,query,"+(?i)((pub|bar)\b.{0,20}\b(social media|instagram|facebook|tiktok)|social media (strategy|idea|post|content) for (pubs|bars))",raw/gsc-3m-q-cl_0013/Chart.csv
gsc-3m-q-cl_0013,2026-08-17,0,0,,,query-filter,date,named-subset,false,2026-06-07,2026-09-06,GB,web,query,"+(?i)((pub|bar)\b.{0,20}\b(social media|instagram|facebook|tiktok)|social media (strategy|idea|post|content) for (pubs|bars))",raw/gsc-3m-q-cl_0013/Chart.csv
gsc-3m-q-cl_0013,2026-08-18,0,0,,,query-filter,date,named-subset,false,2026-06-07,2026-09-06,GB,web,query,"+(?i)((pub|bar)\b.{0,20}\b(social media|instagram|facebook|tiktok)|social media (strategy|idea|post|content) for (pubs|bars))",raw/gsc-3m-q-cl_0013/Chart.csv
gsc-3m-q-cl_0013,2026-08-19,0,0,,,query-filter,date,named-subset,false,2026-06-07,2026-09-06,GB,web,query,"+(?i)((pub|bar)\b.{0,20}\b(social media|instagram|facebook|tiktok)|social media (strategy|idea|post|content) for (pubs|bars))",raw/gsc-3m-q-cl_0013/Chart.csv
gsc-3m-q-cl_0013,2026-08-20,0,0,,,query-filter,date,named-subset,false,2026-06-07,2026-09-06,GB,web,query,"+(?i)((pub|bar)\b.{0,20}\b(social media|instagram|facebook|tiktok)|social media (strategy|idea|post|content) for (pubs|bars))",raw/gsc-3m-q-cl_0013/Chart.csv
gsc-3m-q-cl_0013,2026-08-21,0,0,,,query-filter,date,named-subset,false,2026-06-07,2026-09-06,GB,web,query,"+(?i)((pub|bar)\b.{0,20}\b(social media|instagram|facebook|tiktok)|social media (strategy|idea|post|content) for (pubs|bars))",raw/gsc-3m-q-cl_0013/Chart.csv
gsc-3m-q-cl_0013,2026-08-22,0,0,,,query-filter,date,named-subset,false,2026-06-07,2026-09-06,GB,web,query,"+(?i)((pub|bar)\b.{0,20}\b(social media|instagram|facebook|tiktok)|social media (strategy|idea|post|content) for (pubs|bars))",raw/gsc-3m-q-cl_0013/Chart.csv
gsc-3m-q-cl_0013,2026-08-23,0,0,,,query-filter,date,named-subset,false,2026-06-07,2026-09-06,GB,web,query,"+(?i)((pub|bar)\b.{0,20}\b(social media|instagram|facebook|tiktok)|social media (strategy|idea|post|content) for (pubs|bars))",raw/gsc-3m-q-cl_0013/Chart.csv
gsc-3m-q-cl_0013,2026-08-24,0,0,,,query-filter,date,named-subset,false,2026-06-07,2026-09-06,GB,web,query,"+(?i)((pub|bar)\b.{0,20}\b(social media|instagram|facebook|tiktok)|social media (strategy|idea|post|content) for (pubs|bars))",raw/gsc-3m-q-cl_0013/Chart.csv
gsc-3m-q-cl_0013,2026-08-25,0,0,,,query-filter,date,named-subset,false,2026-06-07,2026-09-06,GB,web,query,"+(?i)((pub|bar)\b.{0,20}\b(social media|instagram|facebook|tiktok)|social media (strategy|idea|post|content) for (pubs|bars))",raw/gsc-3m-q-cl_0013/Chart.csv
gsc-3m-q-cl_0013,2026-08-26,0,0,,,query-filter,date,named-subset,false,2026-06-07,2026-09-06,GB,web,query,"+(?i)((pub|bar)\b.{0,20}\b(social media|instagram|facebook|tiktok)|social media (strategy|idea|post|content) for (pubs|bars))",raw/gsc-3m-q-cl_0013/Chart.csv
gsc-3m-q-cl_0013,2026-08-27,0,1,0,9,query-filter,date,named-subset,false,2026-06-07,2026-09-06,GB,web,query,"+(?i)((pub|bar)\b.{0,20}\b(social media|instagram|facebook|tiktok)|social media (strategy|idea|post|content) for (pubs|bars))",raw/gsc-3m-q-cl_0013/Chart.csv
gsc-3m-q-cl_0013,2026-08-28,0,0,,,query-filter,date,named-subset,false,2026-06-07,2026-09-06,GB,web,query,"+(?i)((pub|bar)\b.{0,20}\b(social media|instagram|facebook|tiktok)|social media (strategy|idea|post|content) for (pubs|bars))",raw/gsc-3m-q-cl_0013/Chart.csv
gsc-3m-q-cl_0013,2026-08-29,0,0,,,query-filter,date,named-subset,false,2026-06-07,2026-09-06,GB,web,query,"+(?i)((pub|bar)\b.{0,20}\b(social media|instagram|facebook|tiktok)|social media (strategy|idea|post|content) for (pubs|bars))",raw/gsc-3m-q-cl_0013/Chart.csv
gsc-3m-q-cl_0013,2026-08-30,0,0,,,query-filter,date,named-subset,false,2026-06-07,2026-09-06,GB,web,query,"+(?i)((pub|bar)\b.{0,20}\b(social media|instagram|facebook|tiktok)|social media (strategy|idea|post|content) for (pubs|bars))",raw/gsc-3m-q-cl_0013/Chart.csv
gsc-3m-q-cl_0013,2026-08-31,0,0,,,query-filter,date,named-subset,false,2026-06-07,2026-09-06,GB,web,query,"+(?i)((pub|bar)\b.{0,20}\b(social media|instagram|facebook|tiktok)|social media (strategy|idea|post|content) for (pubs|bars))",raw/gsc-3m-q-cl_0013/Chart.csv
gsc-3m-q-cl_0013,2026-09-01,0,0,,,query-filter,date,named-subset,false,2026-06-07,2026-09-06,GB,web,query,"+(?i)((pub|bar)\b.{0,20}\b(social media|instagram|facebook|tiktok)|social media (strategy|idea|post|content) for (pubs|bars))",raw/gsc-3m-q-cl_0013/Chart.csv
gsc-3m-q-cl_0013,2026-09-02,0,4,0,5.5,query-filter,date,named-subset,false,2026-06-07,2026-09-06,GB,web,query,"+(?i)((pub|bar)\b.{0,20}\b(social media|instagram|facebook|tiktok)|social media (strategy|idea|post|content) for (pubs|bars))",raw/gsc-3m-q-cl_0013/Chart.csv
gsc-3m-q-cl_0013,2026-09-03,0,0,,,query-filter,date,named-subset,false,2026-06-07,2026-09-06,GB,web,query,"+(?i)((pub|bar)\b.{0,20}\b(social media|instagram|facebook|tiktok)|social media (strategy|idea|post|content) for (pubs|bars))",raw/gsc-3m-q-cl_0013/Chart.csv
gsc-3m-q-cl_0013,2026-09-04,0,2,0,6,query-filter,date,named-subset,false,2026-06-07,2026-09-06,GB,web,query,"+(?i)((pub|bar)\b.{0,20}\b(social media|instagram|facebook|tiktok)|social media (strategy|idea|post|content) for (pubs|bars))",raw/gsc-3m-q-cl_0013/Chart.csv
gsc-3m-q-cl_0013,2026-09-05,0,0,,,query-filter,date,named-subset,false,2026-06-07,2026-09-06,GB,web,query,"+(?i)((pub|bar)\b.{0,20}\b(social media|instagram|facebook|tiktok)|social media (strategy|idea|post|content) for (pubs|bars))",raw/gsc-3m-q-cl_0013/Chart.csv
gsc-3m-q-cl_0013,2026-09-06,0,1,0,6,query-filter,date,named-subset,false,2026-06-07,2026-09-06,GB,web,query,"+(?i)((pub|bar)\b.{0,20}\b(social media|instagram|facebook|tiktok)|social media (strategy|idea|post|content) for (pubs|bars))",raw/gsc-3m-q-cl_0013/Chart.csv
gsc-3m-q-cl_0014,2026-06-07,0,0,,,query-filter,date,named-subset,false,2026-06-07,2026-09-06,GB,web,query,+(?i)(cellar|beer (quality|line)|draught|keg|cask|line clean),raw/gsc-3m-q-cl_0014/Chart.csv
gsc-3m-q-cl_0014,2026-06-08,0,0,,,query-filter,date,named-subset,false,2026-06-07,2026-09-06,GB,web,query,+(?i)(cellar|beer (quality|line)|draught|keg|cask|line clean),raw/gsc-3m-q-cl_0014/Chart.csv
gsc-3m-q-cl_0014,2026-06-09,0,0,,,query-filter,date,named-subset,false,2026-06-07,2026-09-06,GB,web,query,+(?i)(cellar|beer (quality|line)|draught|keg|cask|line clean),raw/gsc-3m-q-cl_0014/Chart.csv
gsc-3m-q-cl_0014,2026-06-10,0,0,,,query-filter,date,named-subset,false,2026-06-07,2026-09-06,GB,web,query,+(?i)(cellar|beer (quality|line)|draught|keg|cask|line clean),raw/gsc-3m-q-cl_0014/Chart.csv
gsc-3m-q-cl_0014,2026-06-11,0,0,,,query-filter,date,named-subset,false,2026-06-07,2026-09-06,GB,web,query,+(?i)(cellar|beer (quality|line)|draught|keg|cask|line clean),raw/gsc-3m-q-cl_0014/Chart.csv
gsc-3m-q-cl_0014,2026-06-12,0,0,,,query-filter,date,named-subset,false,2026-06-07,2026-09-06,GB,web,query,+(?i)(cellar|beer (quality|line)|draught|keg|cask|line clean),raw/gsc-3m-q-cl_0014/Chart.csv
gsc-3m-q-cl_0014,2026-06-13,0,0,,,query-filter,date,named-subset,false,2026-06-07,2026-09-06,GB,web,query,+(?i)(cellar|beer (quality|line)|draught|keg|cask|line clean),raw/gsc-3m-q-cl_0014/Chart.csv
gsc-3m-q-cl_0014,2026-06-14,0,0,,,query-filter,date,named-subset,false,2026-06-07,2026-09-06,GB,web,query,+(?i)(cellar|beer (quality|line)|draught|keg|cask|line clean),raw/gsc-3m-q-cl_0014/Chart.csv
gsc-3m-q-cl_0014,2026-06-15,0,0,,,query-filter,date,named-subset,false,2026-06-07,2026-09-06,GB,web,query,+(?i)(cellar|beer (quality|line)|draught|keg|cask|line clean),raw/gsc-3m-q-cl_0014/Chart.csv
gsc-3m-q-cl_0014,2026-06-16,0,0,,,query-filter,date,named-subset,false,2026-06-07,2026-09-06,GB,web,query,+(?i)(cellar|beer (quality|line)|draught|keg|cask|line clean),raw/gsc-3m-q-cl_0014/Chart.csv
gsc-3m-q-cl_0014,2026-06-17,0,0,,,query-filter,date,named-subset,false,2026-06-07,2026-09-06,GB,web,query,+(?i)(cellar|beer (quality|line)|draught|keg|cask|line clean),raw/gsc-3m-q-cl_0014/Chart.csv
gsc-3m-q-cl_0014,2026-06-18,0,3,0,4,query-filter,date,named-subset,false,2026-06-07,2026-09-06,GB,web,query,+(?i)(cellar|beer (quality|line)|draught|keg|cask|line clean),raw/gsc-3m-q-cl_0014/Chart.csv
gsc-3m-q-cl_0014,2026-06-19,0,5,0,5.6,query-filter,date,named-subset,false,2026-06-07,2026-09-06,GB,web,query,+(?i)(cellar|beer (quality|line)|draught|keg|cask|line clean),raw/gsc-3m-q-cl_0014/Chart.csv
gsc-3m-q-cl_0014,2026-06-20,0,3,0,13.7,query-filter,date,named-subset,false,2026-06-07,2026-09-06,GB,web,query,+(?i)(cellar|beer (quality|line)|draught|keg|cask|line clean),raw/gsc-3m-q-cl_0014/Chart.csv
gsc-3m-q-cl_0014,2026-06-21,0,2,0,4,query-filter,date,named-subset,false,2026-06-07,2026-09-06,GB,web,query,+(?i)(cellar|beer (quality|line)|draught|keg|cask|line clean),raw/gsc-3m-q-cl_0014/Chart.csv
gsc-3m-q-cl_0014,2026-06-22,0,3,0,1,query-filter,date,named-subset,false,2026-06-07,2026-09-06,GB,web,query,+(?i)(cellar|beer (quality|line)|draught|keg|cask|line clean),raw/gsc-3m-q-cl_0014/Chart.csv
gsc-3m-q-cl_0014,2026-06-23,0,1,0,1,query-filter,date,named-subset,false,2026-06-07,2026-09-06,GB,web,query,+(?i)(cellar|beer (quality|line)|draught|keg|cask|line clean),raw/gsc-3m-q-cl_0014/Chart.csv
gsc-3m-q-cl_0014,2026-06-24,0,6,0,4.7,query-filter,date,named-subset,false,2026-06-07,2026-09-06,GB,web,query,+(?i)(cellar|beer (quality|line)|draught|keg|cask|line clean),raw/gsc-3m-q-cl_0014/Chart.csv
gsc-3m-q-cl_0014,2026-06-25,0,4,0,5,query-filter,date,named-subset,false,2026-06-07,2026-09-06,GB,web,query,+(?i)(cellar|beer (quality|line)|draught|keg|cask|line clean),raw/gsc-3m-q-cl_0014/Chart.csv
gsc-3m-q-cl_0014,2026-06-26,0,4,0,5.2,query-filter,date,named-subset,false,2026-06-07,2026-09-06,GB,web,query,+(?i)(cellar|beer (quality|line)|draught|keg|cask|line clean),raw/gsc-3m-q-cl_0014/Chart.csv
gsc-3m-q-cl_0014,2026-06-27,0,0,,,query-filter,date,named-subset,false,2026-06-07,2026-09-06,GB,web,query,+(?i)(cellar|beer (quality|line)|draught|keg|cask|line clean),raw/gsc-3m-q-cl_0014/Chart.csv
gsc-3m-q-cl_0014,2026-06-28,0,1,0,5,query-filter,date,named-subset,false,2026-06-07,2026-09-06,GB,web,query,+(?i)(cellar|beer (quality|line)|draught|keg|cask|line clean),raw/gsc-3m-q-cl_0014/Chart.csv
gsc-3m-q-cl_0014,2026-06-29,0,6,0,6.2,query-filter,date,named-subset,false,2026-06-07,2026-09-06,GB,web,query,+(?i)(cellar|beer (quality|line)|draught|keg|cask|line clean),raw/gsc-3m-q-cl_0014/Chart.csv
gsc-3m-q-cl_0014,2026-06-30,0,7,0,4.7,query-filter,date,named-subset,false,2026-06-07,2026-09-06,GB,web,query,+(?i)(cellar|beer (quality|line)|draught|keg|cask|line clean),raw/gsc-3m-q-cl_0014/Chart.csv
gsc-3m-q-cl_0014,2026-07-01,0,5,0,3.6,query-filter,date,named-subset,false,2026-06-07,2026-09-06,GB,web,query,+(?i)(cellar|beer (quality|line)|draught|keg|cask|line clean),raw/gsc-3m-q-cl_0014/Chart.csv
gsc-3m-q-cl_0014,2026-07-02,0,9,0,6.2,query-filter,date,named-subset,false,2026-06-07,2026-09-06,GB,web,query,+(?i)(cellar|beer (quality|line)|draught|keg|cask|line clean),raw/gsc-3m-q-cl_0014/Chart.csv
gsc-3m-q-cl_0014,2026-07-03,0,2,0,6.5,query-filter,date,named-subset,false,2026-06-07,2026-09-06,GB,web,query,+(?i)(cellar|beer (quality|line)|draught|keg|cask|line clean),raw/gsc-3m-q-cl_0014/Chart.csv
gsc-3m-q-cl_0014,2026-07-04,0,0,,,query-filter,date,named-subset,false,2026-06-07,2026-09-06,GB,web,query,+(?i)(cellar|beer (quality|line)|draught|keg|cask|line clean),raw/gsc-3m-q-cl_0014/Chart.csv
gsc-3m-q-cl_0014,2026-07-05,0,2,0,7,query-filter,date,named-subset,false,2026-06-07,2026-09-06,GB,web,query,+(?i)(cellar|beer (quality|line)|draught|keg|cask|line clean),raw/gsc-3m-q-cl_0014/Chart.csv
gsc-3m-q-cl_0014,2026-07-06,0,14,0,9.1,query-filter,date,named-subset,false,2026-06-07,2026-09-06,GB,web,query,+(?i)(cellar|beer (quality|line)|draught|keg|cask|line clean),raw/gsc-3m-q-cl_0014/Chart.csv
gsc-3m-q-cl_0014,2026-07-07,0,9,0,10.8,query-filter,date,named-subset,false,2026-06-07,2026-09-06,GB,web,query,+(?i)(cellar|beer (quality|line)|draught|keg|cask|line clean),raw/gsc-3m-q-cl_0014/Chart.csv
gsc-3m-q-cl_0014,2026-07-08,0,9,0,10,query-filter,date,named-subset,false,2026-06-07,2026-09-06,GB,web,query,+(?i)(cellar|beer (quality|line)|draught|keg|cask|line clean),raw/gsc-3m-q-cl_0014/Chart.csv
gsc-3m-q-cl_0014,2026-07-09,0,9,0,12.1,query-filter,date,named-subset,false,2026-06-07,2026-09-06,GB,web,query,+(?i)(cellar|beer (quality|line)|draught|keg|cask|line clean),raw/gsc-3m-q-cl_0014/Chart.csv
gsc-3m-q-cl_0014,2026-07-10,0,6,0,14,query-filter,date,named-subset,false,2026-06-07,2026-09-06,GB,web,query,+(?i)(cellar|beer (quality|line)|draught|keg|cask|line clean),raw/gsc-3m-q-cl_0014/Chart.csv
gsc-3m-q-cl_0014,2026-07-11,0,3,0,15,query-filter,date,named-subset,false,2026-06-07,2026-09-06,GB,web,query,+(?i)(cellar|beer (quality|line)|draught|keg|cask|line clean),raw/gsc-3m-q-cl_0014/Chart.csv
gsc-3m-q-cl_0014,2026-07-12,0,5,0,32,query-filter,date,named-subset,false,2026-06-07,2026-09-06,GB,web,query,+(?i)(cellar|beer (quality|line)|draught|keg|cask|line clean),raw/gsc-3m-q-cl_0014/Chart.csv
gsc-3m-q-cl_0014,2026-07-13,0,10,0,8.6,query-filter,date,named-subset,false,2026-06-07,2026-09-06,GB,web,query,+(?i)(cellar|beer (quality|line)|draught|keg|cask|line clean),raw/gsc-3m-q-cl_0014/Chart.csv
gsc-3m-q-cl_0014,2026-07-14,0,10,0,6.1,query-filter,date,named-subset,false,2026-06-07,2026-09-06,GB,web,query,+(?i)(cellar|beer (quality|line)|draught|keg|cask|line clean),raw/gsc-3m-q-cl_0014/Chart.csv
gsc-3m-q-cl_0014,2026-07-15,0,9,0,8.3,query-filter,date,named-subset,false,2026-06-07,2026-09-06,GB,web,query,+(?i)(cellar|beer (quality|line)|draught|keg|cask|line clean),raw/gsc-3m-q-cl_0014/Chart.csv
gsc-3m-q-cl_0014,2026-07-16,0,16,0,8.2,query-filter,date,named-subset,false,2026-06-07,2026-09-06,GB,web,query,+(?i)(cellar|beer (quality|line)|draught|keg|cask|line clean),raw/gsc-3m-q-cl_0014/Chart.csv
gsc-3m-q-cl_0014,2026-07-17,0,9,0,10.1,query-filter,date,named-subset,false,2026-06-07,2026-09-06,GB,web,query,+(?i)(cellar|beer (quality|line)|draught|keg|cask|line clean),raw/gsc-3m-q-cl_0014/Chart.csv
gsc-3m-q-cl_0014,2026-07-18,0,5,0,12,query-filter,date,named-subset,false,2026-06-07,2026-09-06,GB,web,query,+(?i)(cellar|beer (quality|line)|draught|keg|cask|line clean),raw/gsc-3m-q-cl_0014/Chart.csv
gsc-3m-q-cl_0014,2026-07-19,0,4,0,23.2,query-filter,date,named-subset,false,2026-06-07,2026-09-06,GB,web,query,+(?i)(cellar|beer (quality|line)|draught|keg|cask|line clean),raw/gsc-3m-q-cl_0014/Chart.csv
gsc-3m-q-cl_0014,2026-07-20,0,12,0,12.4,query-filter,date,named-subset,false,2026-06-07,2026-09-06,GB,web,query,+(?i)(cellar|beer (quality|line)|draught|keg|cask|line clean),raw/gsc-3m-q-cl_0014/Chart.csv
gsc-3m-q-cl_0014,2026-07-21,0,19,0,10,query-filter,date,named-subset,false,2026-06-07,2026-09-06,GB,web,query,+(?i)(cellar|beer (quality|line)|draught|keg|cask|line clean),raw/gsc-3m-q-cl_0014/Chart.csv
gsc-3m-q-cl_0014,2026-07-22,0,13,0,8.9,query-filter,date,named-subset,false,2026-06-07,2026-09-06,GB,web,query,+(?i)(cellar|beer (quality|line)|draught|keg|cask|line clean),raw/gsc-3m-q-cl_0014/Chart.csv
gsc-3m-q-cl_0014,2026-07-23,0,17,0,11,query-filter,date,named-subset,false,2026-06-07,2026-09-06,GB,web,query,+(?i)(cellar|beer (quality|line)|draught|keg|cask|line clean),raw/gsc-3m-q-cl_0014/Chart.csv
gsc-3m-q-cl_0014,2026-07-24,0,13,0,9,query-filter,date,named-subset,false,2026-06-07,2026-09-06,GB,web,query,+(?i)(cellar|beer (quality|line)|draught|keg|cask|line clean),raw/gsc-3m-q-cl_0014/Chart.csv
gsc-3m-q-cl_0014,2026-07-25,0,6,0,11.2,query-filter,date,named-subset,false,2026-06-07,2026-09-06,GB,web,query,+(?i)(cellar|beer (quality|line)|draught|keg|cask|line clean),raw/gsc-3m-q-cl_0014/Chart.csv
gsc-3m-q-cl_0014,2026-07-26,0,3,0,13.7,query-filter,date,named-subset,false,2026-06-07,2026-09-06,GB,web,query,+(?i)(cellar|beer (quality|line)|draught|keg|cask|line clean),raw/gsc-3m-q-cl_0014/Chart.csv
gsc-3m-q-cl_0014,2026-07-27,0,13,0,12.6,query-filter,date,named-subset,false,2026-06-07,2026-09-06,GB,web,query,+(?i)(cellar|beer (quality|line)|draught|keg|cask|line clean),raw/gsc-3m-q-cl_0014/Chart.csv
gsc-3m-q-cl_0014,2026-07-28,0,14,0,6,query-filter,date,named-subset,false,2026-06-07,2026-09-06,GB,web,query,+(?i)(cellar|beer (quality|line)|draught|keg|cask|line clean),raw/gsc-3m-q-cl_0014/Chart.csv
gsc-3m-q-cl_0014,2026-07-29,0,14,0,8.9,query-filter,date,named-subset,false,2026-06-07,2026-09-06,GB,web,query,+(?i)(cellar|beer (quality|line)|draught|keg|cask|line clean),raw/gsc-3m-q-cl_0014/Chart.csv
gsc-3m-q-cl_0014,2026-07-30,0,7,0,13,query-filter,date,named-subset,false,2026-06-07,2026-09-06,GB,web,query,+(?i)(cellar|beer (quality|line)|draught|keg|cask|line clean),raw/gsc-3m-q-cl_0014/Chart.csv
gsc-3m-q-cl_0014,2026-07-31,0,4,0,18.5,query-filter,date,named-subset,false,2026-06-07,2026-09-06,GB,web,query,+(?i)(cellar|beer (quality|line)|draught|keg|cask|line clean),raw/gsc-3m-q-cl_0014/Chart.csv
gsc-3m-q-cl_0014,2026-08-01,0,10,0,14.1,query-filter,date,named-subset,false,2026-06-07,2026-09-06,GB,web,query,+(?i)(cellar|beer (quality|line)|draught|keg|cask|line clean),raw/gsc-3m-q-cl_0014/Chart.csv
gsc-3m-q-cl_0014,2026-08-02,0,5,0,18.8,query-filter,date,named-subset,false,2026-06-07,2026-09-06,GB,web,query,+(?i)(cellar|beer (quality|line)|draught|keg|cask|line clean),raw/gsc-3m-q-cl_0014/Chart.csv
gsc-3m-q-cl_0014,2026-08-03,0,9,0,11.4,query-filter,date,named-subset,false,2026-06-07,2026-09-06,GB,web,query,+(?i)(cellar|beer (quality|line)|draught|keg|cask|line clean),raw/gsc-3m-q-cl_0014/Chart.csv
gsc-3m-q-cl_0014,2026-08-04,0,13,0,7.7,query-filter,date,named-subset,false,2026-06-07,2026-09-06,GB,web,query,+(?i)(cellar|beer (quality|line)|draught|keg|cask|line clean),raw/gsc-3m-q-cl_0014/Chart.csv
gsc-3m-q-cl_0014,2026-08-05,0,20,0,10.2,query-filter,date,named-subset,false,2026-06-07,2026-09-06,GB,web,query,+(?i)(cellar|beer (quality|line)|draught|keg|cask|line clean),raw/gsc-3m-q-cl_0014/Chart.csv
gsc-3m-q-cl_0014,2026-08-06,0,18,0,8.3,query-filter,date,named-subset,false,2026-06-07,2026-09-06,GB,web,query,+(?i)(cellar|beer (quality|line)|draught|keg|cask|line clean),raw/gsc-3m-q-cl_0014/Chart.csv
gsc-3m-q-cl_0014,2026-08-07,0,19,0,8.9,query-filter,date,named-subset,false,2026-06-07,2026-09-06,GB,web,query,+(?i)(cellar|beer (quality|line)|draught|keg|cask|line clean),raw/gsc-3m-q-cl_0014/Chart.csv
gsc-3m-q-cl_0014,2026-08-08,0,5,0,15.6,query-filter,date,named-subset,false,2026-06-07,2026-09-06,GB,web,query,+(?i)(cellar|beer (quality|line)|draught|keg|cask|line clean),raw/gsc-3m-q-cl_0014/Chart.csv
gsc-3m-q-cl_0014,2026-08-09,0,10,0,14,query-filter,date,named-subset,false,2026-06-07,2026-09-06,GB,web,query,+(?i)(cellar|beer (quality|line)|draught|keg|cask|line clean),raw/gsc-3m-q-cl_0014/Chart.csv
gsc-3m-q-cl_0014,2026-08-10,0,10,0,14.9,query-filter,date,named-subset,false,2026-06-07,2026-09-06,GB,web,query,+(?i)(cellar|beer (quality|line)|draught|keg|cask|line clean),raw/gsc-3m-q-cl_0014/Chart.csv
gsc-3m-q-cl_0014,2026-08-11,0,10,0,16.3,query-filter,date,named-subset,false,2026-06-07,2026-09-06,GB,web,query,+(?i)(cellar|beer (quality|line)|draught|keg|cask|line clean),raw/gsc-3m-q-cl_0014/Chart.csv
gsc-3m-q-cl_0014,2026-08-12,0,10,0,19.7,query-filter,date,named-subset,false,2026-06-07,2026-09-06,GB,web,query,+(?i)(cellar|beer (quality|line)|draught|keg|cask|line clean),raw/gsc-3m-q-cl_0014/Chart.csv
gsc-3m-q-cl_0014,2026-08-13,0,7,0,17,query-filter,date,named-subset,false,2026-06-07,2026-09-06,GB,web,query,+(?i)(cellar|beer (quality|line)|draught|keg|cask|line clean),raw/gsc-3m-q-cl_0014/Chart.csv
gsc-3m-q-cl_0014,2026-08-14,0,12,0,13,query-filter,date,named-subset,false,2026-06-07,2026-09-06,GB,web,query,+(?i)(cellar|beer (quality|line)|draught|keg|cask|line clean),raw/gsc-3m-q-cl_0014/Chart.csv
gsc-3m-q-cl_0014,2026-08-15,0,6,0,18.5,query-filter,date,named-subset,false,2026-06-07,2026-09-06,GB,web,query,+(?i)(cellar|beer (quality|line)|draught|keg|cask|line clean),raw/gsc-3m-q-cl_0014/Chart.csv
gsc-3m-q-cl_0014,2026-08-16,0,16,0,16.8,query-filter,date,named-subset,false,2026-06-07,2026-09-06,GB,web,query,+(?i)(cellar|beer (quality|line)|draught|keg|cask|line clean),raw/gsc-3m-q-cl_0014/Chart.csv
gsc-3m-q-cl_0014,2026-08-17,0,37,0,11.2,query-filter,date,named-subset,false,2026-06-07,2026-09-06,GB,web,query,+(?i)(cellar|beer (quality|line)|draught|keg|cask|line clean),raw/gsc-3m-q-cl_0014/Chart.csv
gsc-3m-q-cl_0014,2026-08-18,0,23,0,10.7,query-filter,date,named-subset,false,2026-06-07,2026-09-06,GB,web,query,+(?i)(cellar|beer (quality|line)|draught|keg|cask|line clean),raw/gsc-3m-q-cl_0014/Chart.csv
gsc-3m-q-cl_0014,2026-08-19,0,20,0,11.4,query-filter,date,named-subset,false,2026-06-07,2026-09-06,GB,web,query,+(?i)(cellar|beer (quality|line)|draught|keg|cask|line clean),raw/gsc-3m-q-cl_0014/Chart.csv
gsc-3m-q-cl_0014,2026-08-20,0,14,0,11.9,query-filter,date,named-subset,false,2026-06-07,2026-09-06,GB,web,query,+(?i)(cellar|beer (quality|line)|draught|keg|cask|line clean),raw/gsc-3m-q-cl_0014/Chart.csv
gsc-3m-q-cl_0014,2026-08-21,0,21,0,10,query-filter,date,named-subset,false,2026-06-07,2026-09-06,GB,web,query,+(?i)(cellar|beer (quality|line)|draught|keg|cask|line clean),raw/gsc-3m-q-cl_0014/Chart.csv
gsc-3m-q-cl_0014,2026-08-22,0,10,0,10.8,query-filter,date,named-subset,false,2026-06-07,2026-09-06,GB,web,query,+(?i)(cellar|beer (quality|line)|draught|keg|cask|line clean),raw/gsc-3m-q-cl_0014/Chart.csv
gsc-3m-q-cl_0014,2026-08-23,0,21,0,13.2,query-filter,date,named-subset,false,2026-06-07,2026-09-06,GB,web,query,+(?i)(cellar|beer (quality|line)|draught|keg|cask|line clean),raw/gsc-3m-q-cl_0014/Chart.csv
gsc-3m-q-cl_0014,2026-08-24,1,27,0.037,7.9,query-filter,date,named-subset,false,2026-06-07,2026-09-06,GB,web,query,+(?i)(cellar|beer (quality|line)|draught|keg|cask|line clean),raw/gsc-3m-q-cl_0014/Chart.csv
gsc-3m-q-cl_0014,2026-08-25,0,23,0,8.2,query-filter,date,named-subset,false,2026-06-07,2026-09-06,GB,web,query,+(?i)(cellar|beer (quality|line)|draught|keg|cask|line clean),raw/gsc-3m-q-cl_0014/Chart.csv
gsc-3m-q-cl_0014,2026-08-26,0,29,0,7.9,query-filter,date,named-subset,false,2026-06-07,2026-09-06,GB,web,query,+(?i)(cellar|beer (quality|line)|draught|keg|cask|line clean),raw/gsc-3m-q-cl_0014/Chart.csv
gsc-3m-q-cl_0014,2026-08-27,1,26,0.0385,8.1,query-filter,date,named-subset,false,2026-06-07,2026-09-06,GB,web,query,+(?i)(cellar|beer (quality|line)|draught|keg|cask|line clean),raw/gsc-3m-q-cl_0014/Chart.csv
gsc-3m-q-cl_0014,2026-08-28,0,22,0,8.9,query-filter,date,named-subset,false,2026-06-07,2026-09-06,GB,web,query,+(?i)(cellar|beer (quality|line)|draught|keg|cask|line clean),raw/gsc-3m-q-cl_0014/Chart.csv
gsc-3m-q-cl_0014,2026-08-29,0,12,0,12,query-filter,date,named-subset,false,2026-06-07,2026-09-06,GB,web,query,+(?i)(cellar|beer (quality|line)|draught|keg|cask|line clean),raw/gsc-3m-q-cl_0014/Chart.csv
gsc-3m-q-cl_0014,2026-08-30,0,16,0,8.9,query-filter,date,named-subset,false,2026-06-07,2026-09-06,GB,web,query,+(?i)(cellar|beer (quality|line)|draught|keg|cask|line clean),raw/gsc-3m-q-cl_0014/Chart.csv
gsc-3m-q-cl_0014,2026-08-31,0,18,0,9.3,query-filter,date,named-subset,false,2026-06-07,2026-09-06,GB,web,query,+(?i)(cellar|beer (quality|line)|draught|keg|cask|line clean),raw/gsc-3m-q-cl_0014/Chart.csv
gsc-3m-q-cl_0014,2026-09-01,0,41,0,8.3,query-filter,date,named-subset,false,2026-06-07,2026-09-06,GB,web,query,+(?i)(cellar|beer (quality|line)|draught|keg|cask|line clean),raw/gsc-3m-q-cl_0014/Chart.csv
gsc-3m-q-cl_0014,2026-09-02,0,46,0,7.8,query-filter,date,named-subset,false,2026-06-07,2026-09-06,GB,web,query,+(?i)(cellar|beer (quality|line)|draught|keg|cask|line clean),raw/gsc-3m-q-cl_0014/Chart.csv
gsc-3m-q-cl_0014,2026-09-03,1,53,0.0189,7.1,query-filter,date,named-subset,false,2026-06-07,2026-09-06,GB,web,query,+(?i)(cellar|beer (quality|line)|draught|keg|cask|line clean),raw/gsc-3m-q-cl_0014/Chart.csv
gsc-3m-q-cl_0014,2026-09-04,0,50,0,6.2,query-filter,date,named-subset,false,2026-06-07,2026-09-06,GB,web,query,+(?i)(cellar|beer (quality|line)|draught|keg|cask|line clean),raw/gsc-3m-q-cl_0014/Chart.csv
gsc-3m-q-cl_0014,2026-09-05,0,16,0,6.9,query-filter,date,named-subset,false,2026-06-07,2026-09-06,GB,web,query,+(?i)(cellar|beer (quality|line)|draught|keg|cask|line clean),raw/gsc-3m-q-cl_0014/Chart.csv
gsc-3m-q-cl_0014,2026-09-06,0,19,0,9.7,query-filter,date,named-subset,false,2026-06-07,2026-09-06,GB,web,query,+(?i)(cellar|beer (quality|line)|draught|keg|cask|line clean),raw/gsc-3m-q-cl_0014/Chart.csv
gsc-3m-q-cl_0015,2026-06-07,0,0,,,query-filter,date,named-subset,false,2026-06-07,2026-09-06,GB,web,query,"+(?i)(national\b.{0,20}\bday|drinks day|awareness day|promotion calendar)",raw/gsc-3m-q-cl_0015/Chart.csv
gsc-3m-q-cl_0015,2026-06-08,0,0,,,query-filter,date,named-subset,false,2026-06-07,2026-09-06,GB,web,query,"+(?i)(national\b.{0,20}\bday|drinks day|awareness day|promotion calendar)",raw/gsc-3m-q-cl_0015/Chart.csv
gsc-3m-q-cl_0015,2026-06-09,0,0,,,query-filter,date,named-subset,false,2026-06-07,2026-09-06,GB,web,query,"+(?i)(national\b.{0,20}\bday|drinks day|awareness day|promotion calendar)",raw/gsc-3m-q-cl_0015/Chart.csv
gsc-3m-q-cl_0015,2026-06-10,0,0,,,query-filter,date,named-subset,false,2026-06-07,2026-09-06,GB,web,query,"+(?i)(national\b.{0,20}\bday|drinks day|awareness day|promotion calendar)",raw/gsc-3m-q-cl_0015/Chart.csv
gsc-3m-q-cl_0015,2026-06-11,0,0,,,query-filter,date,named-subset,false,2026-06-07,2026-09-06,GB,web,query,"+(?i)(national\b.{0,20}\bday|drinks day|awareness day|promotion calendar)",raw/gsc-3m-q-cl_0015/Chart.csv
gsc-3m-q-cl_0015,2026-06-12,0,0,,,query-filter,date,named-subset,false,2026-06-07,2026-09-06,GB,web,query,"+(?i)(national\b.{0,20}\bday|drinks day|awareness day|promotion calendar)",raw/gsc-3m-q-cl_0015/Chart.csv
gsc-3m-q-cl_0015,2026-06-13,0,0,,,query-filter,date,named-subset,false,2026-06-07,2026-09-06,GB,web,query,"+(?i)(national\b.{0,20}\bday|drinks day|awareness day|promotion calendar)",raw/gsc-3m-q-cl_0015/Chart.csv
gsc-3m-q-cl_0015,2026-06-14,0,0,,,query-filter,date,named-subset,false,2026-06-07,2026-09-06,GB,web,query,"+(?i)(national\b.{0,20}\bday|drinks day|awareness day|promotion calendar)",raw/gsc-3m-q-cl_0015/Chart.csv
gsc-3m-q-cl_0015,2026-06-15,0,0,,,query-filter,date,named-subset,false,2026-06-07,2026-09-06,GB,web,query,"+(?i)(national\b.{0,20}\bday|drinks day|awareness day|promotion calendar)",raw/gsc-3m-q-cl_0015/Chart.csv
gsc-3m-q-cl_0015,2026-06-16,0,0,,,query-filter,date,named-subset,false,2026-06-07,2026-09-06,GB,web,query,"+(?i)(national\b.{0,20}\bday|drinks day|awareness day|promotion calendar)",raw/gsc-3m-q-cl_0015/Chart.csv
gsc-3m-q-cl_0015,2026-06-17,0,2,0,10.5,query-filter,date,named-subset,false,2026-06-07,2026-09-06,GB,web,query,"+(?i)(national\b.{0,20}\bday|drinks day|awareness day|promotion calendar)",raw/gsc-3m-q-cl_0015/Chart.csv
gsc-3m-q-cl_0015,2026-06-18,0,6,0,19.7,query-filter,date,named-subset,false,2026-06-07,2026-09-06,GB,web,query,"+(?i)(national\b.{0,20}\bday|drinks day|awareness day|promotion calendar)",raw/gsc-3m-q-cl_0015/Chart.csv
gsc-3m-q-cl_0015,2026-06-19,0,15,0,11.1,query-filter,date,named-subset,false,2026-06-07,2026-09-06,GB,web,query,"+(?i)(national\b.{0,20}\bday|drinks day|awareness day|promotion calendar)",raw/gsc-3m-q-cl_0015/Chart.csv
gsc-3m-q-cl_0015,2026-06-20,0,4,0,15.8,query-filter,date,named-subset,false,2026-06-07,2026-09-06,GB,web,query,"+(?i)(national\b.{0,20}\bday|drinks day|awareness day|promotion calendar)",raw/gsc-3m-q-cl_0015/Chart.csv
gsc-3m-q-cl_0015,2026-06-21,0,3,0,14.3,query-filter,date,named-subset,false,2026-06-07,2026-09-06,GB,web,query,"+(?i)(national\b.{0,20}\bday|drinks day|awareness day|promotion calendar)",raw/gsc-3m-q-cl_0015/Chart.csv
gsc-3m-q-cl_0015,2026-06-22,0,3,0,19.7,query-filter,date,named-subset,false,2026-06-07,2026-09-06,GB,web,query,"+(?i)(national\b.{0,20}\bday|drinks day|awareness day|promotion calendar)",raw/gsc-3m-q-cl_0015/Chart.csv
gsc-3m-q-cl_0015,2026-06-23,0,0,,,query-filter,date,named-subset,false,2026-06-07,2026-09-06,GB,web,query,"+(?i)(national\b.{0,20}\bday|drinks day|awareness day|promotion calendar)",raw/gsc-3m-q-cl_0015/Chart.csv
gsc-3m-q-cl_0015,2026-06-24,0,10,0,13.8,query-filter,date,named-subset,false,2026-06-07,2026-09-06,GB,web,query,"+(?i)(national\b.{0,20}\bday|drinks day|awareness day|promotion calendar)",raw/gsc-3m-q-cl_0015/Chart.csv
gsc-3m-q-cl_0015,2026-06-25,0,4,0,16.2,query-filter,date,named-subset,false,2026-06-07,2026-09-06,GB,web,query,"+(?i)(national\b.{0,20}\bday|drinks day|awareness day|promotion calendar)",raw/gsc-3m-q-cl_0015/Chart.csv
gsc-3m-q-cl_0015,2026-06-26,0,6,0,10.7,query-filter,date,named-subset,false,2026-06-07,2026-09-06,GB,web,query,"+(?i)(national\b.{0,20}\bday|drinks day|awareness day|promotion calendar)",raw/gsc-3m-q-cl_0015/Chart.csv
gsc-3m-q-cl_0015,2026-06-27,0,4,0,10.5,query-filter,date,named-subset,false,2026-06-07,2026-09-06,GB,web,query,"+(?i)(national\b.{0,20}\bday|drinks day|awareness day|promotion calendar)",raw/gsc-3m-q-cl_0015/Chart.csv
gsc-3m-q-cl_0015,2026-06-28,0,3,0,9.7,query-filter,date,named-subset,false,2026-06-07,2026-09-06,GB,web,query,"+(?i)(national\b.{0,20}\bday|drinks day|awareness day|promotion calendar)",raw/gsc-3m-q-cl_0015/Chart.csv
gsc-3m-q-cl_0015,2026-06-29,0,4,0,12.8,query-filter,date,named-subset,false,2026-06-07,2026-09-06,GB,web,query,"+(?i)(national\b.{0,20}\bday|drinks day|awareness day|promotion calendar)",raw/gsc-3m-q-cl_0015/Chart.csv
gsc-3m-q-cl_0015,2026-06-30,0,4,0,10,query-filter,date,named-subset,false,2026-06-07,2026-09-06,GB,web,query,"+(?i)(national\b.{0,20}\bday|drinks day|awareness day|promotion calendar)",raw/gsc-3m-q-cl_0015/Chart.csv
gsc-3m-q-cl_0015,2026-07-01,0,9,0,9.4,query-filter,date,named-subset,false,2026-06-07,2026-09-06,GB,web,query,"+(?i)(national\b.{0,20}\bday|drinks day|awareness day|promotion calendar)",raw/gsc-3m-q-cl_0015/Chart.csv
gsc-3m-q-cl_0015,2026-07-02,0,8,0,17.6,query-filter,date,named-subset,false,2026-06-07,2026-09-06,GB,web,query,"+(?i)(national\b.{0,20}\bday|drinks day|awareness day|promotion calendar)",raw/gsc-3m-q-cl_0015/Chart.csv
gsc-3m-q-cl_0015,2026-07-03,0,5,0,9.4,query-filter,date,named-subset,false,2026-06-07,2026-09-06,GB,web,query,"+(?i)(national\b.{0,20}\bday|drinks day|awareness day|promotion calendar)",raw/gsc-3m-q-cl_0015/Chart.csv
gsc-3m-q-cl_0015,2026-07-04,0,6,0,11.3,query-filter,date,named-subset,false,2026-06-07,2026-09-06,GB,web,query,"+(?i)(national\b.{0,20}\bday|drinks day|awareness day|promotion calendar)",raw/gsc-3m-q-cl_0015/Chart.csv
gsc-3m-q-cl_0015,2026-07-05,0,1,0,24,query-filter,date,named-subset,false,2026-06-07,2026-09-06,GB,web,query,"+(?i)(national\b.{0,20}\bday|drinks day|awareness day|promotion calendar)",raw/gsc-3m-q-cl_0015/Chart.csv
gsc-3m-q-cl_0015,2026-07-06,0,2,0,9,query-filter,date,named-subset,false,2026-06-07,2026-09-06,GB,web,query,"+(?i)(national\b.{0,20}\bday|drinks day|awareness day|promotion calendar)",raw/gsc-3m-q-cl_0015/Chart.csv
gsc-3m-q-cl_0015,2026-07-07,0,4,0,17,query-filter,date,named-subset,false,2026-06-07,2026-09-06,GB,web,query,"+(?i)(national\b.{0,20}\bday|drinks day|awareness day|promotion calendar)",raw/gsc-3m-q-cl_0015/Chart.csv
gsc-3m-q-cl_0015,2026-07-08,0,5,0,11,query-filter,date,named-subset,false,2026-06-07,2026-09-06,GB,web,query,"+(?i)(national\b.{0,20}\bday|drinks day|awareness day|promotion calendar)",raw/gsc-3m-q-cl_0015/Chart.csv
gsc-3m-q-cl_0015,2026-07-09,0,4,0,8.5,query-filter,date,named-subset,false,2026-06-07,2026-09-06,GB,web,query,"+(?i)(national\b.{0,20}\bday|drinks day|awareness day|promotion calendar)",raw/gsc-3m-q-cl_0015/Chart.csv
gsc-3m-q-cl_0015,2026-07-10,0,3,0,11.3,query-filter,date,named-subset,false,2026-06-07,2026-09-06,GB,web,query,"+(?i)(national\b.{0,20}\bday|drinks day|awareness day|promotion calendar)",raw/gsc-3m-q-cl_0015/Chart.csv
gsc-3m-q-cl_0015,2026-07-11,0,2,0,16,query-filter,date,named-subset,false,2026-06-07,2026-09-06,GB,web,query,"+(?i)(national\b.{0,20}\bday|drinks day|awareness day|promotion calendar)",raw/gsc-3m-q-cl_0015/Chart.csv
gsc-3m-q-cl_0015,2026-07-12,0,6,0,12,query-filter,date,named-subset,false,2026-06-07,2026-09-06,GB,web,query,"+(?i)(national\b.{0,20}\bday|drinks day|awareness day|promotion calendar)",raw/gsc-3m-q-cl_0015/Chart.csv
gsc-3m-q-cl_0015,2026-07-13,0,2,0,7.5,query-filter,date,named-subset,false,2026-06-07,2026-09-06,GB,web,query,"+(?i)(national\b.{0,20}\bday|drinks day|awareness day|promotion calendar)",raw/gsc-3m-q-cl_0015/Chart.csv
gsc-3m-q-cl_0015,2026-07-14,0,7,0,8.9,query-filter,date,named-subset,false,2026-06-07,2026-09-06,GB,web,query,"+(?i)(national\b.{0,20}\bday|drinks day|awareness day|promotion calendar)",raw/gsc-3m-q-cl_0015/Chart.csv
gsc-3m-q-cl_0015,2026-07-15,0,0,,,query-filter,date,named-subset,false,2026-06-07,2026-09-06,GB,web,query,"+(?i)(national\b.{0,20}\bday|drinks day|awareness day|promotion calendar)",raw/gsc-3m-q-cl_0015/Chart.csv
gsc-3m-q-cl_0015,2026-07-16,0,2,0,17,query-filter,date,named-subset,false,2026-06-07,2026-09-06,GB,web,query,"+(?i)(national\b.{0,20}\bday|drinks day|awareness day|promotion calendar)",raw/gsc-3m-q-cl_0015/Chart.csv
gsc-3m-q-cl_0015,2026-07-17,0,1,0,10,query-filter,date,named-subset,false,2026-06-07,2026-09-06,GB,web,query,"+(?i)(national\b.{0,20}\bday|drinks day|awareness day|promotion calendar)",raw/gsc-3m-q-cl_0015/Chart.csv
gsc-3m-q-cl_0015,2026-07-18,0,2,0,10,query-filter,date,named-subset,false,2026-06-07,2026-09-06,GB,web,query,"+(?i)(national\b.{0,20}\bday|drinks day|awareness day|promotion calendar)",raw/gsc-3m-q-cl_0015/Chart.csv
gsc-3m-q-cl_0015,2026-07-19,0,1,0,25,query-filter,date,named-subset,false,2026-06-07,2026-09-06,GB,web,query,"+(?i)(national\b.{0,20}\bday|drinks day|awareness day|promotion calendar)",raw/gsc-3m-q-cl_0015/Chart.csv
gsc-3m-q-cl_0015,2026-07-20,0,7,0,14,query-filter,date,named-subset,false,2026-06-07,2026-09-06,GB,web,query,"+(?i)(national\b.{0,20}\bday|drinks day|awareness day|promotion calendar)",raw/gsc-3m-q-cl_0015/Chart.csv
gsc-3m-q-cl_0015,2026-07-21,0,5,0,19.2,query-filter,date,named-subset,false,2026-06-07,2026-09-06,GB,web,query,"+(?i)(national\b.{0,20}\bday|drinks day|awareness day|promotion calendar)",raw/gsc-3m-q-cl_0015/Chart.csv
gsc-3m-q-cl_0015,2026-07-22,0,8,0,13,query-filter,date,named-subset,false,2026-06-07,2026-09-06,GB,web,query,"+(?i)(national\b.{0,20}\bday|drinks day|awareness day|promotion calendar)",raw/gsc-3m-q-cl_0015/Chart.csv
gsc-3m-q-cl_0015,2026-07-23,0,14,0,10.9,query-filter,date,named-subset,false,2026-06-07,2026-09-06,GB,web,query,"+(?i)(national\b.{0,20}\bday|drinks day|awareness day|promotion calendar)",raw/gsc-3m-q-cl_0015/Chart.csv
gsc-3m-q-cl_0015,2026-07-24,0,17,0,13.6,query-filter,date,named-subset,false,2026-06-07,2026-09-06,GB,web,query,"+(?i)(national\b.{0,20}\bday|drinks day|awareness day|promotion calendar)",raw/gsc-3m-q-cl_0015/Chart.csv
gsc-3m-q-cl_0015,2026-07-25,0,7,0,9.3,query-filter,date,named-subset,false,2026-06-07,2026-09-06,GB,web,query,"+(?i)(national\b.{0,20}\bday|drinks day|awareness day|promotion calendar)",raw/gsc-3m-q-cl_0015/Chart.csv
gsc-3m-q-cl_0015,2026-07-26,0,2,0,9.5,query-filter,date,named-subset,false,2026-06-07,2026-09-06,GB,web,query,"+(?i)(national\b.{0,20}\bday|drinks day|awareness day|promotion calendar)",raw/gsc-3m-q-cl_0015/Chart.csv
gsc-3m-q-cl_0015,2026-07-27,0,5,0,5,query-filter,date,named-subset,false,2026-06-07,2026-09-06,GB,web,query,"+(?i)(national\b.{0,20}\bday|drinks day|awareness day|promotion calendar)",raw/gsc-3m-q-cl_0015/Chart.csv
gsc-3m-q-cl_0015,2026-07-28,0,5,0,7.8,query-filter,date,named-subset,false,2026-06-07,2026-09-06,GB,web,query,"+(?i)(national\b.{0,20}\bday|drinks day|awareness day|promotion calendar)",raw/gsc-3m-q-cl_0015/Chart.csv
gsc-3m-q-cl_0015,2026-07-29,0,5,0,8.4,query-filter,date,named-subset,false,2026-06-07,2026-09-06,GB,web,query,"+(?i)(national\b.{0,20}\bday|drinks day|awareness day|promotion calendar)",raw/gsc-3m-q-cl_0015/Chart.csv
gsc-3m-q-cl_0015,2026-07-30,0,7,0,15.1,query-filter,date,named-subset,false,2026-06-07,2026-09-06,GB,web,query,"+(?i)(national\b.{0,20}\bday|drinks day|awareness day|promotion calendar)",raw/gsc-3m-q-cl_0015/Chart.csv
gsc-3m-q-cl_0015,2026-07-31,0,4,0,11.8,query-filter,date,named-subset,false,2026-06-07,2026-09-06,GB,web,query,"+(?i)(national\b.{0,20}\bday|drinks day|awareness day|promotion calendar)",raw/gsc-3m-q-cl_0015/Chart.csv
gsc-3m-q-cl_0015,2026-08-01,0,12,0,7.1,query-filter,date,named-subset,false,2026-06-07,2026-09-06,GB,web,query,"+(?i)(national\b.{0,20}\bday|drinks day|awareness day|promotion calendar)",raw/gsc-3m-q-cl_0015/Chart.csv
gsc-3m-q-cl_0015,2026-08-02,0,9,0,11.6,query-filter,date,named-subset,false,2026-06-07,2026-09-06,GB,web,query,"+(?i)(national\b.{0,20}\bday|drinks day|awareness day|promotion calendar)",raw/gsc-3m-q-cl_0015/Chart.csv
gsc-3m-q-cl_0015,2026-08-03,0,5,0,8.8,query-filter,date,named-subset,false,2026-06-07,2026-09-06,GB,web,query,"+(?i)(national\b.{0,20}\bday|drinks day|awareness day|promotion calendar)",raw/gsc-3m-q-cl_0015/Chart.csv
gsc-3m-q-cl_0015,2026-08-04,0,2,0,7,query-filter,date,named-subset,false,2026-06-07,2026-09-06,GB,web,query,"+(?i)(national\b.{0,20}\bday|drinks day|awareness day|promotion calendar)",raw/gsc-3m-q-cl_0015/Chart.csv
gsc-3m-q-cl_0015,2026-08-05,0,3,0,6.7,query-filter,date,named-subset,false,2026-06-07,2026-09-06,GB,web,query,"+(?i)(national\b.{0,20}\bday|drinks day|awareness day|promotion calendar)",raw/gsc-3m-q-cl_0015/Chart.csv
gsc-3m-q-cl_0015,2026-08-06,0,4,0,12.2,query-filter,date,named-subset,false,2026-06-07,2026-09-06,GB,web,query,"+(?i)(national\b.{0,20}\bday|drinks day|awareness day|promotion calendar)",raw/gsc-3m-q-cl_0015/Chart.csv
gsc-3m-q-cl_0015,2026-08-07,0,8,0,6.2,query-filter,date,named-subset,false,2026-06-07,2026-09-06,GB,web,query,"+(?i)(national\b.{0,20}\bday|drinks day|awareness day|promotion calendar)",raw/gsc-3m-q-cl_0015/Chart.csv
gsc-3m-q-cl_0015,2026-08-08,0,3,0,6,query-filter,date,named-subset,false,2026-06-07,2026-09-06,GB,web,query,"+(?i)(national\b.{0,20}\bday|drinks day|awareness day|promotion calendar)",raw/gsc-3m-q-cl_0015/Chart.csv
gsc-3m-q-cl_0015,2026-08-09,0,5,0,9.2,query-filter,date,named-subset,false,2026-06-07,2026-09-06,GB,web,query,"+(?i)(national\b.{0,20}\bday|drinks day|awareness day|promotion calendar)",raw/gsc-3m-q-cl_0015/Chart.csv
gsc-3m-q-cl_0015,2026-08-10,0,3,0,8.3,query-filter,date,named-subset,false,2026-06-07,2026-09-06,GB,web,query,"+(?i)(national\b.{0,20}\bday|drinks day|awareness day|promotion calendar)",raw/gsc-3m-q-cl_0015/Chart.csv
gsc-3m-q-cl_0015,2026-08-11,0,7,0,9.9,query-filter,date,named-subset,false,2026-06-07,2026-09-06,GB,web,query,"+(?i)(national\b.{0,20}\bday|drinks day|awareness day|promotion calendar)",raw/gsc-3m-q-cl_0015/Chart.csv
gsc-3m-q-cl_0015,2026-08-12,0,3,0,12.7,query-filter,date,named-subset,false,2026-06-07,2026-09-06,GB,web,query,"+(?i)(national\b.{0,20}\bday|drinks day|awareness day|promotion calendar)",raw/gsc-3m-q-cl_0015/Chart.csv
gsc-3m-q-cl_0015,2026-08-13,0,9,0,16.6,query-filter,date,named-subset,false,2026-06-07,2026-09-06,GB,web,query,"+(?i)(national\b.{0,20}\bday|drinks day|awareness day|promotion calendar)",raw/gsc-3m-q-cl_0015/Chart.csv
gsc-3m-q-cl_0015,2026-08-14,0,5,0,10.8,query-filter,date,named-subset,false,2026-06-07,2026-09-06,GB,web,query,"+(?i)(national\b.{0,20}\bday|drinks day|awareness day|promotion calendar)",raw/gsc-3m-q-cl_0015/Chart.csv
gsc-3m-q-cl_0015,2026-08-15,0,2,0,11,query-filter,date,named-subset,false,2026-06-07,2026-09-06,GB,web,query,"+(?i)(national\b.{0,20}\bday|drinks day|awareness day|promotion calendar)",raw/gsc-3m-q-cl_0015/Chart.csv
gsc-3m-q-cl_0015,2026-08-16,0,6,0,6.8,query-filter,date,named-subset,false,2026-06-07,2026-09-06,GB,web,query,"+(?i)(national\b.{0,20}\bday|drinks day|awareness day|promotion calendar)",raw/gsc-3m-q-cl_0015/Chart.csv
gsc-3m-q-cl_0015,2026-08-17,1,10,0.1,6.7,query-filter,date,named-subset,false,2026-06-07,2026-09-06,GB,web,query,"+(?i)(national\b.{0,20}\bday|drinks day|awareness day|promotion calendar)",raw/gsc-3m-q-cl_0015/Chart.csv
gsc-3m-q-cl_0015,2026-08-18,0,6,0,12.7,query-filter,date,named-subset,false,2026-06-07,2026-09-06,GB,web,query,"+(?i)(national\b.{0,20}\bday|drinks day|awareness day|promotion calendar)",raw/gsc-3m-q-cl_0015/Chart.csv
gsc-3m-q-cl_0015,2026-08-19,0,2,0,10,query-filter,date,named-subset,false,2026-06-07,2026-09-06,GB,web,query,"+(?i)(national\b.{0,20}\bday|drinks day|awareness day|promotion calendar)",raw/gsc-3m-q-cl_0015/Chart.csv
gsc-3m-q-cl_0015,2026-08-20,0,9,0,13.4,query-filter,date,named-subset,false,2026-06-07,2026-09-06,GB,web,query,"+(?i)(national\b.{0,20}\bday|drinks day|awareness day|promotion calendar)",raw/gsc-3m-q-cl_0015/Chart.csv
gsc-3m-q-cl_0015,2026-08-21,0,3,0,11.3,query-filter,date,named-subset,false,2026-06-07,2026-09-06,GB,web,query,"+(?i)(national\b.{0,20}\bday|drinks day|awareness day|promotion calendar)",raw/gsc-3m-q-cl_0015/Chart.csv
gsc-3m-q-cl_0015,2026-08-22,0,3,0,13.7,query-filter,date,named-subset,false,2026-06-07,2026-09-06,GB,web,query,"+(?i)(national\b.{0,20}\bday|drinks day|awareness day|promotion calendar)",raw/gsc-3m-q-cl_0015/Chart.csv
gsc-3m-q-cl_0015,2026-08-23,0,4,0,18,query-filter,date,named-subset,false,2026-06-07,2026-09-06,GB,web,query,"+(?i)(national\b.{0,20}\bday|drinks day|awareness day|promotion calendar)",raw/gsc-3m-q-cl_0015/Chart.csv
gsc-3m-q-cl_0015,2026-08-24,0,6,0,7.8,query-filter,date,named-subset,false,2026-06-07,2026-09-06,GB,web,query,"+(?i)(national\b.{0,20}\bday|drinks day|awareness day|promotion calendar)",raw/gsc-3m-q-cl_0015/Chart.csv
gsc-3m-q-cl_0015,2026-08-25,0,3,0,10,query-filter,date,named-subset,false,2026-06-07,2026-09-06,GB,web,query,"+(?i)(national\b.{0,20}\bday|drinks day|awareness day|promotion calendar)",raw/gsc-3m-q-cl_0015/Chart.csv
gsc-3m-q-cl_0015,2026-08-26,0,3,0,2.7,query-filter,date,named-subset,false,2026-06-07,2026-09-06,GB,web,query,"+(?i)(national\b.{0,20}\bday|drinks day|awareness day|promotion calendar)",raw/gsc-3m-q-cl_0015/Chart.csv
gsc-3m-q-cl_0015,2026-08-27,0,8,0,13.8,query-filter,date,named-subset,false,2026-06-07,2026-09-06,GB,web,query,"+(?i)(national\b.{0,20}\bday|drinks day|awareness day|promotion calendar)",raw/gsc-3m-q-cl_0015/Chart.csv
gsc-3m-q-cl_0015,2026-08-28,0,3,0,6.7,query-filter,date,named-subset,false,2026-06-07,2026-09-06,GB,web,query,"+(?i)(national\b.{0,20}\bday|drinks day|awareness day|promotion calendar)",raw/gsc-3m-q-cl_0015/Chart.csv
gsc-3m-q-cl_0015,2026-08-29,0,3,0,11.7,query-filter,date,named-subset,false,2026-06-07,2026-09-06,GB,web,query,"+(?i)(national\b.{0,20}\bday|drinks day|awareness day|promotion calendar)",raw/gsc-3m-q-cl_0015/Chart.csv
gsc-3m-q-cl_0015,2026-08-30,0,5,0,12.2,query-filter,date,named-subset,false,2026-06-07,2026-09-06,GB,web,query,"+(?i)(national\b.{0,20}\bday|drinks day|awareness day|promotion calendar)",raw/gsc-3m-q-cl_0015/Chart.csv
gsc-3m-q-cl_0015,2026-08-31,0,3,0,10.3,query-filter,date,named-subset,false,2026-06-07,2026-09-06,GB,web,query,"+(?i)(national\b.{0,20}\bday|drinks day|awareness day|promotion calendar)",raw/gsc-3m-q-cl_0015/Chart.csv
gsc-3m-q-cl_0015,2026-09-01,0,2,0,5,query-filter,date,named-subset,false,2026-06-07,2026-09-06,GB,web,query,"+(?i)(national\b.{0,20}\bday|drinks day|awareness day|promotion calendar)",raw/gsc-3m-q-cl_0015/Chart.csv
gsc-3m-q-cl_0015,2026-09-02,0,5,0,8.2,query-filter,date,named-subset,false,2026-06-07,2026-09-06,GB,web,query,"+(?i)(national\b.{0,20}\bday|drinks day|awareness day|promotion calendar)",raw/gsc-3m-q-cl_0015/Chart.csv
gsc-3m-q-cl_0015,2026-09-03,0,3,0,16.3,query-filter,date,named-subset,false,2026-06-07,2026-09-06,GB,web,query,"+(?i)(national\b.{0,20}\bday|drinks day|awareness day|promotion calendar)",raw/gsc-3m-q-cl_0015/Chart.csv
gsc-3m-q-cl_0015,2026-09-04,0,5,0,9.2,query-filter,date,named-subset,false,2026-06-07,2026-09-06,GB,web,query,"+(?i)(national\b.{0,20}\bday|drinks day|awareness day|promotion calendar)",raw/gsc-3m-q-cl_0015/Chart.csv
gsc-3m-q-cl_0015,2026-09-05,0,3,0,6,query-filter,date,named-subset,false,2026-06-07,2026-09-06,GB,web,query,"+(?i)(national\b.{0,20}\bday|drinks day|awareness day|promotion calendar)",raw/gsc-3m-q-cl_0015/Chart.csv
gsc-3m-q-cl_0015,2026-09-06,0,3,0,14.3,query-filter,date,named-subset,false,2026-06-07,2026-09-06,GB,web,query,"+(?i)(national\b.{0,20}\bday|drinks day|awareness day|promotion calendar)",raw/gsc-3m-q-cl_0015/Chart.csv
gsc-3m-q-cl_0016,2026-06-07,0,1,0,37,query-filter,date,named-subset,false,2026-06-07,2026-09-06,GB,web,query,"+(?i)(pub|bar)\b.{0,15}\b(refurb|refit|interior|maintenance|decor)",raw/gsc-3m-q-cl_0016/Chart.csv
gsc-3m-q-cl_0016,2026-06-08,0,1,0,95,query-filter,date,named-subset,false,2026-06-07,2026-09-06,GB,web,query,"+(?i)(pub|bar)\b.{0,15}\b(refurb|refit|interior|maintenance|decor)",raw/gsc-3m-q-cl_0016/Chart.csv
gsc-3m-q-cl_0016,2026-06-09,0,1,0,46,query-filter,date,named-subset,false,2026-06-07,2026-09-06,GB,web,query,"+(?i)(pub|bar)\b.{0,15}\b(refurb|refit|interior|maintenance|decor)",raw/gsc-3m-q-cl_0016/Chart.csv
gsc-3m-q-cl_0016,2026-06-10,0,1,0,36,query-filter,date,named-subset,false,2026-06-07,2026-09-06,GB,web,query,"+(?i)(pub|bar)\b.{0,15}\b(refurb|refit|interior|maintenance|decor)",raw/gsc-3m-q-cl_0016/Chart.csv
gsc-3m-q-cl_0016,2026-06-11,0,0,,,query-filter,date,named-subset,false,2026-06-07,2026-09-06,GB,web,query,"+(?i)(pub|bar)\b.{0,15}\b(refurb|refit|interior|maintenance|decor)",raw/gsc-3m-q-cl_0016/Chart.csv
gsc-3m-q-cl_0016,2026-06-12,0,2,0,62.5,query-filter,date,named-subset,false,2026-06-07,2026-09-06,GB,web,query,"+(?i)(pub|bar)\b.{0,15}\b(refurb|refit|interior|maintenance|decor)",raw/gsc-3m-q-cl_0016/Chart.csv
gsc-3m-q-cl_0016,2026-06-13,0,1,0,88,query-filter,date,named-subset,false,2026-06-07,2026-09-06,GB,web,query,"+(?i)(pub|bar)\b.{0,15}\b(refurb|refit|interior|maintenance|decor)",raw/gsc-3m-q-cl_0016/Chart.csv
gsc-3m-q-cl_0016,2026-06-14,0,2,0,94.5,query-filter,date,named-subset,false,2026-06-07,2026-09-06,GB,web,query,"+(?i)(pub|bar)\b.{0,15}\b(refurb|refit|interior|maintenance|decor)",raw/gsc-3m-q-cl_0016/Chart.csv
gsc-3m-q-cl_0016,2026-06-15,0,3,0,69.3,query-filter,date,named-subset,false,2026-06-07,2026-09-06,GB,web,query,"+(?i)(pub|bar)\b.{0,15}\b(refurb|refit|interior|maintenance|decor)",raw/gsc-3m-q-cl_0016/Chart.csv
gsc-3m-q-cl_0016,2026-06-16,0,1,0,43,query-filter,date,named-subset,false,2026-06-07,2026-09-06,GB,web,query,"+(?i)(pub|bar)\b.{0,15}\b(refurb|refit|interior|maintenance|decor)",raw/gsc-3m-q-cl_0016/Chart.csv
gsc-3m-q-cl_0016,2026-06-17,0,0,,,query-filter,date,named-subset,false,2026-06-07,2026-09-06,GB,web,query,"+(?i)(pub|bar)\b.{0,15}\b(refurb|refit|interior|maintenance|decor)",raw/gsc-3m-q-cl_0016/Chart.csv
gsc-3m-q-cl_0016,2026-06-18,0,1,0,43,query-filter,date,named-subset,false,2026-06-07,2026-09-06,GB,web,query,"+(?i)(pub|bar)\b.{0,15}\b(refurb|refit|interior|maintenance|decor)",raw/gsc-3m-q-cl_0016/Chart.csv
gsc-3m-q-cl_0016,2026-06-19,0,0,,,query-filter,date,named-subset,false,2026-06-07,2026-09-06,GB,web,query,"+(?i)(pub|bar)\b.{0,15}\b(refurb|refit|interior|maintenance|decor)",raw/gsc-3m-q-cl_0016/Chart.csv
gsc-3m-q-cl_0016,2026-06-20,0,0,,,query-filter,date,named-subset,false,2026-06-07,2026-09-06,GB,web,query,"+(?i)(pub|bar)\b.{0,15}\b(refurb|refit|interior|maintenance|decor)",raw/gsc-3m-q-cl_0016/Chart.csv
gsc-3m-q-cl_0016,2026-06-21,0,0,,,query-filter,date,named-subset,false,2026-06-07,2026-09-06,GB,web,query,"+(?i)(pub|bar)\b.{0,15}\b(refurb|refit|interior|maintenance|decor)",raw/gsc-3m-q-cl_0016/Chart.csv
gsc-3m-q-cl_0016,2026-06-22,0,0,,,query-filter,date,named-subset,false,2026-06-07,2026-09-06,GB,web,query,"+(?i)(pub|bar)\b.{0,15}\b(refurb|refit|interior|maintenance|decor)",raw/gsc-3m-q-cl_0016/Chart.csv
gsc-3m-q-cl_0016,2026-06-23,0,0,,,query-filter,date,named-subset,false,2026-06-07,2026-09-06,GB,web,query,"+(?i)(pub|bar)\b.{0,15}\b(refurb|refit|interior|maintenance|decor)",raw/gsc-3m-q-cl_0016/Chart.csv
gsc-3m-q-cl_0016,2026-06-24,0,2,0,46,query-filter,date,named-subset,false,2026-06-07,2026-09-06,GB,web,query,"+(?i)(pub|bar)\b.{0,15}\b(refurb|refit|interior|maintenance|decor)",raw/gsc-3m-q-cl_0016/Chart.csv
gsc-3m-q-cl_0016,2026-06-25,0,0,,,query-filter,date,named-subset,false,2026-06-07,2026-09-06,GB,web,query,"+(?i)(pub|bar)\b.{0,15}\b(refurb|refit|interior|maintenance|decor)",raw/gsc-3m-q-cl_0016/Chart.csv
gsc-3m-q-cl_0016,2026-06-26,0,0,,,query-filter,date,named-subset,false,2026-06-07,2026-09-06,GB,web,query,"+(?i)(pub|bar)\b.{0,15}\b(refurb|refit|interior|maintenance|decor)",raw/gsc-3m-q-cl_0016/Chart.csv
gsc-3m-q-cl_0016,2026-06-27,0,0,,,query-filter,date,named-subset,false,2026-06-07,2026-09-06,GB,web,query,"+(?i)(pub|bar)\b.{0,15}\b(refurb|refit|interior|maintenance|decor)",raw/gsc-3m-q-cl_0016/Chart.csv
gsc-3m-q-cl_0016,2026-06-28,0,0,,,query-filter,date,named-subset,false,2026-06-07,2026-09-06,GB,web,query,"+(?i)(pub|bar)\b.{0,15}\b(refurb|refit|interior|maintenance|decor)",raw/gsc-3m-q-cl_0016/Chart.csv
gsc-3m-q-cl_0016,2026-06-29,0,0,,,query-filter,date,named-subset,false,2026-06-07,2026-09-06,GB,web,query,"+(?i)(pub|bar)\b.{0,15}\b(refurb|refit|interior|maintenance|decor)",raw/gsc-3m-q-cl_0016/Chart.csv
gsc-3m-q-cl_0016,2026-06-30,0,0,,,query-filter,date,named-subset,false,2026-06-07,2026-09-06,GB,web,query,"+(?i)(pub|bar)\b.{0,15}\b(refurb|refit|interior|maintenance|decor)",raw/gsc-3m-q-cl_0016/Chart.csv
gsc-3m-q-cl_0016,2026-07-01,0,0,,,query-filter,date,named-subset,false,2026-06-07,2026-09-06,GB,web,query,"+(?i)(pub|bar)\b.{0,15}\b(refurb|refit|interior|maintenance|decor)",raw/gsc-3m-q-cl_0016/Chart.csv
gsc-3m-q-cl_0016,2026-07-02,0,0,,,query-filter,date,named-subset,false,2026-06-07,2026-09-06,GB,web,query,"+(?i)(pub|bar)\b.{0,15}\b(refurb|refit|interior|maintenance|decor)",raw/gsc-3m-q-cl_0016/Chart.csv
gsc-3m-q-cl_0016,2026-07-03,0,0,,,query-filter,date,named-subset,false,2026-06-07,2026-09-06,GB,web,query,"+(?i)(pub|bar)\b.{0,15}\b(refurb|refit|interior|maintenance|decor)",raw/gsc-3m-q-cl_0016/Chart.csv
gsc-3m-q-cl_0016,2026-07-04,0,0,,,query-filter,date,named-subset,false,2026-06-07,2026-09-06,GB,web,query,"+(?i)(pub|bar)\b.{0,15}\b(refurb|refit|interior|maintenance|decor)",raw/gsc-3m-q-cl_0016/Chart.csv
gsc-3m-q-cl_0016,2026-07-05,0,0,,,query-filter,date,named-subset,false,2026-06-07,2026-09-06,GB,web,query,"+(?i)(pub|bar)\b.{0,15}\b(refurb|refit|interior|maintenance|decor)",raw/gsc-3m-q-cl_0016/Chart.csv
gsc-3m-q-cl_0016,2026-07-06,0,1,0,28,query-filter,date,named-subset,false,2026-06-07,2026-09-06,GB,web,query,"+(?i)(pub|bar)\b.{0,15}\b(refurb|refit|interior|maintenance|decor)",raw/gsc-3m-q-cl_0016/Chart.csv
gsc-3m-q-cl_0016,2026-07-07,0,2,0,58,query-filter,date,named-subset,false,2026-06-07,2026-09-06,GB,web,query,"+(?i)(pub|bar)\b.{0,15}\b(refurb|refit|interior|maintenance|decor)",raw/gsc-3m-q-cl_0016/Chart.csv
gsc-3m-q-cl_0016,2026-07-08,0,1,0,26,query-filter,date,named-subset,false,2026-06-07,2026-09-06,GB,web,query,"+(?i)(pub|bar)\b.{0,15}\b(refurb|refit|interior|maintenance|decor)",raw/gsc-3m-q-cl_0016/Chart.csv
gsc-3m-q-cl_0016,2026-07-09,0,2,0,67,query-filter,date,named-subset,false,2026-06-07,2026-09-06,GB,web,query,"+(?i)(pub|bar)\b.{0,15}\b(refurb|refit|interior|maintenance|decor)",raw/gsc-3m-q-cl_0016/Chart.csv
gsc-3m-q-cl_0016,2026-07-10,0,1,0,39,query-filter,date,named-subset,false,2026-06-07,2026-09-06,GB,web,query,"+(?i)(pub|bar)\b.{0,15}\b(refurb|refit|interior|maintenance|decor)",raw/gsc-3m-q-cl_0016/Chart.csv
gsc-3m-q-cl_0016,2026-07-11,0,2,0,38.5,query-filter,date,named-subset,false,2026-06-07,2026-09-06,GB,web,query,"+(?i)(pub|bar)\b.{0,15}\b(refurb|refit|interior|maintenance|decor)",raw/gsc-3m-q-cl_0016/Chart.csv
gsc-3m-q-cl_0016,2026-07-12,0,4,0,35.2,query-filter,date,named-subset,false,2026-06-07,2026-09-06,GB,web,query,"+(?i)(pub|bar)\b.{0,15}\b(refurb|refit|interior|maintenance|decor)",raw/gsc-3m-q-cl_0016/Chart.csv
gsc-3m-q-cl_0016,2026-07-13,0,2,0,38,query-filter,date,named-subset,false,2026-06-07,2026-09-06,GB,web,query,"+(?i)(pub|bar)\b.{0,15}\b(refurb|refit|interior|maintenance|decor)",raw/gsc-3m-q-cl_0016/Chart.csv
gsc-3m-q-cl_0016,2026-07-14,0,1,0,52,query-filter,date,named-subset,false,2026-06-07,2026-09-06,GB,web,query,"+(?i)(pub|bar)\b.{0,15}\b(refurb|refit|interior|maintenance|decor)",raw/gsc-3m-q-cl_0016/Chart.csv
gsc-3m-q-cl_0016,2026-07-15,0,1,0,43,query-filter,date,named-subset,false,2026-06-07,2026-09-06,GB,web,query,"+(?i)(pub|bar)\b.{0,15}\b(refurb|refit|interior|maintenance|decor)",raw/gsc-3m-q-cl_0016/Chart.csv
gsc-3m-q-cl_0016,2026-07-16,0,2,0,46.5,query-filter,date,named-subset,false,2026-06-07,2026-09-06,GB,web,query,"+(?i)(pub|bar)\b.{0,15}\b(refurb|refit|interior|maintenance|decor)",raw/gsc-3m-q-cl_0016/Chart.csv
gsc-3m-q-cl_0016,2026-07-17,0,2,0,35,query-filter,date,named-subset,false,2026-06-07,2026-09-06,GB,web,query,"+(?i)(pub|bar)\b.{0,15}\b(refurb|refit|interior|maintenance|decor)",raw/gsc-3m-q-cl_0016/Chart.csv
gsc-3m-q-cl_0016,2026-07-18,0,3,0,44.3,query-filter,date,named-subset,false,2026-06-07,2026-09-06,GB,web,query,"+(?i)(pub|bar)\b.{0,15}\b(refurb|refit|interior|maintenance|decor)",raw/gsc-3m-q-cl_0016/Chart.csv
gsc-3m-q-cl_0016,2026-07-19,0,2,0,38,query-filter,date,named-subset,false,2026-06-07,2026-09-06,GB,web,query,"+(?i)(pub|bar)\b.{0,15}\b(refurb|refit|interior|maintenance|decor)",raw/gsc-3m-q-cl_0016/Chart.csv
gsc-3m-q-cl_0016,2026-07-20,0,3,0,54.3,query-filter,date,named-subset,false,2026-06-07,2026-09-06,GB,web,query,"+(?i)(pub|bar)\b.{0,15}\b(refurb|refit|interior|maintenance|decor)",raw/gsc-3m-q-cl_0016/Chart.csv
gsc-3m-q-cl_0016,2026-07-21,0,1,0,86,query-filter,date,named-subset,false,2026-06-07,2026-09-06,GB,web,query,"+(?i)(pub|bar)\b.{0,15}\b(refurb|refit|interior|maintenance|decor)",raw/gsc-3m-q-cl_0016/Chart.csv
gsc-3m-q-cl_0016,2026-07-22,0,3,0,57,query-filter,date,named-subset,false,2026-06-07,2026-09-06,GB,web,query,"+(?i)(pub|bar)\b.{0,15}\b(refurb|refit|interior|maintenance|decor)",raw/gsc-3m-q-cl_0016/Chart.csv
gsc-3m-q-cl_0016,2026-07-23,0,2,0,58,query-filter,date,named-subset,false,2026-06-07,2026-09-06,GB,web,query,"+(?i)(pub|bar)\b.{0,15}\b(refurb|refit|interior|maintenance|decor)",raw/gsc-3m-q-cl_0016/Chart.csv
gsc-3m-q-cl_0016,2026-07-24,0,2,0,54.5,query-filter,date,named-subset,false,2026-06-07,2026-09-06,GB,web,query,"+(?i)(pub|bar)\b.{0,15}\b(refurb|refit|interior|maintenance|decor)",raw/gsc-3m-q-cl_0016/Chart.csv
gsc-3m-q-cl_0016,2026-07-25,0,1,0,29,query-filter,date,named-subset,false,2026-06-07,2026-09-06,GB,web,query,"+(?i)(pub|bar)\b.{0,15}\b(refurb|refit|interior|maintenance|decor)",raw/gsc-3m-q-cl_0016/Chart.csv
gsc-3m-q-cl_0016,2026-07-26,0,1,0,54,query-filter,date,named-subset,false,2026-06-07,2026-09-06,GB,web,query,"+(?i)(pub|bar)\b.{0,15}\b(refurb|refit|interior|maintenance|decor)",raw/gsc-3m-q-cl_0016/Chart.csv
gsc-3m-q-cl_0016,2026-07-27,0,3,0,26.7,query-filter,date,named-subset,false,2026-06-07,2026-09-06,GB,web,query,"+(?i)(pub|bar)\b.{0,15}\b(refurb|refit|interior|maintenance|decor)",raw/gsc-3m-q-cl_0016/Chart.csv
gsc-3m-q-cl_0016,2026-07-28,0,2,0,39,query-filter,date,named-subset,false,2026-06-07,2026-09-06,GB,web,query,"+(?i)(pub|bar)\b.{0,15}\b(refurb|refit|interior|maintenance|decor)",raw/gsc-3m-q-cl_0016/Chart.csv
gsc-3m-q-cl_0016,2026-07-29,0,3,0,38,query-filter,date,named-subset,false,2026-06-07,2026-09-06,GB,web,query,"+(?i)(pub|bar)\b.{0,15}\b(refurb|refit|interior|maintenance|decor)",raw/gsc-3m-q-cl_0016/Chart.csv
gsc-3m-q-cl_0016,2026-07-30,0,1,0,84,query-filter,date,named-subset,false,2026-06-07,2026-09-06,GB,web,query,"+(?i)(pub|bar)\b.{0,15}\b(refurb|refit|interior|maintenance|decor)",raw/gsc-3m-q-cl_0016/Chart.csv
gsc-3m-q-cl_0016,2026-07-31,0,1,0,86,query-filter,date,named-subset,false,2026-06-07,2026-09-06,GB,web,query,"+(?i)(pub|bar)\b.{0,15}\b(refurb|refit|interior|maintenance|decor)",raw/gsc-3m-q-cl_0016/Chart.csv
gsc-3m-q-cl_0016,2026-08-01,0,3,0,62.7,query-filter,date,named-subset,false,2026-06-07,2026-09-06,GB,web,query,"+(?i)(pub|bar)\b.{0,15}\b(refurb|refit|interior|maintenance|decor)",raw/gsc-3m-q-cl_0016/Chart.csv
gsc-3m-q-cl_0016,2026-08-02,0,4,0,39.5,query-filter,date,named-subset,false,2026-06-07,2026-09-06,GB,web,query,"+(?i)(pub|bar)\b.{0,15}\b(refurb|refit|interior|maintenance|decor)",raw/gsc-3m-q-cl_0016/Chart.csv
gsc-3m-q-cl_0016,2026-08-03,0,3,0,65.7,query-filter,date,named-subset,false,2026-06-07,2026-09-06,GB,web,query,"+(?i)(pub|bar)\b.{0,15}\b(refurb|refit|interior|maintenance|decor)",raw/gsc-3m-q-cl_0016/Chart.csv
gsc-3m-q-cl_0016,2026-08-04,0,0,,,query-filter,date,named-subset,false,2026-06-07,2026-09-06,GB,web,query,"+(?i)(pub|bar)\b.{0,15}\b(refurb|refit|interior|maintenance|decor)",raw/gsc-3m-q-cl_0016/Chart.csv
gsc-3m-q-cl_0016,2026-08-05,0,0,,,query-filter,date,named-subset,false,2026-06-07,2026-09-06,GB,web,query,"+(?i)(pub|bar)\b.{0,15}\b(refurb|refit|interior|maintenance|decor)",raw/gsc-3m-q-cl_0016/Chart.csv
gsc-3m-q-cl_0016,2026-08-06,0,1,0,87,query-filter,date,named-subset,false,2026-06-07,2026-09-06,GB,web,query,"+(?i)(pub|bar)\b.{0,15}\b(refurb|refit|interior|maintenance|decor)",raw/gsc-3m-q-cl_0016/Chart.csv
gsc-3m-q-cl_0016,2026-08-07,0,1,0,57,query-filter,date,named-subset,false,2026-06-07,2026-09-06,GB,web,query,"+(?i)(pub|bar)\b.{0,15}\b(refurb|refit|interior|maintenance|decor)",raw/gsc-3m-q-cl_0016/Chart.csv
gsc-3m-q-cl_0016,2026-08-08,0,3,0,58.3,query-filter,date,named-subset,false,2026-06-07,2026-09-06,GB,web,query,"+(?i)(pub|bar)\b.{0,15}\b(refurb|refit|interior|maintenance|decor)",raw/gsc-3m-q-cl_0016/Chart.csv
gsc-3m-q-cl_0016,2026-08-09,0,2,0,29.5,query-filter,date,named-subset,false,2026-06-07,2026-09-06,GB,web,query,"+(?i)(pub|bar)\b.{0,15}\b(refurb|refit|interior|maintenance|decor)",raw/gsc-3m-q-cl_0016/Chart.csv
gsc-3m-q-cl_0016,2026-08-10,0,1,0,36,query-filter,date,named-subset,false,2026-06-07,2026-09-06,GB,web,query,"+(?i)(pub|bar)\b.{0,15}\b(refurb|refit|interior|maintenance|decor)",raw/gsc-3m-q-cl_0016/Chart.csv
gsc-3m-q-cl_0016,2026-08-11,0,4,0,77.5,query-filter,date,named-subset,false,2026-06-07,2026-09-06,GB,web,query,"+(?i)(pub|bar)\b.{0,15}\b(refurb|refit|interior|maintenance|decor)",raw/gsc-3m-q-cl_0016/Chart.csv
gsc-3m-q-cl_0016,2026-08-12,0,5,0,47.2,query-filter,date,named-subset,false,2026-06-07,2026-09-06,GB,web,query,"+(?i)(pub|bar)\b.{0,15}\b(refurb|refit|interior|maintenance|decor)",raw/gsc-3m-q-cl_0016/Chart.csv
gsc-3m-q-cl_0016,2026-08-13,0,1,0,38,query-filter,date,named-subset,false,2026-06-07,2026-09-06,GB,web,query,"+(?i)(pub|bar)\b.{0,15}\b(refurb|refit|interior|maintenance|decor)",raw/gsc-3m-q-cl_0016/Chart.csv
gsc-3m-q-cl_0016,2026-08-14,0,2,0,54.5,query-filter,date,named-subset,false,2026-06-07,2026-09-06,GB,web,query,"+(?i)(pub|bar)\b.{0,15}\b(refurb|refit|interior|maintenance|decor)",raw/gsc-3m-q-cl_0016/Chart.csv
gsc-3m-q-cl_0016,2026-08-15,0,4,0,40.5,query-filter,date,named-subset,false,2026-06-07,2026-09-06,GB,web,query,"+(?i)(pub|bar)\b.{0,15}\b(refurb|refit|interior|maintenance|decor)",raw/gsc-3m-q-cl_0016/Chart.csv
gsc-3m-q-cl_0016,2026-08-16,0,6,0,21.7,query-filter,date,named-subset,false,2026-06-07,2026-09-06,GB,web,query,"+(?i)(pub|bar)\b.{0,15}\b(refurb|refit|interior|maintenance|decor)",raw/gsc-3m-q-cl_0016/Chart.csv
gsc-3m-q-cl_0016,2026-08-17,0,3,0,26.3,query-filter,date,named-subset,false,2026-06-07,2026-09-06,GB,web,query,"+(?i)(pub|bar)\b.{0,15}\b(refurb|refit|interior|maintenance|decor)",raw/gsc-3m-q-cl_0016/Chart.csv
gsc-3m-q-cl_0016,2026-08-18,0,0,,,query-filter,date,named-subset,false,2026-06-07,2026-09-06,GB,web,query,"+(?i)(pub|bar)\b.{0,15}\b(refurb|refit|interior|maintenance|decor)",raw/gsc-3m-q-cl_0016/Chart.csv
gsc-3m-q-cl_0016,2026-08-19,0,2,0,22,query-filter,date,named-subset,false,2026-06-07,2026-09-06,GB,web,query,"+(?i)(pub|bar)\b.{0,15}\b(refurb|refit|interior|maintenance|decor)",raw/gsc-3m-q-cl_0016/Chart.csv
gsc-3m-q-cl_0016,2026-08-20,0,3,0,18.3,query-filter,date,named-subset,false,2026-06-07,2026-09-06,GB,web,query,"+(?i)(pub|bar)\b.{0,15}\b(refurb|refit|interior|maintenance|decor)",raw/gsc-3m-q-cl_0016/Chart.csv
gsc-3m-q-cl_0016,2026-08-21,0,3,0,17.7,query-filter,date,named-subset,false,2026-06-07,2026-09-06,GB,web,query,"+(?i)(pub|bar)\b.{0,15}\b(refurb|refit|interior|maintenance|decor)",raw/gsc-3m-q-cl_0016/Chart.csv
gsc-3m-q-cl_0016,2026-08-22,0,1,0,17,query-filter,date,named-subset,false,2026-06-07,2026-09-06,GB,web,query,"+(?i)(pub|bar)\b.{0,15}\b(refurb|refit|interior|maintenance|decor)",raw/gsc-3m-q-cl_0016/Chart.csv
gsc-3m-q-cl_0016,2026-08-23,0,5,0,17.8,query-filter,date,named-subset,false,2026-06-07,2026-09-06,GB,web,query,"+(?i)(pub|bar)\b.{0,15}\b(refurb|refit|interior|maintenance|decor)",raw/gsc-3m-q-cl_0016/Chart.csv
gsc-3m-q-cl_0016,2026-08-24,0,5,0,15.8,query-filter,date,named-subset,false,2026-06-07,2026-09-06,GB,web,query,"+(?i)(pub|bar)\b.{0,15}\b(refurb|refit|interior|maintenance|decor)",raw/gsc-3m-q-cl_0016/Chart.csv
gsc-3m-q-cl_0016,2026-08-25,0,0,,,query-filter,date,named-subset,false,2026-06-07,2026-09-06,GB,web,query,"+(?i)(pub|bar)\b.{0,15}\b(refurb|refit|interior|maintenance|decor)",raw/gsc-3m-q-cl_0016/Chart.csv
gsc-3m-q-cl_0016,2026-08-26,0,3,0,17.3,query-filter,date,named-subset,false,2026-06-07,2026-09-06,GB,web,query,"+(?i)(pub|bar)\b.{0,15}\b(refurb|refit|interior|maintenance|decor)",raw/gsc-3m-q-cl_0016/Chart.csv
gsc-3m-q-cl_0016,2026-08-27,0,2,0,17.5,query-filter,date,named-subset,false,2026-06-07,2026-09-06,GB,web,query,"+(?i)(pub|bar)\b.{0,15}\b(refurb|refit|interior|maintenance|decor)",raw/gsc-3m-q-cl_0016/Chart.csv
gsc-3m-q-cl_0016,2026-08-28,0,2,0,17.5,query-filter,date,named-subset,false,2026-06-07,2026-09-06,GB,web,query,"+(?i)(pub|bar)\b.{0,15}\b(refurb|refit|interior|maintenance|decor)",raw/gsc-3m-q-cl_0016/Chart.csv
gsc-3m-q-cl_0016,2026-08-29,0,3,0,14.7,query-filter,date,named-subset,false,2026-06-07,2026-09-06,GB,web,query,"+(?i)(pub|bar)\b.{0,15}\b(refurb|refit|interior|maintenance|decor)",raw/gsc-3m-q-cl_0016/Chart.csv
gsc-3m-q-cl_0016,2026-08-30,0,6,0,14.8,query-filter,date,named-subset,false,2026-06-07,2026-09-06,GB,web,query,"+(?i)(pub|bar)\b.{0,15}\b(refurb|refit|interior|maintenance|decor)",raw/gsc-3m-q-cl_0016/Chart.csv
gsc-3m-q-cl_0016,2026-08-31,0,3,0,29.7,query-filter,date,named-subset,false,2026-06-07,2026-09-06,GB,web,query,"+(?i)(pub|bar)\b.{0,15}\b(refurb|refit|interior|maintenance|decor)",raw/gsc-3m-q-cl_0016/Chart.csv
gsc-3m-q-cl_0016,2026-09-01,0,3,0,41.7,query-filter,date,named-subset,false,2026-06-07,2026-09-06,GB,web,query,"+(?i)(pub|bar)\b.{0,15}\b(refurb|refit|interior|maintenance|decor)",raw/gsc-3m-q-cl_0016/Chart.csv
gsc-3m-q-cl_0016,2026-09-02,0,7,0,36.9,query-filter,date,named-subset,false,2026-06-07,2026-09-06,GB,web,query,"+(?i)(pub|bar)\b.{0,15}\b(refurb|refit|interior|maintenance|decor)",raw/gsc-3m-q-cl_0016/Chart.csv
gsc-3m-q-cl_0016,2026-09-03,0,5,0,29.2,query-filter,date,named-subset,false,2026-06-07,2026-09-06,GB,web,query,"+(?i)(pub|bar)\b.{0,15}\b(refurb|refit|interior|maintenance|decor)",raw/gsc-3m-q-cl_0016/Chart.csv
gsc-3m-q-cl_0016,2026-09-04,0,8,0,21.6,query-filter,date,named-subset,false,2026-06-07,2026-09-06,GB,web,query,"+(?i)(pub|bar)\b.{0,15}\b(refurb|refit|interior|maintenance|decor)",raw/gsc-3m-q-cl_0016/Chart.csv
gsc-3m-q-cl_0016,2026-09-05,0,2,0,35,query-filter,date,named-subset,false,2026-06-07,2026-09-06,GB,web,query,"+(?i)(pub|bar)\b.{0,15}\b(refurb|refit|interior|maintenance|decor)",raw/gsc-3m-q-cl_0016/Chart.csv
gsc-3m-q-cl_0016,2026-09-06,0,3,0,43.7,query-filter,date,named-subset,false,2026-06-07,2026-09-06,GB,web,query,"+(?i)(pub|bar)\b.{0,15}\b(refurb|refit|interior|maintenance|decor)",raw/gsc-3m-q-cl_0016/Chart.csv
gsc-month-all,2026-08-10,10,464,0.0216,10.2,property,date,complete,false,2026-08-10,2026-09-06,GB,web,none,,raw/gsc-month-all/Chart.csv
gsc-month-all,2026-08-11,6,440,0.0136,9.9,property,date,complete,false,2026-08-10,2026-09-06,GB,web,none,,raw/gsc-month-all/Chart.csv
gsc-month-all,2026-08-12,5,439,0.0114,10.9,property,date,complete,false,2026-08-10,2026-09-06,GB,web,none,,raw/gsc-month-all/Chart.csv
gsc-month-all,2026-08-13,2,431,0.0046,10.5,property,date,complete,false,2026-08-10,2026-09-06,GB,web,none,,raw/gsc-month-all/Chart.csv
gsc-month-all,2026-08-14,5,385,0.013,9.8,property,date,complete,false,2026-08-10,2026-09-06,GB,web,none,,raw/gsc-month-all/Chart.csv
gsc-month-all,2026-08-15,3,338,0.0089,12.6,property,date,complete,false,2026-08-10,2026-09-06,GB,web,none,,raw/gsc-month-all/Chart.csv
gsc-month-all,2026-08-16,5,354,0.0141,10.6,property,date,complete,false,2026-08-10,2026-09-06,GB,web,none,,raw/gsc-month-all/Chart.csv
gsc-month-all,2026-08-17,7,508,0.0138,13.4,property,date,complete,false,2026-08-10,2026-09-06,GB,web,none,,raw/gsc-month-all/Chart.csv
gsc-month-all,2026-08-18,12,496,0.0242,9.2,property,date,complete,false,2026-08-10,2026-09-06,GB,web,none,,raw/gsc-month-all/Chart.csv
gsc-month-all,2026-08-19,11,510,0.0216,11.5,property,date,complete,false,2026-08-10,2026-09-06,GB,web,none,,raw/gsc-month-all/Chart.csv
gsc-month-all,2026-08-20,7,497,0.0141,9.8,property,date,complete,false,2026-08-10,2026-09-06,GB,web,none,,raw/gsc-month-all/Chart.csv
gsc-month-all,2026-08-21,8,463,0.0173,10.3,property,date,complete,false,2026-08-10,2026-09-06,GB,web,none,,raw/gsc-month-all/Chart.csv
gsc-month-all,2026-08-22,4,327,0.0122,11.5,property,date,complete,false,2026-08-10,2026-09-06,GB,web,none,,raw/gsc-month-all/Chart.csv
gsc-month-all,2026-08-23,7,375,0.0187,9.8,property,date,complete,false,2026-08-10,2026-09-06,GB,web,none,,raw/gsc-month-all/Chart.csv
gsc-month-all,2026-08-24,7,569,0.0123,9.3,property,date,complete,false,2026-08-10,2026-09-06,GB,web,none,,raw/gsc-month-all/Chart.csv
gsc-month-all,2026-08-25,3,555,0.0054,10.1,property,date,complete,false,2026-08-10,2026-09-06,GB,web,none,,raw/gsc-month-all/Chart.csv
gsc-month-all,2026-08-26,2,593,0.0034,9.6,property,date,complete,false,2026-08-10,2026-09-06,GB,web,none,,raw/gsc-month-all/Chart.csv
gsc-month-all,2026-08-27,4,529,0.0076,8.7,property,date,complete,false,2026-08-10,2026-09-06,GB,web,none,,raw/gsc-month-all/Chart.csv
gsc-month-all,2026-08-28,4,504,0.0079,9.1,property,date,complete,false,2026-08-10,2026-09-06,GB,web,none,,raw/gsc-month-all/Chart.csv
gsc-month-all,2026-08-29,3,449,0.0067,10.2,property,date,complete,false,2026-08-10,2026-09-06,GB,web,none,,raw/gsc-month-all/Chart.csv
gsc-month-all,2026-08-30,6,460,0.013,10.4,property,date,complete,false,2026-08-10,2026-09-06,GB,web,none,,raw/gsc-month-all/Chart.csv
gsc-month-all,2026-08-31,11,539,0.0204,11.4,property,date,complete,false,2026-08-10,2026-09-06,GB,web,none,,raw/gsc-month-all/Chart.csv
gsc-month-all,2026-09-01,11,809,0.0136,8.4,property,date,complete,false,2026-08-10,2026-09-06,GB,web,none,,raw/gsc-month-all/Chart.csv
gsc-month-all,2026-09-02,23,1302,0.0177,9.8,property,date,complete,false,2026-08-10,2026-09-06,GB,web,none,,raw/gsc-month-all/Chart.csv
gsc-month-all,2026-09-03,16,1095,0.0146,12.8,property,date,complete,false,2026-08-10,2026-09-06,GB,web,none,,raw/gsc-month-all/Chart.csv
gsc-month-all,2026-09-04,12,849,0.0141,11.4,property,date,complete,false,2026-08-10,2026-09-06,GB,web,none,,raw/gsc-month-all/Chart.csv
gsc-month-all,2026-09-05,9,613,0.0147,12.4,property,date,complete,false,2026-08-10,2026-09-06,GB,web,none,,raw/gsc-month-all/Chart.csv
gsc-month-all,2026-09-06,10,639,0.0156,11.2,property,date,complete,false,2026-08-10,2026-09-06,GB,web,none,,raw/gsc-month-all/Chart.csv
