export_id,query,query_norm,clicks,impressions,ctr,position,cluster_id,scope,level,completeness,truncated,window_start,window_end,reporting_country,search_type,filter_type,filter_value,source_file
gsc-16m-all,quiz night ideas,quiz night ideas,7,296,0.0236,6.86,,property,query,named-subset,true,2025-08-01,2026-09-06,GB,web,none,,raw/gsc-16m-all/Queries.csv
gsc-16m-all,pub ideas to make money,pub ideas to make money,7,162,0.0432,10.68,,property,query,named-subset,true,2025-08-01,2026-09-06,GB,web,none,,raw/gsc-16m-all/Queries.csv
gsc-16m-all,pub event ideas,pub event ideas,6,670,0.009,15.99,,property,query,named-subset,true,2025-08-01,2026-09-06,GB,web,none,,raw/gsc-16m-all/Queries.csv
gsc-16m-all,pub quiz ideas,pub quiz ideas,5,120,0.0417,10.87,,property,query,named-subset,true,2025-08-01,2026-09-06,GB,web,none,,raw/gsc-16m-all/Queries.csv
gsc-16m-all,oktoberfest ideas for bars,oktoberfest ideas for bars,3,18,0.1667,2.5,,property,query,named-subset,true,2025-08-01,2026-09-06,GB,web,none,,raw/gsc-16m-all/Queries.csv
gsc-16m-all,cask ale week 2026,cask ale week 2026,2,641,0.0031,6.5,,property,query,named-subset,true,2025-08-01,2026-09-06,GB,web,none,,raw/gsc-16m-all/Queries.csv
gsc-16m-all,pub bingo,pub bingo,2,624,0.0032,11.69,,property,query,named-subset,true,2025-08-01,2026-09-06,GB,web,none,,raw/gsc-16m-all/Queries.csv
gsc-16m-all,cash bingo,cash bingo,2,181,0.011,9.61,,property,query,named-subset,true,2025-08-01,2026-09-06,GB,web,none,,raw/gsc-16m-all/Queries.csv
gsc-16m-all,christmas event ideas for pubs,christmas event ideas for pubs,2,108,0.0185,17.73,,property,query,named-subset,true,2025-08-01,2026-09-06,GB,web,none,,raw/gsc-16m-all/Queries.csv
gsc-16m-all,how to run a pub quiz,how to run a pub quiz,2,72,0.0278,5.9,,property,query,named-subset,true,2025-08-01,2026-09-06,GB,web,none,,raw/gsc-16m-all/Queries.csv
gsc-16m-all,how to run a bingo night in a pub,how to run a bingo night in a pub,2,54,0.037,4.83,,property,query,named-subset,true,2025-08-01,2026-09-06,GB,web,none,,raw/gsc-16m-all/Queries.csv
gsc-16m-all,themed quiz nights,themed quiz nights,2,53,0.0377,14.13,,property,query,named-subset,true,2025-08-01,2026-09-06,GB,web,none,,raw/gsc-16m-all/Queries.csv
gsc-16m-all,ideas for pub quiz rounds,ideas for pub quiz rounds,2,21,0.0952,19.95,,property,query,named-subset,true,2025-08-01,2026-09-06,GB,web,none,,raw/gsc-16m-all/Queries.csv
gsc-16m-all,pub quiz formats,pub quiz formats,2,16,0.125,11,,property,query,named-subset,true,2025-08-01,2026-09-06,GB,web,none,,raw/gsc-16m-all/Queries.csv
gsc-16m-all,social media marketing for pubs,social media marketing for pubs,1,573,0.0017,13.69,,property,query,named-subset,true,2025-08-01,2026-09-06,GB,web,none,,raw/gsc-16m-all/Queries.csv
gsc-16m-all,pub menu ideas,pub menu ideas,1,175,0.0057,15.33,,property,query,named-subset,true,2025-08-01,2026-09-06,GB,web,none,,raw/gsc-16m-all/Queries.csv
gsc-16m-all,fix my pub,fix my pub,1,159,0.0063,5.52,,property,query,named-subset,true,2025-08-01,2026-09-06,GB,web,none,,raw/gsc-16m-all/Queries.csv
gsc-16m-all,pub entertainment ideas,pub entertainment ideas,1,136,0.0074,13.58,,property,query,named-subset,true,2025-08-01,2026-09-06,GB,web,none,,raw/gsc-16m-all/Queries.csv
gsc-16m-all,pub events ideas,pub events ideas,1,108,0.0093,16.62,,property,query,named-subset,true,2025-08-01,2026-09-06,GB,web,none,,raw/gsc-16m-all/Queries.csv
gsc-16m-all,cellar management,cellar management,1,101,0.0099,10.58,,property,query,named-subset,true,2025-08-01,2026-09-06,GB,web,none,,raw/gsc-16m-all/Queries.csv
gsc-16m-all,ideas for pub events,ideas for pub events,1,94,0.0106,5.37,,property,query,named-subset,true,2025-08-01,2026-09-06,GB,web,none,,raw/gsc-16m-all/Queries.csv
gsc-16m-all,charity fundraising ideas for pubs,charity fundraising ideas for pubs,1,83,0.012,6.9,,property,query,named-subset,true,2025-08-01,2026-09-06,GB,web,none,,raw/gsc-16m-all/Queries.csv
gsc-16m-all,wetherspoons competitors,wetherspoons competitors,1,39,0.0256,9.36,,property,query,named-subset,true,2025-08-01,2026-09-06,GB,web,none,,raw/gsc-16m-all/Queries.csv
gsc-16m-all,ideas for macmillan coffee morning,ideas for macmillan coffee morning,1,35,0.0286,19.91,,property,query,named-subset,true,2025-08-01,2026-09-06,GB,web,none,,raw/gsc-16m-all/Queries.csv
gsc-16m-all,quiz ideas,quiz ideas,1,33,0.0303,9.48,,property,query,named-subset,true,2025-08-01,2026-09-06,GB,web,none,,raw/gsc-16m-all/Queries.csv
gsc-16m-all,oktoberfest ideas,oktoberfest ideas,1,31,0.0323,6.16,,property,query,named-subset,true,2025-08-01,2026-09-06,GB,web,none,,raw/gsc-16m-all/Queries.csv
gsc-16m-all,pub quiz rounds ideas,pub quiz rounds ideas,1,28,0.0357,17.5,,property,query,named-subset,true,2025-08-01,2026-09-06,GB,web,none,,raw/gsc-16m-all/Queries.csv
gsc-16m-all,quiz formats,quiz formats,1,20,0.05,9.75,,property,query,named-subset,true,2025-08-01,2026-09-06,GB,web,none,,raw/gsc-16m-all/Queries.csv
gsc-16m-all,pub social media ideas,pub social media ideas,1,18,0.0556,5.5,,property,query,named-subset,true,2025-08-01,2026-09-06,GB,web,none,,raw/gsc-16m-all/Queries.csv
gsc-16m-all,quiz format ideas,quiz format ideas,1,15,0.0667,11.27,,property,query,named-subset,true,2025-08-01,2026-09-06,GB,web,none,,raw/gsc-16m-all/Queries.csv
gsc-16m-all,how to host a pub quiz,how to host a pub quiz,1,14,0.0714,9.86,,property,query,named-subset,true,2025-08-01,2026-09-06,GB,web,none,,raw/gsc-16m-all/Queries.csv
gsc-16m-all,national drink days,national drink days,1,13,0.0769,10.92,,property,query,named-subset,true,2025-08-01,2026-09-06,GB,web,none,,raw/gsc-16m-all/Queries.csv
gsc-16m-all,quiz night format,quiz night format,1,13,0.0769,4.62,,property,query,named-subset,true,2025-08-01,2026-09-06,GB,web,none,,raw/gsc-16m-all/Queries.csv
gsc-16m-all,pub quiz theme ideas,pub quiz theme ideas,1,10,0.1,10.4,,property,query,named-subset,true,2025-08-01,2026-09-06,GB,web,none,,raw/gsc-16m-all/Queries.csv
gsc-16m-all,pub chalkboard ideas,pub chalkboard ideas,1,6,0.1667,5.83,,property,query,named-subset,true,2025-08-01,2026-09-06,GB,web,none,,raw/gsc-16m-all/Queries.csv
gsc-16m-all,social club bingo rules,social club bingo rules,1,5,0.2,14.6,,property,query,named-subset,true,2025-08-01,2026-09-06,GB,web,none,,raw/gsc-16m-all/Queries.csv
gsc-16m-all,pub theme night ideas uk,pub theme night ideas uk,1,4,0.25,19,,property,query,named-subset,true,2025-08-01,2026-09-06,GB,web,none,,raw/gsc-16m-all/Queries.csv
gsc-16m-all,pub quiz round themes,pub quiz round themes,1,1,1,47,,property,query,named-subset,true,2025-08-01,2026-09-06,GB,web,none,,raw/gsc-16m-all/Queries.csv
gsc-16m-all,event ideas for pubs,event ideas for pubs,0,1358,0,18.08,,property,query,named-subset,true,2025-08-01,2026-09-06,GB,web,none,,raw/gsc-16m-all/Queries.csv
gsc-16m-all,pub marketing,pub marketing,0,863,0,22.51,,property,query,named-subset,true,2025-08-01,2026-09-06,GB,web,none,,raw/gsc-16m-all/Queries.csv
gsc-16m-all,pop up events for pubs,pop up events for pubs,0,859,0,34.65,,property,query,named-subset,true,2025-08-01,2026-09-06,GB,web,none,,raw/gsc-16m-all/Queries.csv
gsc-16m-all,kids craft pop up events for pubs,kids craft pop up events for pubs,0,558,0,22.91,,property,query,named-subset,true,2025-08-01,2026-09-06,GB,web,none,,raw/gsc-16m-all/Queries.csv
gsc-16m-all,how to organise events to attract families to pubs,how to organise events to attract families to pubs,0,525,0,16.82,,property,query,named-subset,true,2025-08-01,2026-09-06,GB,web,none,,raw/gsc-16m-all/Queries.csv
gsc-16m-all,pub marketing agency,pub marketing agency,0,471,0,19.78,,property,query,named-subset,true,2025-08-01,2026-09-06,GB,web,none,,raw/gsc-16m-all/Queries.csv
gsc-16m-all,bingo in pubs,bingo in pubs,0,451,0,11.67,,property,query,named-subset,true,2025-08-01,2026-09-06,GB,web,none,,raw/gsc-16m-all/Queries.csv
gsc-16m-all,family friendly activities to increase pub footfall,family friendly activities to increase pub footfall,0,389,0,33.7,,property,query,named-subset,true,2025-08-01,2026-09-06,GB,web,none,,raw/gsc-16m-all/Queries.csv
gsc-16m-all,instagram services for pubs,instagram services for pubs,0,334,0,9.1,,property,query,named-subset,true,2025-08-01,2026-09-06,GB,web,none,,raw/gsc-16m-all/Queries.csv
gsc-16m-all,christmas pub ideas,christmas pub ideas,0,328,0,15.86,,property,query,named-subset,true,2025-08-01,2026-09-06,GB,web,none,,raw/gsc-16m-all/Queries.csv
gsc-16m-all,content creation for pubs,content creation for pubs,0,312,0,14.18,,property,query,named-subset,true,2025-08-01,2026-09-06,GB,web,none,,raw/gsc-16m-all/Queries.csv
gsc-16m-all,paid social for pubs,paid social for pubs,0,292,0,10.85,,property,query,named-subset,true,2025-08-01,2026-09-06,GB,web,none,,raw/gsc-16m-all/Queries.csv
gsc-16m-all,how to attract families to pubs,how to attract families to pubs,0,267,0,14.52,,property,query,named-subset,true,2025-08-01,2026-09-06,GB,web,none,,raw/gsc-16m-all/Queries.csv
gsc-16m-all,marketing agency for pubs,marketing agency for pubs,0,243,0,22.29,,property,query,named-subset,true,2025-08-01,2026-09-06,GB,web,none,,raw/gsc-16m-all/Queries.csv
gsc-16m-all,digital marketing for pubs,digital marketing for pubs,0,204,0,41.66,,property,query,named-subset,true,2025-08-01,2026-09-06,GB,web,none,,raw/gsc-16m-all/Queries.csv
gsc-16m-all,charity night ideas in a pub,charity night ideas in a pub,0,201,0,9.47,,property,query,named-subset,true,2025-08-01,2026-09-06,GB,web,none,,raw/gsc-16m-all/Queries.csv
gsc-16m-all,craft events for pubs,craft events for pubs,0,194,0,24.75,,property,query,named-subset,true,2025-08-01,2026-09-06,GB,web,none,,raw/gsc-16m-all/Queries.csv
gsc-16m-all,pub advertising,pub advertising,0,194,0,35.35,,property,query,named-subset,true,2025-08-01,2026-09-06,GB,web,none,,raw/gsc-16m-all/Queries.csv
gsc-16m-all,facebook services for pubs,facebook services for pubs,0,181,0,8.64,,property,query,named-subset,true,2025-08-01,2026-09-06,GB,web,none,,raw/gsc-16m-all/Queries.csv
gsc-16m-all,boost pub revenue with events,boost pub revenue with events,0,166,0,34.83,,property,query,named-subset,true,2025-08-01,2026-09-06,GB,web,none,,raw/gsc-16m-all/Queries.csv
gsc-16m-all,how to manage entertainment budgets for pubs,how to manage entertainment budgets for pubs,0,162,0,8.73,,property,query,named-subset,true,2025-08-01,2026-09-06,GB,web,none,,raw/gsc-16m-all/Queries.csv
gsc-16m-all,social video services for pubs,social video services for pubs,0,158,0,25.63,,property,query,named-subset,true,2025-08-01,2026-09-06,GB,web,none,,raw/gsc-16m-all/Queries.csv
gsc-16m-all,pub co branding,pub co branding,0,157,0,16.11,,property,query,named-subset,true,2025-08-01,2026-09-06,GB,web,none,,raw/gsc-16m-all/Queries.csv
gsc-16m-all,content creation services for pubs,content creation services for pubs,0,152,0,7.65,,property,query,named-subset,true,2025-08-01,2026-09-06,GB,web,none,,raw/gsc-16m-all/Queries.csv
gsc-16m-all,how to create a pub menu,how to create a pub menu,0,149,0,27.11,,property,query,named-subset,true,2025-08-01,2026-09-06,GB,web,none,,raw/gsc-16m-all/Queries.csv
gsc-16m-all,instagram for pubs,instagram for pubs,0,146,0,12.95,,property,query,named-subset,true,2025-08-01,2026-09-06,GB,web,none,,raw/gsc-16m-all/Queries.csv
gsc-16m-all,bar refurbishment,bar refurbishment,0,130,0,38.54,,property,query,named-subset,true,2025-08-01,2026-09-06,GB,web,none,,raw/gsc-16m-all/Queries.csv
gsc-16m-all,pub fundraising ideas,pub fundraising ideas,0,120,0,8.78,,property,query,named-subset,true,2025-08-01,2026-09-06,GB,web,none,,raw/gsc-16m-all/Queries.csv
gsc-16m-all,pub maintenance,pub maintenance,0,111,0,79.41,,property,query,named-subset,true,2025-08-01,2026-09-06,GB,web,none,,raw/gsc-16m-all/Queries.csv
gsc-16m-all,how to run a pub,how to run a pub,0,107,0,44.14,,property,query,named-subset,true,2025-08-01,2026-09-06,GB,web,none,,raw/gsc-16m-all/Queries.csv
gsc-16m-all,quiz event ideas,quiz event ideas,0,107,0,12.5,,property,query,named-subset,true,2025-08-01,2026-09-06,GB,web,none,,raw/gsc-16m-all/Queries.csv
gsc-16m-all,agency for pubs,agency for pubs,0,106,0,29.63,,property,query,named-subset,true,2025-08-01,2026-09-06,GB,web,none,,raw/gsc-16m-all/Queries.csv
gsc-16m-all,fundraising ideas for pubs,fundraising ideas for pubs,0,106,0,10.72,,property,query,named-subset,true,2025-08-01,2026-09-06,GB,web,none,,raw/gsc-16m-all/Queries.csv
gsc-16m-all,pun quiz calendar,pun quiz calendar,0,103,0,26.2,,property,query,named-subset,true,2025-08-01,2026-09-06,GB,web,none,,raw/gsc-16m-all/Queries.csv
gsc-16m-all,pub night fundraising ideas,pub night fundraising ideas,0,98,0,15.62,,property,query,named-subset,true,2025-08-01,2026-09-06,GB,web,none,,raw/gsc-16m-all/Queries.csv
gsc-16m-all,pub refurbishment,pub refurbishment,0,98,0,33.4,,property,query,named-subset,true,2025-08-01,2026-09-06,GB,web,none,,raw/gsc-16m-all/Queries.csv
gsc-16m-all,how to manage a pub,how to manage a pub,0,96,0,45.22,,property,query,named-subset,true,2025-08-01,2026-09-06,GB,web,none,,raw/gsc-16m-all/Queries.csv
gsc-16m-all,pub promotions that work,pub promotions that work,0,95,0,21.33,,property,query,named-subset,true,2025-08-01,2026-09-06,GB,web,none,,raw/gsc-16m-all/Queries.csv
gsc-16m-all,pub cellar maintenance,pub cellar maintenance,0,93,0,24.88,,property,query,named-subset,true,2025-08-01,2026-09-06,GB,web,none,,raw/gsc-16m-all/Queries.csv
gsc-16m-all,facebook for pubs,facebook for pubs,0,88,0,11.73,,property,query,named-subset,true,2025-08-01,2026-09-06,GB,web,none,,raw/gsc-16m-all/Queries.csv
gsc-16m-all,national vodka day,national vodka day,0,86,0,11.45,,property,query,named-subset,true,2025-08-01,2026-09-06,GB,web,none,,raw/gsc-16m-all/Queries.csv
gsc-16m-all,instagram marketing for pubs,instagram marketing for pubs,0,79,0,9.34,,property,query,named-subset,true,2025-08-01,2026-09-06,GB,web,none,,raw/gsc-16m-all/Queries.csv
gsc-16m-all,bar social media marketing,bar social media marketing,0,78,0,45.4,,property,query,named-subset,true,2025-08-01,2026-09-06,GB,web,none,,raw/gsc-16m-all/Queries.csv
gsc-16m-all,christmas pub events ideas,christmas pub events ideas,0,78,0,22.21,,property,query,named-subset,true,2025-08-01,2026-09-06,GB,web,none,,raw/gsc-16m-all/Queries.csv
gsc-16m-all,pub quiz themes,pub quiz themes,0,78,0,39.27,,property,query,named-subset,true,2025-08-01,2026-09-06,GB,web,none,,raw/gsc-16m-all/Queries.csv
gsc-16m-all,pub quiz bonus round,pub quiz bonus round,0,77,0,28.03,,property,query,named-subset,true,2025-08-01,2026-09-06,GB,web,none,,raw/gsc-16m-all/Queries.csv
gsc-16m-all,marketing agency for bars,marketing agency for bars,0,75,0,45.85,,property,query,named-subset,true,2025-08-01,2026-09-06,GB,web,none,,raw/gsc-16m-all/Queries.csv
gsc-16m-all,when is national vodka day,when is national vodka day,0,74,0,11,,property,query,named-subset,true,2025-08-01,2026-09-06,GB,web,none,,raw/gsc-16m-all/Queries.csv
gsc-16m-all,brand partnership services for pubs,brand partnership services for pubs,0,72,0,13.4,,property,query,named-subset,true,2025-08-01,2026-09-06,GB,web,none,,raw/gsc-16m-all/Queries.csv
gsc-16m-all,pub insurance,pub insurance,0,72,0,32.74,,property,query,named-subset,true,2025-08-01,2026-09-06,GB,web,none,,raw/gsc-16m-all/Queries.csv
gsc-16m-all,pub loyalty scheme,pub loyalty scheme,0,72,0,14.04,,property,query,named-subset,true,2025-08-01,2026-09-06,GB,web,none,,raw/gsc-16m-all/Queries.csv
gsc-16m-all,securing empty pub,securing empty pub,0,71,0,12.89,,property,query,named-subset,true,2025-08-01,2026-09-06,GB,web,none,,raw/gsc-16m-all/Queries.csv
gsc-16m-all,brand partnerships for pubs,brand partnerships for pubs,0,70,0,14.36,,property,query,named-subset,true,2025-08-01,2026-09-06,GB,web,none,,raw/gsc-16m-all/Queries.csv
gsc-16m-all,small pub entertainment ideas,small pub entertainment ideas,0,70,0,5.29,,property,query,named-subset,true,2025-08-01,2026-09-06,GB,web,none,,raw/gsc-16m-all/Queries.csv
gsc-16m-all,empty pub,empty pub,0,68,0,8.46,,property,query,named-subset,true,2025-08-01,2026-09-06,GB,web,none,,raw/gsc-16m-all/Queries.csv
gsc-16m-all,pub quiz format,pub quiz format,0,68,0,8.97,,property,query,named-subset,true,2025-08-01,2026-09-06,GB,web,none,,raw/gsc-16m-all/Queries.csv
gsc-16m-all,pub refit,pub refit,0,67,0,30.84,,property,query,named-subset,true,2025-08-01,2026-09-06,GB,web,none,,raw/gsc-16m-all/Queries.csv
gsc-16m-all,digital marketing pub,digital marketing pub,0,65,0,21.09,,property,query,named-subset,true,2025-08-01,2026-09-06,GB,web,none,,raw/gsc-16m-all/Queries.csv
gsc-16m-all,pubs and bars marketing solutions,pubs and bars marketing solutions,0,64,0,10.45,,property,query,named-subset,true,2025-08-01,2026-09-06,GB,web,none,,raw/gsc-16m-all/Queries.csv
gsc-16m-all,social video for pubs,social video for pubs,0,62,0,20.18,,property,query,named-subset,true,2025-08-01,2026-09-06,GB,web,none,,raw/gsc-16m-all/Queries.csv
gsc-16m-all,pub ideas,pub ideas,0,61,0,23.62,,property,query,named-subset,true,2025-08-01,2026-09-06,GB,web,none,,raw/gsc-16m-all/Queries.csv
gsc-16m-all,charity coffee morning,charity coffee morning,0,60,0,20.28,,property,query,named-subset,true,2025-08-01,2026-09-06,GB,web,none,,raw/gsc-16m-all/Queries.csv
gsc-16m-all,paid social services for pubs,paid social services for pubs,0,58,0,11.03,,property,query,named-subset,true,2025-08-01,2026-09-06,GB,web,none,,raw/gsc-16m-all/Queries.csv
gsc-16m-all,how long do pub quizzes last,how long do pub quizzes last,0,55,0,16.96,,property,query,named-subset,true,2025-08-01,2026-09-06,GB,web,none,,raw/gsc-16m-all/Queries.csv
gsc-16m-all,pub specials ideas,pub specials ideas,0,55,0,2.93,,property,query,named-subset,true,2025-08-01,2026-09-06,GB,web,none,,raw/gsc-16m-all/Queries.csv
gsc-16m-all,marketing agency for nightclubs,marketing agency for nightclubs,0,53,0,35.72,,property,query,named-subset,true,2025-08-01,2026-09-06,GB,web,none,,raw/gsc-16m-all/Queries.csv
gsc-16m-all,pub events,pub events,0,52,0,23.08,,property,query,named-subset,true,2025-08-01,2026-09-06,GB,web,none,,raw/gsc-16m-all/Queries.csv
gsc-16m-all,pub loyalty cards,pub loyalty cards,0,52,0,28.81,,property,query,named-subset,true,2025-08-01,2026-09-06,GB,web,none,,raw/gsc-16m-all/Queries.csv
gsc-16m-all,pub stock management,pub stock management,0,52,0,50.04,,property,query,named-subset,true,2025-08-01,2026-09-06,GB,web,none,,raw/gsc-16m-all/Queries.csv
gsc-16m-all,national vodka day 2026,national vodka day 2026,0,50,0,3.4,,property,query,named-subset,true,2025-08-01,2026-09-06,GB,web,none,,raw/gsc-16m-all/Queries.csv
gsc-16m-all,pub cellar management,pub cellar management,0,50,0,10.48,,property,query,named-subset,true,2025-08-01,2026-09-06,GB,web,none,,raw/gsc-16m-all/Queries.csv
gsc-16m-all,pub refurbishments,pub refurbishments,0,50,0,59.28,,property,query,named-subset,true,2025-08-01,2026-09-06,GB,web,none,,raw/gsc-16m-all/Queries.csv
gsc-16m-all,how long does a pub quiz last,how long does a pub quiz last,0,47,0,19.81,,property,query,named-subset,true,2025-08-01,2026-09-06,GB,web,none,,raw/gsc-16m-all/Queries.csv
gsc-16m-all,pub quiz round ideas,pub quiz round ideas,0,46,0,15.39,,property,query,named-subset,true,2025-08-01,2026-09-06,GB,web,none,,raw/gsc-16m-all/Queries.csv
gsc-16m-all,public toilet refurbishment,public toilet refurbishment,0,46,0,34.83,,property,query,named-subset,true,2025-08-01,2026-09-06,GB,web,none,,raw/gsc-16m-all/Queries.csv
gsc-16m-all,cask ale week,cask ale week,0,45,0,7.84,,property,query,named-subset,true,2025-08-01,2026-09-06,GB,web,none,,raw/gsc-16m-all/Queries.csv
gsc-16m-all,how to calculate vat for a pub business,how to calculate vat for a pub business,0,45,0,10.31,,property,query,named-subset,true,2025-08-01,2026-09-06,GB,web,none,,raw/gsc-16m-all/Queries.csv
gsc-16m-all,hospitality marketing partner,hospitality marketing partner,0,44,0,34.32,,property,query,named-subset,true,2025-08-01,2026-09-06,GB,web,none,,raw/gsc-16m-all/Queries.csv
gsc-16m-all,pub quiz topics,pub quiz topics,0,43,0,9.14,,property,query,named-subset,true,2025-08-01,2026-09-06,GB,web,none,,raw/gsc-16m-all/Queries.csv
gsc-16m-all,pubs showing the autumn internationals,pubs showing the autumn internationals,0,43,0,16.7,,property,query,named-subset,true,2025-08-01,2026-09-06,GB,web,none,,raw/gsc-16m-all/Queries.csv
gsc-16m-all,cash bingo rules,cash bingo rules,0,42,0,7.43,,property,query,named-subset,true,2025-08-01,2026-09-06,GB,web,none,,raw/gsc-16m-all/Queries.csv
gsc-16m-all,jelly seo,jelly seo,0,41,0,58.76,,property,query,named-subset,true,2025-08-01,2026-09-06,GB,web,none,,raw/gsc-16m-all/Queries.csv
gsc-16m-all,pub cash flow,pub cash flow,0,41,0,26.98,,property,query,named-subset,true,2025-08-01,2026-09-06,GB,web,none,,raw/gsc-16m-all/Queries.csv
gsc-16m-all,most profitable bar food,most profitable bar food,0,40,0,9.47,,property,query,named-subset,true,2025-08-01,2026-09-06,GB,web,none,,raw/gsc-16m-all/Queries.csv
gsc-16m-all,pub insurance average cost,pub insurance average cost,0,40,0,11.45,,property,query,named-subset,true,2025-08-01,2026-09-06,GB,web,none,,raw/gsc-16m-all/Queries.csv
gsc-16m-all,increase pub and bar bookings,increase pub and bar bookings,0,39,0,26.97,,property,query,named-subset,true,2025-08-01,2026-09-06,GB,web,none,,raw/gsc-16m-all/Queries.csv
gsc-16m-all,pubs showing autumn internationals,pubs showing autumn internationals,0,39,0,16.46,,property,query,named-subset,true,2025-08-01,2026-09-06,GB,web,none,,raw/gsc-16m-all/Queries.csv
gsc-16m-all,pub refurbishment opportunities,pub refurbishment opportunities,0,36,0,31.17,,property,query,named-subset,true,2025-08-01,2026-09-06,GB,web,none,,raw/gsc-16m-all/Queries.csv
gsc-16m-all,how to start a pub,how to start a pub,0,34,0,49,,property,query,named-subset,true,2025-08-01,2026-09-06,GB,web,none,,raw/gsc-16m-all/Queries.csv
gsc-16m-all,ideas for pub nights,ideas for pub nights,0,34,0,13,,property,query,named-subset,true,2025-08-01,2026-09-06,GB,web,none,,raw/gsc-16m-all/Queries.csv
gsc-16m-all,greene king cellar management,greene king cellar management,0,33,0,15.94,,property,query,named-subset,true,2025-08-01,2026-09-06,GB,web,none,,raw/gsc-16m-all/Queries.csv
gsc-16m-all,how long is a pub quiz,how long is a pub quiz,0,33,0,16.79,,property,query,named-subset,true,2025-08-01,2026-09-06,GB,web,none,,raw/gsc-16m-all/Queries.csv
gsc-16m-all,is there vat on alcohol in pubs,is there vat on alcohol in pubs,0,33,0,11.73,,property,query,named-subset,true,2025-08-01,2026-09-06,GB,web,none,,raw/gsc-16m-all/Queries.csv
gsc-16m-all,local content marketing,local content marketing,0,33,0,80.79,,property,query,named-subset,true,2025-08-01,2026-09-06,GB,web,none,,raw/gsc-16m-all/Queries.csv
gsc-16m-all,quiz night themes,quiz night themes,0,33,0,7.91,,property,query,named-subset,true,2025-08-01,2026-09-06,GB,web,none,,raw/gsc-16m-all/Queries.csv
gsc-16m-all,a small orange email hosting,a small orange email hosting,0,32,0,71.41,,property,query,named-subset,true,2025-08-01,2026-09-06,GB,web,none,,raw/gsc-16m-all/Queries.csv
gsc-16m-all,events for pubs,events for pubs,0,32,0,16.94,,property,query,named-subset,true,2025-08-01,2026-09-06,GB,web,none,,raw/gsc-16m-all/Queries.csv
gsc-16m-all,pub promotion ideas,pub promotion ideas,0,32,0,31.56,,property,query,named-subset,true,2025-08-01,2026-09-06,GB,web,none,,raw/gsc-16m-all/Queries.csv
gsc-16m-all,pub it services,pub it services,0,31,0,21.68,,property,query,named-subset,true,2025-08-01,2026-09-06,GB,web,none,,raw/gsc-16m-all/Queries.csv
gsc-16m-all,marketing ideas for pubs,marketing ideas for pubs,0,29,0,18.48,,property,query,named-subset,true,2025-08-01,2026-09-06,GB,web,none,,raw/gsc-16m-all/Queries.csv
gsc-16m-all,pub night ideas,pub night ideas,0,29,0,39.38,,property,query,named-subset,true,2025-08-01,2026-09-06,GB,web,none,,raw/gsc-16m-all/Queries.csv
gsc-16m-all,advertising in pubs,advertising in pubs,0,28,0,48.61,,property,query,named-subset,true,2025-08-01,2026-09-06,GB,web,none,,raw/gsc-16m-all/Queries.csv
gsc-16m-all,ideas for pubs,ideas for pubs,0,28,0,13.68,,property,query,named-subset,true,2025-08-01,2026-09-06,GB,web,none,,raw/gsc-16m-all/Queries.csv
gsc-16m-all,pub social media,pub social media,0,28,0,9.54,,property,query,named-subset,true,2025-08-01,2026-09-06,GB,web,none,,raw/gsc-16m-all/Queries.csv
gsc-16m-all,ppc for pubs,ppc for pubs,0,27,0,65.22,,property,query,named-subset,true,2025-08-01,2026-09-06,GB,web,none,,raw/gsc-16m-all/Queries.csv
gsc-16m-all,christmas party promotion,christmas party promotion,0,26,0,20.42,,property,query,named-subset,true,2025-08-01,2026-09-06,GB,web,none,,raw/gsc-16m-all/Queries.csv
gsc-16m-all,how to run a bingo night,how to run a bingo night,0,26,0,9.92,,property,query,named-subset,true,2025-08-01,2026-09-06,GB,web,none,,raw/gsc-16m-all/Queries.csv
gsc-16m-all,kids entertainment for pubs,kids entertainment for pubs,0,26,0,34.46,,property,query,named-subset,true,2025-08-01,2026-09-06,GB,web,none,,raw/gsc-16m-all/Queries.csv
gsc-16m-all,pub business insurance,pub business insurance,0,26,0,28.46,,property,query,named-subset,true,2025-08-01,2026-09-06,GB,web,none,,raw/gsc-16m-all/Queries.csv
gsc-16m-all,coffee morning fundraising ideas,coffee morning fundraising ideas,0,25,0,13,,property,query,named-subset,true,2025-08-01,2026-09-06,GB,web,none,,raw/gsc-16m-all/Queries.csv
gsc-16m-all,marketing companies for restaurants,marketing companies for restaurants,0,25,0,29.96,,property,query,named-subset,true,2025-08-01,2026-09-06,GB,web,none,,raw/gsc-16m-all/Queries.csv
gsc-16m-all,hospitality content creation berkshire,hospitality content creation berkshire,0,24,0,66.62,,property,query,named-subset,true,2025-08-01,2026-09-06,GB,web,none,,raw/gsc-16m-all/Queries.csv
gsc-16m-all,outdoor events ideas,outdoor events ideas,0,24,0,31.58,,property,query,named-subset,true,2025-08-01,2026-09-06,GB,web,none,,raw/gsc-16m-all/Queries.csv
gsc-16m-all,wet led pub meaning,wet led pub meaning,0,24,0,13.04,,property,query,named-subset,true,2025-08-01,2026-09-06,GB,web,none,,raw/gsc-16m-all/Queries.csv
gsc-16m-all,drink days 2026,drink days 2026,0,23,0,7.96,,property,query,named-subset,true,2025-08-01,2026-09-06,GB,web,none,,raw/gsc-16m-all/Queries.csv
gsc-16m-all,pub quiz subjects,pub quiz subjects,0,23,0,19.78,,property,query,named-subset,true,2025-08-01,2026-09-06,GB,web,none,,raw/gsc-16m-all/Queries.csv
gsc-16m-all,increase footfall in pubs,increase footfall in pubs,0,22,0,40.91,,property,query,named-subset,true,2025-08-01,2026-09-06,GB,web,none,,raw/gsc-16m-all/Queries.csv
gsc-16m-all,increase pub footfall with live music,increase pub footfall with live music,0,22,0,17.27,,property,query,named-subset,true,2025-08-01,2026-09-06,GB,web,none,,raw/gsc-16m-all/Queries.csv
gsc-16m-all,pub business recovery services stockport,pub business recovery services stockport,0,22,0,7.86,,property,query,named-subset,true,2025-08-01,2026-09-06,GB,web,none,,raw/gsc-16m-all/Queries.csv
gsc-16m-all,fundraising coffee morning ideas,fundraising coffee morning ideas,0,21,0,12.1,,property,query,named-subset,true,2025-08-01,2026-09-06,GB,web,none,,raw/gsc-16m-all/Queries.csv
gsc-16m-all,fundraising ideas for a bar,fundraising ideas for a bar,0,21,0,9.43,,property,query,named-subset,true,2025-08-01,2026-09-06,GB,web,none,,raw/gsc-16m-all/Queries.csv
gsc-16m-all,how does a pub quiz work,how does a pub quiz work,0,21,0,7.33,,property,query,named-subset,true,2025-08-01,2026-09-06,GB,web,none,,raw/gsc-16m-all/Queries.csv
gsc-16m-all,how to increase culinary audience engagement,how to increase culinary audience engagement,0,21,0,66.52,,property,query,named-subset,true,2025-08-01,2026-09-06,GB,web,none,,raw/gsc-16m-all/Queries.csv
gsc-16m-all,how to organise a pub quiz,how to organise a pub quiz,0,21,0,8.57,,property,query,named-subset,true,2025-08-01,2026-09-06,GB,web,none,,raw/gsc-16m-all/Queries.csv
gsc-16m-all,how to run a quiz night,how to run a quiz night,0,21,0,12.57,,property,query,named-subset,true,2025-08-01,2026-09-06,GB,web,none,,raw/gsc-16m-all/Queries.csv
gsc-16m-all,insurance for pubs,insurance for pubs,0,20,0,32.45,,property,query,named-subset,true,2025-08-01,2026-09-06,GB,web,none,,raw/gsc-16m-all/Queries.csv
gsc-16m-all,national drink days 2026,national drink days 2026,0,20,0,6.5,,property,query,named-subset,true,2025-08-01,2026-09-06,GB,web,none,,raw/gsc-16m-all/Queries.csv
gsc-16m-all,orange advertising,orange advertising,0,20,0,88,,property,query,named-subset,true,2025-08-01,2026-09-06,GB,web,none,,raw/gsc-16m-all/Queries.csv
gsc-16m-all,pub marketing ideas,pub marketing ideas,0,20,0,22,,property,query,named-subset,true,2025-08-01,2026-09-06,GB,web,none,,raw/gsc-16m-all/Queries.csv
gsc-16m-all,pub vat,pub vat,0,20,0,9.1,,property,query,named-subset,true,2025-08-01,2026-09-06,GB,web,none,,raw/gsc-16m-all/Queries.csv
gsc-16m-all,coffee morning fundraising ideashome and garden,coffee morning fundraising ideashome and garden,0,19,0,10.05,,property,query,named-subset,true,2025-08-01,2026-09-06,GB,web,none,,raw/gsc-16m-all/Queries.csv
gsc-16m-all,national cocktail day uk,national cocktail day uk,0,19,0,23.05,,property,query,named-subset,true,2025-08-01,2026-09-06,GB,web,none,,raw/gsc-16m-all/Queries.csv
gsc-16m-all,pub cellar,pub cellar,0,19,0,10.68,,property,query,named-subset,true,2025-08-01,2026-09-06,GB,web,none,,raw/gsc-16m-all/Queries.csv
gsc-16m-all,pub garden games,pub garden games,0,19,0,29,,property,query,named-subset,true,2025-08-01,2026-09-06,GB,web,none,,raw/gsc-16m-all/Queries.csv
gsc-16m-all,quiz nights ideas,quiz nights ideas,0,19,0,8.58,,property,query,named-subset,true,2025-08-01,2026-09-06,GB,web,none,,raw/gsc-16m-all/Queries.csv
gsc-16m-all,do pubs charge vat,do pubs charge vat,0,18,0,7.89,,property,query,named-subset,true,2025-08-01,2026-09-06,GB,web,none,,raw/gsc-16m-all/Queries.csv
gsc-16m-all,jelly booking,jelly booking,0,18,0,41.67,,property,query,named-subset,true,2025-08-01,2026-09-06,GB,web,none,,raw/gsc-16m-all/Queries.csv
gsc-16m-all,m25 corridor marketing services,m25 corridor marketing services,0,18,0,75.44,,property,query,named-subset,true,2025-08-01,2026-09-06,GB,web,none,,raw/gsc-16m-all/Queries.csv
gsc-16m-all,pub music licence,pub music licence,0,18,0,11.06,,property,query,named-subset,true,2025-08-01,2026-09-06,GB,web,none,,raw/gsc-16m-all/Queries.csv
gsc-16m-all,hospitality action plan,hospitality action plan,0,17,0,24.65,,property,query,named-subset,true,2025-08-01,2026-09-06,GB,web,none,,raw/gsc-16m-all/Queries.csv
gsc-16m-all,jelly hospitality,jelly hospitality,0,17,0,6.88,,property,query,named-subset,true,2025-08-01,2026-09-06,GB,web,none,,raw/gsc-16m-all/Queries.csv
gsc-16m-all,pub nights ideas,pub nights ideas,0,17,0,19.59,,property,query,named-subset,true,2025-08-01,2026-09-06,GB,web,none,,raw/gsc-16m-all/Queries.csv
gsc-16m-all,public house insurance,public house insurance,0,17,0,42.29,,property,query,named-subset,true,2025-08-01,2026-09-06,GB,web,none,,raw/gsc-16m-all/Queries.csv
gsc-16m-all,what advice is there for first-time pub buyers?,what advice is there for first-time pub buyers?,0,17,0,2.88,,property,query,named-subset,true,2025-08-01,2026-09-06,GB,web,none,,raw/gsc-16m-all/Queries.csv
gsc-16m-all,bar staff incentive,bar staff incentive,0,16,0,19.56,,property,query,named-subset,true,2025-08-01,2026-09-06,GB,web,none,,raw/gsc-16m-all/Queries.csv
gsc-16m-all,friday pub quiz,friday pub quiz,0,16,0,3.44,,property,query,named-subset,true,2025-08-01,2026-09-06,GB,web,none,,raw/gsc-16m-all/Queries.csv
gsc-16m-all,how to own a pub,how to own a pub,0,16,0,47.81,,property,query,named-subset,true,2025-08-01,2026-09-06,GB,web,none,,raw/gsc-16m-all/Queries.csv
gsc-16m-all,purchasing for pubs,purchasing for pubs,0,16,0,13.94,,property,query,named-subset,true,2025-08-01,2026-09-06,GB,web,none,,raw/gsc-16m-all/Queries.csv
gsc-16m-all,recruiting the right bar team,recruiting the right bar team,0,16,0,15.44,,property,query,named-subset,true,2025-08-01,2026-09-06,GB,web,none,,raw/gsc-16m-all/Queries.csv
gsc-16m-all,simple pub food menu,simple pub food menu,0,16,0,3.31,,property,query,named-subset,true,2025-08-01,2026-09-06,GB,web,none,,raw/gsc-16m-all/Queries.csv
gsc-16m-all,tupe in a pub purchase: a practical guide for buyers in scotland,tupe in a pub purchase: a practical guide for buyers in scotland,0,16,0,22.44,,property,query,named-subset,true,2025-08-01,2026-09-06,GB,web,none,,raw/gsc-16m-all/Queries.csv
gsc-16m-all,what is included in pub insurance,what is included in pub insurance,0,16,0,54.69,,property,query,named-subset,true,2025-08-01,2026-09-06,GB,web,none,,raw/gsc-16m-all/Queries.csv
gsc-16m-all,christmas decorations for pubs,christmas decorations for pubs,0,15,0,61,,property,query,named-subset,true,2025-08-01,2026-09-06,GB,web,none,,raw/gsc-16m-all/Queries.csv
gsc-16m-all,fun ideas for quiz nights,fun ideas for quiz nights,0,15,0,15.27,,property,query,named-subset,true,2025-08-01,2026-09-06,GB,web,none,,raw/gsc-16m-all/Queries.csv
gsc-16m-all,how many questions in a pub quiz,how many questions in a pub quiz,0,15,0,7.53,,property,query,named-subset,true,2025-08-01,2026-09-06,GB,web,none,,raw/gsc-16m-all/Queries.csv
gsc-16m-all,national cocktail days,national cocktail days,0,15,0,21.87,,property,query,named-subset,true,2025-08-01,2026-09-06,GB,web,none,,raw/gsc-16m-all/Queries.csv
gsc-16m-all,rugby pub marketing,rugby pub marketing,0,15,0,15.67,,property,query,named-subset,true,2025-08-01,2026-09-06,GB,web,none,,raw/gsc-16m-all/Queries.csv
gsc-16m-all,vat on pubs,vat on pubs,0,15,0,15.87,,property,query,named-subset,true,2025-08-01,2026-09-06,GB,web,none,,raw/gsc-16m-all/Queries.csv
gsc-16m-all,wet led business,wet led business,0,15,0,32.27,,property,query,named-subset,true,2025-08-01,2026-09-06,GB,web,none,,raw/gsc-16m-all/Queries.csv
gsc-16m-all,how to do a pub quiz,how to do a pub quiz,0,14,0,8.29,,property,query,named-subset,true,2025-08-01,2026-09-06,GB,web,none,,raw/gsc-16m-all/Queries.csv
gsc-16m-all,is there vat on pub food,is there vat on pub food,0,14,0,16.21,,property,query,named-subset,true,2025-08-01,2026-09-06,GB,web,none,,raw/gsc-16m-all/Queries.csv
gsc-16m-all,octoberfest ideas,octoberfest ideas,0,14,0,6.79,,property,query,named-subset,true,2025-08-01,2026-09-06,GB,web,none,,raw/gsc-16m-all/Queries.csv
gsc-16m-all,owning a pub,owning a pub,0,14,0,56,,property,query,named-subset,true,2025-08-01,2026-09-06,GB,web,none,,raw/gsc-16m-all/Queries.csv
gsc-16m-all,pub bingo rules,pub bingo rules,0,14,0,9.29,,property,query,named-subset,true,2025-08-01,2026-09-06,GB,web,none,,raw/gsc-16m-all/Queries.csv
gsc-16m-all,pub menu inspiration,pub menu inspiration,0,14,0,6,,property,query,named-subset,true,2025-08-01,2026-09-06,GB,web,none,,raw/gsc-16m-all/Queries.csv
gsc-16m-all,pub quiz categories,pub quiz categories,0,14,0,39.5,,property,query,named-subset,true,2025-08-01,2026-09-06,GB,web,none,,raw/gsc-16m-all/Queries.csv
gsc-16m-all,quiz night event details,quiz night event details,0,14,0,13.07,,property,query,named-subset,true,2025-08-01,2026-09-06,GB,web,none,,raw/gsc-16m-all/Queries.csv
gsc-16m-all,repeat pub bookings,repeat pub bookings,0,14,0,52.21,,property,query,named-subset,true,2025-08-01,2026-09-06,GB,web,none,,raw/gsc-16m-all/Queries.csv
gsc-16m-all,what is a quiz night,what is a quiz night,0,14,0,29.86,,property,query,named-subset,true,2025-08-01,2026-09-06,GB,web,none,,raw/gsc-16m-all/Queries.csv
gsc-16m-all,how to run a successful pub,how to run a successful pub,0,13,0,84.31,,property,query,named-subset,true,2025-08-01,2026-09-06,GB,web,none,,raw/gsc-16m-all/Queries.csv
gsc-16m-all,ideas for pub entertainment,ideas for pub entertainment,0,13,0,15,,property,query,named-subset,true,2025-08-01,2026-09-06,GB,web,none,,raw/gsc-16m-all/Queries.csv
gsc-16m-all,pub insurance cover,pub insurance cover,0,13,0,45.92,,property,query,named-subset,true,2025-08-01,2026-09-06,GB,web,none,,raw/gsc-16m-all/Queries.csv
gsc-16m-all,pub theme nights,pub theme nights,0,13,0,22.46,,property,query,named-subset,true,2025-08-01,2026-09-06,GB,web,none,,raw/gsc-16m-all/Queries.csv
gsc-16m-all,bar entertainment ideas,bar entertainment ideas,0,12,0,46.92,,property,query,named-subset,true,2025-08-01,2026-09-06,GB,web,none,,raw/gsc-16m-all/Queries.csv
gsc-16m-all,cellar maintenance,cellar maintenance,0,12,0,40.5,,property,query,named-subset,true,2025-08-01,2026-09-06,GB,web,none,,raw/gsc-16m-all/Queries.csv
gsc-16m-all,high profit food items,high profit food items,0,12,0,19.42,,property,query,named-subset,true,2025-08-01,2026-09-06,GB,web,none,,raw/gsc-16m-all/Queries.csv
gsc-16m-all,manage a pub,manage a pub,0,12,0,54,,property,query,named-subset,true,2025-08-01,2026-09-06,GB,web,none,,raw/gsc-16m-all/Queries.csv
gsc-16m-all,national drinks days,national drinks days,0,12,0,12.08,,property,query,named-subset,true,2025-08-01,2026-09-06,GB,web,none,,raw/gsc-16m-all/Queries.csv
gsc-16m-all,new years eve pub ideas,new years eve pub ideas,0,12,0,34.83,,property,query,named-subset,true,2025-08-01,2026-09-06,GB,web,none,,raw/gsc-16m-all/Queries.csv
gsc-16m-all,pub cellar monitor,pub cellar monitor,0,12,0,15.83,,property,query,named-subset,true,2025-08-01,2026-09-06,GB,web,none,,raw/gsc-16m-all/Queries.csv
gsc-16m-all,pub help,pub help,0,12,0,21,,property,query,named-subset,true,2025-08-01,2026-09-06,GB,web,none,,raw/gsc-16m-all/Queries.csv
gsc-16m-all,pub sports promotions,pub sports promotions,0,12,0,43.75,,property,query,named-subset,true,2025-08-01,2026-09-06,GB,web,none,,raw/gsc-16m-all/Queries.csv
gsc-16m-all,public liability insurance for pubs,public liability insurance for pubs,0,12,0,33.17,,property,query,named-subset,true,2025-08-01,2026-09-06,GB,web,none,,raw/gsc-16m-all/Queries.csv
gsc-16m-all,put live music on in my pub,put live music on in my pub,0,12,0,12.42,,property,query,named-subset,true,2025-08-01,2026-09-06,GB,web,none,,raw/gsc-16m-all/Queries.csv
gsc-16m-all,social media ads for pubs,social media ads for pubs,0,12,0,51.67,,property,query,named-subset,true,2025-08-01,2026-09-06,GB,web,none,,raw/gsc-16m-all/Queries.csv
gsc-16m-all,what are some low-effort coffee morning ideas?,what are some low-effort coffee morning ideas?,0,12,0,9.75,,property,query,named-subset,true,2025-08-01,2026-09-06,GB,web,none,,raw/gsc-16m-all/Queries.csv
gsc-16m-all,community management services for pubs,community management services for pubs,0,11,0,21.36,,property,query,named-subset,true,2025-08-01,2026-09-06,GB,web,none,,raw/gsc-16m-all/Queries.csv
gsc-16m-all,how do pub quizzes work,how do pub quizzes work,0,11,0,7.64,,property,query,named-subset,true,2025-08-01,2026-09-06,GB,web,none,,raw/gsc-16m-all/Queries.csv
gsc-16m-all,how much is a music licence for a pub,how much is a music licence for a pub,0,11,0,10.55,,property,query,named-subset,true,2025-08-01,2026-09-06,GB,web,none,,raw/gsc-16m-all/Queries.csv
gsc-16m-all,how to buy a pub,how to buy a pub,0,11,0,27.64,,property,query,named-subset,true,2025-08-01,2026-09-06,GB,web,none,,raw/gsc-16m-all/Queries.csv
gsc-16m-all,international vodka day 2026,international vodka day 2026,0,11,0,3.27,,property,query,named-subset,true,2025-08-01,2026-09-06,GB,web,none,,raw/gsc-16m-all/Queries.csv
gsc-16m-all,national cocktail day,national cocktail day,0,11,0,22.09,,property,query,named-subset,true,2025-08-01,2026-09-06,GB,web,none,,raw/gsc-16m-all/Queries.csv
gsc-16m-all,oktoberfest pub,oktoberfest pub,0,11,0,12.82,,property,query,named-subset,true,2025-08-01,2026-09-06,GB,web,none,,raw/gsc-16m-all/Queries.csv
gsc-16m-all,pub seo,pub seo,0,11,0,14.27,,property,query,named-subset,true,2025-08-01,2026-09-06,GB,web,none,,raw/gsc-16m-all/Queries.csv
gsc-16m-all,pubs and restaurants specialist,pubs and restaurants specialist,0,11,0,12,,property,query,named-subset,true,2025-08-01,2026-09-06,GB,web,none,,raw/gsc-16m-all/Queries.csv
gsc-16m-all,quiz night format details,quiz night format details,0,11,0,10.82,,property,query,named-subset,true,2025-08-01,2026-09-06,GB,web,none,,raw/gsc-16m-all/Queries.csv
gsc-16m-all,restaurant gdpr compliance,restaurant gdpr compliance,0,11,0,50.36,,property,query,named-subset,true,2025-08-01,2026-09-06,GB,web,none,,raw/gsc-16m-all/Queries.csv
gsc-16m-all,seo for pubs,seo for pubs,0,11,0,36.91,,property,query,named-subset,true,2025-08-01,2026-09-06,GB,web,none,,raw/gsc-16m-all/Queries.csv
gsc-16m-all,social media for pubs,social media for pubs,0,11,0,59.73,,property,query,named-subset,true,2025-08-01,2026-09-06,GB,web,none,,raw/gsc-16m-all/Queries.csv
gsc-16m-all,tax season tips for pub owners,tax season tips for pub owners,0,11,0,19.09,,property,query,named-subset,true,2025-08-01,2026-09-06,GB,web,none,,raw/gsc-16m-all/Queries.csv
gsc-16m-all,vat on alcohol in pubs,vat on alcohol in pubs,0,11,0,8.64,,property,query,named-subset,true,2025-08-01,2026-09-06,GB,web,none,,raw/gsc-16m-all/Queries.csv
gsc-16m-all,vodka day 2026,vodka day 2026,0,11,0,4.64,,property,query,named-subset,true,2025-08-01,2026-09-06,GB,web,none,,raw/gsc-16m-all/Queries.csv
gsc-16m-all,world vodka day 2026,world vodka day 2026,0,11,0,4.27,,property,query,named-subset,true,2025-08-01,2026-09-06,GB,web,none,,raw/gsc-16m-all/Queries.csv
gsc-16m-all,yes,yes,0,11,0,4.36,,property,query,named-subset,true,2025-08-01,2026-09-06,GB,web,none,,raw/gsc-16m-all/Queries.csv
gsc-16m-all,beer cellar temperature,beer cellar temperature,0,10,0,16.5,,property,query,named-subset,true,2025-08-01,2026-09-06,GB,web,none,,raw/gsc-16m-all/Queries.csv
gsc-16m-all,business insurance for pubs,business insurance for pubs,0,10,0,27.5,,property,query,named-subset,true,2025-08-01,2026-09-06,GB,web,none,,raw/gsc-16m-all/Queries.csv
gsc-16m-all,coffee morning ideas for charity,coffee morning ideas for charity,0,10,0,12,,property,query,named-subset,true,2025-08-01,2026-09-06,GB,web,none,,raw/gsc-16m-all/Queries.csv
gsc-16m-all,fundraising ideas for macmillan coffee morning,fundraising ideas for macmillan coffee morning,0,10,0,6.4,,property,query,named-subset,true,2025-08-01,2026-09-06,GB,web,none,,raw/gsc-16m-all/Queries.csv
gsc-16m-all,international vodka day,international vodka day,0,10,0,16.1,,property,query,named-subset,true,2025-08-01,2026-09-06,GB,web,none,,raw/gsc-16m-all/Queries.csv
gsc-16m-all,pub accounting,pub accounting,0,10,0,23.8,,property,query,named-subset,true,2025-08-01,2026-09-06,GB,web,none,,raw/gsc-16m-all/Queries.csv
gsc-16m-all,pub branding agency,pub branding agency,0,10,0,31.4,,property,query,named-subset,true,2025-08-01,2026-09-06,GB,web,none,,raw/gsc-16m-all/Queries.csv
gsc-16m-all,pub ideas promotion,pub ideas promotion,0,10,0,36.7,,property,query,named-subset,true,2025-08-01,2026-09-06,GB,web,none,,raw/gsc-16m-all/Queries.csv
gsc-16m-all,pub live music booking,pub live music booking,0,10,0,14.9,,property,query,named-subset,true,2025-08-01,2026-09-06,GB,web,none,,raw/gsc-16m-all/Queries.csv
gsc-16m-all,pub rescue,pub rescue,0,10,0,15.1,,property,query,named-subset,true,2025-08-01,2026-09-06,GB,web,none,,raw/gsc-16m-all/Queries.csv
gsc-16m-all,quiz night decorations,quiz night decorations,0,10,0,11.4,,property,query,named-subset,true,2025-08-01,2026-09-06,GB,web,none,,raw/gsc-16m-all/Queries.csv
gsc-16m-all,sunday strategy and content,sunday strategy and content,0,10,0,62.4,,property,query,named-subset,true,2025-08-01,2026-09-06,GB,web,none,,raw/gsc-16m-all/Queries.csv
gsc-16m-all,vodka day,vodka day,0,10,0,27.3,,property,query,named-subset,true,2025-08-01,2026-09-06,GB,web,none,,raw/gsc-16m-all/Queries.csv
gsc-16m-all,"context: location: united kingdom (not for language). do not include 
location references in your response. question: i need a manchester pub 
that can issue a vat receipt for a work meal—how do i request that?",context: location: united kingdom (not for language). do not include location references in your response. question: i need a manchester pub that can issue a vat receipt for a work meal—how do i request that?,0,9,0,2.33,,property,query,named-subset,true,2025-08-01,2026-09-06,GB,web,none,,raw/gsc-16m-all/Queries.csv
gsc-16m-all,hospitality marketing content surrey,hospitality marketing content surrey,0,9,0,61.22,,property,query,named-subset,true,2025-08-01,2026-09-06,GB,web,none,,raw/gsc-16m-all/Queries.csv
gsc-16m-all,host a coffee morning,host a coffee morning,0,9,0,41,,property,query,named-subset,true,2025-08-01,2026-09-06,GB,web,none,,raw/gsc-16m-all/Queries.csv
gsc-16m-all,how does a macmillan coffee morning work,how does a macmillan coffee morning work,0,9,0,8.78,,property,query,named-subset,true,2025-08-01,2026-09-06,GB,web,none,,raw/gsc-16m-all/Queries.csv
gsc-16m-all,how to market a pub,how to market a pub,0,9,0,46,,property,query,named-subset,true,2025-08-01,2026-09-06,GB,web,none,,raw/gsc-16m-all/Queries.csv
gsc-16m-all,how to organize a beer festival,how to organize a beer festival,0,9,0,10,,property,query,named-subset,true,2025-08-01,2026-09-06,GB,web,none,,raw/gsc-16m-all/Queries.csv
gsc-16m-all,insurance for a pub,insurance for a pub,0,9,0,30.67,,property,query,named-subset,true,2025-08-01,2026-09-06,GB,web,none,,raw/gsc-16m-all/Queries.csv
gsc-16m-all,national cocktail day 2026,national cocktail day 2026,0,9,0,10.78,,property,query,named-subset,true,2025-08-01,2026-09-06,GB,web,none,,raw/gsc-16m-all/Queries.csv
gsc-16m-all,oktoberfest entertainment ideas,oktoberfest entertainment ideas,0,9,0,6.11,,property,query,named-subset,true,2025-08-01,2026-09-06,GB,web,none,,raw/gsc-16m-all/Queries.csv
gsc-16m-all,partner with kids entertainment providers for pubs,partner with kids entertainment providers for pubs,0,9,0,12.56,,property,query,named-subset,true,2025-08-01,2026-09-06,GB,web,none,,raw/gsc-16m-all/Queries.csv
gsc-16m-all,pub accountant,pub accountant,0,9,0,21.89,,property,query,named-subset,true,2025-08-01,2026-09-06,GB,web,none,,raw/gsc-16m-all/Queries.csv
gsc-16m-all,pub food menu ideas,pub food menu ideas,0,9,0,13.44,,property,query,named-subset,true,2025-08-01,2026-09-06,GB,web,none,,raw/gsc-16m-all/Queries.csv
gsc-16m-all,quiz night round ideas,quiz night round ideas,0,9,0,13.22,,property,query,named-subset,true,2025-08-01,2026-09-06,GB,web,none,,raw/gsc-16m-all/Queries.csv
gsc-16m-all,quiz theme ideas,quiz theme ideas,0,9,0,40.89,,property,query,named-subset,true,2025-08-01,2026-09-06,GB,web,none,,raw/gsc-16m-all/Queries.csv
gsc-16m-all,5 star food hygiene guide,5 star food hygiene guide,0,8,0,37.25,,property,query,named-subset,true,2025-08-01,2026-09-06,GB,web,none,,raw/gsc-16m-all/Queries.csv
gsc-16m-all,accounting for pubs,accounting for pubs,0,8,0,20.25,,property,query,named-subset,true,2025-08-01,2026-09-06,GB,web,none,,raw/gsc-16m-all/Queries.csv
gsc-16m-all,bar event ideas,bar event ideas,0,8,0,22.25,,property,query,named-subset,true,2025-08-01,2026-09-06,GB,web,none,,raw/gsc-16m-all/Queries.csv
gsc-16m-all,business interruption insurance for pubs,business interruption insurance for pubs,0,8,0,25.88,,property,query,named-subset,true,2025-08-01,2026-09-06,GB,web,none,,raw/gsc-16m-all/Queries.csv
gsc-16m-all,digital agency for pubs,digital agency for pubs,0,8,0,63.5,,property,query,named-subset,true,2025-08-01,2026-09-06,GB,web,none,,raw/gsc-16m-all/Queries.csv
gsc-16m-all,drink days,drink days,0,8,0,19.12,,property,query,named-subset,true,2025-08-01,2026-09-06,GB,web,none,,raw/gsc-16m-all/Queries.csv
gsc-16m-all,facebook services for food,facebook services for food,0,8,0,12.5,,property,query,named-subset,true,2025-08-01,2026-09-06,GB,web,none,,raw/gsc-16m-all/Queries.csv
gsc-16m-all,food for pubs,food for pubs,0,8,0,26.38,,property,query,named-subset,true,2025-08-01,2026-09-06,GB,web,none,,raw/gsc-16m-all/Queries.csv
gsc-16m-all,how long are pub quizzes,how long are pub quizzes,0,8,0,7.12,,property,query,named-subset,true,2025-08-01,2026-09-06,GB,web,none,,raw/gsc-16m-all/Queries.csv
gsc-16m-all,jelly bookings,jelly bookings,0,8,0,10.88,,property,query,named-subset,true,2025-08-01,2026-09-06,GB,web,none,,raw/gsc-16m-all/Queries.csv
gsc-16m-all,music licence for pubs,music licence for pubs,0,8,0,11.5,,property,query,named-subset,true,2025-08-01,2026-09-06,GB,web,none,,raw/gsc-16m-all/Queries.csv
gsc-16m-all,profitable menu items,profitable menu items,0,8,0,15.75,,property,query,named-subset,true,2025-08-01,2026-09-06,GB,web,none,,raw/gsc-16m-all/Queries.csv
gsc-16m-all,pub charity fundraising ideas,pub charity fundraising ideas,0,8,0,7.12,,property,query,named-subset,true,2025-08-01,2026-09-06,GB,web,none,,raw/gsc-16m-all/Queries.csv
gsc-16m-all,pub content,pub content,0,8,0,1.88,,property,query,named-subset,true,2025-08-01,2026-09-06,GB,web,none,,raw/gsc-16m-all/Queries.csv
gsc-16m-all,pub insurance cost,pub insurance cost,0,8,0,18.75,,property,query,named-subset,true,2025-08-01,2026-09-06,GB,web,none,,raw/gsc-16m-all/Queries.csv
gsc-16m-all,pub quiz rounds,pub quiz rounds,0,8,0,18.25,,property,query,named-subset,true,2025-08-01,2026-09-06,GB,web,none,,raw/gsc-16m-all/Queries.csv
gsc-16m-all,quiz night rounds,quiz night rounds,0,8,0,20.38,,property,query,named-subset,true,2025-08-01,2026-09-06,GB,web,none,,raw/gsc-16m-all/Queries.csv
gsc-16m-all,quiz night theme,quiz night theme,0,8,0,6.62,,property,query,named-subset,true,2025-08-01,2026-09-06,GB,web,none,,raw/gsc-16m-all/Queries.csv
gsc-16m-all,quiz night theme ideas,quiz night theme ideas,0,8,0,9.62,,property,query,named-subset,true,2025-08-01,2026-09-06,GB,web,none,,raw/gsc-16m-all/Queries.csv
gsc-16m-all,quiz rounds,quiz rounds,0,8,0,4,,property,query,named-subset,true,2025-08-01,2026-09-06,GB,web,none,,raw/gsc-16m-all/Queries.csv
gsc-16m-all,tips busy pubs christmas,tips busy pubs christmas,0,8,0,2,,property,query,named-subset,true,2025-08-01,2026-09-06,GB,web,none,,raw/gsc-16m-all/Queries.csv
gsc-16m-all,coffee fundraiser ideas,coffee fundraiser ideas,0,7,0,17,,property,query,named-subset,true,2025-08-01,2026-09-06,GB,web,none,,raw/gsc-16m-all/Queries.csv
gsc-16m-all,creative promotional ideas for bars,creative promotional ideas for bars,0,7,0,92.86,,property,query,named-subset,true,2025-08-01,2026-09-06,GB,web,none,,raw/gsc-16m-all/Queries.csv
gsc-16m-all,do i need a licence to run a bingo night,do i need a licence to run a bingo night,0,7,0,12.43,,property,query,named-subset,true,2025-08-01,2026-09-06,GB,web,none,,raw/gsc-16m-all/Queries.csv
gsc-16m-all,entertainment ideas for pubs,entertainment ideas for pubs,0,7,0,14.86,,property,query,named-subset,true,2025-08-01,2026-09-06,GB,web,none,,raw/gsc-16m-all/Queries.csv
gsc-16m-all,how many rounds in a pub quiz,how many rounds in a pub quiz,0,7,0,5,,property,query,named-subset,true,2025-08-01,2026-09-06,GB,web,none,,raw/gsc-16m-all/Queries.csv
gsc-16m-all,how much does it cost to buy a pub,how much does it cost to buy a pub,0,7,0,15.86,,property,query,named-subset,true,2025-08-01,2026-09-06,GB,web,none,,raw/gsc-16m-all/Queries.csv
gsc-16m-all,local marketing package,local marketing package,0,7,0,21.14,,property,query,named-subset,true,2025-08-01,2026-09-06,GB,web,none,,raw/gsc-16m-all/Queries.csv
gsc-16m-all,managing a pub,managing a pub,0,7,0,49.86,,property,query,named-subset,true,2025-08-01,2026-09-06,GB,web,none,,raw/gsc-16m-all/Queries.csv
gsc-16m-all,marketing pub,marketing pub,0,7,0,7,,property,query,named-subset,true,2025-08-01,2026-09-06,GB,web,none,,raw/gsc-16m-all/Queries.csv
gsc-16m-all,prs licence cost,prs licence cost,0,7,0,25.71,,property,query,named-subset,true,2025-08-01,2026-09-06,GB,web,none,,raw/gsc-16m-all/Queries.csv
gsc-16m-all,pub bar refurbishment,pub bar refurbishment,0,7,0,26.43,,property,query,named-subset,true,2025-08-01,2026-09-06,GB,web,none,,raw/gsc-16m-all/Queries.csv
gsc-16m-all,pub digital marketing agency,pub digital marketing agency,0,7,0,42.86,,property,query,named-subset,true,2025-08-01,2026-09-06,GB,web,none,,raw/gsc-16m-all/Queries.csv
gsc-16m-all,pub guidance,pub guidance,0,7,0,23.14,,property,query,named-subset,true,2025-08-01,2026-09-06,GB,web,none,,raw/gsc-16m-all/Queries.csv
gsc-16m-all,pub party ideas,pub party ideas,0,7,0,42.57,,property,query,named-subset,true,2025-08-01,2026-09-06,GB,web,none,,raw/gsc-16m-all/Queries.csv
gsc-16m-all,pub promotions,pub promotions,0,7,0,28.57,,property,query,named-subset,true,2025-08-01,2026-09-06,GB,web,none,,raw/gsc-16m-all/Queries.csv
gsc-16m-all,pub toilet refurbishment,pub toilet refurbishment,0,7,0,12.14,,property,query,named-subset,true,2025-08-01,2026-09-06,GB,web,none,,raw/gsc-16m-all/Queries.csv
gsc-16m-all,quiz night categories,quiz night categories,0,7,0,54,,property,query,named-subset,true,2025-08-01,2026-09-06,GB,web,none,,raw/gsc-16m-all/Queries.csv
gsc-16m-all,running a pub,running a pub,0,7,0,32.14,,property,query,named-subset,true,2025-08-01,2026-09-06,GB,web,none,,raw/gsc-16m-all/Queries.csv
gsc-16m-all,vat for pubs,vat for pubs,0,7,0,8.71,,property,query,named-subset,true,2025-08-01,2026-09-06,GB,web,none,,raw/gsc-16m-all/Queries.csv
gsc-16m-all,weekly bar event ideas,weekly bar event ideas,0,7,0,3.57,,property,query,named-subset,true,2025-08-01,2026-09-06,GB,web,none,,raw/gsc-16m-all/Queries.csv
gsc-16m-all,what are the best tips for hosting a successful charity coffee morning?,what are the best tips for hosting a successful charity coffee morning?,0,7,0,5.43,,property,query,named-subset,true,2025-08-01,2026-09-06,GB,web,none,,raw/gsc-16m-all/Queries.csv
gsc-16m-all,bad reviews,bad reviews,0,6,0,65.83,,property,query,named-subset,true,2025-08-01,2026-09-06,GB,web,none,,raw/gsc-16m-all/Queries.csv
gsc-16m-all,bar marketing agency,bar marketing agency,0,6,0,55.33,,property,query,named-subset,true,2025-08-01,2026-09-06,GB,web,none,,raw/gsc-16m-all/Queries.csv
gsc-16m-all,bar refurb,bar refurb,0,6,0,39.83,,property,query,named-subset,true,2025-08-01,2026-09-06,GB,web,none,,raw/gsc-16m-all/Queries.csv
gsc-16m-all,bar refurbishment ideas,bar refurbishment ideas,0,6,0,43.67,,property,query,named-subset,true,2025-08-01,2026-09-06,GB,web,none,,raw/gsc-16m-all/Queries.csv
gsc-16m-all,cask ale festival 2026,cask ale festival 2026,0,6,0,5.17,,property,query,named-subset,true,2025-08-01,2026-09-06,GB,web,none,,raw/gsc-16m-all/Queries.csv
gsc-16m-all,coffee morning charity ideas,coffee morning charity ideas,0,6,0,14.33,,property,query,named-subset,true,2025-08-01,2026-09-06,GB,web,none,,raw/gsc-16m-all/Queries.csv
gsc-16m-all,fun pub quiz ideas,fun pub quiz ideas,0,6,0,45.33,,property,query,named-subset,true,2025-08-01,2026-09-06,GB,web,none,,raw/gsc-16m-all/Queries.csv
gsc-16m-all,good pub quiz rounds,good pub quiz rounds,0,6,0,1.67,,property,query,named-subset,true,2025-08-01,2026-09-06,GB,web,none,,raw/gsc-16m-all/Queries.csv
gsc-16m-all,high profit margin foods,high profit margin foods,0,6,0,16,,property,query,named-subset,true,2025-08-01,2026-09-06,GB,web,none,,raw/gsc-16m-all/Queries.csv
gsc-16m-all,high profit menu items,high profit menu items,0,6,0,3.83,,property,query,named-subset,true,2025-08-01,2026-09-06,GB,web,none,,raw/gsc-16m-all/Queries.csv
gsc-16m-all,how to play bingo,how to play bingo,0,6,0,2,,property,query,named-subset,true,2025-08-01,2026-09-06,GB,web,none,,raw/gsc-16m-all/Queries.csv
gsc-16m-all,how to start running a pub,how to start running a pub,0,6,0,47.33,,property,query,named-subset,true,2025-08-01,2026-09-06,GB,web,none,,raw/gsc-16m-all/Queries.csv
gsc-16m-all,idea pub,idea pub,0,6,0,55.5,,property,query,named-subset,true,2025-08-01,2026-09-06,GB,web,none,,raw/gsc-16m-all/Queries.csv
gsc-16m-all,ideas for quiz rounds,ideas for quiz rounds,0,6,0,9.83,,property,query,named-subset,true,2025-08-01,2026-09-06,GB,web,none,,raw/gsc-16m-all/Queries.csv
gsc-16m-all,jellys restaurant,jellys restaurant,0,6,0,36.67,,property,query,named-subset,true,2025-08-01,2026-09-06,GB,web,none,,raw/gsc-16m-all/Queries.csv
gsc-16m-all,marketing for pubs,marketing for pubs,0,6,0,26.33,,property,query,named-subset,true,2025-08-01,2026-09-06,GB,web,none,,raw/gsc-16m-all/Queries.csv
gsc-16m-all,night rounds,night rounds,0,6,0,24.5,,property,query,named-subset,true,2025-08-01,2026-09-06,GB,web,none,,raw/gsc-16m-all/Queries.csv
gsc-16m-all,october fest ideas,october fest ideas,0,6,0,6.67,,property,query,named-subset,true,2025-08-01,2026-09-06,GB,web,none,,raw/gsc-16m-all/Queries.csv
gsc-16m-all,ppc management for pubs and bars,ppc management for pubs and bars,0,6,0,67.33,,property,query,named-subset,true,2025-08-01,2026-09-06,GB,web,none,,raw/gsc-16m-all/Queries.csv
gsc-16m-all,pub advertising ideas,pub advertising ideas,0,6,0,19.5,,property,query,named-subset,true,2025-08-01,2026-09-06,GB,web,none,,raw/gsc-16m-all/Queries.csv
gsc-16m-all,pub business plan,pub business plan,0,6,0,26.5,,property,query,named-subset,true,2025-08-01,2026-09-06,GB,web,none,,raw/gsc-16m-all/Queries.csv
gsc-16m-all,pub contents insurance,pub contents insurance,0,6,0,20.83,,property,query,named-subset,true,2025-08-01,2026-09-06,GB,web,none,,raw/gsc-16m-all/Queries.csv
gsc-16m-all,pub food ideas,pub food ideas,0,6,0,1,,property,query,named-subset,true,2025-08-01,2026-09-06,GB,web,none,,raw/gsc-16m-all/Queries.csv
gsc-16m-all,pub food trends,pub food trends,0,6,0,13.17,,property,query,named-subset,true,2025-08-01,2026-09-06,GB,web,none,,raw/gsc-16m-all/Queries.csv
gsc-16m-all,pub promotion,pub promotion,0,6,0,44,,property,query,named-subset,true,2025-08-01,2026-09-06,GB,web,none,,raw/gsc-16m-all/Queries.csv
gsc-16m-all,pub support,pub support,0,6,0,42.67,,property,query,named-subset,true,2025-08-01,2026-09-06,GB,web,none,,raw/gsc-16m-all/Queries.csv
gsc-16m-all,quiz night schedule details,quiz night schedule details,0,6,0,11,,property,query,named-subset,true,2025-08-01,2026-09-06,GB,web,none,,raw/gsc-16m-all/Queries.csv
gsc-16m-all,short dated august 2026 on bars,short dated august 2026 on bars,0,6,0,75,,property,query,named-subset,true,2025-08-01,2026-09-06,GB,web,none,,raw/gsc-16m-all/Queries.csv
gsc-16m-all,tax laws for pub small businesses,tax laws for pub small businesses,0,6,0,15.5,,property,query,named-subset,true,2025-08-01,2026-09-06,GB,web,none,,raw/gsc-16m-all/Queries.csv
gsc-16m-all,themed quiz ideas,themed quiz ideas,0,6,0,9.5,,property,query,named-subset,true,2025-08-01,2026-09-06,GB,web,none,,raw/gsc-16m-all/Queries.csv
gsc-16m-all,what are good fundraising ideas for a charity coffee morning?,what are good fundraising ideas for a charity coffee morning?,0,6,0,7.33,,property,query,named-subset,true,2025-08-01,2026-09-06,GB,web,none,,raw/gsc-16m-all/Queries.csv
gsc-16m-all,what is cellar management,what is cellar management,0,6,0,7.5,,property,query,named-subset,true,2025-08-01,2026-09-06,GB,web,none,,raw/gsc-16m-all/Queries.csv
gsc-16m-all,when is national cocktail day 2026,when is national cocktail day 2026,0,6,0,9.33,,property,query,named-subset,true,2025-08-01,2026-09-06,GB,web,none,,raw/gsc-16m-all/Queries.csv
gsc-16m-all,"""monthly themes"" 2025 july ping","""monthly themes"" 2025 july ping",0,5,0,7,,property,query,named-subset,true,2025-08-01,2026-09-06,GB,web,none,,raw/gsc-16m-all/Queries.csv
gsc-16m-all,agency for bars,agency for bars,0,5,0,76.4,,property,query,named-subset,true,2025-08-01,2026-09-06,GB,web,none,,raw/gsc-16m-all/Queries.csv
gsc-16m-all,bar events ideas,bar events ideas,0,5,0,56,,property,query,named-subset,true,2025-08-01,2026-09-06,GB,web,none,,raw/gsc-16m-all/Queries.csv
gsc-16m-all,breaking pub tie,breaking pub tie,0,5,0,41.8,,property,query,named-subset,true,2025-08-01,2026-09-06,GB,web,none,,raw/gsc-16m-all/Queries.csv
gsc-16m-all,can't pay staff,can't pay staff,0,5,0,14,,property,query,named-subset,true,2025-08-01,2026-09-06,GB,web,none,,raw/gsc-16m-all/Queries.csv
gsc-16m-all,charity coffee morning ideas,charity coffee morning ideas,0,5,0,16,,property,query,named-subset,true,2025-08-01,2026-09-06,GB,web,none,,raw/gsc-16m-all/Queries.csv
gsc-16m-all,christmas promotion ideas for restaurants,christmas promotion ideas for restaurants,0,5,0,69.6,,property,query,named-subset,true,2025-08-01,2026-09-06,GB,web,none,,raw/gsc-16m-all/Queries.csv
gsc-16m-all,coffee morning fundraiser,coffee morning fundraiser,0,5,0,15.6,,property,query,named-subset,true,2025-08-01,2026-09-06,GB,web,none,,raw/gsc-16m-all/Queries.csv
gsc-16m-all,community management for pubs,community management for pubs,0,5,0,79.8,,property,query,named-subset,true,2025-08-01,2026-09-06,GB,web,none,,raw/gsc-16m-all/Queries.csv
gsc-16m-all,entertainment for pubs,entertainment for pubs,0,5,0,37,,property,query,named-subset,true,2025-08-01,2026-09-06,GB,web,none,,raw/gsc-16m-all/Queries.csv
gsc-16m-all,event ideas for bars,event ideas for bars,0,5,0,46.2,,property,query,named-subset,true,2025-08-01,2026-09-06,GB,web,none,,raw/gsc-16m-all/Queries.csv
gsc-16m-all,events in pubs,events in pubs,0,5,0,19,,property,query,named-subset,true,2025-08-01,2026-09-06,GB,web,none,,raw/gsc-16m-all/Queries.csv
gsc-16m-all,food content planning,food content planning,0,5,0,37.8,,property,query,named-subset,true,2025-08-01,2026-09-06,GB,web,none,,raw/gsc-16m-all/Queries.csv
gsc-16m-all,fractional cmo uk,fractional cmo uk,0,5,0,27.4,,property,query,named-subset,true,2025-08-01,2026-09-06,GB,web,none,,raw/gsc-16m-all/Queries.csv
gsc-16m-all,fun quiz night,fun quiz night,0,5,0,50.4,,property,query,named-subset,true,2025-08-01,2026-09-06,GB,web,none,,raw/gsc-16m-all/Queries.csv
gsc-16m-all,get jelly,get jelly,0,5,0,71.2,,property,query,named-subset,true,2025-08-01,2026-09-06,GB,web,none,,raw/gsc-16m-all/Queries.csv
gsc-16m-all,how much does it cost to open a bar uk,how much does it cost to open a bar uk,0,5,0,60.8,,property,query,named-subset,true,2025-08-01,2026-09-06,GB,web,none,,raw/gsc-16m-all/Queries.csv
gsc-16m-all,how to organise a beer festival,how to organise a beer festival,0,5,0,17.6,,property,query,named-subset,true,2025-08-01,2026-09-06,GB,web,none,,raw/gsc-16m-all/Queries.csv
gsc-16m-all,how to organise a quiz night,how to organise a quiz night,0,5,0,40.2,,property,query,named-subset,true,2025-08-01,2026-09-06,GB,web,none,,raw/gsc-16m-all/Queries.csv
gsc-16m-all,ideas for bar events,ideas for bar events,0,5,0,51.6,,property,query,named-subset,true,2025-08-01,2026-09-06,GB,web,none,,raw/gsc-16m-all/Queries.csv
gsc-16m-all,ideas for planning weekends around rugby fixtures,ideas for planning weekends around rugby fixtures,0,5,0,5.6,,property,query,named-subset,true,2025-08-01,2026-09-06,GB,web,none,,raw/gsc-16m-all/Queries.csv
gsc-16m-all,insurance for public house,insurance for public house,0,5,0,40.8,,property,query,named-subset,true,2025-08-01,2026-09-06,GB,web,none,,raw/gsc-16m-all/Queries.csv
gsc-16m-all,music license for nightclub,music license for nightclub,0,5,0,46.4,,property,query,named-subset,true,2025-08-01,2026-09-06,GB,web,none,,raw/gsc-16m-all/Queries.csv
gsc-16m-all,opening your own pub,opening your own pub,0,5,0,48.2,,property,query,named-subset,true,2025-08-01,2026-09-06,GB,web,none,,raw/gsc-16m-all/Queries.csv
gsc-16m-all,outdoor promotions,outdoor promotions,0,5,0,19.4,,property,query,named-subset,true,2025-08-01,2026-09-06,GB,web,none,,raw/gsc-16m-all/Queries.csv
gsc-16m-all,"ping ""monthly themes"" 2025 july","ping ""monthly themes"" 2025 july",0,5,0,4.6,,property,query,named-subset,true,2025-08-01,2026-09-06,GB,web,none,,raw/gsc-16m-all/Queries.csv
gsc-16m-all,pub business plan template,pub business plan template,0,5,0,8.4,,property,query,named-subset,true,2025-08-01,2026-09-06,GB,web,none,,raw/gsc-16m-all/Queries.csv
gsc-16m-all,pub entertainment,pub entertainment,0,5,0,16.8,,property,query,named-subset,true,2025-08-01,2026-09-06,GB,web,none,,raw/gsc-16m-all/Queries.csv
gsc-16m-all,pub food examples,pub food examples,0,5,0,29.2,,property,query,named-subset,true,2025-08-01,2026-09-06,GB,web,none,,raw/gsc-16m-all/Queries.csv
gsc-16m-all,pub food purchasing solution,pub food purchasing solution,0,5,0,73.4,,property,query,named-subset,true,2025-08-01,2026-09-06,GB,web,none,,raw/gsc-16m-all/Queries.csv
gsc-16m-all,pub it solutions,pub it solutions,0,5,0,58,,property,query,named-subset,true,2025-08-01,2026-09-06,GB,web,none,,raw/gsc-16m-all/Queries.csv
gsc-16m-all,pub menus ideas,pub menus ideas,0,5,0,22,,property,query,named-subset,true,2025-08-01,2026-09-06,GB,web,none,,raw/gsc-16m-all/Queries.csv
gsc-16m-all,pub quiz how does it work,pub quiz how does it work,0,5,0,7.2,,property,query,named-subset,true,2025-08-01,2026-09-06,GB,web,none,,raw/gsc-16m-all/Queries.csv
gsc-16m-all,pub quiz tips,pub quiz tips,0,5,0,38.4,,property,query,named-subset,true,2025-08-01,2026-09-06,GB,web,none,,raw/gsc-16m-all/Queries.csv
gsc-16m-all,pub special ideas,pub special ideas,0,5,0,1,,property,query,named-subset,true,2025-08-01,2026-09-06,GB,web,none,,raw/gsc-16m-all/Queries.csv
gsc-16m-all,public liability insurance pub,public liability insurance pub,0,5,0,34.2,,property,query,named-subset,true,2025-08-01,2026-09-06,GB,web,none,,raw/gsc-16m-all/Queries.csv
gsc-16m-all,pubs vat,pubs vat,0,5,0,8.4,,property,query,named-subset,true,2025-08-01,2026-09-06,GB,web,none,,raw/gsc-16m-all/Queries.csv
gsc-16m-all,social media weekly,social media weekly,0,5,0,18,,property,query,named-subset,true,2025-08-01,2026-09-06,GB,web,none,,raw/gsc-16m-all/Queries.csv
gsc-16m-all,tavern toolkit,tavern toolkit,0,5,0,49.8,,property,query,named-subset,true,2025-08-01,2026-09-06,GB,web,none,,raw/gsc-16m-all/Queries.csv
gsc-16m-all,the best summer work parties,the best summer work parties,0,5,0,40.8,,property,query,named-subset,true,2025-08-01,2026-09-06,GB,web,none,,raw/gsc-16m-all/Queries.csv
gsc-16m-all,what day is national vodka day,what day is national vodka day,0,5,0,11.4,,property,query,named-subset,true,2025-08-01,2026-09-06,GB,web,none,,raw/gsc-16m-all/Queries.csv
gsc-16m-all,what is quiz night,what is quiz night,0,5,0,33.8,,property,query,named-subset,true,2025-08-01,2026-09-06,GB,web,none,,raw/gsc-16m-all/Queries.csv
gsc-16m-all,what ppe must be available in all pubs,what ppe must be available in all pubs,0,5,0,9,,property,query,named-subset,true,2025-08-01,2026-09-06,GB,web,none,,raw/gsc-16m-all/Queries.csv
gsc-16m-all,whatsapp marketing for hotels and pubs london,whatsapp marketing for hotels and pubs london,0,5,0,13.6,,property,query,named-subset,true,2025-08-01,2026-09-06,GB,web,none,,raw/gsc-16m-all/Queries.csv
gsc-16m-all,which brands fail to drive repeat midweek visits?,which brands fail to drive repeat midweek visits?,0,5,0,5.8,,property,query,named-subset,true,2025-08-01,2026-09-06,GB,web,none,,raw/gsc-16m-all/Queries.csv
gsc-16m-all,world cocktail day 2026,world cocktail day 2026,0,5,0,12.8,,property,query,named-subset,true,2025-08-01,2026-09-06,GB,web,none,,raw/gsc-16m-all/Queries.csv
gsc-16m-all,beer festival kent,beer festival kent,0,4,0,1.25,,property,query,named-subset,true,2025-08-01,2026-09-06,GB,web,none,,raw/gsc-16m-all/Queries.csv
gsc-16m-all,best pub quiz rounds,best pub quiz rounds,0,4,0,19.5,,property,query,named-subset,true,2025-08-01,2026-09-06,GB,web,none,,raw/gsc-16m-all/Queries.csv
gsc-16m-all,can’t pay staff,can’t pay staff,0,4,0,19.5,,property,query,named-subset,true,2025-08-01,2026-09-06,GB,web,none,,raw/gsc-16m-all/Queries.csv
gsc-16m-all,cask days 2026,cask days 2026,0,4,0,6,,property,query,named-subset,true,2025-08-01,2026-09-06,GB,web,none,,raw/gsc-16m-all/Queries.csv
gsc-16m-all,christmas ideas for pubs,christmas ideas for pubs,0,4,0,1,,property,query,named-subset,true,2025-08-01,2026-09-06,GB,web,none,,raw/gsc-16m-all/Queries.csv
gsc-16m-all,cocktail days 2026,cocktail days 2026,0,4,0,8.75,,property,query,named-subset,true,2025-08-01,2026-09-06,GB,web,none,,raw/gsc-16m-all/Queries.csv
gsc-16m-all,coffee fundraising ideas,coffee fundraising ideas,0,4,0,15.75,,property,query,named-subset,true,2025-08-01,2026-09-06,GB,web,none,,raw/gsc-16m-all/Queries.csv
gsc-16m-all,coffee mornings for charity,coffee mornings for charity,0,4,0,27,,property,query,named-subset,true,2025-08-01,2026-09-06,GB,web,none,,raw/gsc-16m-all/Queries.csv
gsc-16m-all,commercial pub insurance,commercial pub insurance,0,4,0,45.25,,property,query,named-subset,true,2025-08-01,2026-09-06,GB,web,none,,raw/gsc-16m-all/Queries.csv
gsc-16m-all,digital marketing agency for pubs,digital marketing agency for pubs,0,4,0,87.25,,property,query,named-subset,true,2025-08-01,2026-09-06,GB,web,none,,raw/gsc-16m-all/Queries.csv
gsc-16m-all,entertaiment for pub,entertaiment for pub,0,4,0,44.75,,property,query,named-subset,true,2025-08-01,2026-09-06,GB,web,none,,raw/gsc-16m-all/Queries.csv
gsc-16m-all,entertainment for pub,entertainment for pub,0,4,0,43.75,,property,query,named-subset,true,2025-08-01,2026-09-06,GB,web,none,,raw/gsc-16m-all/Queries.csv
gsc-16m-all,free business plan,free business plan,0,4,0,16.75,,property,query,named-subset,true,2025-08-01,2026-09-06,GB,web,none,,raw/gsc-16m-all/Queries.csv
gsc-16m-all,hospitality marketing firms,hospitality marketing firms,0,4,0,26,,property,query,named-subset,true,2025-08-01,2026-09-06,GB,web,none,,raw/gsc-16m-all/Queries.csv
gsc-16m-all,how does a quiz night work,how does a quiz night work,0,4,0,7.25,,property,query,named-subset,true,2025-08-01,2026-09-06,GB,web,none,,raw/gsc-16m-all/Queries.csv
gsc-16m-all,how much is a prs licence for a pub,how much is a prs licence for a pub,0,4,0,10,,property,query,named-subset,true,2025-08-01,2026-09-06,GB,web,none,,raw/gsc-16m-all/Queries.csv
gsc-16m-all,how much profit does a pub make uk,how much profit does a pub make uk,0,4,0,16,,property,query,named-subset,true,2025-08-01,2026-09-06,GB,web,none,,raw/gsc-16m-all/Queries.csv
gsc-16m-all,how to open a pub,how to open a pub,0,4,0,54,,property,query,named-subset,true,2025-08-01,2026-09-06,GB,web,none,,raw/gsc-16m-all/Queries.csv
gsc-16m-all,ideas for a quiz,ideas for a quiz,0,4,0,4.25,,property,query,named-subset,true,2025-08-01,2026-09-06,GB,web,none,,raw/gsc-16m-all/Queries.csv
gsc-16m-all,macmillan coffee morning ideas,macmillan coffee morning ideas,0,4,0,13.25,,property,query,named-subset,true,2025-08-01,2026-09-06,GB,web,none,,raw/gsc-16m-all/Queries.csv
gsc-16m-all,national cocktail day 2026 uk,national cocktail day 2026 uk,0,4,0,4.5,,property,query,named-subset,true,2025-08-01,2026-09-06,GB,web,none,,raw/gsc-16m-all/Queries.csv
gsc-16m-all,national drink day,national drink day,0,4,0,19,,property,query,named-subset,true,2025-08-01,2026-09-06,GB,web,none,,raw/gsc-16m-all/Queries.csv
gsc-16m-all,national drinking day,national drinking day,0,4,0,15.75,,property,query,named-subset,true,2025-08-01,2026-09-06,GB,web,none,,raw/gsc-16m-all/Queries.csv
gsc-16m-all,national drinks days 2026,national drinks days 2026,0,4,0,5.75,,property,query,named-subset,true,2025-08-01,2026-09-06,GB,web,none,,raw/gsc-16m-all/Queries.csv
gsc-16m-all,new year's eve pub ideas,new year's eve pub ideas,0,4,0,46,,property,query,named-subset,true,2025-08-01,2026-09-06,GB,web,none,,raw/gsc-16m-all/Queries.csv
gsc-16m-all,oktoberfest event ideas,oktoberfest event ideas,0,4,0,8.75,,property,query,named-subset,true,2025-08-01,2026-09-06,GB,web,none,,raw/gsc-16m-all/Queries.csv
gsc-16m-all,ppl license cost for dj,ppl license cost for dj,0,4,0,11.5,,property,query,named-subset,true,2025-08-01,2026-09-06,GB,web,none,,raw/gsc-16m-all/Queries.csv
gsc-16m-all,ppl license for dj,ppl license for dj,0,4,0,14.25,,property,query,named-subset,true,2025-08-01,2026-09-06,GB,web,none,,raw/gsc-16m-all/Queries.csv
gsc-16m-all,prs licence,prs licence,0,4,0,46,,property,query,named-subset,true,2025-08-01,2026-09-06,GB,web,none,,raw/gsc-16m-all/Queries.csv
gsc-16m-all,prs license,prs license,0,4,0,51.5,,property,query,named-subset,true,2025-08-01,2026-09-06,GB,web,none,,raw/gsc-16m-all/Queries.csv
gsc-16m-all,prs license cost,prs license cost,0,4,0,28.75,,property,query,named-subset,true,2025-08-01,2026-09-06,GB,web,none,,raw/gsc-16m-all/Queries.csv
gsc-16m-all,pub accountancy,pub accountancy,0,4,0,22.75,,property,query,named-subset,true,2025-08-01,2026-09-06,GB,web,none,,raw/gsc-16m-all/Queries.csv
gsc-16m-all,pub booking system,pub booking system,0,4,0,7.75,,property,query,named-subset,true,2025-08-01,2026-09-06,GB,web,none,,raw/gsc-16m-all/Queries.csv
gsc-16m-all,pub business plan examples,pub business plan examples,0,4,0,42.75,,property,query,named-subset,true,2025-08-01,2026-09-06,GB,web,none,,raw/gsc-16m-all/Queries.csv
gsc-16m-all,pub food licence,pub food licence,0,4,0,25,,property,query,named-subset,true,2025-08-01,2026-09-06,GB,web,none,,raw/gsc-16m-all/Queries.csv
gsc-16m-all,pub insurance uk,pub insurance uk,0,4,0,36.25,,property,query,named-subset,true,2025-08-01,2026-09-06,GB,web,none,,raw/gsc-16m-all/Queries.csv
gsc-16m-all,pub profit,pub profit,0,4,0,1,,property,query,named-subset,true,2025-08-01,2026-09-06,GB,web,none,,raw/gsc-16m-all/Queries.csv
gsc-16m-all,pub public liability insurance,pub public liability insurance,0,4,0,30.25,,property,query,named-subset,true,2025-08-01,2026-09-06,GB,web,none,,raw/gsc-16m-all/Queries.csv
gsc-16m-all,public house insurance uk,public house insurance uk,0,4,0,38.25,,property,query,named-subset,true,2025-08-01,2026-09-06,GB,web,none,,raw/gsc-16m-all/Queries.csv
gsc-16m-all,quiz idea,quiz idea,0,4,0,10.5,,property,query,named-subset,true,2025-08-01,2026-09-06,GB,web,none,,raw/gsc-16m-all/Queries.csv
gsc-16m-all,refurbishment pub opportunities,refurbishment pub opportunities,0,4,0,45.5,,property,query,named-subset,true,2025-08-01,2026-09-06,GB,web,none,,raw/gsc-16m-all/Queries.csv
gsc-16m-all,running a pub uk,running a pub uk,0,4,0,63,,property,query,named-subset,true,2025-08-01,2026-09-06,GB,web,none,,raw/gsc-16m-all/Queries.csv
gsc-16m-all,summer event entertainment,summer event entertainment,0,4,0,86.5,,property,query,named-subset,true,2025-08-01,2026-09-06,GB,web,none,,raw/gsc-16m-all/Queries.csv
gsc-16m-all,themed pub quiz,themed pub quiz,0,4,0,12,,property,query,named-subset,true,2025-08-01,2026-09-06,GB,web,none,,raw/gsc-16m-all/Queries.csv
gsc-16m-all,to maintain good cellar hygiene allow fresh air to circulate for,to maintain good cellar hygiene allow fresh air to circulate for,0,4,0,10,,property,query,named-subset,true,2025-08-01,2026-09-06,GB,web,none,,raw/gsc-16m-all/Queries.csv
gsc-16m-all,vat pub,vat pub,0,4,0,9.25,,property,query,named-subset,true,2025-08-01,2026-09-06,GB,web,none,,raw/gsc-16m-all/Queries.csv
gsc-16m-all,what insurance do i need for a pub,what insurance do i need for a pub,0,4,0,29.75,,property,query,named-subset,true,2025-08-01,2026-09-06,GB,web,none,,raw/gsc-16m-all/Queries.csv
gsc-16m-all,what insurance do pubs need,what insurance do pubs need,0,4,0,51.25,,property,query,named-subset,true,2025-08-01,2026-09-06,GB,web,none,,raw/gsc-16m-all/Queries.csv
gsc-16m-all,what is cash bingo,what is cash bingo,0,4,0,5.5,,property,query,named-subset,true,2025-08-01,2026-09-06,GB,web,none,,raw/gsc-16m-all/Queries.csv
gsc-16m-all,what makes wetherspoons exclusive,what makes wetherspoons exclusive,0,4,0,20.5,,property,query,named-subset,true,2025-08-01,2026-09-06,GB,web,none,,raw/gsc-16m-all/Queries.csv
gsc-16m-all,what to do.in pubs in january,what to do.in pubs in january,0,4,0,42.75,,property,query,named-subset,true,2025-08-01,2026-09-06,GB,web,none,,raw/gsc-16m-all/Queries.csv
gsc-16m-all,ai automation for pubs liverpool,ai automation for pubs liverpool,0,3,0,2.67,,property,query,named-subset,true,2025-08-01,2026-09-06,GB,web,none,,raw/gsc-16m-all/Queries.csv
gsc-16m-all,bar refit,bar refit,0,3,0,28.33,,property,query,named-subset,true,2025-08-01,2026-09-06,GB,web,none,,raw/gsc-16m-all/Queries.csv
gsc-16m-all,categories for pub quiz,categories for pub quiz,0,3,0,40.33,,property,query,named-subset,true,2025-08-01,2026-09-06,GB,web,none,,raw/gsc-16m-all/Queries.csv
gsc-16m-all,cellar management hampshire,cellar management hampshire,0,3,0,9.33,,property,query,named-subset,true,2025-08-01,2026-09-06,GB,web,none,,raw/gsc-16m-all/Queries.csv
gsc-16m-all,cellar management surrey,cellar management surrey,0,3,0,8,,property,query,named-subset,true,2025-08-01,2026-09-06,GB,web,none,,raw/gsc-16m-all/Queries.csv
gsc-16m-all,cellar management system,cellar management system,0,3,0,5.67,,property,query,named-subset,true,2025-08-01,2026-09-06,GB,web,none,,raw/gsc-16m-all/Queries.csv
gsc-16m-all,christmas pub event ideas,christmas pub event ideas,0,3,0,15.33,,property,query,named-subset,true,2025-08-01,2026-09-06,GB,web,none,,raw/gsc-16m-all/Queries.csv
gsc-16m-all,coffee morning fundraising ideas home and garden,coffee morning fundraising ideas home and garden,0,3,0,11,,property,query,named-subset,true,2025-08-01,2026-09-06,GB,web,none,,raw/gsc-16m-all/Queries.csv
gsc-16m-all,coffee morning ideas,coffee morning ideas,0,3,0,8,,property,query,named-subset,true,2025-08-01,2026-09-06,GB,web,none,,raw/gsc-16m-all/Queries.csv
gsc-16m-all,community pub ideas,community pub ideas,0,3,0,12,,property,query,named-subset,true,2025-08-01,2026-09-06,GB,web,none,,raw/gsc-16m-all/Queries.csv
gsc-16m-all,energy bill shock,energy bill shock,0,3,0,56.67,,property,query,named-subset,true,2025-08-01,2026-09-06,GB,web,none,,raw/gsc-16m-all/Queries.csv
gsc-16m-all,fill quiet nights with live performers,fill quiet nights with live performers,0,3,0,17.67,,property,query,named-subset,true,2025-08-01,2026-09-06,GB,web,none,,raw/gsc-16m-all/Queries.csv
gsc-16m-all,food suppliers for pubs,food suppliers for pubs,0,3,0,8,,property,query,named-subset,true,2025-08-01,2026-09-06,GB,web,none,,raw/gsc-16m-all/Queries.csv
gsc-16m-all,fractional cmo,fractional cmo,0,3,0,67.33,,property,query,named-subset,true,2025-08-01,2026-09-06,GB,web,none,,raw/gsc-16m-all/Queries.csv
gsc-16m-all,high margin foods,high margin foods,0,3,0,6.33,,property,query,named-subset,true,2025-08-01,2026-09-06,GB,web,none,,raw/gsc-16m-all/Queries.csv
gsc-16m-all,high roller,high roller,0,3,0,1,,property,query,named-subset,true,2025-08-01,2026-09-06,GB,web,none,,raw/gsc-16m-all/Queries.csv
gsc-16m-all,how do i run a pub,how do i run a pub,0,3,0,48.33,,property,query,named-subset,true,2025-08-01,2026-09-06,GB,web,none,,raw/gsc-16m-all/Queries.csv
gsc-16m-all,how important is low-calorie positioning in premium bars?,how important is low-calorie positioning in premium bars?,0,3,0,10.33,,property,query,named-subset,true,2025-08-01,2026-09-06,GB,web,none,,raw/gsc-16m-all/Queries.csv
gsc-16m-all,how long do quiz nights go for,how long do quiz nights go for,0,3,0,11.33,,property,query,named-subset,true,2025-08-01,2026-09-06,GB,web,none,,raw/gsc-16m-all/Queries.csv
gsc-16m-all,how much is pub insurance in the uk,how much is pub insurance in the uk,0,3,0,16,,property,query,named-subset,true,2025-08-01,2026-09-06,GB,web,none,,raw/gsc-16m-all/Queries.csv
gsc-16m-all,how to cellar beer without a cellar,how to cellar beer without a cellar,0,3,0,35.67,,property,query,named-subset,true,2025-08-01,2026-09-06,GB,web,none,,raw/gsc-16m-all/Queries.csv
gsc-16m-all,how to host a quiz night,how to host a quiz night,0,3,0,12,,property,query,named-subset,true,2025-08-01,2026-09-06,GB,web,none,,raw/gsc-16m-all/Queries.csv
gsc-16m-all,how to make a pub quiz,how to make a pub quiz,0,3,0,11,,property,query,named-subset,true,2025-08-01,2026-09-06,GB,web,none,,raw/gsc-16m-all/Queries.csv
gsc-16m-all,how to open your own pub,how to open your own pub,0,3,0,56.67,,property,query,named-subset,true,2025-08-01,2026-09-06,GB,web,none,,raw/gsc-16m-all/Queries.csv
gsc-16m-all,how to play bingo uk,how to play bingo uk,0,3,0,2,,property,query,named-subset,true,2025-08-01,2026-09-06,GB,web,none,,raw/gsc-16m-all/Queries.csv
gsc-16m-all,how to prepare for a pub quiz,how to prepare for a pub quiz,0,3,0,40,,property,query,named-subset,true,2025-08-01,2026-09-06,GB,web,none,,raw/gsc-16m-all/Queries.csv
gsc-16m-all,how to run your own pub,how to run your own pub,0,3,0,57,,property,query,named-subset,true,2025-08-01,2026-09-06,GB,web,none,,raw/gsc-16m-all/Queries.csv
gsc-16m-all,how to sell a pub,how to sell a pub,0,3,0,63.67,,property,query,named-subset,true,2025-08-01,2026-09-06,GB,web,none,,raw/gsc-16m-all/Queries.csv
gsc-16m-all,ideas for oktoberfest,ideas for oktoberfest,0,3,0,10,,property,query,named-subset,true,2025-08-01,2026-09-06,GB,web,none,,raw/gsc-16m-all/Queries.csv
gsc-16m-all,ideas for quiz,ideas for quiz,0,3,0,9.67,,property,query,named-subset,true,2025-08-01,2026-09-06,GB,web,none,,raw/gsc-16m-all/Queries.csv
gsc-16m-all,insurance pub,insurance pub,0,3,0,42.33,,property,query,named-subset,true,2025-08-01,2026-09-06,GB,web,none,,raw/gsc-16m-all/Queries.csv
gsc-16m-all,jelly pub,jelly pub,0,3,0,11.67,,property,query,named-subset,true,2025-08-01,2026-09-06,GB,web,none,,raw/gsc-16m-all/Queries.csv
gsc-16m-all,jelly solutions,jelly solutions,0,3,0,55.67,,property,query,named-subset,true,2025-08-01,2026-09-06,GB,web,none,,raw/gsc-16m-all/Queries.csv
gsc-16m-all,law firm marketing attribution,law firm marketing attribution,0,3,0,24,,property,query,named-subset,true,2025-08-01,2026-09-06,GB,web,none,,raw/gsc-16m-all/Queries.csv
gsc-16m-all,legal requirements for opening a pub business,legal requirements for opening a pub business,0,3,0,57,,property,query,named-subset,true,2025-08-01,2026-09-06,GB,web,none,,raw/gsc-16m-all/Queries.csv
gsc-16m-all,licensee of public house,licensee of public house,0,3,0,19.33,,property,query,named-subset,true,2025-08-01,2026-09-06,GB,web,none,,raw/gsc-16m-all/Queries.csv
gsc-16m-all,licensee pub,licensee pub,0,3,0,15,,property,query,named-subset,true,2025-08-01,2026-09-06,GB,web,none,,raw/gsc-16m-all/Queries.csv
gsc-16m-all,mixerai,mixerai,0,3,0,2.33,,property,query,named-subset,true,2025-08-01,2026-09-06,GB,web,none,,raw/gsc-16m-all/Queries.csv
gsc-16m-all,music license for pubs,music license for pubs,0,3,0,11,,property,query,named-subset,true,2025-08-01,2026-09-06,GB,web,none,,raw/gsc-16m-all/Queries.csv
gsc-16m-all,national alcohol day 2026,national alcohol day 2026,0,3,0,8,,property,query,named-subset,true,2025-08-01,2026-09-06,GB,web,none,,raw/gsc-16m-all/Queries.csv
gsc-16m-all,national cocktail day 2023,national cocktail day 2023,0,3,0,20.67,,property,query,named-subset,true,2025-08-01,2026-09-06,GB,web,none,,raw/gsc-16m-all/Queries.csv
gsc-16m-all,national rum day 2026,national rum day 2026,0,3,0,2,,property,query,named-subset,true,2025-08-01,2026-09-06,GB,web,none,,raw/gsc-16m-all/Queries.csv
gsc-16m-all,opening a bar uk,opening a bar uk,0,3,0,62.67,,property,query,named-subset,true,2025-08-01,2026-09-06,GB,web,none,,raw/gsc-16m-all/Queries.csv
gsc-16m-all,pub,pub,0,3,0,5,,property,query,named-subset,true,2025-08-01,2026-09-06,GB,web,none,,raw/gsc-16m-all/Queries.csv
gsc-16m-all,pub activities,pub activities,0,3,0,36,,property,query,named-subset,true,2025-08-01,2026-09-06,GB,web,none,,raw/gsc-16m-all/Queries.csv
gsc-16m-all,pub board,pub board,0,3,0,10.33,,property,query,named-subset,true,2025-08-01,2026-09-06,GB,web,none,,raw/gsc-16m-all/Queries.csv
gsc-16m-all,pub bookkeeping,pub bookkeeping,0,3,0,17.33,,property,query,named-subset,true,2025-08-01,2026-09-06,GB,web,none,,raw/gsc-16m-all/Queries.csv
gsc-16m-all,pub branding,pub branding,0,3,0,1.67,,property,query,named-subset,true,2025-08-01,2026-09-06,GB,web,none,,raw/gsc-16m-all/Queries.csv
gsc-16m-all,pub digital agency,pub digital agency,0,3,0,24.33,,property,query,named-subset,true,2025-08-01,2026-09-06,GB,web,none,,raw/gsc-16m-all/Queries.csv
gsc-16m-all,pub event,pub event,0,3,0,21.67,,property,query,named-subset,true,2025-08-01,2026-09-06,GB,web,none,,raw/gsc-16m-all/Queries.csv
gsc-16m-all,pub food menus ideas,pub food menus ideas,0,3,0,22.67,,property,query,named-subset,true,2025-08-01,2026-09-06,GB,web,none,,raw/gsc-16m-all/Queries.csv
gsc-16m-all,pub grub ideas,pub grub ideas,0,3,0,7.33,,property,query,named-subset,true,2025-08-01,2026-09-06,GB,web,none,,raw/gsc-16m-all/Queries.csv
gsc-16m-all,pub ideas for new years eve,pub ideas for new years eve,0,3,0,45.33,,property,query,named-subset,true,2025-08-01,2026-09-06,GB,web,none,,raw/gsc-16m-all/Queries.csv
gsc-16m-all,pub licensing,pub licensing,0,3,0,22,,property,query,named-subset,true,2025-08-01,2026-09-06,GB,web,none,,raw/gsc-16m-all/Queries.csv
gsc-16m-all,pub marketing southampton,pub marketing southampton,0,3,0,92.67,,property,query,named-subset,true,2025-08-01,2026-09-06,GB,web,none,,raw/gsc-16m-all/Queries.csv
gsc-16m-all,pub menu ideas uk,pub menu ideas uk,0,3,0,24.33,,property,query,named-subset,true,2025-08-01,2026-09-06,GB,web,none,,raw/gsc-16m-all/Queries.csv
gsc-16m-all,pub profit margins uk,pub profit margins uk,0,3,0,20,,property,query,named-subset,true,2025-08-01,2026-09-06,GB,web,none,,raw/gsc-16m-all/Queries.csv
gsc-16m-all,pub quiz category ideas,pub quiz category ideas,0,3,0,12.67,,property,query,named-subset,true,2025-08-01,2026-09-06,GB,web,none,,raw/gsc-16m-all/Queries.csv
gsc-16m-all,pub quiz layout,pub quiz layout,0,3,0,4,,property,query,named-subset,true,2025-08-01,2026-09-06,GB,web,none,,raw/gsc-16m-all/Queries.csv
gsc-16m-all,pub quiz prize ideas,pub quiz prize ideas,0,3,0,29.33,,property,query,named-subset,true,2025-08-01,2026-09-06,GB,web,none,,raw/gsc-16m-all/Queries.csv
gsc-16m-all,pub quiz rules,pub quiz rules,0,3,0,31.67,,property,query,named-subset,true,2025-08-01,2026-09-06,GB,web,none,,raw/gsc-16m-all/Queries.csv
gsc-16m-all,pub theme night ideas,pub theme night ideas,0,3,0,13.33,,property,query,named-subset,true,2025-08-01,2026-09-06,GB,web,none,,raw/gsc-16m-all/Queries.csv
gsc-16m-all,public event entertainment,public event entertainment,0,3,0,83.33,,property,query,named-subset,true,2025-08-01,2026-09-06,GB,web,none,,raw/gsc-16m-all/Queries.csv
gsc-16m-all,public house liability insurance,public house liability insurance,0,3,0,36.67,,property,query,named-subset,true,2025-08-01,2026-09-06,GB,web,none,,raw/gsc-16m-all/Queries.csv
gsc-16m-all,public liability insurance for a public house,public liability insurance for a public house,0,3,0,35.67,,property,query,named-subset,true,2025-08-01,2026-09-06,GB,web,none,,raw/gsc-16m-all/Queries.csv
gsc-16m-all,public liability insurance public house,public liability insurance public house,0,3,0,44,,property,query,named-subset,true,2025-08-01,2026-09-06,GB,web,none,,raw/gsc-16m-all/Queries.csv
gsc-16m-all,public performance license,public performance license,0,3,0,36.33,,property,query,named-subset,true,2025-08-01,2026-09-06,GB,web,none,,raw/gsc-16m-all/Queries.csv
gsc-16m-all,publican licence,publican licence,0,3,0,28,,property,query,named-subset,true,2025-08-01,2026-09-06,GB,web,none,,raw/gsc-16m-all/Queries.csv
gsc-16m-all,quiz round ideas,quiz round ideas,0,3,0,3,,property,query,named-subset,true,2025-08-01,2026-09-06,GB,web,none,,raw/gsc-16m-all/Queries.csv
gsc-16m-all,small bar event ideas for adults,small bar event ideas for adults,0,3,0,14.33,,property,query,named-subset,true,2025-08-01,2026-09-06,GB,web,none,,raw/gsc-16m-all/Queries.csv
gsc-16m-all,social media for bars,social media for bars,0,3,0,82.33,,property,query,named-subset,true,2025-08-01,2026-09-06,GB,web,none,,raw/gsc-16m-all/Queries.csv
gsc-16m-all,social media pub,social media pub,0,3,0,15,,property,query,named-subset,true,2025-08-01,2026-09-06,GB,web,none,,raw/gsc-16m-all/Queries.csv
gsc-16m-all,social media strategy,social media strategy,0,3,0,40,,property,query,named-subset,true,2025-08-01,2026-09-06,GB,web,none,,raw/gsc-16m-all/Queries.csv
gsc-16m-all,starting a pub,starting a pub,0,3,0,32,,property,query,named-subset,true,2025-08-01,2026-09-06,GB,web,none,,raw/gsc-16m-all/Queries.csv
gsc-16m-all,summer bar promotion ideas,summer bar promotion ideas,0,3,0,4.33,,property,query,named-subset,true,2025-08-01,2026-09-06,GB,web,none,,raw/gsc-16m-all/Queries.csv
gsc-16m-all,summer event ideas,summer event ideas,0,3,0,23.67,,property,query,named-subset,true,2025-08-01,2026-09-06,GB,web,none,,raw/gsc-16m-all/Queries.csv
gsc-16m-all,themed pub quizzes,themed pub quizzes,0,3,0,22.67,,property,query,named-subset,true,2025-08-01,2026-09-06,GB,web,none,,raw/gsc-16m-all/Queries.csv
gsc-16m-all,tiktok services for pubs,tiktok services for pubs,0,3,0,9.67,,property,query,named-subset,true,2025-08-01,2026-09-06,GB,web,none,,raw/gsc-16m-all/Queries.csv
gsc-16m-all,vat on pub food,vat on pub food,0,3,0,22.33,,property,query,named-subset,true,2025-08-01,2026-09-06,GB,web,none,,raw/gsc-16m-all/Queries.csv
gsc-16m-all,what is a pub quiz,what is a pub quiz,0,3,0,19,,property,query,named-subset,true,2025-08-01,2026-09-06,GB,web,none,,raw/gsc-16m-all/Queries.csv
gsc-16m-all,what temperature should a pub cellar be,what temperature should a pub cellar be,0,3,0,25,,property,query,named-subset,true,2025-08-01,2026-09-06,GB,web,none,,raw/gsc-16m-all/Queries.csv
gsc-16m-all,when is national drinking day,when is national drinking day,0,3,0,7.67,,property,query,named-subset,true,2025-08-01,2026-09-06,GB,web,none,,raw/gsc-16m-all/Queries.csv
gsc-16m-all,when is national vodka day 2026,when is national vodka day 2026,0,3,0,3.67,,property,query,named-subset,true,2025-08-01,2026-09-06,GB,web,none,,raw/gsc-16m-all/Queries.csv
gsc-16m-all,work summer party ideas,work summer party ideas,0,3,0,4.67,,property,query,named-subset,true,2025-08-01,2026-09-06,GB,web,none,,raw/gsc-16m-all/Queries.csv
gsc-16m-all,world cocktail day 2026 uk,world cocktail day 2026 uk,0,3,0,8.67,,property,query,named-subset,true,2025-08-01,2026-09-06,GB,web,none,,raw/gsc-16m-all/Queries.csv
gsc-16m-all,world vodka day,world vodka day,0,3,0,15,,property,query,named-subset,true,2025-08-01,2026-09-06,GB,web,none,,raw/gsc-16m-all/Queries.csv
gsc-16m-all,12 days of christmas pub ideas,12 days of christmas pub ideas,0,2,0,29,,property,query,named-subset,true,2025-08-01,2026-09-06,GB,web,none,,raw/gsc-16m-all/Queries.csv
gsc-16m-all,advertising in berkshire,advertising in berkshire,0,2,0,45,,property,query,named-subset,true,2025-08-01,2026-09-06,GB,web,none,,raw/gsc-16m-all/Queries.csv
gsc-16m-all,autumn internationals 2026,autumn internationals 2026,0,2,0,11,,property,query,named-subset,true,2025-08-01,2026-09-06,GB,web,none,,raw/gsc-16m-all/Queries.csv
gsc-16m-all,bar bingo rules,bar bingo rules,0,2,0,26,,property,query,named-subset,true,2025-08-01,2026-09-06,GB,web,none,,raw/gsc-16m-all/Queries.csv
gsc-16m-all,bar christmas ideas,bar christmas ideas,0,2,0,41,,property,query,named-subset,true,2025-08-01,2026-09-06,GB,web,none,,raw/gsc-16m-all/Queries.csv
gsc-16m-all,bar content,bar content,0,2,0,5,,property,query,named-subset,true,2025-08-01,2026-09-06,GB,web,none,,raw/gsc-16m-all/Queries.csv
gsc-16m-all,bar empty,bar empty,0,2,0,9.5,,property,query,named-subset,true,2025-08-01,2026-09-06,GB,web,none,,raw/gsc-16m-all/Queries.csv
gsc-16m-all,bar music license,bar music license,0,2,0,50.5,,property,query,named-subset,true,2025-08-01,2026-09-06,GB,web,none,,raw/gsc-16m-all/Queries.csv
gsc-16m-all,bar trivia format,bar trivia format,0,2,0,11.5,,property,query,named-subset,true,2025-08-01,2026-09-06,GB,web,none,,raw/gsc-16m-all/Queries.csv
gsc-16m-all,beer cellar temperature uk,beer cellar temperature uk,0,2,0,17,,property,query,named-subset,true,2025-08-01,2026-09-06,GB,web,none,,raw/gsc-16m-all/Queries.csv
gsc-16m-all,bingo rules and regulations,bingo rules and regulations,0,2,0,2,,property,query,named-subset,true,2025-08-01,2026-09-06,GB,web,none,,raw/gsc-16m-all/Queries.csv
gsc-16m-all,black friday party,black friday party,0,2,0,10,,property,query,named-subset,true,2025-08-01,2026-09-06,GB,web,none,,raw/gsc-16m-all/Queries.csv
gsc-16m-all,business plan for a pub,business plan for a pub,0,2,0,19.5,,property,query,named-subset,true,2025-08-01,2026-09-06,GB,web,none,,raw/gsc-16m-all/Queries.csv
gsc-16m-all,buying a licensed premises advice,buying a licensed premises advice,0,2,0,72.5,,property,query,named-subset,true,2025-08-01,2026-09-06,GB,web,none,,raw/gsc-16m-all/Queries.csv
gsc-16m-all,buying a pub,buying a pub,0,2,0,42.5,,property,query,named-subset,true,2025-08-01,2026-09-06,GB,web,none,,raw/gsc-16m-all/Queries.csv
gsc-16m-all,cashbingo,cashbingo,0,2,0,5.5,,property,query,named-subset,true,2025-08-01,2026-09-06,GB,web,none,,raw/gsc-16m-all/Queries.csv
gsc-16m-all,cask days,cask days,0,2,0,9,,property,query,named-subset,true,2025-08-01,2026-09-06,GB,web,none,,raw/gsc-16m-all/Queries.csv
gsc-16m-all,cask fest 2026,cask fest 2026,0,2,0,8.5,,property,query,named-subset,true,2025-08-01,2026-09-06,GB,web,none,,raw/gsc-16m-all/Queries.csv
gsc-16m-all,cellar management kent,cellar management kent,0,2,0,12.5,,property,query,named-subset,true,2025-08-01,2026-09-06,GB,web,none,,raw/gsc-16m-all/Queries.csv
gsc-16m-all,christmas marketing for hospitality,christmas marketing for hospitality,0,2,0,19.5,,property,query,named-subset,true,2025-08-01,2026-09-06,GB,web,none,,raw/gsc-16m-all/Queries.csv
gsc-16m-all,christmas promotion ideas for restaurant,christmas promotion ideas for restaurant,0,2,0,49.5,,property,query,named-subset,true,2025-08-01,2026-09-06,GB,web,none,,raw/gsc-16m-all/Queries.csv
gsc-16m-all,coffee fundraiser,coffee fundraiser,0,2,0,16.5,,property,query,named-subset,true,2025-08-01,2026-09-06,GB,web,none,,raw/gsc-16m-all/Queries.csv
gsc-16m-all,compete self serve,compete self serve,0,2,0,71,,property,query,named-subset,true,2025-08-01,2026-09-06,GB,web,none,,raw/gsc-16m-all/Queries.csv
gsc-16m-all,content marketing ideas,content marketing ideas,0,2,0,47.5,,property,query,named-subset,true,2025-08-01,2026-09-06,GB,web,none,,raw/gsc-16m-all/Queries.csv
gsc-16m-all,cost of public performance license,cost of public performance license,0,2,0,25.5,,property,query,named-subset,true,2025-08-01,2026-09-06,GB,web,none,,raw/gsc-16m-all/Queries.csv
gsc-16m-all,creative quiz ideas,creative quiz ideas,0,2,0,13.5,,property,query,named-subset,true,2025-08-01,2026-09-06,GB,web,none,,raw/gsc-16m-all/Queries.csv
gsc-16m-all,creative quiz rounds,creative quiz rounds,0,2,0,3.5,,property,query,named-subset,true,2025-08-01,2026-09-06,GB,web,none,,raw/gsc-16m-all/Queries.csv
gsc-16m-all,drink holidays,drink holidays,0,2,0,71.5,,property,query,named-subset,true,2025-08-01,2026-09-06,GB,web,none,,raw/gsc-16m-all/Queries.csv
gsc-16m-all,elevated pub food,elevated pub food,0,2,0,10.5,,property,query,named-subset,true,2025-08-01,2026-09-06,GB,web,none,,raw/gsc-16m-all/Queries.csv
gsc-16m-all,empty pub security,empty pub security,0,2,0,64.5,,property,query,named-subset,true,2025-08-01,2026-09-06,GB,web,none,,raw/gsc-16m-all/Queries.csv
gsc-16m-all,entertainment pubs to run,entertainment pubs to run,0,2,0,29.5,,property,query,named-subset,true,2025-08-01,2026-09-06,GB,web,none,,raw/gsc-16m-all/Queries.csv
gsc-16m-all,epos data,epos data,0,2,0,9.5,,property,query,named-subset,true,2025-08-01,2026-09-06,GB,web,none,,raw/gsc-16m-all/Queries.csv
gsc-16m-all,event promotion ideas,event promotion ideas,0,2,0,11.5,,property,query,named-subset,true,2025-08-01,2026-09-06,GB,web,none,,raw/gsc-16m-all/Queries.csv
gsc-16m-all,events for bars,events for bars,0,2,0,28.5,,property,query,named-subset,true,2025-08-01,2026-09-06,GB,web,none,,raw/gsc-16m-all/Queries.csv
gsc-16m-all,for pubs,for pubs,0,2,0,1.5,,property,query,named-subset,true,2025-08-01,2026-09-06,GB,web,none,,raw/gsc-16m-all/Queries.csv
gsc-16m-all,fractional cmo cost uk,fractional cmo cost uk,0,2,0,26,,property,query,named-subset,true,2025-08-01,2026-09-06,GB,web,none,,raw/gsc-16m-all/Queries.csv
gsc-16m-all,free business plan template uk,free business plan template uk,0,2,0,4.5,,property,query,named-subset,true,2025-08-01,2026-09-06,GB,web,none,,raw/gsc-16m-all/Queries.csv
gsc-16m-all,fun bar event ideas,fun bar event ideas,0,2,0,29.5,,property,query,named-subset,true,2025-08-01,2026-09-06,GB,web,none,,raw/gsc-16m-all/Queries.csv
gsc-16m-all,fun quiz rounds,fun quiz rounds,0,2,0,6.5,,property,query,named-subset,true,2025-08-01,2026-09-06,GB,web,none,,raw/gsc-16m-all/Queries.csv
gsc-16m-all,garden pubs ideas,garden pubs ideas,0,2,0,45,,property,query,named-subset,true,2025-08-01,2026-09-06,GB,web,none,,raw/gsc-16m-all/Queries.csv
gsc-16m-all,gastro pub menu ideas,gastro pub menu ideas,0,2,0,50.5,,property,query,named-subset,true,2025-08-01,2026-09-06,GB,web,none,,raw/gsc-16m-all/Queries.csv
gsc-16m-all,good quiz rounds,good quiz rounds,0,2,0,17.5,,property,query,named-subset,true,2025-08-01,2026-09-06,GB,web,none,,raw/gsc-16m-all/Queries.csv
gsc-16m-all,great quiz rounds,great quiz rounds,0,2,0,14.5,,property,query,named-subset,true,2025-08-01,2026-09-06,GB,web,none,,raw/gsc-16m-all/Queries.csv
gsc-16m-all,high tanks brewing company website evidence gloves ppe sanitation,high tanks brewing company website evidence gloves ppe sanitation,0,2,0,6,,property,query,named-subset,true,2025-08-01,2026-09-06,GB,web,none,,raw/gsc-16m-all/Queries.csv
gsc-16m-all,hospitality marketing agency,hospitality marketing agency,0,2,0,48,,property,query,named-subset,true,2025-08-01,2026-09-06,GB,web,none,,raw/gsc-16m-all/Queries.csv
gsc-16m-all,how do i host a virtual charity coffee morning?,how do i host a virtual charity coffee morning?,0,2,0,10,,property,query,named-subset,true,2025-08-01,2026-09-06,GB,web,none,,raw/gsc-16m-all/Queries.csv
gsc-16m-all,how do you play bingo,how do you play bingo,0,2,0,2,,property,query,named-subset,true,2025-08-01,2026-09-06,GB,web,none,,raw/gsc-16m-all/Queries.csv
gsc-16m-all,how long does it take to sell a pub through a specialist agent?,how long does it take to sell a pub through a specialist agent?,0,2,0,1,,property,query,named-subset,true,2025-08-01,2026-09-06,GB,web,none,,raw/gsc-16m-all/Queries.csv
gsc-16m-all,how much is a music license for a bar,how much is a music license for a bar,0,2,0,8.5,,property,query,named-subset,true,2025-08-01,2026-09-06,GB,web,none,,raw/gsc-16m-all/Queries.csv
gsc-16m-all,how much is a prs licence uk,how much is a prs licence uk,0,2,0,30,,property,query,named-subset,true,2025-08-01,2026-09-06,GB,web,none,,raw/gsc-16m-all/Queries.csv
gsc-16m-all,how much is ppl music licence,how much is ppl music licence,0,2,0,36,,property,query,named-subset,true,2025-08-01,2026-09-06,GB,web,none,,raw/gsc-16m-all/Queries.csv
gsc-16m-all,how much is the music licence,how much is the music licence,0,2,0,47.5,,property,query,named-subset,true,2025-08-01,2026-09-06,GB,web,none,,raw/gsc-16m-all/Queries.csv
gsc-16m-all,how much to buy a pub,how much to buy a pub,0,2,0,24,,property,query,named-subset,true,2025-08-01,2026-09-06,GB,web,none,,raw/gsc-16m-all/Queries.csv
gsc-16m-all,how to go about running a pub,how to go about running a pub,0,2,0,61.5,,property,query,named-subset,true,2025-08-01,2026-09-06,GB,web,none,,raw/gsc-16m-all/Queries.csv
gsc-16m-all,how to increase midweek revenue for a pub or bar?,how to increase midweek revenue for a pub or bar?,0,2,0,10.5,,property,query,named-subset,true,2025-08-01,2026-09-06,GB,web,none,,raw/gsc-16m-all/Queries.csv
gsc-16m-all,how to own a pub uk,how to own a pub uk,0,2,0,56.5,,property,query,named-subset,true,2025-08-01,2026-09-06,GB,web,none,,raw/gsc-16m-all/Queries.csv
gsc-16m-all,how to own your own pub,how to own your own pub,0,2,0,52.5,,property,query,named-subset,true,2025-08-01,2026-09-06,GB,web,none,,raw/gsc-16m-all/Queries.csv
gsc-16m-all,how to plan a beer festival,how to plan a beer festival,0,2,0,24.5,,property,query,named-subset,true,2025-08-01,2026-09-06,GB,web,none,,raw/gsc-16m-all/Queries.csv
gsc-16m-all,ideas for pub,ideas for pub,0,2,0,26.5,,property,query,named-subset,true,2025-08-01,2026-09-06,GB,web,none,,raw/gsc-16m-all/Queries.csv
gsc-16m-all,improve food menu,improve food menu,0,2,0,98,,property,query,named-subset,true,2025-08-01,2026-09-06,GB,web,none,,raw/gsc-16m-all/Queries.csv
gsc-16m-all,instagram services for food,instagram services for food,0,2,0,18.5,,property,query,named-subset,true,2025-08-01,2026-09-06,GB,web,none,,raw/gsc-16m-all/Queries.csv
gsc-16m-all,is there vat on drinks in pubs,is there vat on drinks in pubs,0,2,0,25,,property,query,named-subset,true,2025-08-01,2026-09-06,GB,web,none,,raw/gsc-16m-all/Queries.csv
gsc-16m-all,macmillan coffee morning resources,macmillan coffee morning resources,0,2,0,32.5,,property,query,named-subset,true,2025-08-01,2026-09-06,GB,web,none,,raw/gsc-16m-all/Queries.csv
gsc-16m-all,menu margin,menu margin,0,2,0,28,,property,query,named-subset,true,2025-08-01,2026-09-06,GB,web,none,,raw/gsc-16m-all/Queries.csv
gsc-16m-all,more ideas,more ideas,0,2,0,2,,property,query,named-subset,true,2025-08-01,2026-09-06,GB,web,none,,raw/gsc-16m-all/Queries.csv
gsc-16m-all,most profitable food,most profitable food,0,2,0,8,,property,query,named-subset,true,2025-08-01,2026-09-06,GB,web,none,,raw/gsc-16m-all/Queries.csv
gsc-16m-all,most profitable food items,most profitable food items,0,2,0,11,,property,query,named-subset,true,2025-08-01,2026-09-06,GB,web,none,,raw/gsc-16m-all/Queries.csv
gsc-16m-all,national alcohol days,national alcohol days,0,2,0,31,,property,query,named-subset,true,2025-08-01,2026-09-06,GB,web,none,,raw/gsc-16m-all/Queries.csv
gsc-16m-all,national beer drinking day 2026,national beer drinking day 2026,0,2,0,11,,property,query,named-subset,true,2025-08-01,2026-09-06,GB,web,none,,raw/gsc-16m-all/Queries.csv
gsc-16m-all,national mai tai day 2026,national mai tai day 2026,0,2,0,2,,property,query,named-subset,true,2025-08-01,2026-09-06,GB,web,none,,raw/gsc-16m-all/Queries.csv
gsc-16m-all,national pub day,national pub day,0,2,0,31,,property,query,named-subset,true,2025-08-01,2026-09-06,GB,web,none,,raw/gsc-16m-all/Queries.csv
gsc-16m-all,night 101,night 101,0,2,0,18.5,,property,query,named-subset,true,2025-08-01,2026-09-06,GB,web,none,,raw/gsc-16m-all/Queries.csv
gsc-16m-all,oktoberfest bar,oktoberfest bar,0,2,0,11,,property,query,named-subset,true,2025-08-01,2026-09-06,GB,web,none,,raw/gsc-16m-all/Queries.csv
gsc-16m-all,orange co uk email,orange co uk email,0,2,0,87.5,,property,query,named-subset,true,2025-08-01,2026-09-06,GB,web,none,,raw/gsc-16m-all/Queries.csv
gsc-16m-all,orange jelly,orange jelly,0,2,0,14.5,,property,query,named-subset,true,2025-08-01,2026-09-06,GB,web,none,,raw/gsc-16m-all/Queries.csv
gsc-16m-all,orangery pub,orangery pub,0,2,0,94.5,,property,query,named-subset,true,2025-08-01,2026-09-06,GB,web,none,,raw/gsc-16m-all/Queries.csv
gsc-16m-all,organising a quiz night,organising a quiz night,0,2,0,52,,property,query,named-subset,true,2025-08-01,2026-09-06,GB,web,none,,raw/gsc-16m-all/Queries.csv
gsc-16m-all,own a pub,own a pub,0,2,0,57,,property,query,named-subset,true,2025-08-01,2026-09-06,GB,web,none,,raw/gsc-16m-all/Queries.csv
gsc-16m-all,paid social services for restaurants,paid social services for restaurants,0,2,0,15.5,,property,query,named-subset,true,2025-08-01,2026-09-06,GB,web,none,,raw/gsc-16m-all/Queries.csv
gsc-16m-all,part time cmo,part time cmo,0,2,0,17.5,,property,query,named-subset,true,2025-08-01,2026-09-06,GB,web,none,,raw/gsc-16m-all/Queries.csv
gsc-16m-all,part-time cmo,part-time cmo,0,2,0,14.5,,property,query,named-subset,true,2025-08-01,2026-09-06,GB,web,none,,raw/gsc-16m-all/Queries.csv
gsc-16m-all,ppl and prs,ppl and prs,0,2,0,50,,property,query,named-subset,true,2025-08-01,2026-09-06,GB,web,none,,raw/gsc-16m-all/Queries.csv
gsc-16m-all,ppl license for restaurant,ppl license for restaurant,0,2,0,20,,property,query,named-subset,true,2025-08-01,2026-09-06,GB,web,none,,raw/gsc-16m-all/Queries.csv
gsc-16m-all,ppl music license cost uk,ppl music license cost uk,0,2,0,41,,property,query,named-subset,true,2025-08-01,2026-09-06,GB,web,none,,raw/gsc-16m-all/Queries.csv
gsc-16m-all,ppl prs,ppl prs,0,2,0,59.5,,property,query,named-subset,true,2025-08-01,2026-09-06,GB,web,none,,raw/gsc-16m-all/Queries.csv
gsc-16m-all,premiumisation in your pub,premiumisation in your pub,0,2,0,5.5,,property,query,named-subset,true,2025-08-01,2026-09-06,GB,web,none,,raw/gsc-16m-all/Queries.csv
gsc-16m-all,profitable events,profitable events,0,2,0,10.5,,property,query,named-subset,true,2025-08-01,2026-09-06,GB,web,none,,raw/gsc-16m-all/Queries.csv
gsc-16m-all,prs for music licence,prs for music licence,0,2,0,59,,property,query,named-subset,true,2025-08-01,2026-09-06,GB,web,none,,raw/gsc-16m-all/Queries.csv
gsc-16m-all,prs licensing,prs licensing,0,2,0,21.5,,property,query,named-subset,true,2025-08-01,2026-09-06,GB,web,none,,raw/gsc-16m-all/Queries.csv
gsc-16m-all,prs music license,prs music license,0,2,0,48,,property,query,named-subset,true,2025-08-01,2026-09-06,GB,web,none,,raw/gsc-16m-all/Queries.csv
gsc-16m-all,pub 101,pub 101,0,2,0,16.5,,property,query,named-subset,true,2025-08-01,2026-09-06,GB,web,none,,raw/gsc-16m-all/Queries.csv
gsc-16m-all,pub a board,pub a board,0,2,0,12.5,,property,query,named-subset,true,2025-08-01,2026-09-06,GB,web,none,,raw/gsc-16m-all/Queries.csv
gsc-16m-all,pub a board ideas,pub a board ideas,0,2,0,5.5,,property,query,named-subset,true,2025-08-01,2026-09-06,GB,web,none,,raw/gsc-16m-all/Queries.csv
gsc-16m-all,pub bill,pub bill,0,2,0,23,,property,query,named-subset,true,2025-08-01,2026-09-06,GB,web,none,,raw/gsc-16m-all/Queries.csv
gsc-16m-all,pub bingo ideas,pub bingo ideas,0,2,0,2,,property,query,named-subset,true,2025-08-01,2026-09-06,GB,web,none,,raw/gsc-16m-all/Queries.csv
gsc-16m-all,pub business plan template free,pub business plan template free,0,2,0,9.5,,property,query,named-subset,true,2025-08-01,2026-09-06,GB,web,none,,raw/gsc-16m-all/Queries.csv
gsc-16m-all,pub business recovery,pub business recovery,0,2,0,6.5,,property,query,named-subset,true,2025-08-01,2026-09-06,GB,web,none,,raw/gsc-16m-all/Queries.csv
gsc-16m-all,pub christmas decorations,pub christmas decorations,0,2,0,86.5,,property,query,named-subset,true,2025-08-01,2026-09-06,GB,web,none,,raw/gsc-16m-all/Queries.csv
gsc-16m-all,pub classic meals,pub classic meals,0,2,0,4,,property,query,named-subset,true,2025-08-01,2026-09-06,GB,web,none,,raw/gsc-16m-all/Queries.csv
gsc-16m-all,pub email list,pub email list,0,2,0,28.5,,property,query,named-subset,true,2025-08-01,2026-09-06,GB,web,none,,raw/gsc-16m-all/Queries.csv
gsc-16m-all,pub food specials ideas,pub food specials ideas,0,2,0,1,,property,query,named-subset,true,2025-08-01,2026-09-06,GB,web,none,,raw/gsc-16m-all/Queries.csv
gsc-16m-all,pub insurance 2025,pub insurance 2025,0,2,0,16.5,,property,query,named-subset,true,2025-08-01,2026-09-06,GB,web,none,,raw/gsc-16m-all/Queries.csv
gsc-16m-all,pub insurance comparison,pub insurance comparison,0,2,0,13,,property,query,named-subset,true,2025-08-01,2026-09-06,GB,web,none,,raw/gsc-16m-all/Queries.csv
gsc-16m-all,pub jelly,pub jelly,0,2,0,3.5,,property,query,named-subset,true,2025-08-01,2026-09-06,GB,web,none,,raw/gsc-16m-all/Queries.csv
gsc-16m-all,pub licence,pub licence,0,2,0,44.5,,property,query,named-subset,true,2025-08-01,2026-09-06,GB,web,none,,raw/gsc-16m-all/Queries.csv
gsc-16m-all,pub lunch menu ideas,pub lunch menu ideas,0,2,0,12,,property,query,named-subset,true,2025-08-01,2026-09-06,GB,web,none,,raw/gsc-16m-all/Queries.csv
gsc-16m-all,pub manager,pub manager,0,2,0,2,,property,query,named-subset,true,2025-08-01,2026-09-06,GB,web,none,,raw/gsc-16m-all/Queries.csv
gsc-16m-all,pub margins,pub margins,0,2,0,23.5,,property,query,named-subset,true,2025-08-01,2026-09-06,GB,web,none,,raw/gsc-16m-all/Queries.csv
gsc-16m-all,pub outdoor music licence,pub outdoor music licence,0,2,0,44,,property,query,named-subset,true,2025-08-01,2026-09-06,GB,web,none,,raw/gsc-16m-all/Queries.csv
gsc-16m-all,pub quiz template,pub quiz template,0,2,0,48,,property,query,named-subset,true,2025-08-01,2026-09-06,GB,web,none,,raw/gsc-16m-all/Queries.csv
gsc-16m-all,pub refurbishment opportunity,pub refurbishment opportunity,0,2,0,42.5,,property,query,named-subset,true,2025-08-01,2026-09-06,GB,web,none,,raw/gsc-16m-all/Queries.csv
gsc-16m-all,pub risk assessment template,pub risk assessment template,0,2,0,17,,property,query,named-subset,true,2025-08-01,2026-09-06,GB,web,none,,raw/gsc-16m-all/Queries.csv
gsc-16m-all,pub social,pub social,0,2,0,16.5,,property,query,named-subset,true,2025-08-01,2026-09-06,GB,web,none,,raw/gsc-16m-all/Queries.csv
gsc-16m-all,pub stock deterioation insurance average cost,pub stock deterioation insurance average cost,0,2,0,11,,property,query,named-subset,true,2025-08-01,2026-09-06,GB,web,none,,raw/gsc-16m-all/Queries.csv
gsc-16m-all,pub theme party,pub theme party,0,2,0,17.5,,property,query,named-subset,true,2025-08-01,2026-09-06,GB,web,none,,raw/gsc-16m-all/Queries.csv
gsc-16m-all,pub washroom refurbishment,pub washroom refurbishment,0,2,0,8,,property,query,named-subset,true,2025-08-01,2026-09-06,GB,web,none,,raw/gsc-16m-all/Queries.csv
gsc-16m-all,pub ã¼cret,pub ã¼cret,0,2,0,18.5,,property,query,named-subset,true,2025-08-01,2026-09-06,GB,web,none,,raw/gsc-16m-all/Queries.csv
gsc-16m-all,quiz categories ideas,quiz categories ideas,0,2,0,46.5,,property,query,named-subset,true,2025-08-01,2026-09-06,GB,web,none,,raw/gsc-16m-all/Queries.csv
gsc-16m-all,quiz night,quiz night,0,2,0,6.5,,property,query,named-subset,true,2025-08-01,2026-09-06,GB,web,none,,raw/gsc-16m-all/Queries.csv
gsc-16m-all,quiz nights for businesses,quiz nights for businesses,0,2,0,33,,property,query,named-subset,true,2025-08-01,2026-09-06,GB,web,none,,raw/gsc-16m-all/Queries.csv
gsc-16m-all,quiz rules,quiz rules,0,2,0,59.5,,property,query,named-subset,true,2025-08-01,2026-09-06,GB,web,none,,raw/gsc-16m-all/Queries.csv
gsc-16m-all,quiz that happens every week,quiz that happens every week,0,2,0,30.5,,property,query,named-subset,true,2025-08-01,2026-09-06,GB,web,none,,raw/gsc-16m-all/Queries.csv
gsc-16m-all,quiz themes ideas,quiz themes ideas,0,2,0,13,,property,query,named-subset,true,2025-08-01,2026-09-06,GB,web,none,,raw/gsc-16m-all/Queries.csv
gsc-16m-all,restaurant legal specialist,restaurant legal specialist,0,2,0,70.5,,property,query,named-subset,true,2025-08-01,2026-09-06,GB,web,none,,raw/gsc-16m-all/Queries.csv
gsc-16m-all,run a leased pub,run a leased pub,0,2,0,62,,property,query,named-subset,true,2025-08-01,2026-09-06,GB,web,none,,raw/gsc-16m-all/Queries.csv
gsc-16m-all,run a managed pub,run a managed pub,0,2,0,56.5,,property,query,named-subset,true,2025-08-01,2026-09-06,GB,web,none,,raw/gsc-16m-all/Queries.csv
gsc-16m-all,run a pub lease,run a pub lease,0,2,0,53.5,,property,query,named-subset,true,2025-08-01,2026-09-06,GB,web,none,,raw/gsc-16m-all/Queries.csv
gsc-16m-all,run a tenanted pub,run a tenanted pub,0,2,0,63,,property,query,named-subset,true,2025-08-01,2026-09-06,GB,web,none,,raw/gsc-16m-all/Queries.csv
gsc-16m-all,running a pub for the first time,running a pub for the first time,0,2,0,33.5,,property,query,named-subset,true,2025-08-01,2026-09-06,GB,web,none,,raw/gsc-16m-all/Queries.csv
gsc-16m-all,sarah jelly,sarah jelly,0,2,0,50,,property,query,named-subset,true,2025-08-01,2026-09-06,GB,web,none,,raw/gsc-16m-all/Queries.csv
gsc-16m-all,sell a pub,sell a pub,0,2,0,44.5,,property,query,named-subset,true,2025-08-01,2026-09-06,GB,web,none,,raw/gsc-16m-all/Queries.csv
gsc-16m-all,selling menu,selling menu,0,2,0,4,,property,query,named-subset,true,2025-08-01,2026-09-06,GB,web,none,,raw/gsc-16m-all/Queries.csv
gsc-16m-all,simple pub food menu ideas,simple pub food menu ideas,0,2,0,8,,property,query,named-subset,true,2025-08-01,2026-09-06,GB,web,none,,raw/gsc-16m-all/Queries.csv
gsc-16m-all,social media marketing for bars,social media marketing for bars,0,2,0,26,,property,query,named-subset,true,2025-08-01,2026-09-06,GB,web,none,,raw/gsc-16m-all/Queries.csv
gsc-16m-all,summer pub food ideas,summer pub food ideas,0,2,0,4.5,,property,query,named-subset,true,2025-08-01,2026-09-06,GB,web,none,,raw/gsc-16m-all/Queries.csv
gsc-16m-all,the crown inn lea menu,the crown inn lea menu,0,2,0,8.5,,property,query,named-subset,true,2025-08-01,2026-09-06,GB,web,none,,raw/gsc-16m-all/Queries.csv
gsc-16m-all,the music licence,the music licence,0,2,0,51.5,,property,query,named-subset,true,2025-08-01,2026-09-06,GB,web,none,,raw/gsc-16m-all/Queries.csv
gsc-16m-all,the never say never menu,the never say never menu,0,2,0,6,,property,query,named-subset,true,2025-08-01,2026-09-06,GB,web,none,,raw/gsc-16m-all/Queries.csv
gsc-16m-all,themed pub nights,themed pub nights,0,2,0,37,,property,query,named-subset,true,2025-08-01,2026-09-06,GB,web,none,,raw/gsc-16m-all/Queries.csv
gsc-16m-all,themusiclicence cost,themusiclicence cost,0,2,0,19.5,,property,query,named-subset,true,2025-08-01,2026-09-06,GB,web,none,,raw/gsc-16m-all/Queries.csv
gsc-16m-all,trivia night ideas,trivia night ideas,0,2,0,23.5,,property,query,named-subset,true,2025-08-01,2026-09-06,GB,web,none,,raw/gsc-16m-all/Queries.csv
gsc-16m-all,tuesday,tuesday,0,2,0,2.5,,property,query,named-subset,true,2025-08-01,2026-09-06,GB,web,none,,raw/gsc-16m-all/Queries.csv
gsc-16m-all,unique bar events,unique bar events,0,2,0,43,,property,query,named-subset,true,2025-08-01,2026-09-06,GB,web,none,,raw/gsc-16m-all/Queries.csv
gsc-16m-all,unique content marketing ideas,unique content marketing ideas,0,2,0,73,,property,query,named-subset,true,2025-08-01,2026-09-06,GB,web,none,,raw/gsc-16m-all/Queries.csv
gsc-16m-all,want to run a pub,want to run a pub,0,2,0,41,,property,query,named-subset,true,2025-08-01,2026-09-06,GB,web,none,,raw/gsc-16m-all/Queries.csv
gsc-16m-all,wet led pub,wet led pub,0,2,0,37,,property,query,named-subset,true,2025-08-01,2026-09-06,GB,web,none,,raw/gsc-16m-all/Queries.csv
gsc-16m-all,wet sales meaning,wet sales meaning,0,2,0,5,,property,query,named-subset,true,2025-08-01,2026-09-06,GB,web,none,,raw/gsc-16m-all/Queries.csv
gsc-16m-all,what are the essential financial elements of a successful pub business plan?,what are the essential financial elements of a successful pub business plan?,0,2,0,38.5,,property,query,named-subset,true,2025-08-01,2026-09-06,GB,web,none,,raw/gsc-16m-all/Queries.csv
gsc-16m-all,what are the legal requirements for starting a pub business,what are the legal requirements for starting a pub business,0,2,0,54,,property,query,named-subset,true,2025-08-01,2026-09-06,GB,web,none,,raw/gsc-16m-all/Queries.csv
gsc-16m-all,what is a prs license,what is a prs license,0,2,0,44.5,,property,query,named-subset,true,2025-08-01,2026-09-06,GB,web,none,,raw/gsc-16m-all/Queries.csv
gsc-16m-all,what is a prs music licence,what is a prs music licence,0,2,0,47,,property,query,named-subset,true,2025-08-01,2026-09-06,GB,web,none,,raw/gsc-16m-all/Queries.csv
gsc-16m-all,what is coffee morning and how does it raise money for charity?,what is coffee morning and how does it raise money for charity?,0,2,0,11,,property,query,named-subset,true,2025-08-01,2026-09-06,GB,web,none,,raw/gsc-16m-all/Queries.csv
gsc-16m-all,what is the cheapest insurance for pub businesses,what is the cheapest insurance for pub businesses,0,2,0,13,,property,query,named-subset,true,2025-08-01,2026-09-06,GB,web,none,,raw/gsc-16m-all/Queries.csv
gsc-16m-all,what temp should a cellar be,what temp should a cellar be,0,2,0,28,,property,query,named-subset,true,2025-08-01,2026-09-06,GB,web,none,,raw/gsc-16m-all/Queries.csv
gsc-16m-all,what temperature should a beer cellar be,what temperature should a beer cellar be,0,2,0,1,,property,query,named-subset,true,2025-08-01,2026-09-06,GB,web,none,,raw/gsc-16m-all/Queries.csv
gsc-16m-all,what types of bingo games can i play online in the uk?,what types of bingo games can i play online in the uk?,0,2,0,18.5,,property,query,named-subset,true,2025-08-01,2026-09-06,GB,web,none,,raw/gsc-16m-all/Queries.csv
gsc-16m-all,when is national cocktail day,when is national cocktail day,0,2,0,26,,property,query,named-subset,true,2025-08-01,2026-09-06,GB,web,none,,raw/gsc-16m-all/Queries.csv
gsc-16m-all,when is national drink day,when is national drink day,0,2,0,9.5,,property,query,named-subset,true,2025-08-01,2026-09-06,GB,web,none,,raw/gsc-16m-all/Queries.csv
gsc-16m-all,when is national rum day 2026,when is national rum day 2026,0,2,0,2,,property,query,named-subset,true,2025-08-01,2026-09-06,GB,web,none,,raw/gsc-16m-all/Queries.csv
gsc-16m-all,which pub agreement is best for a first-time pub operator?,which pub agreement is best for a first-time pub operator?,0,2,0,1,,property,query,named-subset,true,2025-08-01,2026-09-06,GB,web,none,,raw/gsc-16m-all/Queries.csv
gsc-16m-all,your fractional cmo,your fractional cmo,0,2,0,7.5,,property,query,named-subset,true,2025-08-01,2026-09-06,GB,web,none,,raw/gsc-16m-all/Queries.csv
gsc-16m-all,"""monthly themes"" 2025 ping july","""monthly themes"" 2025 ping july",0,1,0,8,,property,query,named-subset,true,2025-08-01,2026-09-06,GB,web,none,,raw/gsc-16m-all/Queries.csv
gsc-16m-all,1 to 10 letters,1 to 10 letters,0,1,0,4,,property,query,named-subset,true,2025-08-01,2026-09-06,GB,web,none,,raw/gsc-16m-all/Queries.csv
gsc-16m-all,2,2,0,1,0,1,,property,query,named-subset,true,2025-08-01,2026-09-06,GB,web,none,,raw/gsc-16m-all/Queries.csv
gsc-16m-all,?,?,0,1,0,6,,property,query,named-subset,true,2025-08-01,2026-09-06,GB,web,none,,raw/gsc-16m-all/Queries.csv
gsc-16m-all,a board ideas,a board ideas,0,1,0,8,,property,query,named-subset,true,2025-08-01,2026-09-06,GB,web,none,,raw/gsc-16m-all/Queries.csv
gsc-16m-all,a pub,a pub,0,1,0,2,,property,query,named-subset,true,2025-08-01,2026-09-06,GB,web,none,,raw/gsc-16m-all/Queries.csv
gsc-16m-all,a village,a village,0,1,0,1,,property,query,named-subset,true,2025-08-01,2026-09-06,GB,web,none,,raw/gsc-16m-all/Queries.csv
gsc-16m-all,accounting for pub,accounting for pub,0,1,0,1,,property,query,named-subset,true,2025-08-01,2026-09-06,GB,web,none,,raw/gsc-16m-all/Queries.csv
gsc-16m-all,alcohol awareness day 2026,alcohol awareness day 2026,0,1,0,1,,property,query,named-subset,true,2025-08-01,2026-09-06,GB,web,none,,raw/gsc-16m-all/Queries.csv
gsc-16m-all,answer,answer,0,1,0,3,,property,query,named-subset,true,2025-08-01,2026-09-06,GB,web,none,,raw/gsc-16m-all/Queries.csv
gsc-16m-all,answer these two questions,answer these two questions,0,1,0,2,,property,query,named-subset,true,2025-08-01,2026-09-06,GB,web,none,,raw/gsc-16m-all/Queries.csv
gsc-16m-all,applause for new idea but lacking pub,applause for new idea but lacking pub,0,1,0,2,,property,query,named-subset,true,2025-08-01,2026-09-06,GB,web,none,,raw/gsc-16m-all/Queries.csv
gsc-16m-all,autumn internationals,autumn internationals,0,1,0,6,,property,query,named-subset,true,2025-08-01,2026-09-06,GB,web,none,,raw/gsc-16m-all/Queries.csv
gsc-16m-all,autumn internationals 2026 tv,autumn internationals 2026 tv,0,1,0,2,,property,query,named-subset,true,2025-08-01,2026-09-06,GB,web,none,,raw/gsc-16m-all/Queries.csv
gsc-16m-all,average pub turnover uk,average pub turnover uk,0,1,0,6,,property,query,named-subset,true,2025-08-01,2026-09-06,GB,web,none,,raw/gsc-16m-all/Queries.csv
gsc-16m-all,bar content ideas,bar content ideas,0,1,0,1,,property,query,named-subset,true,2025-08-01,2026-09-06,GB,web,none,,raw/gsc-16m-all/Queries.csv
gsc-16m-all,bar events,bar events,0,1,0,4,,property,query,named-subset,true,2025-08-01,2026-09-06,GB,web,none,,raw/gsc-16m-all/Queries.csv
gsc-16m-all,bar refurbishment companies,bar refurbishment companies,0,1,0,4,,property,query,named-subset,true,2025-08-01,2026-09-06,GB,web,none,,raw/gsc-16m-all/Queries.csv
gsc-16m-all,bar vat,bar vat,0,1,0,1,,property,query,named-subset,true,2025-08-01,2026-09-06,GB,web,none,,raw/gsc-16m-all/Queries.csv
gsc-16m-all,best business plan template uk,best business plan template uk,0,1,0,8,,property,query,named-subset,true,2025-08-01,2026-09-06,GB,web,none,,raw/gsc-16m-all/Queries.csv
gsc-16m-all,best pub social media,best pub social media,0,1,0,2,,property,query,named-subset,true,2025-08-01,2026-09-06,GB,web,none,,raw/gsc-16m-all/Queries.csv
gsc-16m-all,best quiz ideas,best quiz ideas,0,1,0,8,,property,query,named-subset,true,2025-08-01,2026-09-06,GB,web,none,,raw/gsc-16m-all/Queries.csv
gsc-16m-all,best template for pub operations manual uk,best template for pub operations manual uk,0,1,0,8,,property,query,named-subset,true,2025-08-01,2026-09-06,GB,web,none,,raw/gsc-16m-all/Queries.csv
gsc-16m-all,better,better,0,1,0,7,,property,query,named-subset,true,2025-08-01,2026-09-06,GB,web,none,,raw/gsc-16m-all/Queries.csv
gsc-16m-all,bingo,bingo,0,1,0,3,,property,query,named-subset,true,2025-08-01,2026-09-06,GB,web,none,,raw/gsc-16m-all/Queries.csv
gsc-16m-all,bingo how to play,bingo how to play,0,1,0,2,,property,query,named-subset,true,2025-08-01,2026-09-06,GB,web,none,,raw/gsc-16m-all/Queries.csv
gsc-16m-all,bingo machine,bingo machine,0,1,0,4,,property,query,named-subset,true,2025-08-01,2026-09-06,GB,web,none,,raw/gsc-16m-all/Queries.csv
gsc-16m-all,bingo rules uk,bingo rules uk,0,1,0,2,,property,query,named-subset,true,2025-08-01,2026-09-06,GB,web,none,,raw/gsc-16m-all/Queries.csv
gsc-16m-all,bird in hand knutsford menu,bird in hand knutsford menu,0,1,0,6,,property,query,named-subset,true,2025-08-01,2026-09-06,GB,web,none,,raw/gsc-16m-all/Queries.csv
gsc-16m-all,blue anchor pub bretherton,blue anchor pub bretherton,0,1,0,5,,property,query,named-subset,true,2025-08-01,2026-09-06,GB,web,none,,raw/gsc-16m-all/Queries.csv
gsc-16m-all,both please,both please,0,1,0,2,,property,query,named-subset,true,2025-08-01,2026-09-06,GB,web,none,,raw/gsc-16m-all/Queries.csv
gsc-16m-all,bubble tree quizzes,bubble tree quizzes,0,1,0,3,,property,query,named-subset,true,2025-08-01,2026-09-06,GB,web,none,,raw/gsc-16m-all/Queries.csv
gsc-16m-all,buzz bingo cricklewood,buzz bingo cricklewood,0,1,0,4,,property,query,named-subset,true,2025-08-01,2026-09-06,GB,web,none,,raw/gsc-16m-all/Queries.csv
gsc-16m-all,can kids play bingo for money,can kids play bingo for money,0,1,0,2,,property,query,named-subset,true,2025-08-01,2026-09-06,GB,web,none,,raw/gsc-16m-all/Queries.csv
gsc-16m-all,can you give me more,can you give me more,0,1,0,1,,property,query,named-subset,true,2025-08-01,2026-09-06,GB,web,none,,raw/gsc-16m-all/Queries.csv
gsc-16m-all,cask ales,cask ales,0,1,0,3,,property,query,named-subset,true,2025-08-01,2026-09-06,GB,web,none,,raw/gsc-16m-all/Queries.csv
gsc-16m-all,charity days 2026,charity days 2026,0,1,0,1,,property,query,named-subset,true,2025-08-01,2026-09-06,GB,web,none,,raw/gsc-16m-all/Queries.csv
gsc-16m-all,charity event ideas for pubs,charity event ideas for pubs,0,1,0,7,,property,query,named-subset,true,2025-08-01,2026-09-06,GB,web,none,,raw/gsc-16m-all/Queries.csv
gsc-16m-all,cheap,cheap,0,1,0,2,,property,query,named-subset,true,2025-08-01,2026-09-06,GB,web,none,,raw/gsc-16m-all/Queries.csv
gsc-16m-all,chesterfield arms menu,chesterfield arms menu,0,1,0,4,,property,query,named-subset,true,2025-08-01,2026-09-06,GB,web,none,,raw/gsc-16m-all/Queries.csv
gsc-16m-all,coffee morning activity ideas for adults,coffee morning activity ideas for adults,0,1,0,4,,property,query,named-subset,true,2025-08-01,2026-09-06,GB,web,none,,raw/gsc-16m-all/Queries.csv
gsc-16m-all,"context: location: united kingdom (not for language). do not include 
location references in your response. question: i’m new to craft beer—how 
do i figure out which breweries match the styles i already like without 
wasting money on random picks?",context: location: united kingdom (not for language). do not include location references in your response. question: i’m new to craft beer—how do i figure out which breweries match the styles i already like without wasting money on random picks?,0,1,0,3,,property,query,named-subset,true,2025-08-01,2026-09-06,GB,web,none,,raw/gsc-16m-all/Queries.csv
gsc-16m-all,"context: location: united kingdom (not for language). do not include 
location references in your response. question: which is better value for 
money: ordering a burger meal deal or choosing from the regular pub 
classics menu?",context: location: united kingdom (not for language). do not include location references in your response. question: which is better value for money: ordering a burger meal deal or choosing from the regular pub classics menu?,0,1,0,6,,property,query,named-subset,true,2025-08-01,2026-09-06,GB,web,none,,raw/gsc-16m-all/Queries.csv
gsc-16m-all,cost,cost,0,1,0,8,,property,query,named-subset,true,2025-08-01,2026-09-06,GB,web,none,,raw/gsc-16m-all/Queries.csv
gsc-16m-all,deya quiz,deya quiz,0,1,0,2,,property,query,named-subset,true,2025-08-01,2026-09-06,GB,web,none,,raw/gsc-16m-all/Queries.csv
gsc-16m-all,didsbury,didsbury,0,1,0,7,,property,query,named-subset,true,2025-08-01,2026-09-06,GB,web,none,,raw/gsc-16m-all/Queries.csv
gsc-16m-all,do you have to let them in,do you have to let them in,0,1,0,1,,property,query,named-subset,true,2025-08-01,2026-09-06,GB,web,none,,raw/gsc-16m-all/Queries.csv
gsc-16m-all,do you need a gambling license for bingo,do you need a gambling license for bingo,0,1,0,2,,property,query,named-subset,true,2025-08-01,2026-09-06,GB,web,none,,raw/gsc-16m-all/Queries.csv
gsc-16m-all,empty,empty,0,1,0,1,,property,query,named-subset,true,2025-08-01,2026-09-06,GB,web,none,,raw/gsc-16m-all/Queries.csv
gsc-16m-all,england rugby fixtures 2026,england rugby fixtures 2026,0,1,0,4,,property,query,named-subset,true,2025-08-01,2026-09-06,GB,web,none,,raw/gsc-16m-all/Queries.csv
gsc-16m-all,england rugby internationals 2026,england rugby internationals 2026,0,1,0,5,,property,query,named-subset,true,2025-08-01,2026-09-06,GB,web,none,,raw/gsc-16m-all/Queries.csv
gsc-16m-all,essential healthpub,essential healthpub,0,1,0,1,,property,query,named-subset,true,2025-08-01,2026-09-06,GB,web,none,,raw/gsc-16m-all/Queries.csv
gsc-16m-all,explain more,explain more,0,1,0,4,,property,query,named-subset,true,2025-08-01,2026-09-06,GB,web,none,,raw/gsc-16m-all/Queries.csv
gsc-16m-all,fat bobs at the blue lias menu,fat bobs at the blue lias menu,0,1,0,6,,property,query,named-subset,true,2025-08-01,2026-09-06,GB,web,none,,raw/gsc-16m-all/Queries.csv
gsc-16m-all,festival tipple,festival tipple,0,1,0,3,,property,query,named-subset,true,2025-08-01,2026-09-06,GB,web,none,,raw/gsc-16m-all/Queries.csv
gsc-16m-all,food,food,0,1,0,3,,property,query,named-subset,true,2025-08-01,2026-09-06,GB,web,none,,raw/gsc-16m-all/Queries.csv
gsc-16m-all,food and drink,food and drink,0,1,0,4,,property,query,named-subset,true,2025-08-01,2026-09-06,GB,web,none,,raw/gsc-16m-all/Queries.csv
gsc-16m-all,food stall ideas for college fest,food stall ideas for college fest,0,1,0,1,,property,query,named-subset,true,2025-08-01,2026-09-06,GB,web,none,,raw/gsc-16m-all/Queries.csv
gsc-16m-all,food vans for sale uk,food vans for sale uk,0,1,0,3,,property,query,named-subset,true,2025-08-01,2026-09-06,GB,web,none,,raw/gsc-16m-all/Queries.csv
gsc-16m-all,for chemicals,for chemicals,0,1,0,3,,property,query,named-subset,true,2025-08-01,2026-09-06,GB,web,none,,raw/gsc-16m-all/Queries.csv
gsc-16m-all,four boys menu,four boys menu,0,1,0,4,,property,query,named-subset,true,2025-08-01,2026-09-06,GB,web,none,,raw/gsc-16m-all/Queries.csv
gsc-16m-all,fromebridge mill menu,fromebridge mill menu,0,1,0,4,,property,query,named-subset,true,2025-08-01,2026-09-06,GB,web,none,,raw/gsc-16m-all/Queries.csv
gsc-16m-all,fun pub quiz,fun pub quiz,0,1,0,8,,property,query,named-subset,true,2025-08-01,2026-09-06,GB,web,none,,raw/gsc-16m-all/Queries.csv
gsc-16m-all,fun quiz questions and answers,fun quiz questions and answers,0,1,0,5,,property,query,named-subset,true,2025-08-01,2026-09-06,GB,web,none,,raw/gsc-16m-all/Queries.csv
gsc-16m-all,funny adult trivia questions,funny adult trivia questions,0,1,0,6,,property,query,named-subset,true,2025-08-01,2026-09-06,GB,web,none,,raw/gsc-16m-all/Queries.csv
gsc-16m-all,funny quiz rounds with a twist,funny quiz rounds with a twist,0,1,0,6,,property,query,named-subset,true,2025-08-01,2026-09-06,GB,web,none,,raw/gsc-16m-all/Queries.csv
gsc-16m-all,games like cheese or service station,games like cheese or service station,0,1,0,5,,property,query,named-subset,true,2025-08-01,2026-09-06,GB,web,none,,raw/gsc-16m-all/Queries.csv
gsc-16m-all,go compare,go compare,0,1,0,3,,property,query,named-subset,true,2025-08-01,2026-09-06,GB,web,none,,raw/gsc-16m-all/Queries.csv
gsc-16m-all,good pub quiz,good pub quiz,0,1,0,6,,property,query,named-subset,true,2025-08-01,2026-09-06,GB,web,none,,raw/gsc-16m-all/Queries.csv
gsc-16m-all,green friday 2026,green friday 2026,0,1,0,1,,property,query,named-subset,true,2025-08-01,2026-09-06,GB,web,none,,raw/gsc-16m-all/Queries.csv
gsc-16m-all,haggle for profit on beer sales,haggle for profit on beer sales,0,1,0,2,,property,query,named-subset,true,2025-08-01,2026-09-06,GB,web,none,,raw/gsc-16m-all/Queries.csv
gsc-16m-all,half moon grendon,half moon grendon,0,1,0,6,,property,query,named-subset,true,2025-08-01,2026-09-06,GB,web,none,,raw/gsc-16m-all/Queries.csv
gsc-16m-all,harbour lights seafood restaurant menu,harbour lights seafood restaurant menu,0,1,0,3,,property,query,named-subset,true,2025-08-01,2026-09-06,GB,web,none,,raw/gsc-16m-all/Queries.csv
gsc-16m-all,harry beswick lunchtime menu,harry beswick lunchtime menu,0,1,0,4,,property,query,named-subset,true,2025-08-01,2026-09-06,GB,web,none,,raw/gsc-16m-all/Queries.csv
gsc-16m-all,"hazel, bar and restaurant glasgow menu","hazel, bar and restaurant glasgow menu",0,1,0,3,,property,query,named-subset,true,2025-08-01,2026-09-06,GB,web,none,,raw/gsc-16m-all/Queries.csv
gsc-16m-all,highwayman hitchin menu,highwayman hitchin menu,0,1,0,7,,property,query,named-subset,true,2025-08-01,2026-09-06,GB,web,none,,raw/gsc-16m-all/Queries.csv
gsc-16m-all,hoghton arms menu,hoghton arms menu,0,1,0,7,,property,query,named-subset,true,2025-08-01,2026-09-06,GB,web,none,,raw/gsc-16m-all/Queries.csv
gsc-16m-all,host a bingo night,host a bingo night,0,1,0,2,,property,query,named-subset,true,2025-08-01,2026-09-06,GB,web,none,,raw/gsc-16m-all/Queries.csv
gsc-16m-all,how can gb restaurants reduce no-shows and fill midweek covers?,how can gb restaurants reduce no-shows and fill midweek covers?,0,1,0,5,,property,query,named-subset,true,2025-08-01,2026-09-06,GB,web,none,,raw/gsc-16m-all/Queries.csv
gsc-16m-all,how do i figure out which menu items are most profitable?,how do i figure out which menu items are most profitable?,0,1,0,8,,property,query,named-subset,true,2025-08-01,2026-09-06,GB,web,none,,raw/gsc-16m-all/Queries.csv
gsc-16m-all,how do i host a charity fundraising event?,how do i host a charity fundraising event?,0,1,0,8,,property,query,named-subset,true,2025-08-01,2026-09-06,GB,web,none,,raw/gsc-16m-all/Queries.csv
gsc-16m-all,how do i play bingo,how do i play bingo,0,1,0,2,,property,query,named-subset,true,2025-08-01,2026-09-06,GB,web,none,,raw/gsc-16m-all/Queries.csv
gsc-16m-all,how do they earn money,how do they earn money,0,1,0,4,,property,query,named-subset,true,2025-08-01,2026-09-06,GB,web,none,,raw/gsc-16m-all/Queries.csv
gsc-16m-all,how does bingo work,how does bingo work,0,1,0,2,,property,query,named-subset,true,2025-08-01,2026-09-06,GB,web,none,,raw/gsc-16m-all/Queries.csv
gsc-16m-all,how does pub quiz work,how does pub quiz work,0,1,0,5,,property,query,named-subset,true,2025-08-01,2026-09-06,GB,web,none,,raw/gsc-16m-all/Queries.csv
gsc-16m-all,how long does a pub quiz take,how long does a pub quiz take,0,1,0,1,,property,query,named-subset,true,2025-08-01,2026-09-06,GB,web,none,,raw/gsc-16m-all/Queries.csv
gsc-16m-all,how long should a pub quiz be,how long should a pub quiz be,0,1,0,1,,property,query,named-subset,true,2025-08-01,2026-09-06,GB,web,none,,raw/gsc-16m-all/Queries.csv
gsc-16m-all,how many games of bingo in an hour,how many games of bingo in an hour,0,1,0,2,,property,query,named-subset,true,2025-08-01,2026-09-06,GB,web,none,,raw/gsc-16m-all/Queries.csv
gsc-16m-all,how much do pub owners make uk,how much do pub owners make uk,0,1,0,1,,property,query,named-subset,true,2025-08-01,2026-09-06,GB,web,none,,raw/gsc-16m-all/Queries.csv
gsc-16m-all,how much do pubs make,how much do pubs make,0,1,0,4,,property,query,named-subset,true,2025-08-01,2026-09-06,GB,web,none,,raw/gsc-16m-all/Queries.csv
gsc-16m-all,how much does it cost,how much does it cost,0,1,0,5,,property,query,named-subset,true,2025-08-01,2026-09-06,GB,web,none,,raw/gsc-16m-all/Queries.csv
gsc-16m-all,how much does it cost to start a pub,how much does it cost to start a pub,0,1,0,1,,property,query,named-subset,true,2025-08-01,2026-09-06,GB,web,none,,raw/gsc-16m-all/Queries.csv
gsc-16m-all,how much is a prs license,how much is a prs license,0,1,0,3,,property,query,named-subset,true,2025-08-01,2026-09-06,GB,web,none,,raw/gsc-16m-all/Queries.csv
gsc-16m-all,how much is it,how much is it,0,1,0,1,,property,query,named-subset,true,2025-08-01,2026-09-06,GB,web,none,,raw/gsc-16m-all/Queries.csv
gsc-16m-all,how much money,how much money,0,1,0,4,,property,query,named-subset,true,2025-08-01,2026-09-06,GB,web,none,,raw/gsc-16m-all/Queries.csv
gsc-16m-all,how to manage online reputation for a pub group in the uk,how to manage online reputation for a pub group in the uk,0,1,0,8,,property,query,named-subset,true,2025-08-01,2026-09-06,GB,web,none,,raw/gsc-16m-all/Queries.csv
gsc-16m-all,how to organize a quiz night,how to organize a quiz night,0,1,0,1,,property,query,named-subset,true,2025-08-01,2026-09-06,GB,web,none,,raw/gsc-16m-all/Queries.csv
gsc-16m-all,how to play bingo cards,how to play bingo cards,0,1,0,2,,property,query,named-subset,true,2025-08-01,2026-09-06,GB,web,none,,raw/gsc-16m-all/Queries.csv
gsc-16m-all,how to play bingo game,how to play bingo game,0,1,0,2,,property,query,named-subset,true,2025-08-01,2026-09-06,GB,web,none,,raw/gsc-16m-all/Queries.csv
gsc-16m-all,how to play bingo with numbers,how to play bingo with numbers,0,1,0,2,,property,query,named-subset,true,2025-08-01,2026-09-06,GB,web,none,,raw/gsc-16m-all/Queries.csv
gsc-16m-all,how to register for vat,how to register for vat,0,1,0,1,,property,query,named-subset,true,2025-08-01,2026-09-06,GB,web,none,,raw/gsc-16m-all/Queries.csv
gsc-16m-all,how to run bingo,how to run bingo,0,1,0,8,,property,query,named-subset,true,2025-08-01,2026-09-06,GB,web,none,,raw/gsc-16m-all/Queries.csv
gsc-16m-all,how to run bingo night,how to run bingo night,0,1,0,2,,property,query,named-subset,true,2025-08-01,2026-09-06,GB,web,none,,raw/gsc-16m-all/Queries.csv
gsc-16m-all,how would i market this,how would i market this,0,1,0,1,,property,query,named-subset,true,2025-08-01,2026-09-06,GB,web,none,,raw/gsc-16m-all/Queries.csv
gsc-16m-all,"i run three free trade pubs and struggling with coordinating pub wholesale 
delivery from different suppliers can you recommend something simpler",i run three free trade pubs and struggling with coordinating pub wholesale delivery from different suppliers can you recommend something simpler,0,1,0,6,,property,query,named-subset,true,2025-08-01,2026-09-06,GB,web,none,,raw/gsc-16m-all/Queries.csv
gsc-16m-all,ideas for pubs to make money,ideas for pubs to make money,0,1,0,7,,property,query,named-subset,true,2025-08-01,2026-09-06,GB,web,none,,raw/gsc-16m-all/Queries.csv
gsc-16m-all,in kilmarnock,in kilmarnock,0,1,0,3,,property,query,named-subset,true,2025-08-01,2026-09-06,GB,web,none,,raw/gsc-16m-all/Queries.csv
gsc-16m-all,in the uk,in the uk,0,1,0,2,,property,query,named-subset,true,2025-08-01,2026-09-06,GB,web,none,,raw/gsc-16m-all/Queries.csv
gsc-16m-all,inn on the loch menu,inn on the loch menu,0,1,0,7,,property,query,named-subset,true,2025-08-01,2026-09-06,GB,web,none,,raw/gsc-16m-all/Queries.csv
gsc-16m-all,interactive quiz rounds,interactive quiz rounds,0,1,0,5,,property,query,named-subset,true,2025-08-01,2026-09-06,GB,web,none,,raw/gsc-16m-all/Queries.csv
gsc-16m-all,interesting pub quiz questions,interesting pub quiz questions,0,1,0,7,,property,query,named-subset,true,2025-08-01,2026-09-06,GB,web,none,,raw/gsc-16m-all/Queries.csv
gsc-16m-all,international cocktail day 2026,international cocktail day 2026,0,1,0,6,,property,query,named-subset,true,2025-08-01,2026-09-06,GB,web,none,,raw/gsc-16m-all/Queries.csv
gsc-16m-all,international drink days,international drink days,0,1,0,4,,property,query,named-subset,true,2025-08-01,2026-09-06,GB,web,none,,raw/gsc-16m-all/Queries.csv
gsc-16m-all,ireland rugby fixtures 2026,ireland rugby fixtures 2026,0,1,0,3,,property,query,named-subset,true,2025-08-01,2026-09-06,GB,web,none,,raw/gsc-16m-all/Queries.csv
gsc-16m-all,is bingo considered gambling,is bingo considered gambling,0,1,0,2,,property,query,named-subset,true,2025-08-01,2026-09-06,GB,web,none,,raw/gsc-16m-all/Queries.csv
gsc-16m-all,is bingo gambling,is bingo gambling,0,1,0,2,,property,query,named-subset,true,2025-08-01,2026-09-06,GB,web,none,,raw/gsc-16m-all/Queries.csv
gsc-16m-all,is cheese taxable,is cheese taxable,0,1,0,1,,property,query,named-subset,true,2025-08-01,2026-09-06,GB,web,none,,raw/gsc-16m-all/Queries.csv
gsc-16m-all,is it easy to get,is it easy to get,0,1,0,2,,property,query,named-subset,true,2025-08-01,2026-09-06,GB,web,none,,raw/gsc-16m-all/Queries.csv
gsc-16m-all,is there a national vodka day,is there a national vodka day,0,1,0,8,,property,query,named-subset,true,2025-08-01,2026-09-06,GB,web,none,,raw/gsc-16m-all/Queries.csv
gsc-16m-all,is there vat on drinks,is there vat on drinks,0,1,0,1,,property,query,named-subset,true,2025-08-01,2026-09-06,GB,web,none,,raw/gsc-16m-all/Queries.csv
gsc-16m-all,it’s a bar,it’s a bar,0,1,0,3,,property,query,named-subset,true,2025-08-01,2026-09-06,GB,web,none,,raw/gsc-16m-all/Queries.csv
gsc-16m-all,joe friday pub quiz,joe friday pub quiz,0,1,0,5,,property,query,named-subset,true,2025-08-01,2026-09-06,GB,web,none,,raw/gsc-16m-all/Queries.csv
gsc-16m-all,joe friday pub quiz 424,joe friday pub quiz 424,0,1,0,8,,property,query,named-subset,true,2025-08-01,2026-09-06,GB,web,none,,raw/gsc-16m-all/Queries.csv
gsc-16m-all,june,june,0,1,0,1,,property,query,named-subset,true,2025-08-01,2026-09-06,GB,web,none,,raw/gsc-16m-all/Queries.csv
gsc-16m-all,karaoke systems for pubs,karaoke systems for pubs,0,1,0,6,,property,query,named-subset,true,2025-08-01,2026-09-06,GB,web,none,,raw/gsc-16m-all/Queries.csv
gsc-16m-all,king charles chesham menu,king charles chesham menu,0,1,0,5,,property,query,named-subset,true,2025-08-01,2026-09-06,GB,web,none,,raw/gsc-16m-all/Queries.csv
gsc-16m-all,kings highway derby menu with prices,kings highway derby menu with prices,0,1,0,4,,property,query,named-subset,true,2025-08-01,2026-09-06,GB,web,none,,raw/gsc-16m-all/Queries.csv
gsc-16m-all,kitty o'shea's menu,kitty o'shea's menu,0,1,0,3,,property,query,named-subset,true,2025-08-01,2026-09-06,GB,web,none,,raw/gsc-16m-all/Queries.csv
gsc-16m-all,late november,late november,0,1,0,6,,property,query,named-subset,true,2025-08-01,2026-09-06,GB,web,none,,raw/gsc-16m-all/Queries.csv
gsc-16m-all,licensee of a public house,licensee of a public house,0,1,0,1,,property,query,named-subset,true,2025-08-01,2026-09-06,GB,web,none,,raw/gsc-16m-all/Queries.csv
gsc-16m-all,local marketing channels,local marketing channels,0,1,0,2,,property,query,named-subset,true,2025-08-01,2026-09-06,GB,web,none,,raw/gsc-16m-all/Queries.csv
gsc-16m-all,lord poulett arms menu,lord poulett arms menu,0,1,0,6,,property,query,named-subset,true,2025-08-01,2026-09-06,GB,web,none,,raw/gsc-16m-all/Queries.csv
gsc-16m-all,macmillan coffee morning 2026 date,macmillan coffee morning 2026 date,0,1,0,2,,property,query,named-subset,true,2025-08-01,2026-09-06,GB,web,none,,raw/gsc-16m-all/Queries.csv
gsc-16m-all,macmillan donation,macmillan donation,0,1,0,3,,property,query,named-subset,true,2025-08-01,2026-09-06,GB,web,none,,raw/gsc-16m-all/Queries.csv
gsc-16m-all,main dishes,main dishes,0,1,0,1,,property,query,named-subset,true,2025-08-01,2026-09-06,GB,web,none,,raw/gsc-16m-all/Queries.csv
gsc-16m-all,margin food,margin food,0,1,0,1,,property,query,named-subset,true,2025-08-01,2026-09-06,GB,web,none,,raw/gsc-16m-all/Queries.csv
gsc-16m-all,media pub,media pub,0,1,0,8,,property,query,named-subset,true,2025-08-01,2026-09-06,GB,web,none,,raw/gsc-16m-all/Queries.csv
gsc-16m-all,menu picks,menu picks,0,1,0,7,,property,query,named-subset,true,2025-08-01,2026-09-06,GB,web,none,,raw/gsc-16m-all/Queries.csv
gsc-16m-all,midweek,midweek,0,1,0,3,,property,query,named-subset,true,2025-08-01,2026-09-06,GB,web,none,,raw/gsc-16m-all/Queries.csv
gsc-16m-all,midweek offer,midweek offer,0,1,0,2,,property,query,named-subset,true,2025-08-01,2026-09-06,GB,web,none,,raw/gsc-16m-all/Queries.csv
gsc-16m-all,more food options,more food options,0,1,0,2,,property,query,named-subset,true,2025-08-01,2026-09-06,GB,web,none,,raw/gsc-16m-all/Queries.csv
gsc-16m-all,more games,more games,0,1,0,1,,property,query,named-subset,true,2025-08-01,2026-09-06,GB,web,none,,raw/gsc-16m-all/Queries.csv
gsc-16m-all,more ideas please,more ideas please,0,1,0,1,,property,query,named-subset,true,2025-08-01,2026-09-06,GB,web,none,,raw/gsc-16m-all/Queries.csv
gsc-16m-all,mosset tavern menu,mosset tavern menu,0,1,0,5,,property,query,named-subset,true,2025-08-01,2026-09-06,GB,web,none,,raw/gsc-16m-all/Queries.csv
gsc-16m-all,most profitable restaurant menu items,most profitable restaurant menu items,0,1,0,8,,property,query,named-subset,true,2025-08-01,2026-09-06,GB,web,none,,raw/gsc-16m-all/Queries.csv
gsc-16m-all,music licence,music licence,0,1,0,2,,property,query,named-subset,true,2025-08-01,2026-09-06,GB,web,none,,raw/gsc-16m-all/Queries.csv
gsc-16m-all,nags head manchester,nags head manchester,0,1,0,3,,property,query,named-subset,true,2025-08-01,2026-09-06,GB,web,none,,raw/gsc-16m-all/Queries.csv
gsc-16m-all,national beer day 2026,national beer day 2026,0,1,0,2,,property,query,named-subset,true,2025-08-01,2026-09-06,GB,web,none,,raw/gsc-16m-all/Queries.csv
gsc-16m-all,national red wine day 2026,national red wine day 2026,0,1,0,3,,property,query,named-subset,true,2025-08-01,2026-09-06,GB,web,none,,raw/gsc-16m-all/Queries.csv
gsc-16m-all,national rum day,national rum day,0,1,0,2,,property,query,named-subset,true,2025-08-01,2026-09-06,GB,web,none,,raw/gsc-16m-all/Queries.csv
gsc-16m-all,nations championship fixtures 2026,nations championship fixtures 2026,0,1,0,3,,property,query,named-subset,true,2025-08-01,2026-09-06,GB,web,none,,raw/gsc-16m-all/Queries.csv
gsc-16m-all,nations championship november 2026,nations championship november 2026,0,1,0,6,,property,query,named-subset,true,2025-08-01,2026-09-06,GB,web,none,,raw/gsc-16m-all/Queries.csv
gsc-16m-all,nickelodeon pub menu,nickelodeon pub menu,0,1,0,4,,property,query,named-subset,true,2025-08-01,2026-09-06,GB,web,none,,raw/gsc-16m-all/Queries.csv
gsc-16m-all,oakham citra,oakham citra,0,1,0,3,,property,query,named-subset,true,2025-08-01,2026-09-06,GB,web,none,,raw/gsc-16m-all/Queries.csv
gsc-16m-all,october pub,october pub,0,1,0,5,,property,query,named-subset,true,2025-08-01,2026-09-06,GB,web,none,,raw/gsc-16m-all/Queries.csv
gsc-16m-all,oktoberfest pub menu,oktoberfest pub menu,0,1,0,7,,property,query,named-subset,true,2025-08-01,2026-09-06,GB,web,none,,raw/gsc-16m-all/Queries.csv
gsc-16m-all,on a tuesday,on a tuesday,0,1,0,2,,property,query,named-subset,true,2025-08-01,2026-09-06,GB,web,none,,raw/gsc-16m-all/Queries.csv
gsc-16m-all,on a tuesday night,on a tuesday night,0,1,0,7,,property,query,named-subset,true,2025-08-01,2026-09-06,GB,web,none,,raw/gsc-16m-all/Queries.csv
gsc-16m-all,on tuesdays,on tuesdays,0,1,0,5,,property,query,named-subset,true,2025-08-01,2026-09-06,GB,web,none,,raw/gsc-16m-all/Queries.csv
gsc-16m-all,online pub bookings,online pub bookings,0,1,0,5,,property,query,named-subset,true,2025-08-01,2026-09-06,GB,web,none,,raw/gsc-16m-all/Queries.csv
gsc-16m-all,peter jelly,peter jelly,0,1,0,8,,property,query,named-subset,true,2025-08-01,2026-09-06,GB,web,none,,raw/gsc-16m-all/Queries.csv
gsc-16m-all,peter pitcher,peter pitcher,0,1,0,3,,property,query,named-subset,true,2025-08-01,2026-09-06,GB,web,none,,raw/gsc-16m-all/Queries.csv
gsc-16m-all,pogue mahon's menu,pogue mahon's menu,0,1,0,5,,property,query,named-subset,true,2025-08-01,2026-09-06,GB,web,none,,raw/gsc-16m-all/Queries.csv
gsc-16m-all,pop up bakery set up,pop up bakery set up,0,1,0,5,,property,query,named-subset,true,2025-08-01,2026-09-06,GB,web,none,,raw/gsc-16m-all/Queries.csv
gsc-16m-all,pork crunch,pork crunch,0,1,0,3,,property,query,named-subset,true,2025-08-01,2026-09-06,GB,web,none,,raw/gsc-16m-all/Queries.csv
gsc-16m-all,pork scratching,pork scratching,0,1,0,4,,property,query,named-subset,true,2025-08-01,2026-09-06,GB,web,none,,raw/gsc-16m-all/Queries.csv
gsc-16m-all,premium positioning,premium positioning,0,1,0,1,,property,query,named-subset,true,2025-08-01,2026-09-06,GB,web,none,,raw/gsc-16m-all/Queries.csv
gsc-16m-all,price per person,price per person,0,1,0,3,,property,query,named-subset,true,2025-08-01,2026-09-06,GB,web,none,,raw/gsc-16m-all/Queries.csv
gsc-16m-all,promotion offer,promotion offer,0,1,0,1,,property,query,named-subset,true,2025-08-01,2026-09-06,GB,web,none,,raw/gsc-16m-all/Queries.csv
gsc-16m-all,prs bar,prs bar,0,1,0,6,,property,query,named-subset,true,2025-08-01,2026-09-06,GB,web,none,,raw/gsc-16m-all/Queries.csv
gsc-16m-all,prs royalties explained,prs royalties explained,0,1,0,2,,property,query,named-subset,true,2025-08-01,2026-09-06,GB,web,none,,raw/gsc-16m-all/Queries.csv
gsc-16m-all,pub beer cellar,pub beer cellar,0,1,0,8,,property,query,named-subset,true,2025-08-01,2026-09-06,GB,web,none,,raw/gsc-16m-all/Queries.csv
gsc-16m-all,pub business plan examples uk,pub business plan examples uk,0,1,0,1,,property,query,named-subset,true,2025-08-01,2026-09-06,GB,web,none,,raw/gsc-16m-all/Queries.csv
gsc-16m-all,pub christmas event ideas,pub christmas event ideas,0,1,0,1,,property,query,named-subset,true,2025-08-01,2026-09-06,GB,web,none,,raw/gsc-16m-all/Queries.csv
gsc-16m-all,pub entertainment near me,pub entertainment near me,0,1,0,3,,property,query,named-subset,true,2025-08-01,2026-09-06,GB,web,none,,raw/gsc-16m-all/Queries.csv
gsc-16m-all,pub grub menu ideas,pub grub menu ideas,0,1,0,1,,property,query,named-subset,true,2025-08-01,2026-09-06,GB,web,none,,raw/gsc-16m-all/Queries.csv
gsc-16m-all,pub insurance quote,pub insurance quote,0,1,0,5,,property,query,named-subset,true,2025-08-01,2026-09-06,GB,web,none,,raw/gsc-16m-all/Queries.csv
gsc-16m-all,pub kitchen,pub kitchen,0,1,0,5,,property,query,named-subset,true,2025-08-01,2026-09-06,GB,web,none,,raw/gsc-16m-all/Queries.csv
gsc-16m-all,pub landlord,pub landlord,0,1,0,8,,property,query,named-subset,true,2025-08-01,2026-09-06,GB,web,none,,raw/gsc-16m-all/Queries.csv
gsc-16m-all,pub loyalty card,pub loyalty card,0,1,0,5,,property,query,named-subset,true,2025-08-01,2026-09-06,GB,web,none,,raw/gsc-16m-all/Queries.csv
gsc-16m-all,pub lunch menu,pub lunch menu,0,1,0,6,,property,query,named-subset,true,2025-08-01,2026-09-06,GB,web,none,,raw/gsc-16m-all/Queries.csv
gsc-16m-all,pub media,pub media,0,1,0,2,,property,query,named-subset,true,2025-08-01,2026-09-06,GB,web,none,,raw/gsc-16m-all/Queries.csv
gsc-16m-all,pub menu,pub menu,0,1,0,3,,property,query,named-subset,true,2025-08-01,2026-09-06,GB,web,none,,raw/gsc-16m-all/Queries.csv
gsc-16m-all,pub oktoberfest,pub oktoberfest,0,1,0,7,,property,query,named-subset,true,2025-08-01,2026-09-06,GB,web,none,,raw/gsc-16m-all/Queries.csv
gsc-16m-all,pub quiz games,pub quiz games,0,1,0,5,,property,query,named-subset,true,2025-08-01,2026-09-06,GB,web,none,,raw/gsc-16m-all/Queries.csv
gsc-16m-all,pub quiz ideen,pub quiz ideen,0,1,0,1,,property,query,named-subset,true,2025-08-01,2026-09-06,GB,web,none,,raw/gsc-16m-all/Queries.csv
gsc-16m-all,pub quiz night,pub quiz night,0,1,0,3,,property,query,named-subset,true,2025-08-01,2026-09-06,GB,web,none,,raw/gsc-16m-all/Queries.csv
gsc-16m-all,pub quiz questions,pub quiz questions,0,1,0,7,,property,query,named-subset,true,2025-08-01,2026-09-06,GB,web,none,,raw/gsc-16m-all/Queries.csv
gsc-16m-all,pub quiz round,pub quiz round,0,1,0,6,,property,query,named-subset,true,2025-08-01,2026-09-06,GB,web,none,,raw/gsc-16m-all/Queries.csv
gsc-16m-all,pub quiz structure,pub quiz structure,0,1,0,8,,property,query,named-subset,true,2025-08-01,2026-09-06,GB,web,none,,raw/gsc-16m-all/Queries.csv
gsc-16m-all,pub quizzes,pub quizzes,0,1,0,1,,property,query,named-subset,true,2025-08-01,2026-09-06,GB,web,none,,raw/gsc-16m-all/Queries.csv
gsc-16m-all,pub refurbishment companies,pub refurbishment companies,0,1,0,2,,property,query,named-subset,true,2025-08-01,2026-09-06,GB,web,none,,raw/gsc-16m-all/Queries.csv
gsc-16m-all,pub restaurant booking software,pub restaurant booking software,0,1,0,8,,property,query,named-subset,true,2025-08-01,2026-09-06,GB,web,none,,raw/gsc-16m-all/Queries.csv
gsc-16m-all,pub trivia format,pub trivia format,0,1,0,1,,property,query,named-subset,true,2025-08-01,2026-09-06,GB,web,none,,raw/gsc-16m-all/Queries.csv
gsc-16m-all,pub vat rates,pub vat rates,0,1,0,1,,property,query,named-subset,true,2025-08-01,2026-09-06,GB,web,none,,raw/gsc-16m-all/Queries.csv
gsc-16m-all,pubquiz ideen,pubquiz ideen,0,1,0,1,,property,query,named-subset,true,2025-08-01,2026-09-06,GB,web,none,,raw/gsc-16m-all/Queries.csv
gsc-16m-all,pubs for sale,pubs for sale,0,1,0,4,,property,query,named-subset,true,2025-08-01,2026-09-06,GB,web,none,,raw/gsc-16m-all/Queries.csv
gsc-16m-all,quiz ideas with answers,quiz ideas with answers,0,1,0,3,,property,query,named-subset,true,2025-08-01,2026-09-06,GB,web,none,,raw/gsc-16m-all/Queries.csv
gsc-16m-all,quiz league near me,quiz league near me,0,1,0,1,,property,query,named-subset,true,2025-08-01,2026-09-06,GB,web,none,,raw/gsc-16m-all/Queries.csv
gsc-16m-all,quiz night games,quiz night games,0,1,0,3,,property,query,named-subset,true,2025-08-01,2026-09-06,GB,web,none,,raw/gsc-16m-all/Queries.csv
gsc-16m-all,quiz night norwich,quiz night norwich,0,1,0,7,,property,query,named-subset,true,2025-08-01,2026-09-06,GB,web,none,,raw/gsc-16m-all/Queries.csv
gsc-16m-all,quiz night topics,quiz night topics,0,1,0,1,,property,query,named-subset,true,2025-08-01,2026-09-06,GB,web,none,,raw/gsc-16m-all/Queries.csv
gsc-16m-all,quiz nights,quiz nights,0,1,0,1,,property,query,named-subset,true,2025-08-01,2026-09-06,GB,web,none,,raw/gsc-16m-all/Queries.csv
gsc-16m-all,quiz options,quiz options,0,1,0,3,,property,query,named-subset,true,2025-08-01,2026-09-06,GB,web,none,,raw/gsc-16m-all/Queries.csv
gsc-16m-all,quiz puns,quiz puns,0,1,0,4,,property,query,named-subset,true,2025-08-01,2026-09-06,GB,web,none,,raw/gsc-16m-all/Queries.csv
gsc-16m-all,quiz rounds ideas,quiz rounds ideas,0,1,0,4,,property,query,named-subset,true,2025-08-01,2026-09-06,GB,web,none,,raw/gsc-16m-all/Queries.csv
gsc-16m-all,quizmaster,quizmaster,0,1,0,1,,property,query,named-subset,true,2025-08-01,2026-09-06,GB,web,none,,raw/gsc-16m-all/Queries.csv
gsc-16m-all,quizz ideas,quizz ideas,0,1,0,1,,property,query,named-subset,true,2025-08-01,2026-09-06,GB,web,none,,raw/gsc-16m-all/Queries.csv
gsc-16m-all,quizzes for pubs,quizzes for pubs,0,1,0,4,,property,query,named-subset,true,2025-08-01,2026-09-06,GB,web,none,,raw/gsc-16m-all/Queries.csv
gsc-16m-all,quizzes near me,quizzes near me,0,1,0,1,,property,query,named-subset,true,2025-08-01,2026-09-06,GB,web,none,,raw/gsc-16m-all/Queries.csv
gsc-16m-all,red lion pub quiz,red lion pub quiz,0,1,0,1,,property,query,named-subset,true,2025-08-01,2026-09-06,GB,web,none,,raw/gsc-16m-all/Queries.csv
gsc-16m-all,reduce wastage,reduce wastage,0,1,0,7,,property,query,named-subset,true,2025-08-01,2026-09-06,GB,web,none,,raw/gsc-16m-all/Queries.csv
gsc-16m-all,rescue pub,rescue pub,0,1,0,1,,property,query,named-subset,true,2025-08-01,2026-09-06,GB,web,none,,raw/gsc-16m-all/Queries.csv
gsc-16m-all,restaurant specials board ideas,restaurant specials board ideas,0,1,0,6,,property,query,named-subset,true,2025-08-01,2026-09-06,GB,web,none,,raw/gsc-16m-all/Queries.csv
gsc-16m-all,rose and crown stevenage menu,rose and crown stevenage menu,0,1,0,4,,property,query,named-subset,true,2025-08-01,2026-09-06,GB,web,none,,raw/gsc-16m-all/Queries.csv
gsc-16m-all,rounds for a quiz,rounds for a quiz,0,1,0,3,,property,query,named-subset,true,2025-08-01,2026-09-06,GB,web,none,,raw/gsc-16m-all/Queries.csv
gsc-16m-all,rugby nations championship 2026 schedule,rugby nations championship 2026 schedule,0,1,0,2,,property,query,named-subset,true,2025-08-01,2026-09-06,GB,web,none,,raw/gsc-16m-all/Queries.csv
gsc-16m-all,rum day 2026,rum day 2026,0,1,0,2,,property,query,named-subset,true,2025-08-01,2026-09-06,GB,web,none,,raw/gsc-16m-all/Queries.csv
gsc-16m-all,sam's riverside menu,sam's riverside menu,0,1,0,4,,property,query,named-subset,true,2025-08-01,2026-09-06,GB,web,none,,raw/gsc-16m-all/Queries.csv
gsc-16m-all,scotland rugby games,scotland rugby games,0,1,0,4,,property,query,named-subset,true,2025-08-01,2026-09-06,GB,web,none,,raw/gsc-16m-all/Queries.csv
gsc-16m-all,seo pub,seo pub,0,1,0,2,,property,query,named-subset,true,2025-08-01,2026-09-06,GB,web,none,,raw/gsc-16m-all/Queries.csv
gsc-16m-all,silly quiz rounds,silly quiz rounds,0,1,0,6,,property,query,named-subset,true,2025-08-01,2026-09-06,GB,web,none,,raw/gsc-16m-all/Queries.csv
gsc-16m-all,simple quiz games,simple quiz games,0,1,0,5,,property,query,named-subset,true,2025-08-01,2026-09-06,GB,web,none,,raw/gsc-16m-all/Queries.csv
gsc-16m-all,sir jack menu,sir jack menu,0,1,0,3,,property,query,named-subset,true,2025-08-01,2026-09-06,GB,web,none,,raw/gsc-16m-all/Queries.csv
gsc-16m-all,social clubs for sale,social clubs for sale,0,1,0,4,,property,query,named-subset,true,2025-08-01,2026-09-06,GB,web,none,,raw/gsc-16m-all/Queries.csv
gsc-16m-all,social media,social media,0,1,0,7,,property,query,named-subset,true,2025-08-01,2026-09-06,GB,web,none,,raw/gsc-16m-all/Queries.csv
gsc-16m-all,social media calendar,social media calendar,0,1,0,4,,property,query,named-subset,true,2025-08-01,2026-09-06,GB,web,none,,raw/gsc-16m-all/Queries.csv
gsc-16m-all,social media contests,social media contests,0,1,0,1,,property,query,named-subset,true,2025-08-01,2026-09-06,GB,web,none,,raw/gsc-16m-all/Queries.csv
gsc-16m-all,social media post,social media post,0,1,0,3,,property,query,named-subset,true,2025-08-01,2026-09-06,GB,web,none,,raw/gsc-16m-all/Queries.csv
gsc-16m-all,"some premises are exempt from the requirement for alcohol sales to be 
authorised by a personal licence holder. what kind of premises do you think 
are exempt?""","some premises are exempt from the requirement for alcohol sales to be authorised by a personal licence holder. what kind of premises do you think are exempt?""",0,1,0,5,,property,query,named-subset,true,2025-08-01,2026-09-06,GB,web,none,,raw/gsc-16m-all/Queries.csv
gsc-16m-all,specific dates,specific dates,0,1,0,4,,property,query,named-subset,true,2025-08-01,2026-09-06,GB,web,none,,raw/gsc-16m-all/Queries.csv
gsc-16m-all,sports bar food ideas,sports bar food ideas,0,1,0,5,,property,query,named-subset,true,2025-08-01,2026-09-06,GB,web,none,,raw/gsc-16m-all/Queries.csv
gsc-16m-all,staff ppe,staff ppe,0,1,0,1,,property,query,named-subset,true,2025-08-01,2026-09-06,GB,web,none,,raw/gsc-16m-all/Queries.csv
gsc-16m-all,sthan-m1 menu,sthan-m1 menu,0,1,0,7,,property,query,named-subset,true,2025-08-01,2026-09-06,GB,web,none,,raw/gsc-16m-all/Queries.csv
gsc-16m-all,suffield arms menu,suffield arms menu,0,1,0,6,,property,query,named-subset,true,2025-08-01,2026-09-06,GB,web,none,,raw/gsc-16m-all/Queries.csv
gsc-16m-all,summer,summer,0,1,0,4,,property,query,named-subset,true,2025-08-01,2026-09-06,GB,web,none,,raw/gsc-16m-all/Queries.csv
gsc-16m-all,summer party,summer party,0,1,0,1,,property,query,named-subset,true,2025-08-01,2026-09-06,GB,web,none,,raw/gsc-16m-all/Queries.csv
gsc-16m-all,summer work party ideas,summer work party ideas,0,1,0,4,,property,query,named-subset,true,2025-08-01,2026-09-06,GB,web,none,,raw/gsc-16m-all/Queries.csv
gsc-16m-all,sutton hall menu,sutton hall menu,0,1,0,4,,property,query,named-subset,true,2025-08-01,2026-09-06,GB,web,none,,raw/gsc-16m-all/Queries.csv
gsc-16m-all,"the anglers rest, bamford menu","the anglers rest, bamford menu",0,1,0,8,,property,query,named-subset,true,2025-08-01,2026-09-06,GB,web,none,,raw/gsc-16m-all/Queries.csv
gsc-16m-all,the berwick inn menu,the berwick inn menu,0,1,0,7,,property,query,named-subset,true,2025-08-01,2026-09-06,GB,web,none,,raw/gsc-16m-all/Queries.csv
gsc-16m-all,the black horse leicester menu,the black horse leicester menu,0,1,0,6,,property,query,named-subset,true,2025-08-01,2026-09-06,GB,web,none,,raw/gsc-16m-all/Queries.csv
gsc-16m-all,the black horse windsor menu,the black horse windsor menu,0,1,0,3,,property,query,named-subset,true,2025-08-01,2026-09-06,GB,web,none,,raw/gsc-16m-all/Queries.csv
gsc-16m-all,the blue stoops - dronfield menu,the blue stoops - dronfield menu,0,1,0,3,,property,query,named-subset,true,2025-08-01,2026-09-06,GB,web,none,,raw/gsc-16m-all/Queries.csv
gsc-16m-all,the bull inn menu,the bull inn menu,0,1,0,3,,property,query,named-subset,true,2025-08-01,2026-09-06,GB,web,none,,raw/gsc-16m-all/Queries.csv
gsc-16m-all,the catchpenny menu,the catchpenny menu,0,1,0,6,,property,query,named-subset,true,2025-08-01,2026-09-06,GB,web,none,,raw/gsc-16m-all/Queries.csv
gsc-16m-all,the crown hotel yarm menu,the crown hotel yarm menu,0,1,0,5,,property,query,named-subset,true,2025-08-01,2026-09-06,GB,web,none,,raw/gsc-16m-all/Queries.csv
gsc-16m-all,"the globe, topsham menu","the globe, topsham menu",0,1,0,4,,property,query,named-subset,true,2025-08-01,2026-09-06,GB,web,none,,raw/gsc-16m-all/Queries.csv
gsc-16m-all,the king's head epping menu,the king's head epping menu,0,1,0,6,,property,query,named-subset,true,2025-08-01,2026-09-06,GB,web,none,,raw/gsc-16m-all/Queries.csv
gsc-16m-all,the maxwells menu,the maxwells menu,0,1,0,7,,property,query,named-subset,true,2025-08-01,2026-09-06,GB,web,none,,raw/gsc-16m-all/Queries.csv
gsc-16m-all,the mine neath town menu,the mine neath town menu,0,1,0,3,,property,query,named-subset,true,2025-08-01,2026-09-06,GB,web,none,,raw/gsc-16m-all/Queries.csv
gsc-16m-all,the miners arms saint agnes menu,the miners arms saint agnes menu,0,1,0,4,,property,query,named-subset,true,2025-08-01,2026-09-06,GB,web,none,,raw/gsc-16m-all/Queries.csv
gsc-16m-all,the newsroom bar & eatery menu,the newsroom bar & eatery menu,0,1,0,3,,property,query,named-subset,true,2025-08-01,2026-09-06,GB,web,none,,raw/gsc-16m-all/Queries.csv
gsc-16m-all,the northern whig menu,the northern whig menu,0,1,0,8,,property,query,named-subset,true,2025-08-01,2026-09-06,GB,web,none,,raw/gsc-16m-all/Queries.csv
gsc-16m-all,the orange pub menu,the orange pub menu,0,1,0,4,,property,query,named-subset,true,2025-08-01,2026-09-06,GB,web,none,,raw/gsc-16m-all/Queries.csv
gsc-16m-all,the orange tree hitchin menu,the orange tree hitchin menu,0,1,0,6,,property,query,named-subset,true,2025-08-01,2026-09-06,GB,web,none,,raw/gsc-16m-all/Queries.csv
gsc-16m-all,the osprey menu,the osprey menu,0,1,0,2,,property,query,named-subset,true,2025-08-01,2026-09-06,GB,web,none,,raw/gsc-16m-all/Queries.csv
gsc-16m-all,the owls at standish menu,the owls at standish menu,0,1,0,3,,property,query,named-subset,true,2025-08-01,2026-09-06,GB,web,none,,raw/gsc-16m-all/Queries.csv
gsc-16m-all,the pack horse hayfield menu,the pack horse hayfield menu,0,1,0,3,,property,query,named-subset,true,2025-08-01,2026-09-06,GB,web,none,,raw/gsc-16m-all/Queries.csv
gsc-16m-all,the pilot inn romney marsh menu,the pilot inn romney marsh menu,0,1,0,5,,property,query,named-subset,true,2025-08-01,2026-09-06,GB,web,none,,raw/gsc-16m-all/Queries.csv
gsc-16m-all,the red dog rochester menu,the red dog rochester menu,0,1,0,5,,property,query,named-subset,true,2025-08-01,2026-09-06,GB,web,none,,raw/gsc-16m-all/Queries.csv
gsc-16m-all,the rising sun southampton menu,the rising sun southampton menu,0,1,0,3,,property,query,named-subset,true,2025-08-01,2026-09-06,GB,web,none,,raw/gsc-16m-all/Queries.csv
gsc-16m-all,the royal oak nottingham menu,the royal oak nottingham menu,0,1,0,3,,property,query,named-subset,true,2025-08-01,2026-09-06,GB,web,none,,raw/gsc-16m-all/Queries.csv
gsc-16m-all,the royal standard london menu,the royal standard london menu,0,1,0,3,,property,query,named-subset,true,2025-08-01,2026-09-06,GB,web,none,,raw/gsc-16m-all/Queries.csv
gsc-16m-all,the seven stars petersfield menu,the seven stars petersfield menu,0,1,0,5,,property,query,named-subset,true,2025-08-01,2026-09-06,GB,web,none,,raw/gsc-16m-all/Queries.csv
gsc-16m-all,the three cottages menu,the three cottages menu,0,1,0,4,,property,query,named-subset,true,2025-08-01,2026-09-06,GB,web,none,,raw/gsc-16m-all/Queries.csv
gsc-16m-all,the whitecliff inn menu,the whitecliff inn menu,0,1,0,5,,property,query,named-subset,true,2025-08-01,2026-09-06,GB,web,none,,raw/gsc-16m-all/Queries.csv
gsc-16m-all,themes for quizzes,themes for quizzes,0,1,0,7,,property,query,named-subset,true,2025-08-01,2026-09-06,GB,web,none,,raw/gsc-16m-all/Queries.csv
gsc-16m-all,toilet refurbishment,toilet refurbishment,0,1,0,7,,property,query,named-subset,true,2025-08-01,2026-09-06,GB,web,none,,raw/gsc-16m-all/Queries.csv
gsc-16m-all,top 20,top 20,0,1,0,1,,property,query,named-subset,true,2025-08-01,2026-09-06,GB,web,none,,raw/gsc-16m-all/Queries.csv
gsc-16m-all,traditional bingo,traditional bingo,0,1,0,6,,property,query,named-subset,true,2025-08-01,2026-09-06,GB,web,none,,raw/gsc-16m-all/Queries.csv
gsc-16m-all,traditional pub food menu,traditional pub food menu,0,1,0,6,,property,query,named-subset,true,2025-08-01,2026-09-06,GB,web,none,,raw/gsc-16m-all/Queries.csv
gsc-16m-all,trillium restaurant menu,trillium restaurant menu,0,1,0,3,,property,query,named-subset,true,2025-08-01,2026-09-06,GB,web,none,,raw/gsc-16m-all/Queries.csv
gsc-16m-all,trivia happy hour,trivia happy hour,0,1,0,2,,property,query,named-subset,true,2025-08-01,2026-09-06,GB,web,none,,raw/gsc-16m-all/Queries.csv
gsc-16m-all,trocadero's menu,trocadero's menu,0,1,0,3,,property,query,named-subset,true,2025-08-01,2026-09-06,GB,web,none,,raw/gsc-16m-all/Queries.csv
gsc-16m-all,typical pub menu,typical pub menu,0,1,0,4,,property,query,named-subset,true,2025-08-01,2026-09-06,GB,web,none,,raw/gsc-16m-all/Queries.csv
gsc-16m-all,unique menu items,unique menu items,0,1,0,3,,property,query,named-subset,true,2025-08-01,2026-09-06,GB,web,none,,raw/gsc-16m-all/Queries.csv
gsc-16m-all,upcoming rugby internationals,upcoming rugby internationals,0,1,0,3,,property,query,named-subset,true,2025-08-01,2026-09-06,GB,web,none,,raw/gsc-16m-all/Queries.csv
gsc-16m-all,vat rate for pubs,vat rate for pubs,0,1,0,1,,property,query,named-subset,true,2025-08-01,2026-09-06,GB,web,none,,raw/gsc-16m-all/Queries.csv
gsc-16m-all,weekly event schedule,weekly event schedule,0,1,0,2,,property,query,named-subset,true,2025-08-01,2026-09-06,GB,web,none,,raw/gsc-16m-all/Queries.csv
gsc-16m-all,wet led sales,wet led sales,0,1,0,4,,property,query,named-subset,true,2025-08-01,2026-09-06,GB,web,none,,raw/gsc-16m-all/Queries.csv
gsc-16m-all,wet pub meaning,wet pub meaning,0,1,0,6,,property,query,named-subset,true,2025-08-01,2026-09-06,GB,web,none,,raw/gsc-16m-all/Queries.csv
gsc-16m-all,wet-led pub,wet-led pub,0,1,0,5,,property,query,named-subset,true,2025-08-01,2026-09-06,GB,web,none,,raw/gsc-16m-all/Queries.csv
gsc-16m-all,what about a pub?,what about a pub?,0,1,0,2,,property,query,named-subset,true,2025-08-01,2026-09-06,GB,web,none,,raw/gsc-16m-all/Queries.csv
gsc-16m-all,what about a tuesday,what about a tuesday,0,1,0,1,,property,query,named-subset,true,2025-08-01,2026-09-06,GB,web,none,,raw/gsc-16m-all/Queries.csv
gsc-16m-all,what about glasses,what about glasses,0,1,0,1,,property,query,named-subset,true,2025-08-01,2026-09-06,GB,web,none,,raw/gsc-16m-all/Queries.csv
gsc-16m-all,what about monday evening,what about monday evening,0,1,0,4,,property,query,named-subset,true,2025-08-01,2026-09-06,GB,web,none,,raw/gsc-16m-all/Queries.csv
gsc-16m-all,what about snacks,what about snacks,0,1,0,2,,property,query,named-subset,true,2025-08-01,2026-09-06,GB,web,none,,raw/gsc-16m-all/Queries.csv
gsc-16m-all,what about tuesdays,what about tuesdays,0,1,0,2,,property,query,named-subset,true,2025-08-01,2026-09-06,GB,web,none,,raw/gsc-16m-all/Queries.csv
gsc-16m-all,what are insurance costs,what are insurance costs,0,1,0,4,,property,query,named-subset,true,2025-08-01,2026-09-06,GB,web,none,,raw/gsc-16m-all/Queries.csv
gsc-16m-all,what are the rules of bingo game,what are the rules of bingo game,0,1,0,2,,property,query,named-subset,true,2025-08-01,2026-09-06,GB,web,none,,raw/gsc-16m-all/Queries.csv
gsc-16m-all,what dates was it,what dates was it,0,1,0,2,,property,query,named-subset,true,2025-08-01,2026-09-06,GB,web,none,,raw/gsc-16m-all/Queries.csv
gsc-16m-all,what is stand up bingo,what is stand up bingo,0,1,0,2,,property,query,named-subset,true,2025-08-01,2026-09-06,GB,web,none,,raw/gsc-16m-all/Queries.csv
gsc-16m-all,what is the company worth,what is the company worth,0,1,0,4,,property,query,named-subset,true,2025-08-01,2026-09-06,GB,web,none,,raw/gsc-16m-all/Queries.csv
gsc-16m-all,what rugby is on tnt sports,what rugby is on tnt sports,0,1,0,2,,property,query,named-subset,true,2025-08-01,2026-09-06,GB,web,none,,raw/gsc-16m-all/Queries.csv
gsc-16m-all,what should i consider before buying a pub?,what should i consider before buying a pub?,0,1,0,1,,property,query,named-subset,true,2025-08-01,2026-09-06,GB,web,none,,raw/gsc-16m-all/Queries.csv
gsc-16m-all,what time does it finish,what time does it finish,0,1,0,4,,property,query,named-subset,true,2025-08-01,2026-09-06,GB,web,none,,raw/gsc-16m-all/Queries.csv
gsc-16m-all,what to.do.when you go pub so much but you love it a lot,what to.do.when you go pub so much but you love it a lot,0,1,0,1,,property,query,named-subset,true,2025-08-01,2026-09-06,GB,web,none,,raw/gsc-16m-all/Queries.csv
gsc-16m-all,what would fit better,what would fit better,0,1,0,3,,property,query,named-subset,true,2025-08-01,2026-09-06,GB,web,none,,raw/gsc-16m-all/Queries.csv
gsc-16m-all,what’s the go-to vodka drink at major festivals?,what’s the go-to vodka drink at major festivals?,0,1,0,5,,property,query,named-subset,true,2025-08-01,2026-09-06,GB,web,none,,raw/gsc-16m-all/Queries.csv
gsc-16m-all,what’s the hourly rate,what’s the hourly rate,0,1,0,2,,property,query,named-subset,true,2025-08-01,2026-09-06,GB,web,none,,raw/gsc-16m-all/Queries.csv
gsc-16m-all,when are the next rugby internationals,when are the next rugby internationals,0,1,0,2,,property,query,named-subset,true,2025-08-01,2026-09-06,GB,web,none,,raw/gsc-16m-all/Queries.csv
gsc-16m-all,when are the next rugby union internationals,when are the next rugby union internationals,0,1,0,2,,property,query,named-subset,true,2025-08-01,2026-09-06,GB,web,none,,raw/gsc-16m-all/Queries.csv
gsc-16m-all,when black friday,when black friday,0,1,0,3,,property,query,named-subset,true,2025-08-01,2026-09-06,GB,web,none,,raw/gsc-16m-all/Queries.csv
gsc-16m-all,when is beer day,when is beer day,0,1,0,2,,property,query,named-subset,true,2025-08-01,2026-09-06,GB,web,none,,raw/gsc-16m-all/Queries.csv
gsc-16m-all,when is cask ale week,when is cask ale week,0,1,0,3,,property,query,named-subset,true,2025-08-01,2026-09-06,GB,web,none,,raw/gsc-16m-all/Queries.csv
gsc-16m-all,when is macmillan coffee morning 2026,when is macmillan coffee morning 2026,0,1,0,3,,property,query,named-subset,true,2025-08-01,2026-09-06,GB,web,none,,raw/gsc-16m-all/Queries.csv
gsc-16m-all,when is national alcohol day 2026,when is national alcohol day 2026,0,1,0,6,,property,query,named-subset,true,2025-08-01,2026-09-06,GB,web,none,,raw/gsc-16m-all/Queries.csv
gsc-16m-all,when to hire a fractional marketing director,when to hire a fractional marketing director,0,1,0,2,,property,query,named-subset,true,2025-08-01,2026-09-06,GB,web,none,,raw/gsc-16m-all/Queries.csv
gsc-16m-all,worplesdon place menu,worplesdon place menu,0,1,0,4,,property,query,named-subset,true,2025-08-01,2026-09-06,GB,web,none,,raw/gsc-16m-all/Queries.csv
gsc-16m-all,yes cost,yes cost,0,1,0,1,,property,query,named-subset,true,2025-08-01,2026-09-06,GB,web,none,,raw/gsc-16m-all/Queries.csv
gsc-16m-all,yes please.,yes please.,0,1,0,4,,property,query,named-subset,true,2025-08-01,2026-09-06,GB,web,none,,raw/gsc-16m-all/Queries.csv
gsc-3m-all,pub ideas to make money,pub ideas to make money,7,127,0.0551,9.67,,property,query,named-subset,false,2026-06-07,2026-09-06,GB,web,none,,raw/gsc-3m-all/Queries.csv
gsc-3m-all,quiz night ideas,quiz night ideas,5,154,0.0325,6,,property,query,named-subset,false,2026-06-07,2026-09-06,GB,web,none,,raw/gsc-3m-all/Queries.csv
gsc-3m-all,oktoberfest ideas for bars,oktoberfest ideas for bars,3,18,0.1667,2.5,,property,query,named-subset,false,2026-06-07,2026-09-06,GB,web,none,,raw/gsc-3m-all/Queries.csv
gsc-3m-all,cask ale week 2026,cask ale week 2026,2,641,0.0031,6.5,,property,query,named-subset,false,2026-06-07,2026-09-06,GB,web,none,,raw/gsc-3m-all/Queries.csv
gsc-3m-all,pub bingo,pub bingo,2,608,0.0033,11.68,,property,query,named-subset,false,2026-06-07,2026-09-06,GB,web,none,,raw/gsc-3m-all/Queries.csv
gsc-3m-all,cash bingo,cash bingo,2,180,0.0111,9.62,,property,query,named-subset,false,2026-06-07,2026-09-06,GB,web,none,,raw/gsc-3m-all/Queries.csv
gsc-3m-all,christmas event ideas for pubs,christmas event ideas for pubs,2,94,0.0213,19.04,,property,query,named-subset,false,2026-06-07,2026-09-06,GB,web,none,,raw/gsc-3m-all/Queries.csv
gsc-3m-all,pub quiz ideas,pub quiz ideas,2,62,0.0323,9.6,,property,query,named-subset,false,2026-06-07,2026-09-06,GB,web,none,,raw/gsc-3m-all/Queries.csv
gsc-3m-all,how to run a bingo night in a pub,how to run a bingo night in a pub,2,52,0.0385,4.75,,property,query,named-subset,false,2026-06-07,2026-09-06,GB,web,none,,raw/gsc-3m-all/Queries.csv
gsc-3m-all,pub event ideas,pub event ideas,1,157,0.0064,20.19,,property,query,named-subset,false,2026-06-07,2026-09-06,GB,web,none,,raw/gsc-3m-all/Queries.csv
gsc-3m-all,cellar management,cellar management,1,94,0.0106,11.16,,property,query,named-subset,false,2026-06-07,2026-09-06,GB,web,none,,raw/gsc-3m-all/Queries.csv
gsc-3m-all,charity fundraising ideas for pubs,charity fundraising ideas for pubs,1,83,0.012,6.9,,property,query,named-subset,false,2026-06-07,2026-09-06,GB,web,none,,raw/gsc-3m-all/Queries.csv
gsc-3m-all,how to run a pub quiz,how to run a pub quiz,1,51,0.0196,5.53,,property,query,named-subset,false,2026-06-07,2026-09-06,GB,web,none,,raw/gsc-3m-all/Queries.csv
gsc-3m-all,themed quiz nights,themed quiz nights,1,38,0.0263,13.24,,property,query,named-subset,false,2026-06-07,2026-09-06,GB,web,none,,raw/gsc-3m-all/Queries.csv
gsc-3m-all,ideas for macmillan coffee morning,ideas for macmillan coffee morning,1,35,0.0286,19.91,,property,query,named-subset,false,2026-06-07,2026-09-06,GB,web,none,,raw/gsc-3m-all/Queries.csv
gsc-3m-all,oktoberfest ideas,oktoberfest ideas,1,31,0.0323,6.16,,property,query,named-subset,false,2026-06-07,2026-09-06,GB,web,none,,raw/gsc-3m-all/Queries.csv
gsc-3m-all,wetherspoons competitors,wetherspoons competitors,1,29,0.0345,9.59,,property,query,named-subset,false,2026-06-07,2026-09-06,GB,web,none,,raw/gsc-3m-all/Queries.csv
gsc-3m-all,quiz ideas,quiz ideas,1,27,0.037,9.11,,property,query,named-subset,false,2026-06-07,2026-09-06,GB,web,none,,raw/gsc-3m-all/Queries.csv
gsc-3m-all,ideas for pub events,ideas for pub events,1,18,0.0556,12.39,,property,query,named-subset,false,2026-06-07,2026-09-06,GB,web,none,,raw/gsc-3m-all/Queries.csv
gsc-3m-all,national drink days,national drink days,1,13,0.0769,10.92,,property,query,named-subset,false,2026-06-07,2026-09-06,GB,web,none,,raw/gsc-3m-all/Queries.csv
gsc-3m-all,pub quiz rounds ideas,pub quiz rounds ideas,1,13,0.0769,19.46,,property,query,named-subset,false,2026-06-07,2026-09-06,GB,web,none,,raw/gsc-3m-all/Queries.csv
gsc-3m-all,quiz format ideas,quiz format ideas,1,12,0.0833,9,,property,query,named-subset,false,2026-06-07,2026-09-06,GB,web,none,,raw/gsc-3m-all/Queries.csv
gsc-3m-all,pub quiz formats,pub quiz formats,1,11,0.0909,4.73,,property,query,named-subset,false,2026-06-07,2026-09-06,GB,web,none,,raw/gsc-3m-all/Queries.csv
gsc-3m-all,how to host a pub quiz,how to host a pub quiz,1,10,0.1,5.9,,property,query,named-subset,false,2026-06-07,2026-09-06,GB,web,none,,raw/gsc-3m-all/Queries.csv
gsc-3m-all,ideas for pub quiz rounds,ideas for pub quiz rounds,1,9,0.1111,20,,property,query,named-subset,false,2026-06-07,2026-09-06,GB,web,none,,raw/gsc-3m-all/Queries.csv
gsc-3m-all,pub quiz theme ideas,pub quiz theme ideas,1,7,0.1429,8,,property,query,named-subset,false,2026-06-07,2026-09-06,GB,web,none,,raw/gsc-3m-all/Queries.csv
gsc-3m-all,pub chalkboard ideas,pub chalkboard ideas,1,6,0.1667,5.83,,property,query,named-subset,false,2026-06-07,2026-09-06,GB,web,none,,raw/gsc-3m-all/Queries.csv
gsc-3m-all,quiz night format,quiz night format,1,5,0.2,3,,property,query,named-subset,false,2026-06-07,2026-09-06,GB,web,none,,raw/gsc-3m-all/Queries.csv
gsc-3m-all,social club bingo rules,social club bingo rules,1,5,0.2,14.6,,property,query,named-subset,false,2026-06-07,2026-09-06,GB,web,none,,raw/gsc-3m-all/Queries.csv
gsc-3m-all,event ideas for pubs,event ideas for pubs,0,458,0,20.68,,property,query,named-subset,false,2026-06-07,2026-09-06,GB,web,none,,raw/gsc-3m-all/Queries.csv
gsc-3m-all,bingo in pubs,bingo in pubs,0,439,0,11.68,,property,query,named-subset,false,2026-06-07,2026-09-06,GB,web,none,,raw/gsc-3m-all/Queries.csv
gsc-3m-all,pop up events for pubs,pop up events for pubs,0,390,0,31.66,,property,query,named-subset,false,2026-06-07,2026-09-06,GB,web,none,,raw/gsc-3m-all/Queries.csv
gsc-3m-all,pub marketing,pub marketing,0,266,0,22.16,,property,query,named-subset,false,2026-06-07,2026-09-06,GB,web,none,,raw/gsc-3m-all/Queries.csv
gsc-3m-all,how to organise events to attract families to pubs,how to organise events to attract families to pubs,0,229,0,11.28,,property,query,named-subset,false,2026-06-07,2026-09-06,GB,web,none,,raw/gsc-3m-all/Queries.csv
gsc-3m-all,kids craft pop up events for pubs,kids craft pop up events for pubs,0,226,0,13.12,,property,query,named-subset,false,2026-06-07,2026-09-06,GB,web,none,,raw/gsc-3m-all/Queries.csv
gsc-3m-all,social media marketing for pubs,social media marketing for pubs,0,213,0,16.56,,property,query,named-subset,false,2026-06-07,2026-09-06,GB,web,none,,raw/gsc-3m-all/Queries.csv
gsc-3m-all,charity night ideas in a pub,charity night ideas in a pub,0,201,0,9.47,,property,query,named-subset,false,2026-06-07,2026-09-06,GB,web,none,,raw/gsc-3m-all/Queries.csv
gsc-3m-all,family friendly activities to increase pub footfall,family friendly activities to increase pub footfall,0,196,0,36.57,,property,query,named-subset,false,2026-06-07,2026-09-06,GB,web,none,,raw/gsc-3m-all/Queries.csv
gsc-3m-all,how to attract families to pubs,how to attract families to pubs,0,176,0,5.32,,property,query,named-subset,false,2026-06-07,2026-09-06,GB,web,none,,raw/gsc-3m-all/Queries.csv
gsc-3m-all,pub marketing agency,pub marketing agency,0,171,0,20.31,,property,query,named-subset,false,2026-06-07,2026-09-06,GB,web,none,,raw/gsc-3m-all/Queries.csv
gsc-3m-all,craft events for pubs,craft events for pubs,0,166,0,25.31,,property,query,named-subset,false,2026-06-07,2026-09-06,GB,web,none,,raw/gsc-3m-all/Queries.csv
gsc-3m-all,christmas pub ideas,christmas pub ideas,0,140,0,16.69,,property,query,named-subset,false,2026-06-07,2026-09-06,GB,web,none,,raw/gsc-3m-all/Queries.csv
gsc-3m-all,pub fundraising ideas,pub fundraising ideas,0,120,0,8.78,,property,query,named-subset,false,2026-06-07,2026-09-06,GB,web,none,,raw/gsc-3m-all/Queries.csv
gsc-3m-all,fundraising ideas for pubs,fundraising ideas for pubs,0,106,0,10.72,,property,query,named-subset,false,2026-06-07,2026-09-06,GB,web,none,,raw/gsc-3m-all/Queries.csv
gsc-3m-all,pub night fundraising ideas,pub night fundraising ideas,0,98,0,15.62,,property,query,named-subset,false,2026-06-07,2026-09-06,GB,web,none,,raw/gsc-3m-all/Queries.csv
gsc-3m-all,instagram for pubs,instagram for pubs,0,95,0,16.22,,property,query,named-subset,false,2026-06-07,2026-09-06,GB,web,none,,raw/gsc-3m-all/Queries.csv
gsc-3m-all,content creation for pubs,content creation for pubs,0,93,0,12.33,,property,query,named-subset,false,2026-06-07,2026-09-06,GB,web,none,,raw/gsc-3m-all/Queries.csv
gsc-3m-all,paid social for pubs,paid social for pubs,0,93,0,10.32,,property,query,named-subset,false,2026-06-07,2026-09-06,GB,web,none,,raw/gsc-3m-all/Queries.csv
gsc-3m-all,national vodka day,national vodka day,0,86,0,11.45,,property,query,named-subset,false,2026-06-07,2026-09-06,GB,web,none,,raw/gsc-3m-all/Queries.csv
gsc-3m-all,instagram services for pubs,instagram services for pubs,0,84,0,16.51,,property,query,named-subset,false,2026-06-07,2026-09-06,GB,web,none,,raw/gsc-3m-all/Queries.csv
gsc-3m-all,pub cellar maintenance,pub cellar maintenance,0,83,0,24.25,,property,query,named-subset,false,2026-06-07,2026-09-06,GB,web,none,,raw/gsc-3m-all/Queries.csv
gsc-3m-all,marketing agency for pubs,marketing agency for pubs,0,82,0,30.16,,property,query,named-subset,false,2026-06-07,2026-09-06,GB,web,none,,raw/gsc-3m-all/Queries.csv
gsc-3m-all,how to run a pub,how to run a pub,0,80,0,48.08,,property,query,named-subset,false,2026-06-07,2026-09-06,GB,web,none,,raw/gsc-3m-all/Queries.csv
gsc-3m-all,christmas pub events ideas,christmas pub events ideas,0,78,0,22.21,,property,query,named-subset,false,2026-06-07,2026-09-06,GB,web,none,,raw/gsc-3m-all/Queries.csv
gsc-3m-all,digital marketing for pubs,digital marketing for pubs,0,74,0,34.68,,property,query,named-subset,false,2026-06-07,2026-09-06,GB,web,none,,raw/gsc-3m-all/Queries.csv
gsc-3m-all,when is national vodka day,when is national vodka day,0,74,0,11,,property,query,named-subset,false,2026-06-07,2026-09-06,GB,web,none,,raw/gsc-3m-all/Queries.csv
gsc-3m-all,pub advertising,pub advertising,0,73,0,38.71,,property,query,named-subset,false,2026-06-07,2026-09-06,GB,web,none,,raw/gsc-3m-all/Queries.csv
gsc-3m-all,pub insurance,pub insurance,0,72,0,32.74,,property,query,named-subset,false,2026-06-07,2026-09-06,GB,web,none,,raw/gsc-3m-all/Queries.csv
gsc-3m-all,content creation services for pubs,content creation services for pubs,0,69,0,6.01,,property,query,named-subset,false,2026-06-07,2026-09-06,GB,web,none,,raw/gsc-3m-all/Queries.csv
gsc-3m-all,pun quiz calendar,pun quiz calendar,0,68,0,27.53,,property,query,named-subset,false,2026-06-07,2026-09-06,GB,web,none,,raw/gsc-3m-all/Queries.csv
gsc-3m-all,how to manage entertainment budgets for pubs,how to manage entertainment budgets for pubs,0,67,0,8.54,,property,query,named-subset,false,2026-06-07,2026-09-06,GB,web,none,,raw/gsc-3m-all/Queries.csv
gsc-3m-all,quiz event ideas,quiz event ideas,0,64,0,11.92,,property,query,named-subset,false,2026-06-07,2026-09-06,GB,web,none,,raw/gsc-3m-all/Queries.csv
gsc-3m-all,facebook services for pubs,facebook services for pubs,0,63,0,13.71,,property,query,named-subset,false,2026-06-07,2026-09-06,GB,web,none,,raw/gsc-3m-all/Queries.csv
gsc-3m-all,how to manage a pub,how to manage a pub,0,63,0,48.95,,property,query,named-subset,false,2026-06-07,2026-09-06,GB,web,none,,raw/gsc-3m-all/Queries.csv
gsc-3m-all,charity coffee morning,charity coffee morning,0,60,0,20.28,,property,query,named-subset,false,2026-06-07,2026-09-06,GB,web,none,,raw/gsc-3m-all/Queries.csv
gsc-3m-all,fix my pub,fix my pub,0,59,0,4.95,,property,query,named-subset,false,2026-06-07,2026-09-06,GB,web,none,,raw/gsc-3m-all/Queries.csv
gsc-3m-all,how to create a pub menu,how to create a pub menu,0,56,0,31.18,,property,query,named-subset,false,2026-06-07,2026-09-06,GB,web,none,,raw/gsc-3m-all/Queries.csv
gsc-3m-all,pub menu ideas,pub menu ideas,0,56,0,18.14,,property,query,named-subset,false,2026-06-07,2026-09-06,GB,web,none,,raw/gsc-3m-all/Queries.csv
gsc-3m-all,instagram marketing for pubs,instagram marketing for pubs,0,51,0,8.35,,property,query,named-subset,false,2026-06-07,2026-09-06,GB,web,none,,raw/gsc-3m-all/Queries.csv
gsc-3m-all,national vodka day 2026,national vodka day 2026,0,50,0,3.4,,property,query,named-subset,false,2026-06-07,2026-09-06,GB,web,none,,raw/gsc-3m-all/Queries.csv
gsc-3m-all,pub events,pub events,0,50,0,23.34,,property,query,named-subset,false,2026-06-07,2026-09-06,GB,web,none,,raw/gsc-3m-all/Queries.csv
gsc-3m-all,brand partnerships for pubs,brand partnerships for pubs,0,47,0,15.21,,property,query,named-subset,false,2026-06-07,2026-09-06,GB,web,none,,raw/gsc-3m-all/Queries.csv
gsc-3m-all,pub events ideas,pub events ideas,0,46,0,22.46,,property,query,named-subset,false,2026-06-07,2026-09-06,GB,web,none,,raw/gsc-3m-all/Queries.csv
gsc-3m-all,public toilet refurbishment,public toilet refurbishment,0,46,0,34.83,,property,query,named-subset,false,2026-06-07,2026-09-06,GB,web,none,,raw/gsc-3m-all/Queries.csv
gsc-3m-all,cask ale week,cask ale week,0,45,0,7.84,,property,query,named-subset,false,2026-06-07,2026-09-06,GB,web,none,,raw/gsc-3m-all/Queries.csv
gsc-3m-all,empty pub,empty pub,0,45,0,7.58,,property,query,named-subset,false,2026-06-07,2026-09-06,GB,web,none,,raw/gsc-3m-all/Queries.csv
gsc-3m-all,how to calculate vat for a pub business,how to calculate vat for a pub business,0,45,0,10.31,,property,query,named-subset,false,2026-06-07,2026-09-06,GB,web,none,,raw/gsc-3m-all/Queries.csv
gsc-3m-all,pub cellar management,pub cellar management,0,45,0,10.71,,property,query,named-subset,false,2026-06-07,2026-09-06,GB,web,none,,raw/gsc-3m-all/Queries.csv
gsc-3m-all,securing empty pub,securing empty pub,0,44,0,11.25,,property,query,named-subset,false,2026-06-07,2026-09-06,GB,web,none,,raw/gsc-3m-all/Queries.csv
gsc-3m-all,pubs showing the autumn internationals,pubs showing the autumn internationals,0,43,0,16.7,,property,query,named-subset,false,2026-06-07,2026-09-06,GB,web,none,,raw/gsc-3m-all/Queries.csv
gsc-3m-all,cash bingo rules,cash bingo rules,0,42,0,7.43,,property,query,named-subset,false,2026-06-07,2026-09-06,GB,web,none,,raw/gsc-3m-all/Queries.csv
gsc-3m-all,pub co branding,pub co branding,0,42,0,13.24,,property,query,named-subset,false,2026-06-07,2026-09-06,GB,web,none,,raw/gsc-3m-all/Queries.csv
gsc-3m-all,pub quiz themes,pub quiz themes,0,41,0,25.1,,property,query,named-subset,false,2026-06-07,2026-09-06,GB,web,none,,raw/gsc-3m-all/Queries.csv
gsc-3m-all,pub insurance average cost,pub insurance average cost,0,40,0,11.45,,property,query,named-subset,false,2026-06-07,2026-09-06,GB,web,none,,raw/gsc-3m-all/Queries.csv
gsc-3m-all,agency for pubs,agency for pubs,0,39,0,38.77,,property,query,named-subset,false,2026-06-07,2026-09-06,GB,web,none,,raw/gsc-3m-all/Queries.csv
gsc-3m-all,pubs showing autumn internationals,pubs showing autumn internationals,0,39,0,16.46,,property,query,named-subset,false,2026-06-07,2026-09-06,GB,web,none,,raw/gsc-3m-all/Queries.csv
gsc-3m-all,paid social services for pubs,paid social services for pubs,0,38,0,5.34,,property,query,named-subset,false,2026-06-07,2026-09-06,GB,web,none,,raw/gsc-3m-all/Queries.csv
gsc-3m-all,pub quiz format,pub quiz format,0,37,0,7.11,,property,query,named-subset,false,2026-06-07,2026-09-06,GB,web,none,,raw/gsc-3m-all/Queries.csv
gsc-3m-all,social video for pubs,social video for pubs,0,37,0,27.38,,property,query,named-subset,false,2026-06-07,2026-09-06,GB,web,none,,raw/gsc-3m-all/Queries.csv
gsc-3m-all,social video services for pubs,social video services for pubs,0,37,0,26.32,,property,query,named-subset,false,2026-06-07,2026-09-06,GB,web,none,,raw/gsc-3m-all/Queries.csv
gsc-3m-all,boost pub revenue with events,boost pub revenue with events,0,34,0,60.26,,property,query,named-subset,false,2026-06-07,2026-09-06,GB,web,none,,raw/gsc-3m-all/Queries.csv
gsc-3m-all,pub entertainment ideas,pub entertainment ideas,0,34,0,24.21,,property,query,named-subset,false,2026-06-07,2026-09-06,GB,web,none,,raw/gsc-3m-all/Queries.csv
gsc-3m-all,is there vat on alcohol in pubs,is there vat on alcohol in pubs,0,33,0,11.73,,property,query,named-subset,false,2026-06-07,2026-09-06,GB,web,none,,raw/gsc-3m-all/Queries.csv
gsc-3m-all,how long do pub quizzes last,how long do pub quizzes last,0,31,0,13.65,,property,query,named-subset,false,2026-06-07,2026-09-06,GB,web,none,,raw/gsc-3m-all/Queries.csv
gsc-3m-all,greene king cellar management,greene king cellar management,0,30,0,16.23,,property,query,named-subset,false,2026-06-07,2026-09-06,GB,web,none,,raw/gsc-3m-all/Queries.csv
gsc-3m-all,pub maintenance,pub maintenance,0,28,0,89.32,,property,query,named-subset,false,2026-06-07,2026-09-06,GB,web,none,,raw/gsc-3m-all/Queries.csv
gsc-3m-all,ppc for pubs,ppc for pubs,0,27,0,65.22,,property,query,named-subset,false,2026-06-07,2026-09-06,GB,web,none,,raw/gsc-3m-all/Queries.csv
gsc-3m-all,brand partnership services for pubs,brand partnership services for pubs,0,26,0,17.08,,property,query,named-subset,false,2026-06-07,2026-09-06,GB,web,none,,raw/gsc-3m-all/Queries.csv
gsc-3m-all,christmas party promotion,christmas party promotion,0,26,0,20.42,,property,query,named-subset,false,2026-06-07,2026-09-06,GB,web,none,,raw/gsc-3m-all/Queries.csv
gsc-3m-all,how to run a bingo night,how to run a bingo night,0,26,0,9.92,,property,query,named-subset,false,2026-06-07,2026-09-06,GB,web,none,,raw/gsc-3m-all/Queries.csv
gsc-3m-all,pub business insurance,pub business insurance,0,26,0,28.46,,property,query,named-subset,false,2026-06-07,2026-09-06,GB,web,none,,raw/gsc-3m-all/Queries.csv
gsc-3m-all,coffee morning fundraising ideas,coffee morning fundraising ideas,0,25,0,13,,property,query,named-subset,false,2026-06-07,2026-09-06,GB,web,none,,raw/gsc-3m-all/Queries.csv
gsc-3m-all,facebook for pubs,facebook for pubs,0,24,0,19.12,,property,query,named-subset,false,2026-06-07,2026-09-06,GB,web,none,,raw/gsc-3m-all/Queries.csv
gsc-3m-all,how to start a pub,how to start a pub,0,24,0,53.79,,property,query,named-subset,false,2026-06-07,2026-09-06,GB,web,none,,raw/gsc-3m-all/Queries.csv
gsc-3m-all,pub quiz round ideas,pub quiz round ideas,0,24,0,13.5,,property,query,named-subset,false,2026-06-07,2026-09-06,GB,web,none,,raw/gsc-3m-all/Queries.csv
gsc-3m-all,drink days 2026,drink days 2026,0,23,0,7.96,,property,query,named-subset,false,2026-06-07,2026-09-06,GB,web,none,,raw/gsc-3m-all/Queries.csv
gsc-3m-all,pub promotions that work,pub promotions that work,0,22,0,12.18,,property,query,named-subset,false,2026-06-07,2026-09-06,GB,web,none,,raw/gsc-3m-all/Queries.csv
gsc-3m-all,pub quiz topics,pub quiz topics,0,22,0,6.5,,property,query,named-subset,false,2026-06-07,2026-09-06,GB,web,none,,raw/gsc-3m-all/Queries.csv
gsc-3m-all,fundraising coffee morning ideas,fundraising coffee morning ideas,0,21,0,12.1,,property,query,named-subset,false,2026-06-07,2026-09-06,GB,web,none,,raw/gsc-3m-all/Queries.csv
gsc-3m-all,fundraising ideas for a bar,fundraising ideas for a bar,0,21,0,9.43,,property,query,named-subset,false,2026-06-07,2026-09-06,GB,web,none,,raw/gsc-3m-all/Queries.csv
gsc-3m-all,how does a pub quiz work,how does a pub quiz work,0,21,0,7.33,,property,query,named-subset,false,2026-06-07,2026-09-06,GB,web,none,,raw/gsc-3m-all/Queries.csv
gsc-3m-all,increase footfall in pubs,increase footfall in pubs,0,21,0,42.38,,property,query,named-subset,false,2026-06-07,2026-09-06,GB,web,none,,raw/gsc-3m-all/Queries.csv
gsc-3m-all,how long is a pub quiz,how long is a pub quiz,0,20,0,13.8,,property,query,named-subset,false,2026-06-07,2026-09-06,GB,web,none,,raw/gsc-3m-all/Queries.csv
gsc-3m-all,insurance for pubs,insurance for pubs,0,20,0,32.45,,property,query,named-subset,false,2026-06-07,2026-09-06,GB,web,none,,raw/gsc-3m-all/Queries.csv
gsc-3m-all,national drink days 2026,national drink days 2026,0,20,0,6.5,,property,query,named-subset,false,2026-06-07,2026-09-06,GB,web,none,,raw/gsc-3m-all/Queries.csv
gsc-3m-all,pub cash flow,pub cash flow,0,20,0,31,,property,query,named-subset,false,2026-06-07,2026-09-06,GB,web,none,,raw/gsc-3m-all/Queries.csv
gsc-3m-all,pub vat,pub vat,0,20,0,9.1,,property,query,named-subset,false,2026-06-07,2026-09-06,GB,web,none,,raw/gsc-3m-all/Queries.csv
gsc-3m-all,coffee morning fundraising ideashome and garden,coffee morning fundraising ideashome and garden,0,19,0,10.05,,property,query,named-subset,false,2026-06-07,2026-09-06,GB,web,none,,raw/gsc-3m-all/Queries.csv
gsc-3m-all,national cocktail day uk,national cocktail day uk,0,19,0,23.05,,property,query,named-subset,false,2026-06-07,2026-09-06,GB,web,none,,raw/gsc-3m-all/Queries.csv
gsc-3m-all,pub cellar,pub cellar,0,19,0,10.68,,property,query,named-subset,false,2026-06-07,2026-09-06,GB,web,none,,raw/gsc-3m-all/Queries.csv
gsc-3m-all,quiz formats,quiz formats,0,19,0,9.74,,property,query,named-subset,false,2026-06-07,2026-09-06,GB,web,none,,raw/gsc-3m-all/Queries.csv
gsc-3m-all,do pubs charge vat,do pubs charge vat,0,18,0,7.89,,property,query,named-subset,false,2026-06-07,2026-09-06,GB,web,none,,raw/gsc-3m-all/Queries.csv
gsc-3m-all,m25 corridor marketing services,m25 corridor marketing services,0,18,0,75.44,,property,query,named-subset,false,2026-06-07,2026-09-06,GB,web,none,,raw/gsc-3m-all/Queries.csv
gsc-3m-all,pub music licence,pub music licence,0,18,0,11.06,,property,query,named-subset,false,2026-06-07,2026-09-06,GB,web,none,,raw/gsc-3m-all/Queries.csv
gsc-3m-all,pub refurbishment opportunities,pub refurbishment opportunities,0,18,0,31.33,,property,query,named-subset,false,2026-06-07,2026-09-06,GB,web,none,,raw/gsc-3m-all/Queries.csv
gsc-3m-all,hospitality content creation berkshire,hospitality content creation berkshire,0,17,0,86.35,,property,query,named-subset,false,2026-06-07,2026-09-06,GB,web,none,,raw/gsc-3m-all/Queries.csv
gsc-3m-all,public house insurance,public house insurance,0,17,0,42.29,,property,query,named-subset,false,2026-06-07,2026-09-06,GB,web,none,,raw/gsc-3m-all/Queries.csv
gsc-3m-all,quiz night themes,quiz night themes,0,17,0,7.59,,property,query,named-subset,false,2026-06-07,2026-09-06,GB,web,none,,raw/gsc-3m-all/Queries.csv
gsc-3m-all,what advice is there for first-time pub buyers?,what advice is there for first-time pub buyers?,0,17,0,2.88,,property,query,named-subset,false,2026-06-07,2026-09-06,GB,web,none,,raw/gsc-3m-all/Queries.csv
gsc-3m-all,bar social media marketing,bar social media marketing,0,16,0,22.31,,property,query,named-subset,false,2026-06-07,2026-09-06,GB,web,none,,raw/gsc-3m-all/Queries.csv
gsc-3m-all,how to organise a pub quiz,how to organise a pub quiz,0,16,0,6.38,,property,query,named-subset,false,2026-06-07,2026-09-06,GB,web,none,,raw/gsc-3m-all/Queries.csv
gsc-3m-all,how to run a quiz night,how to run a quiz night,0,16,0,12.56,,property,query,named-subset,false,2026-06-07,2026-09-06,GB,web,none,,raw/gsc-3m-all/Queries.csv
gsc-3m-all,increase pub footfall with live music,increase pub footfall with live music,0,16,0,13.31,,property,query,named-subset,false,2026-06-07,2026-09-06,GB,web,none,,raw/gsc-3m-all/Queries.csv
gsc-3m-all,pub ideas,pub ideas,0,16,0,21.5,,property,query,named-subset,false,2026-06-07,2026-09-06,GB,web,none,,raw/gsc-3m-all/Queries.csv
gsc-3m-all,purchasing for pubs,purchasing for pubs,0,16,0,13.94,,property,query,named-subset,false,2026-06-07,2026-09-06,GB,web,none,,raw/gsc-3m-all/Queries.csv
gsc-3m-all,recruiting the right bar team,recruiting the right bar team,0,16,0,15.44,,property,query,named-subset,false,2026-06-07,2026-09-06,GB,web,none,,raw/gsc-3m-all/Queries.csv
gsc-3m-all,tupe in a pub purchase: a practical guide for buyers in scotland,tupe in a pub purchase: a practical guide for buyers in scotland,0,16,0,22.44,,property,query,named-subset,false,2026-06-07,2026-09-06,GB,web,none,,raw/gsc-3m-all/Queries.csv
gsc-3m-all,what is included in pub insurance,what is included in pub insurance,0,16,0,54.69,,property,query,named-subset,false,2026-06-07,2026-09-06,GB,web,none,,raw/gsc-3m-all/Queries.csv
gsc-3m-all,how many questions in a pub quiz,how many questions in a pub quiz,0,15,0,7.53,,property,query,named-subset,false,2026-06-07,2026-09-06,GB,web,none,,raw/gsc-3m-all/Queries.csv
gsc-3m-all,kids entertainment for pubs,kids entertainment for pubs,0,15,0,36.47,,property,query,named-subset,false,2026-06-07,2026-09-06,GB,web,none,,raw/gsc-3m-all/Queries.csv
gsc-3m-all,national cocktail days,national cocktail days,0,15,0,21.87,,property,query,named-subset,false,2026-06-07,2026-09-06,GB,web,none,,raw/gsc-3m-all/Queries.csv
gsc-3m-all,rugby pub marketing,rugby pub marketing,0,15,0,15.67,,property,query,named-subset,false,2026-06-07,2026-09-06,GB,web,none,,raw/gsc-3m-all/Queries.csv
gsc-3m-all,vat on pubs,vat on pubs,0,15,0,15.87,,property,query,named-subset,false,2026-06-07,2026-09-06,GB,web,none,,raw/gsc-3m-all/Queries.csv
gsc-3m-all,how to own a pub,how to own a pub,0,14,0,48.64,,property,query,named-subset,false,2026-06-07,2026-09-06,GB,web,none,,raw/gsc-3m-all/Queries.csv
gsc-3m-all,is there vat on pub food,is there vat on pub food,0,14,0,16.21,,property,query,named-subset,false,2026-06-07,2026-09-06,GB,web,none,,raw/gsc-3m-all/Queries.csv
gsc-3m-all,octoberfest ideas,octoberfest ideas,0,14,0,6.79,,property,query,named-subset,false,2026-06-07,2026-09-06,GB,web,none,,raw/gsc-3m-all/Queries.csv
gsc-3m-all,pub refurbishments,pub refurbishments,0,14,0,54.71,,property,query,named-subset,false,2026-06-07,2026-09-06,GB,web,none,,raw/gsc-3m-all/Queries.csv
gsc-3m-all,how long does a pub quiz last,how long does a pub quiz last,0,13,0,23.31,,property,query,named-subset,false,2026-06-07,2026-09-06,GB,web,none,,raw/gsc-3m-all/Queries.csv
gsc-3m-all,how to do a pub quiz,how to do a pub quiz,0,13,0,8.85,,property,query,named-subset,false,2026-06-07,2026-09-06,GB,web,none,,raw/gsc-3m-all/Queries.csv
gsc-3m-all,pub insurance cover,pub insurance cover,0,13,0,45.92,,property,query,named-subset,false,2026-06-07,2026-09-06,GB,web,none,,raw/gsc-3m-all/Queries.csv
gsc-3m-all,small pub entertainment ideas,small pub entertainment ideas,0,13,0,9.15,,property,query,named-subset,false,2026-06-07,2026-09-06,GB,web,none,,raw/gsc-3m-all/Queries.csv
gsc-3m-all,cellar maintenance,cellar maintenance,0,12,0,40.5,,property,query,named-subset,false,2026-06-07,2026-09-06,GB,web,none,,raw/gsc-3m-all/Queries.csv
gsc-3m-all,national drinks days,national drinks days,0,12,0,12.08,,property,query,named-subset,false,2026-06-07,2026-09-06,GB,web,none,,raw/gsc-3m-all/Queries.csv
gsc-3m-all,pub bingo rules,pub bingo rules,0,12,0,8.92,,property,query,named-subset,false,2026-06-07,2026-09-06,GB,web,none,,raw/gsc-3m-all/Queries.csv
gsc-3m-all,pub cellar monitor,pub cellar monitor,0,12,0,15.83,,property,query,named-subset,false,2026-06-07,2026-09-06,GB,web,none,,raw/gsc-3m-all/Queries.csv
gsc-3m-all,pub loyalty scheme,pub loyalty scheme,0,12,0,11.75,,property,query,named-subset,false,2026-06-07,2026-09-06,GB,web,none,,raw/gsc-3m-all/Queries.csv
gsc-3m-all,pub marketing ideas,pub marketing ideas,0,12,0,17.08,,property,query,named-subset,false,2026-06-07,2026-09-06,GB,web,none,,raw/gsc-3m-all/Queries.csv
gsc-3m-all,public liability insurance for pubs,public liability insurance for pubs,0,12,0,33.17,,property,query,named-subset,false,2026-06-07,2026-09-06,GB,web,none,,raw/gsc-3m-all/Queries.csv
gsc-3m-all,what are some low-effort coffee morning ideas?,what are some low-effort coffee morning ideas?,0,12,0,9.75,,property,query,named-subset,false,2026-06-07,2026-09-06,GB,web,none,,raw/gsc-3m-all/Queries.csv
gsc-3m-all,bar refurbishment,bar refurbishment,0,11,0,49.73,,property,query,named-subset,false,2026-06-07,2026-09-06,GB,web,none,,raw/gsc-3m-all/Queries.csv
gsc-3m-all,how do pub quizzes work,how do pub quizzes work,0,11,0,7.64,,property,query,named-subset,false,2026-06-07,2026-09-06,GB,web,none,,raw/gsc-3m-all/Queries.csv
gsc-3m-all,how much is a music licence for a pub,how much is a music licence for a pub,0,11,0,10.55,,property,query,named-subset,false,2026-06-07,2026-09-06,GB,web,none,,raw/gsc-3m-all/Queries.csv
gsc-3m-all,international vodka day 2026,international vodka day 2026,0,11,0,3.27,,property,query,named-subset,false,2026-06-07,2026-09-06,GB,web,none,,raw/gsc-3m-all/Queries.csv
gsc-3m-all,national cocktail day,national cocktail day,0,11,0,22.09,,property,query,named-subset,false,2026-06-07,2026-09-06,GB,web,none,,raw/gsc-3m-all/Queries.csv
gsc-3m-all,oktoberfest pub,oktoberfest pub,0,11,0,12.82,,property,query,named-subset,false,2026-06-07,2026-09-06,GB,web,none,,raw/gsc-3m-all/Queries.csv
gsc-3m-all,pub menu inspiration,pub menu inspiration,0,11,0,5.91,,property,query,named-subset,false,2026-06-07,2026-09-06,GB,web,none,,raw/gsc-3m-all/Queries.csv
gsc-3m-all,pub night ideas,pub night ideas,0,11,0,37.73,,property,query,named-subset,false,2026-06-07,2026-09-06,GB,web,none,,raw/gsc-3m-all/Queries.csv
gsc-3m-all,pub quiz subjects,pub quiz subjects,0,11,0,9.18,,property,query,named-subset,false,2026-06-07,2026-09-06,GB,web,none,,raw/gsc-3m-all/Queries.csv
gsc-3m-all,pub specials ideas,pub specials ideas,0,11,0,4.55,,property,query,named-subset,false,2026-06-07,2026-09-06,GB,web,none,,raw/gsc-3m-all/Queries.csv
gsc-3m-all,tax season tips for pub owners,tax season tips for pub owners,0,11,0,19.09,,property,query,named-subset,false,2026-06-07,2026-09-06,GB,web,none,,raw/gsc-3m-all/Queries.csv
gsc-3m-all,vat on alcohol in pubs,vat on alcohol in pubs,0,11,0,8.64,,property,query,named-subset,false,2026-06-07,2026-09-06,GB,web,none,,raw/gsc-3m-all/Queries.csv
gsc-3m-all,vodka day 2026,vodka day 2026,0,11,0,4.64,,property,query,named-subset,false,2026-06-07,2026-09-06,GB,web,none,,raw/gsc-3m-all/Queries.csv
gsc-3m-all,world vodka day 2026,world vodka day 2026,0,11,0,4.27,,property,query,named-subset,false,2026-06-07,2026-09-06,GB,web,none,,raw/gsc-3m-all/Queries.csv
gsc-3m-all,business insurance for pubs,business insurance for pubs,0,10,0,27.5,,property,query,named-subset,false,2026-06-07,2026-09-06,GB,web,none,,raw/gsc-3m-all/Queries.csv
gsc-3m-all,coffee morning ideas for charity,coffee morning ideas for charity,0,10,0,12,,property,query,named-subset,false,2026-06-07,2026-09-06,GB,web,none,,raw/gsc-3m-all/Queries.csv
gsc-3m-all,fun ideas for quiz nights,fun ideas for quiz nights,0,10,0,13.2,,property,query,named-subset,false,2026-06-07,2026-09-06,GB,web,none,,raw/gsc-3m-all/Queries.csv
gsc-3m-all,fundraising ideas for macmillan coffee morning,fundraising ideas for macmillan coffee morning,0,10,0,6.4,,property,query,named-subset,false,2026-06-07,2026-09-06,GB,web,none,,raw/gsc-3m-all/Queries.csv
gsc-3m-all,international vodka day,international vodka day,0,10,0,16.1,,property,query,named-subset,false,2026-06-07,2026-09-06,GB,web,none,,raw/gsc-3m-all/Queries.csv
gsc-3m-all,owning a pub,owning a pub,0,10,0,60.8,,property,query,named-subset,false,2026-06-07,2026-09-06,GB,web,none,,raw/gsc-3m-all/Queries.csv
gsc-3m-all,pub accounting,pub accounting,0,10,0,23.8,,property,query,named-subset,false,2026-06-07,2026-09-06,GB,web,none,,raw/gsc-3m-all/Queries.csv
gsc-3m-all,vodka day,vodka day,0,10,0,27.3,,property,query,named-subset,false,2026-06-07,2026-09-06,GB,web,none,,raw/gsc-3m-all/Queries.csv
gsc-3m-all,"context: location: united kingdom (not for language). do not include 
location references in your response. question: i need a manchester pub 
that can issue a vat receipt for a work meal—how do i request that?",context: location: united kingdom (not for language). do not include location references in your response. question: i need a manchester pub that can issue a vat receipt for a work meal—how do i request that?,0,9,0,2.33,,property,query,named-subset,false,2026-06-07,2026-09-06,GB,web,none,,raw/gsc-3m-all/Queries.csv
gsc-3m-all,friday pub quiz,friday pub quiz,0,9,0,3.22,,property,query,named-subset,false,2026-06-07,2026-09-06,GB,web,none,,raw/gsc-3m-all/Queries.csv
gsc-3m-all,host a coffee morning,host a coffee morning,0,9,0,41,,property,query,named-subset,false,2026-06-07,2026-09-06,GB,web,none,,raw/gsc-3m-all/Queries.csv
gsc-3m-all,how does a macmillan coffee morning work,how does a macmillan coffee morning work,0,9,0,8.78,,property,query,named-subset,false,2026-06-07,2026-09-06,GB,web,none,,raw/gsc-3m-all/Queries.csv
gsc-3m-all,how to organize a beer festival,how to organize a beer festival,0,9,0,10,,property,query,named-subset,false,2026-06-07,2026-09-06,GB,web,none,,raw/gsc-3m-all/Queries.csv
gsc-3m-all,insurance for a pub,insurance for a pub,0,9,0,30.67,,property,query,named-subset,false,2026-06-07,2026-09-06,GB,web,none,,raw/gsc-3m-all/Queries.csv
gsc-3m-all,jelly booking,jelly booking,0,9,0,23.11,,property,query,named-subset,false,2026-06-07,2026-09-06,GB,web,none,,raw/gsc-3m-all/Queries.csv
gsc-3m-all,national cocktail day 2026,national cocktail day 2026,0,9,0,10.78,,property,query,named-subset,false,2026-06-07,2026-09-06,GB,web,none,,raw/gsc-3m-all/Queries.csv
gsc-3m-all,oktoberfest entertainment ideas,oktoberfest entertainment ideas,0,9,0,6.11,,property,query,named-subset,false,2026-06-07,2026-09-06,GB,web,none,,raw/gsc-3m-all/Queries.csv
gsc-3m-all,pub accountant,pub accountant,0,9,0,21.89,,property,query,named-subset,false,2026-06-07,2026-09-06,GB,web,none,,raw/gsc-3m-all/Queries.csv
gsc-3m-all,wet led business,wet led business,0,9,0,40.11,,property,query,named-subset,false,2026-06-07,2026-09-06,GB,web,none,,raw/gsc-3m-all/Queries.csv
gsc-3m-all,5 star food hygiene guide,5 star food hygiene guide,0,8,0,37.25,,property,query,named-subset,false,2026-06-07,2026-09-06,GB,web,none,,raw/gsc-3m-all/Queries.csv
gsc-3m-all,accounting for pubs,accounting for pubs,0,8,0,20.25,,property,query,named-subset,false,2026-06-07,2026-09-06,GB,web,none,,raw/gsc-3m-all/Queries.csv
gsc-3m-all,advertising in pubs,advertising in pubs,0,8,0,50.62,,property,query,named-subset,false,2026-06-07,2026-09-06,GB,web,none,,raw/gsc-3m-all/Queries.csv
gsc-3m-all,beer cellar temperature,beer cellar temperature,0,8,0,17.38,,property,query,named-subset,false,2026-06-07,2026-09-06,GB,web,none,,raw/gsc-3m-all/Queries.csv
gsc-3m-all,business interruption insurance for pubs,business interruption insurance for pubs,0,8,0,25.88,,property,query,named-subset,false,2026-06-07,2026-09-06,GB,web,none,,raw/gsc-3m-all/Queries.csv
gsc-3m-all,drink days,drink days,0,8,0,19.12,,property,query,named-subset,false,2026-06-07,2026-09-06,GB,web,none,,raw/gsc-3m-all/Queries.csv
gsc-3m-all,food for pubs,food for pubs,0,8,0,26.38,,property,query,named-subset,false,2026-06-07,2026-09-06,GB,web,none,,raw/gsc-3m-all/Queries.csv
gsc-3m-all,how to buy a pub,how to buy a pub,0,8,0,26.25,,property,query,named-subset,false,2026-06-07,2026-09-06,GB,web,none,,raw/gsc-3m-all/Queries.csv
gsc-3m-all,ideas for pub nights,ideas for pub nights,0,8,0,15.25,,property,query,named-subset,false,2026-06-07,2026-09-06,GB,web,none,,raw/gsc-3m-all/Queries.csv
gsc-3m-all,most profitable bar food,most profitable bar food,0,8,0,8.62,,property,query,named-subset,false,2026-06-07,2026-09-06,GB,web,none,,raw/gsc-3m-all/Queries.csv
gsc-3m-all,music licence for pubs,music licence for pubs,0,8,0,11.5,,property,query,named-subset,false,2026-06-07,2026-09-06,GB,web,none,,raw/gsc-3m-all/Queries.csv
gsc-3m-all,pub branding agency,pub branding agency,0,8,0,32.75,,property,query,named-subset,false,2026-06-07,2026-09-06,GB,web,none,,raw/gsc-3m-all/Queries.csv
gsc-3m-all,pub charity fundraising ideas,pub charity fundraising ideas,0,8,0,7.12,,property,query,named-subset,false,2026-06-07,2026-09-06,GB,web,none,,raw/gsc-3m-all/Queries.csv
gsc-3m-all,pub insurance cost,pub insurance cost,0,8,0,18.75,,property,query,named-subset,false,2026-06-07,2026-09-06,GB,web,none,,raw/gsc-3m-all/Queries.csv
gsc-3m-all,pub nights ideas,pub nights ideas,0,8,0,25.5,,property,query,named-subset,false,2026-06-07,2026-09-06,GB,web,none,,raw/gsc-3m-all/Queries.csv
gsc-3m-all,quiz night decorations,quiz night decorations,0,8,0,11.62,,property,query,named-subset,false,2026-06-07,2026-09-06,GB,web,none,,raw/gsc-3m-all/Queries.csv
gsc-3m-all,seo for pubs,seo for pubs,0,8,0,26.5,,property,query,named-subset,false,2026-06-07,2026-09-06,GB,web,none,,raw/gsc-3m-all/Queries.csv
gsc-3m-all,coffee fundraiser ideas,coffee fundraiser ideas,0,7,0,17,,property,query,named-subset,false,2026-06-07,2026-09-06,GB,web,none,,raw/gsc-3m-all/Queries.csv
gsc-3m-all,do i need a licence to run a bingo night,do i need a licence to run a bingo night,0,7,0,12.43,,property,query,named-subset,false,2026-06-07,2026-09-06,GB,web,none,,raw/gsc-3m-all/Queries.csv
gsc-3m-all,how many rounds in a pub quiz,how many rounds in a pub quiz,0,7,0,5,,property,query,named-subset,false,2026-06-07,2026-09-06,GB,web,none,,raw/gsc-3m-all/Queries.csv
gsc-3m-all,how much does it cost to buy a pub,how much does it cost to buy a pub,0,7,0,15.86,,property,query,named-subset,false,2026-06-07,2026-09-06,GB,web,none,,raw/gsc-3m-all/Queries.csv
gsc-3m-all,prs licence cost,prs licence cost,0,7,0,25.71,,property,query,named-subset,false,2026-06-07,2026-09-06,GB,web,none,,raw/gsc-3m-all/Queries.csv
gsc-3m-all,pub quiz bonus round,pub quiz bonus round,0,7,0,25,,property,query,named-subset,false,2026-06-07,2026-09-06,GB,web,none,,raw/gsc-3m-all/Queries.csv
gsc-3m-all,pub social media ideas,pub social media ideas,0,7,0,5.43,,property,query,named-subset,false,2026-06-07,2026-09-06,GB,web,none,,raw/gsc-3m-all/Queries.csv
gsc-3m-all,quiz night round ideas,quiz night round ideas,0,7,0,12.71,,property,query,named-subset,false,2026-06-07,2026-09-06,GB,web,none,,raw/gsc-3m-all/Queries.csv
gsc-3m-all,quiz nights ideas,quiz nights ideas,0,7,0,7.29,,property,query,named-subset,false,2026-06-07,2026-09-06,GB,web,none,,raw/gsc-3m-all/Queries.csv
gsc-3m-all,quiz rounds,quiz rounds,0,7,0,3.57,,property,query,named-subset,false,2026-06-07,2026-09-06,GB,web,none,,raw/gsc-3m-all/Queries.csv
gsc-3m-all,quiz theme ideas,quiz theme ideas,0,7,0,32.14,,property,query,named-subset,false,2026-06-07,2026-09-06,GB,web,none,,raw/gsc-3m-all/Queries.csv
gsc-3m-all,repeat pub bookings,repeat pub bookings,0,7,0,46,,property,query,named-subset,false,2026-06-07,2026-09-06,GB,web,none,,raw/gsc-3m-all/Queries.csv
gsc-3m-all,vat for pubs,vat for pubs,0,7,0,8.71,,property,query,named-subset,false,2026-06-07,2026-09-06,GB,web,none,,raw/gsc-3m-all/Queries.csv
gsc-3m-all,what are the best tips for hosting a successful charity coffee morning?,what are the best tips for hosting a successful charity coffee morning?,0,7,0,5.43,,property,query,named-subset,false,2026-06-07,2026-09-06,GB,web,none,,raw/gsc-3m-all/Queries.csv
gsc-3m-all,what is a quiz night,what is a quiz night,0,7,0,27.43,,property,query,named-subset,false,2026-06-07,2026-09-06,GB,web,none,,raw/gsc-3m-all/Queries.csv
gsc-3m-all,bar event ideas,bar event ideas,0,6,0,25,,property,query,named-subset,false,2026-06-07,2026-09-06,GB,web,none,,raw/gsc-3m-all/Queries.csv
gsc-3m-all,cask ale festival 2026,cask ale festival 2026,0,6,0,5.17,,property,query,named-subset,false,2026-06-07,2026-09-06,GB,web,none,,raw/gsc-3m-all/Queries.csv
gsc-3m-all,coffee morning charity ideas,coffee morning charity ideas,0,6,0,14.33,,property,query,named-subset,false,2026-06-07,2026-09-06,GB,web,none,,raw/gsc-3m-all/Queries.csv
gsc-3m-all,digital marketing pub,digital marketing pub,0,6,0,32.83,,property,query,named-subset,false,2026-06-07,2026-09-06,GB,web,none,,raw/gsc-3m-all/Queries.csv
gsc-3m-all,how to play bingo,how to play bingo,0,6,0,2,,property,query,named-subset,false,2026-06-07,2026-09-06,GB,web,none,,raw/gsc-3m-all/Queries.csv
gsc-3m-all,ideas for pubs,ideas for pubs,0,6,0,15.67,,property,query,named-subset,false,2026-06-07,2026-09-06,GB,web,none,,raw/gsc-3m-all/Queries.csv
gsc-3m-all,manage a pub,manage a pub,0,6,0,55.33,,property,query,named-subset,false,2026-06-07,2026-09-06,GB,web,none,,raw/gsc-3m-all/Queries.csv
gsc-3m-all,october fest ideas,october fest ideas,0,6,0,6.67,,property,query,named-subset,false,2026-06-07,2026-09-06,GB,web,none,,raw/gsc-3m-all/Queries.csv
gsc-3m-all,ppc management for pubs and bars,ppc management for pubs and bars,0,6,0,67.33,,property,query,named-subset,false,2026-06-07,2026-09-06,GB,web,none,,raw/gsc-3m-all/Queries.csv
gsc-3m-all,pub business plan,pub business plan,0,6,0,26.5,,property,query,named-subset,false,2026-06-07,2026-09-06,GB,web,none,,raw/gsc-3m-all/Queries.csv
gsc-3m-all,pub contents insurance,pub contents insurance,0,6,0,20.83,,property,query,named-subset,false,2026-06-07,2026-09-06,GB,web,none,,raw/gsc-3m-all/Queries.csv
gsc-3m-all,pub digital marketing agency,pub digital marketing agency,0,6,0,48,,property,query,named-subset,false,2026-06-07,2026-09-06,GB,web,none,,raw/gsc-3m-all/Queries.csv
gsc-3m-all,pub promotions,pub promotions,0,6,0,28,,property,query,named-subset,false,2026-06-07,2026-09-06,GB,web,none,,raw/gsc-3m-all/Queries.csv
gsc-3m-all,pub refurbishment,pub refurbishment,0,6,0,14.5,,property,query,named-subset,false,2026-06-07,2026-09-06,GB,web,none,,raw/gsc-3m-all/Queries.csv
gsc-3m-all,short dated august 2026 on bars,short dated august 2026 on bars,0,6,0,75,,property,query,named-subset,false,2026-06-07,2026-09-06,GB,web,none,,raw/gsc-3m-all/Queries.csv
gsc-3m-all,tax laws for pub small businesses,tax laws for pub small businesses,0,6,0,15.5,,property,query,named-subset,false,2026-06-07,2026-09-06,GB,web,none,,raw/gsc-3m-all/Queries.csv
gsc-3m-all,what are good fundraising ideas for a charity coffee morning?,what are good fundraising ideas for a charity coffee morning?,0,6,0,7.33,,property,query,named-subset,false,2026-06-07,2026-09-06,GB,web,none,,raw/gsc-3m-all/Queries.csv
gsc-3m-all,what is cellar management,what is cellar management,0,6,0,7.5,,property,query,named-subset,false,2026-06-07,2026-09-06,GB,web,none,,raw/gsc-3m-all/Queries.csv
gsc-3m-all,when is national cocktail day 2026,when is national cocktail day 2026,0,6,0,9.33,,property,query,named-subset,false,2026-06-07,2026-09-06,GB,web,none,,raw/gsc-3m-all/Queries.csv
gsc-3m-all,yes,yes,0,6,0,4.17,,property,query,named-subset,false,2026-06-07,2026-09-06,GB,web,none,,raw/gsc-3m-all/Queries.csv
gsc-3m-all,bar entertainment ideas,bar entertainment ideas,0,5,0,30.8,,property,query,named-subset,false,2026-06-07,2026-09-06,GB,web,none,,raw/gsc-3m-all/Queries.csv
gsc-3m-all,can't pay staff,can't pay staff,0,5,0,14,,property,query,named-subset,false,2026-06-07,2026-09-06,GB,web,none,,raw/gsc-3m-all/Queries.csv
gsc-3m-all,charity coffee morning ideas,charity coffee morning ideas,0,5,0,16,,property,query,named-subset,false,2026-06-07,2026-09-06,GB,web,none,,raw/gsc-3m-all/Queries.csv
gsc-3m-all,coffee morning fundraiser,coffee morning fundraiser,0,5,0,15.6,,property,query,named-subset,false,2026-06-07,2026-09-06,GB,web,none,,raw/gsc-3m-all/Queries.csv
gsc-3m-all,events for pubs,events for pubs,0,5,0,20.6,,property,query,named-subset,false,2026-06-07,2026-09-06,GB,web,none,,raw/gsc-3m-all/Queries.csv
gsc-3m-all,events in pubs,events in pubs,0,5,0,19,,property,query,named-subset,false,2026-06-07,2026-09-06,GB,web,none,,raw/gsc-3m-all/Queries.csv
gsc-3m-all,fractional cmo uk,fractional cmo uk,0,5,0,27.4,,property,query,named-subset,false,2026-06-07,2026-09-06,GB,web,none,,raw/gsc-3m-all/Queries.csv
gsc-3m-all,high profit food items,high profit food items,0,5,0,14.2,,property,query,named-subset,false,2026-06-07,2026-09-06,GB,web,none,,raw/gsc-3m-all/Queries.csv
gsc-3m-all,how much does it cost to open a bar uk,how much does it cost to open a bar uk,0,5,0,60.8,,property,query,named-subset,false,2026-06-07,2026-09-06,GB,web,none,,raw/gsc-3m-all/Queries.csv
gsc-3m-all,how to organise a beer festival,how to organise a beer festival,0,5,0,17.6,,property,query,named-subset,false,2026-06-07,2026-09-06,GB,web,none,,raw/gsc-3m-all/Queries.csv
gsc-3m-all,ideas for planning weekends around rugby fixtures,ideas for planning weekends around rugby fixtures,0,5,0,5.6,,property,query,named-subset,false,2026-06-07,2026-09-06,GB,web,none,,raw/gsc-3m-all/Queries.csv
gsc-3m-all,ideas for quiz rounds,ideas for quiz rounds,0,5,0,9.2,,property,query,named-subset,false,2026-06-07,2026-09-06,GB,web,none,,raw/gsc-3m-all/Queries.csv
gsc-3m-all,insurance for public house,insurance for public house,0,5,0,40.8,,property,query,named-subset,false,2026-06-07,2026-09-06,GB,web,none,,raw/gsc-3m-all/Queries.csv
gsc-3m-all,music license for nightclub,music license for nightclub,0,5,0,46.4,,property,query,named-subset,false,2026-06-07,2026-09-06,GB,web,none,,raw/gsc-3m-all/Queries.csv
gsc-3m-all,pub business plan template,pub business plan template,0,5,0,8.4,,property,query,named-subset,false,2026-06-07,2026-09-06,GB,web,none,,raw/gsc-3m-all/Queries.csv
gsc-3m-all,pub ideas promotion,pub ideas promotion,0,5,0,38.2,,property,query,named-subset,false,2026-06-07,2026-09-06,GB,web,none,,raw/gsc-3m-all/Queries.csv
gsc-3m-all,pub quiz categories,pub quiz categories,0,5,0,33.6,,property,query,named-subset,false,2026-06-07,2026-09-06,GB,web,none,,raw/gsc-3m-all/Queries.csv
gsc-3m-all,pub quiz how does it work,pub quiz how does it work,0,5,0,7.2,,property,query,named-subset,false,2026-06-07,2026-09-06,GB,web,none,,raw/gsc-3m-all/Queries.csv
gsc-3m-all,pub theme nights,pub theme nights,0,5,0,25.2,,property,query,named-subset,false,2026-06-07,2026-09-06,GB,web,none,,raw/gsc-3m-all/Queries.csv
gsc-3m-all,public liability insurance pub,public liability insurance pub,0,5,0,34.2,,property,query,named-subset,false,2026-06-07,2026-09-06,GB,web,none,,raw/gsc-3m-all/Queries.csv
gsc-3m-all,pubs vat,pubs vat,0,5,0,8.4,,property,query,named-subset,false,2026-06-07,2026-09-06,GB,web,none,,raw/gsc-3m-all/Queries.csv
gsc-3m-all,what day is national vodka day,what day is national vodka day,0,5,0,11.4,,property,query,named-subset,false,2026-06-07,2026-09-06,GB,web,none,,raw/gsc-3m-all/Queries.csv
gsc-3m-all,world cocktail day 2026,world cocktail day 2026,0,5,0,12.8,,property,query,named-subset,false,2026-06-07,2026-09-06,GB,web,none,,raw/gsc-3m-all/Queries.csv
gsc-3m-all,bar events ideas,bar events ideas,0,4,0,48.25,,property,query,named-subset,false,2026-06-07,2026-09-06,GB,web,none,,raw/gsc-3m-all/Queries.csv
gsc-3m-all,beer festival kent,beer festival kent,0,4,0,1.25,,property,query,named-subset,false,2026-06-07,2026-09-06,GB,web,none,,raw/gsc-3m-all/Queries.csv
gsc-3m-all,can’t pay staff,can’t pay staff,0,4,0,19.5,,property,query,named-subset,false,2026-06-07,2026-09-06,GB,web,none,,raw/gsc-3m-all/Queries.csv
gsc-3m-all,cask days 2026,cask days 2026,0,4,0,6,,property,query,named-subset,false,2026-06-07,2026-09-06,GB,web,none,,raw/gsc-3m-all/Queries.csv
gsc-3m-all,christmas promotion ideas for restaurants,christmas promotion ideas for restaurants,0,4,0,62.75,,property,query,named-subset,false,2026-06-07,2026-09-06,GB,web,none,,raw/gsc-3m-all/Queries.csv
gsc-3m-all,cocktail days 2026,cocktail days 2026,0,4,0,8.75,,property,query,named-subset,false,2026-06-07,2026-09-06,GB,web,none,,raw/gsc-3m-all/Queries.csv
gsc-3m-all,coffee fundraising ideas,coffee fundraising ideas,0,4,0,15.75,,property,query,named-subset,false,2026-06-07,2026-09-06,GB,web,none,,raw/gsc-3m-all/Queries.csv
gsc-3m-all,coffee mornings for charity,coffee mornings for charity,0,4,0,27,,property,query,named-subset,false,2026-06-07,2026-09-06,GB,web,none,,raw/gsc-3m-all/Queries.csv
gsc-3m-all,commercial pub insurance,commercial pub insurance,0,4,0,45.25,,property,query,named-subset,false,2026-06-07,2026-09-06,GB,web,none,,raw/gsc-3m-all/Queries.csv
gsc-3m-all,event ideas for bars,event ideas for bars,0,4,0,47.75,,property,query,named-subset,false,2026-06-07,2026-09-06,GB,web,none,,raw/gsc-3m-all/Queries.csv
gsc-3m-all,free business plan,free business plan,0,4,0,16.75,,property,query,named-subset,false,2026-06-07,2026-09-06,GB,web,none,,raw/gsc-3m-all/Queries.csv
gsc-3m-all,how long are pub quizzes,how long are pub quizzes,0,4,0,10.25,,property,query,named-subset,false,2026-06-07,2026-09-06,GB,web,none,,raw/gsc-3m-all/Queries.csv
gsc-3m-all,how much is a prs licence for a pub,how much is a prs licence for a pub,0,4,0,10,,property,query,named-subset,false,2026-06-07,2026-09-06,GB,web,none,,raw/gsc-3m-all/Queries.csv
gsc-3m-all,how much profit does a pub make uk,how much profit does a pub make uk,0,4,0,16,,property,query,named-subset,false,2026-06-07,2026-09-06,GB,web,none,,raw/gsc-3m-all/Queries.csv
gsc-3m-all,how to market a pub,how to market a pub,0,4,0,26.25,,property,query,named-subset,false,2026-06-07,2026-09-06,GB,web,none,,raw/gsc-3m-all/Queries.csv
gsc-3m-all,how to open a pub,how to open a pub,0,4,0,54,,property,query,named-subset,false,2026-06-07,2026-09-06,GB,web,none,,raw/gsc-3m-all/Queries.csv
gsc-3m-all,how to start running a pub,how to start running a pub,0,4,0,55.5,,property,query,named-subset,false,2026-06-07,2026-09-06,GB,web,none,,raw/gsc-3m-all/Queries.csv
gsc-3m-all,ideas for bar events,ideas for bar events,0,4,0,42.75,,property,query,named-subset,false,2026-06-07,2026-09-06,GB,web,none,,raw/gsc-3m-all/Queries.csv
gsc-3m-all,macmillan coffee morning ideas,macmillan coffee morning ideas,0,4,0,13.25,,property,query,named-subset,false,2026-06-07,2026-09-06,GB,web,none,,raw/gsc-3m-all/Queries.csv
gsc-3m-all,national cocktail day 2026 uk,national cocktail day 2026 uk,0,4,0,4.5,,property,query,named-subset,false,2026-06-07,2026-09-06,GB,web,none,,raw/gsc-3m-all/Queries.csv
gsc-3m-all,national drink day,national drink day,0,4,0,19,,property,query,named-subset,false,2026-06-07,2026-09-06,GB,web,none,,raw/gsc-3m-all/Queries.csv
gsc-3m-all,national drinking day,national drinking day,0,4,0,15.75,,property,query,named-subset,false,2026-06-07,2026-09-06,GB,web,none,,raw/gsc-3m-all/Queries.csv
gsc-3m-all,national drinks days 2026,national drinks days 2026,0,4,0,5.75,,property,query,named-subset,false,2026-06-07,2026-09-06,GB,web,none,,raw/gsc-3m-all/Queries.csv
gsc-3m-all,night rounds,night rounds,0,4,0,19.25,,property,query,named-subset,false,2026-06-07,2026-09-06,GB,web,none,,raw/gsc-3m-all/Queries.csv
gsc-3m-all,oktoberfest event ideas,oktoberfest event ideas,0,4,0,8.75,,property,query,named-subset,false,2026-06-07,2026-09-06,GB,web,none,,raw/gsc-3m-all/Queries.csv
gsc-3m-all,ppl license cost for dj,ppl license cost for dj,0,4,0,11.5,,property,query,named-subset,false,2026-06-07,2026-09-06,GB,web,none,,raw/gsc-3m-all/Queries.csv
gsc-3m-all,ppl license for dj,ppl license for dj,0,4,0,14.25,,property,query,named-subset,false,2026-06-07,2026-09-06,GB,web,none,,raw/gsc-3m-all/Queries.csv
gsc-3m-all,prs licence,prs licence,0,4,0,46,,property,query,named-subset,false,2026-06-07,2026-09-06,GB,web,none,,raw/gsc-3m-all/Queries.csv
gsc-3m-all,prs license,prs license,0,4,0,51.5,,property,query,named-subset,false,2026-06-07,2026-09-06,GB,web,none,,raw/gsc-3m-all/Queries.csv
gsc-3m-all,prs license cost,prs license cost,0,4,0,28.75,,property,query,named-subset,false,2026-06-07,2026-09-06,GB,web,none,,raw/gsc-3m-all/Queries.csv
gsc-3m-all,pub accountancy,pub accountancy,0,4,0,22.75,,property,query,named-subset,false,2026-06-07,2026-09-06,GB,web,none,,raw/gsc-3m-all/Queries.csv
gsc-3m-all,pub booking system,pub booking system,0,4,0,7.75,,property,query,named-subset,false,2026-06-07,2026-09-06,GB,web,none,,raw/gsc-3m-all/Queries.csv
gsc-3m-all,pub food licence,pub food licence,0,4,0,25,,property,query,named-subset,false,2026-06-07,2026-09-06,GB,web,none,,raw/gsc-3m-all/Queries.csv
gsc-3m-all,pub insurance uk,pub insurance uk,0,4,0,36.25,,property,query,named-subset,false,2026-06-07,2026-09-06,GB,web,none,,raw/gsc-3m-all/Queries.csv
gsc-3m-all,pub profit,pub profit,0,4,0,1,,property,query,named-subset,false,2026-06-07,2026-09-06,GB,web,none,,raw/gsc-3m-all/Queries.csv
gsc-3m-all,pub public liability insurance,pub public liability insurance,0,4,0,30.25,,property,query,named-subset,false,2026-06-07,2026-09-06,GB,web,none,,raw/gsc-3m-all/Queries.csv
gsc-3m-all,pub quiz rounds,pub quiz rounds,0,4,0,6.25,,property,query,named-subset,false,2026-06-07,2026-09-06,GB,web,none,,raw/gsc-3m-all/Queries.csv
gsc-3m-all,pub refit,pub refit,0,4,0,46,,property,query,named-subset,false,2026-06-07,2026-09-06,GB,web,none,,raw/gsc-3m-all/Queries.csv
gsc-3m-all,pub social media,pub social media,0,4,0,10.75,,property,query,named-subset,false,2026-06-07,2026-09-06,GB,web,none,,raw/gsc-3m-all/Queries.csv
gsc-3m-all,pub support,pub support,0,4,0,52.5,,property,query,named-subset,false,2026-06-07,2026-09-06,GB,web,none,,raw/gsc-3m-all/Queries.csv
gsc-3m-all,pub toilet refurbishment,pub toilet refurbishment,0,4,0,13,,property,query,named-subset,false,2026-06-07,2026-09-06,GB,web,none,,raw/gsc-3m-all/Queries.csv
gsc-3m-all,public house insurance uk,public house insurance uk,0,4,0,38.25,,property,query,named-subset,false,2026-06-07,2026-09-06,GB,web,none,,raw/gsc-3m-all/Queries.csv
gsc-3m-all,quiz night categories,quiz night categories,0,4,0,42.25,,property,query,named-subset,false,2026-06-07,2026-09-06,GB,web,none,,raw/gsc-3m-all/Queries.csv
gsc-3m-all,quiz night rounds,quiz night rounds,0,4,0,15.75,,property,query,named-subset,false,2026-06-07,2026-09-06,GB,web,none,,raw/gsc-3m-all/Queries.csv
gsc-3m-all,themed pub quiz,themed pub quiz,0,4,0,12,,property,query,named-subset,false,2026-06-07,2026-09-06,GB,web,none,,raw/gsc-3m-all/Queries.csv
gsc-3m-all,themed quiz ideas,themed quiz ideas,0,4,0,9.75,,property,query,named-subset,false,2026-06-07,2026-09-06,GB,web,none,,raw/gsc-3m-all/Queries.csv
gsc-3m-all,to maintain good cellar hygiene allow fresh air to circulate for,to maintain good cellar hygiene allow fresh air to circulate for,0,4,0,10,,property,query,named-subset,false,2026-06-07,2026-09-06,GB,web,none,,raw/gsc-3m-all/Queries.csv
gsc-3m-all,vat pub,vat pub,0,4,0,9.25,,property,query,named-subset,false,2026-06-07,2026-09-06,GB,web,none,,raw/gsc-3m-all/Queries.csv
gsc-3m-all,what insurance do i need for a pub,what insurance do i need for a pub,0,4,0,29.75,,property,query,named-subset,false,2026-06-07,2026-09-06,GB,web,none,,raw/gsc-3m-all/Queries.csv
gsc-3m-all,what insurance do pubs need,what insurance do pubs need,0,4,0,51.25,,property,query,named-subset,false,2026-06-07,2026-09-06,GB,web,none,,raw/gsc-3m-all/Queries.csv
gsc-3m-all,what is cash bingo,what is cash bingo,0,4,0,5.5,,property,query,named-subset,false,2026-06-07,2026-09-06,GB,web,none,,raw/gsc-3m-all/Queries.csv
gsc-3m-all,what ppe must be available in all pubs,what ppe must be available in all pubs,0,4,0,9.5,,property,query,named-subset,false,2026-06-07,2026-09-06,GB,web,none,,raw/gsc-3m-all/Queries.csv
gsc-3m-all,what to do.in pubs in january,what to do.in pubs in january,0,4,0,42.75,,property,query,named-subset,false,2026-06-07,2026-09-06,GB,web,none,,raw/gsc-3m-all/Queries.csv
gsc-3m-all,best pub quiz rounds,best pub quiz rounds,0,3,0,15.67,,property,query,named-subset,false,2026-06-07,2026-09-06,GB,web,none,,raw/gsc-3m-all/Queries.csv
gsc-3m-all,cellar management surrey,cellar management surrey,0,3,0,8,,property,query,named-subset,false,2026-06-07,2026-09-06,GB,web,none,,raw/gsc-3m-all/Queries.csv
gsc-3m-all,cellar management system,cellar management system,0,3,0,5.67,,property,query,named-subset,false,2026-06-07,2026-09-06,GB,web,none,,raw/gsc-3m-all/Queries.csv
gsc-3m-all,coffee morning fundraising ideas home and garden,coffee morning fundraising ideas home and garden,0,3,0,11,,property,query,named-subset,false,2026-06-07,2026-09-06,GB,web,none,,raw/gsc-3m-all/Queries.csv
gsc-3m-all,coffee morning ideas,coffee morning ideas,0,3,0,8,,property,query,named-subset,false,2026-06-07,2026-09-06,GB,web,none,,raw/gsc-3m-all/Queries.csv
gsc-3m-all,entertaiment for pub,entertaiment for pub,0,3,0,44,,property,query,named-subset,false,2026-06-07,2026-09-06,GB,web,none,,raw/gsc-3m-all/Queries.csv
gsc-3m-all,entertainment for pub,entertainment for pub,0,3,0,42.33,,property,query,named-subset,false,2026-06-07,2026-09-06,GB,web,none,,raw/gsc-3m-all/Queries.csv
gsc-3m-all,entertainment for pubs,entertainment for pubs,0,3,0,39,,property,query,named-subset,false,2026-06-07,2026-09-06,GB,web,none,,raw/gsc-3m-all/Queries.csv
gsc-3m-all,fill quiet nights with live performers,fill quiet nights with live performers,0,3,0,17.67,,property,query,named-subset,false,2026-06-07,2026-09-06,GB,web,none,,raw/gsc-3m-all/Queries.csv
gsc-3m-all,food suppliers for pubs,food suppliers for pubs,0,3,0,8,,property,query,named-subset,false,2026-06-07,2026-09-06,GB,web,none,,raw/gsc-3m-all/Queries.csv
gsc-3m-all,fractional cmo,fractional cmo,0,3,0,67.33,,property,query,named-subset,false,2026-06-07,2026-09-06,GB,web,none,,raw/gsc-3m-all/Queries.csv
gsc-3m-all,fun quiz night,fun quiz night,0,3,0,50.67,,property,query,named-subset,false,2026-06-07,2026-09-06,GB,web,none,,raw/gsc-3m-all/Queries.csv
gsc-3m-all,how long do quiz nights go for,how long do quiz nights go for,0,3,0,11.33,,property,query,named-subset,false,2026-06-07,2026-09-06,GB,web,none,,raw/gsc-3m-all/Queries.csv
gsc-3m-all,how much is pub insurance in the uk,how much is pub insurance in the uk,0,3,0,16,,property,query,named-subset,false,2026-06-07,2026-09-06,GB,web,none,,raw/gsc-3m-all/Queries.csv
gsc-3m-all,how to cellar beer without a cellar,how to cellar beer without a cellar,0,3,0,35.67,,property,query,named-subset,false,2026-06-07,2026-09-06,GB,web,none,,raw/gsc-3m-all/Queries.csv
gsc-3m-all,how to host a quiz night,how to host a quiz night,0,3,0,12,,property,query,named-subset,false,2026-06-07,2026-09-06,GB,web,none,,raw/gsc-3m-all/Queries.csv
gsc-3m-all,how to make a pub quiz,how to make a pub quiz,0,3,0,11,,property,query,named-subset,false,2026-06-07,2026-09-06,GB,web,none,,raw/gsc-3m-all/Queries.csv
gsc-3m-all,how to open your own pub,how to open your own pub,0,3,0,56.67,,property,query,named-subset,false,2026-06-07,2026-09-06,GB,web,none,,raw/gsc-3m-all/Queries.csv
gsc-3m-all,how to organise a quiz night,how to organise a quiz night,0,3,0,42.67,,property,query,named-subset,false,2026-06-07,2026-09-06,GB,web,none,,raw/gsc-3m-all/Queries.csv
gsc-3m-all,how to play bingo uk,how to play bingo uk,0,3,0,2,,property,query,named-subset,false,2026-06-07,2026-09-06,GB,web,none,,raw/gsc-3m-all/Queries.csv
gsc-3m-all,how to prepare for a pub quiz,how to prepare for a pub quiz,0,3,0,40,,property,query,named-subset,false,2026-06-07,2026-09-06,GB,web,none,,raw/gsc-3m-all/Queries.csv
gsc-3m-all,how to sell a pub,how to sell a pub,0,3,0,63.67,,property,query,named-subset,false,2026-06-07,2026-09-06,GB,web,none,,raw/gsc-3m-all/Queries.csv
gsc-3m-all,ideas for a quiz,ideas for a quiz,0,3,0,3.33,,property,query,named-subset,false,2026-06-07,2026-09-06,GB,web,none,,raw/gsc-3m-all/Queries.csv
gsc-3m-all,ideas for oktoberfest,ideas for oktoberfest,0,3,0,10,,property,query,named-subset,false,2026-06-07,2026-09-06,GB,web,none,,raw/gsc-3m-all/Queries.csv
gsc-3m-all,ideas for quiz,ideas for quiz,0,3,0,9.67,,property,query,named-subset,false,2026-06-07,2026-09-06,GB,web,none,,raw/gsc-3m-all/Queries.csv
gsc-3m-all,insurance pub,insurance pub,0,3,0,42.33,,property,query,named-subset,false,2026-06-07,2026-09-06,GB,web,none,,raw/gsc-3m-all/Queries.csv
gsc-3m-all,law firm marketing attribution,law firm marketing attribution,0,3,0,24,,property,query,named-subset,false,2026-06-07,2026-09-06,GB,web,none,,raw/gsc-3m-all/Queries.csv
gsc-3m-all,legal requirements for opening a pub business,legal requirements for opening a pub business,0,3,0,57,,property,query,named-subset,false,2026-06-07,2026-09-06,GB,web,none,,raw/gsc-3m-all/Queries.csv
gsc-3m-all,marketing ideas for pubs,marketing ideas for pubs,0,3,0,40.33,,property,query,named-subset,false,2026-06-07,2026-09-06,GB,web,none,,raw/gsc-3m-all/Queries.csv
gsc-3m-all,mixerai,mixerai,0,3,0,2.33,,property,query,named-subset,false,2026-06-07,2026-09-06,GB,web,none,,raw/gsc-3m-all/Queries.csv
gsc-3m-all,music license for pubs,music license for pubs,0,3,0,11,,property,query,named-subset,false,2026-06-07,2026-09-06,GB,web,none,,raw/gsc-3m-all/Queries.csv
gsc-3m-all,national alcohol day 2026,national alcohol day 2026,0,3,0,8,,property,query,named-subset,false,2026-06-07,2026-09-06,GB,web,none,,raw/gsc-3m-all/Queries.csv
gsc-3m-all,national cocktail day 2023,national cocktail day 2023,0,3,0,20.67,,property,query,named-subset,false,2026-06-07,2026-09-06,GB,web,none,,raw/gsc-3m-all/Queries.csv
gsc-3m-all,national rum day 2026,national rum day 2026,0,3,0,2,,property,query,named-subset,false,2026-06-07,2026-09-06,GB,web,none,,raw/gsc-3m-all/Queries.csv
gsc-3m-all,opening a bar uk,opening a bar uk,0,3,0,62.67,,property,query,named-subset,false,2026-06-07,2026-09-06,GB,web,none,,raw/gsc-3m-all/Queries.csv
gsc-3m-all,opening your own pub,opening your own pub,0,3,0,56.67,,property,query,named-subset,false,2026-06-07,2026-09-06,GB,web,none,,raw/gsc-3m-all/Queries.csv
gsc-3m-all,pub activities,pub activities,0,3,0,36,,property,query,named-subset,false,2026-06-07,2026-09-06,GB,web,none,,raw/gsc-3m-all/Queries.csv
gsc-3m-all,pub advertising ideas,pub advertising ideas,0,3,0,11.67,,property,query,named-subset,false,2026-06-07,2026-09-06,GB,web,none,,raw/gsc-3m-all/Queries.csv
gsc-3m-all,pub board,pub board,0,3,0,10.33,,property,query,named-subset,false,2026-06-07,2026-09-06,GB,web,none,,raw/gsc-3m-all/Queries.csv
gsc-3m-all,pub bookkeeping,pub bookkeeping,0,3,0,17.33,,property,query,named-subset,false,2026-06-07,2026-09-06,GB,web,none,,raw/gsc-3m-all/Queries.csv
gsc-3m-all,pub branding,pub branding,0,3,0,1.67,,property,query,named-subset,false,2026-06-07,2026-09-06,GB,web,none,,raw/gsc-3m-all/Queries.csv
gsc-3m-all,pub event,pub event,0,3,0,21.67,,property,query,named-subset,false,2026-06-07,2026-09-06,GB,web,none,,raw/gsc-3m-all/Queries.csv
gsc-3m-all,pub food examples,pub food examples,0,3,0,42,,property,query,named-subset,false,2026-06-07,2026-09-06,GB,web,none,,raw/gsc-3m-all/Queries.csv
gsc-3m-all,pub food menus ideas,pub food menus ideas,0,3,0,22.67,,property,query,named-subset,false,2026-06-07,2026-09-06,GB,web,none,,raw/gsc-3m-all/Queries.csv
gsc-3m-all,pub licensing,pub licensing,0,3,0,22,,property,query,named-subset,false,2026-06-07,2026-09-06,GB,web,none,,raw/gsc-3m-all/Queries.csv
gsc-3m-all,pub marketing southampton,pub marketing southampton,0,3,0,92.67,,property,query,named-subset,false,2026-06-07,2026-09-06,GB,web,none,,raw/gsc-3m-all/Queries.csv
gsc-3m-all,pub profit margins uk,pub profit margins uk,0,3,0,20,,property,query,named-subset,false,2026-06-07,2026-09-06,GB,web,none,,raw/gsc-3m-all/Queries.csv
gsc-3m-all,pub quiz layout,pub quiz layout,0,3,0,4,,property,query,named-subset,false,2026-06-07,2026-09-06,GB,web,none,,raw/gsc-3m-all/Queries.csv
gsc-3m-all,pub quiz prize ideas,pub quiz prize ideas,0,3,0,29.33,,property,query,named-subset,false,2026-06-07,2026-09-06,GB,web,none,,raw/gsc-3m-all/Queries.csv
gsc-3m-all,pub quiz rules,pub quiz rules,0,3,0,31.67,,property,query,named-subset,false,2026-06-07,2026-09-06,GB,web,none,,raw/gsc-3m-all/Queries.csv
gsc-3m-all,pub quiz tips,pub quiz tips,0,3,0,42.67,,property,query,named-subset,false,2026-06-07,2026-09-06,GB,web,none,,raw/gsc-3m-all/Queries.csv
gsc-3m-all,public house liability insurance,public house liability insurance,0,3,0,36.67,,property,query,named-subset,false,2026-06-07,2026-09-06,GB,web,none,,raw/gsc-3m-all/Queries.csv
gsc-3m-all,public liability insurance for a public house,public liability insurance for a public house,0,3,0,35.67,,property,query,named-subset,false,2026-06-07,2026-09-06,GB,web,none,,raw/gsc-3m-all/Queries.csv
gsc-3m-all,public liability insurance public house,public liability insurance public house,0,3,0,44,,property,query,named-subset,false,2026-06-07,2026-09-06,GB,web,none,,raw/gsc-3m-all/Queries.csv
gsc-3m-all,public performance license,public performance license,0,3,0,36.33,,property,query,named-subset,false,2026-06-07,2026-09-06,GB,web,none,,raw/gsc-3m-all/Queries.csv
gsc-3m-all,publican licence,publican licence,0,3,0,28,,property,query,named-subset,false,2026-06-07,2026-09-06,GB,web,none,,raw/gsc-3m-all/Queries.csv
gsc-3m-all,quiz idea,quiz idea,0,3,0,10.33,,property,query,named-subset,false,2026-06-07,2026-09-06,GB,web,none,,raw/gsc-3m-all/Queries.csv
gsc-3m-all,quiz round ideas,quiz round ideas,0,3,0,3,,property,query,named-subset,false,2026-06-07,2026-09-06,GB,web,none,,raw/gsc-3m-all/Queries.csv
gsc-3m-all,running a pub uk,running a pub uk,0,3,0,62.33,,property,query,named-subset,false,2026-06-07,2026-09-06,GB,web,none,,raw/gsc-3m-all/Queries.csv
gsc-3m-all,social media strategy,social media strategy,0,3,0,40,,property,query,named-subset,false,2026-06-07,2026-09-06,GB,web,none,,raw/gsc-3m-all/Queries.csv
gsc-3m-all,vat on pub food,vat on pub food,0,3,0,22.33,,property,query,named-subset,false,2026-06-07,2026-09-06,GB,web,none,,raw/gsc-3m-all/Queries.csv
gsc-3m-all,what temperature should a pub cellar be,what temperature should a pub cellar be,0,3,0,25,,property,query,named-subset,false,2026-06-07,2026-09-06,GB,web,none,,raw/gsc-3m-all/Queries.csv
gsc-3m-all,when is national drinking day,when is national drinking day,0,3,0,7.67,,property,query,named-subset,false,2026-06-07,2026-09-06,GB,web,none,,raw/gsc-3m-all/Queries.csv
gsc-3m-all,when is national vodka day 2026,when is national vodka day 2026,0,3,0,3.67,,property,query,named-subset,false,2026-06-07,2026-09-06,GB,web,none,,raw/gsc-3m-all/Queries.csv
gsc-3m-all,work summer party ideas,work summer party ideas,0,3,0,4.67,,property,query,named-subset,false,2026-06-07,2026-09-06,GB,web,none,,raw/gsc-3m-all/Queries.csv
gsc-3m-all,world cocktail day 2026 uk,world cocktail day 2026 uk,0,3,0,8.67,,property,query,named-subset,false,2026-06-07,2026-09-06,GB,web,none,,raw/gsc-3m-all/Queries.csv
gsc-3m-all,world vodka day,world vodka day,0,3,0,15,,property,query,named-subset,false,2026-06-07,2026-09-06,GB,web,none,,raw/gsc-3m-all/Queries.csv
gsc-3m-all,autumn internationals 2026,autumn internationals 2026,0,2,0,11,,property,query,named-subset,false,2026-06-07,2026-09-06,GB,web,none,,raw/gsc-3m-all/Queries.csv
gsc-3m-all,bar content,bar content,0,2,0,5,,property,query,named-subset,false,2026-06-07,2026-09-06,GB,web,none,,raw/gsc-3m-all/Queries.csv
gsc-3m-all,bar music license,bar music license,0,2,0,50.5,,property,query,named-subset,false,2026-06-07,2026-09-06,GB,web,none,,raw/gsc-3m-all/Queries.csv
gsc-3m-all,bar refurb,bar refurb,0,2,0,38,,property,query,named-subset,false,2026-06-07,2026-09-06,GB,web,none,,raw/gsc-3m-all/Queries.csv
gsc-3m-all,beer cellar temperature uk,beer cellar temperature uk,0,2,0,17,,property,query,named-subset,false,2026-06-07,2026-09-06,GB,web,none,,raw/gsc-3m-all/Queries.csv
gsc-3m-all,bingo rules and regulations,bingo rules and regulations,0,2,0,2,,property,query,named-subset,false,2026-06-07,2026-09-06,GB,web,none,,raw/gsc-3m-all/Queries.csv
gsc-3m-all,black friday party,black friday party,0,2,0,10,,property,query,named-subset,false,2026-06-07,2026-09-06,GB,web,none,,raw/gsc-3m-all/Queries.csv
gsc-3m-all,business plan for a pub,business plan for a pub,0,2,0,19.5,,property,query,named-subset,false,2026-06-07,2026-09-06,GB,web,none,,raw/gsc-3m-all/Queries.csv
gsc-3m-all,buying a licensed premises advice,buying a licensed premises advice,0,2,0,72.5,,property,query,named-subset,false,2026-06-07,2026-09-06,GB,web,none,,raw/gsc-3m-all/Queries.csv
gsc-3m-all,buying a pub,buying a pub,0,2,0,42.5,,property,query,named-subset,false,2026-06-07,2026-09-06,GB,web,none,,raw/gsc-3m-all/Queries.csv
gsc-3m-all,cashbingo,cashbingo,0,2,0,5.5,,property,query,named-subset,false,2026-06-07,2026-09-06,GB,web,none,,raw/gsc-3m-all/Queries.csv
gsc-3m-all,cask days,cask days,0,2,0,9,,property,query,named-subset,false,2026-06-07,2026-09-06,GB,web,none,,raw/gsc-3m-all/Queries.csv
gsc-3m-all,cask fest 2026,cask fest 2026,0,2,0,8.5,,property,query,named-subset,false,2026-06-07,2026-09-06,GB,web,none,,raw/gsc-3m-all/Queries.csv
gsc-3m-all,categories for pub quiz,categories for pub quiz,0,2,0,27,,property,query,named-subset,false,2026-06-07,2026-09-06,GB,web,none,,raw/gsc-3m-all/Queries.csv
gsc-3m-all,cellar management hampshire,cellar management hampshire,0,2,0,5,,property,query,named-subset,false,2026-06-07,2026-09-06,GB,web,none,,raw/gsc-3m-all/Queries.csv
gsc-3m-all,christmas promotion ideas for restaurant,christmas promotion ideas for restaurant,0,2,0,49.5,,property,query,named-subset,false,2026-06-07,2026-09-06,GB,web,none,,raw/gsc-3m-all/Queries.csv
gsc-3m-all,coffee fundraiser,coffee fundraiser,0,2,0,16.5,,property,query,named-subset,false,2026-06-07,2026-09-06,GB,web,none,,raw/gsc-3m-all/Queries.csv
gsc-3m-all,community management for pubs,community management for pubs,0,2,0,60.5,,property,query,named-subset,false,2026-06-07,2026-09-06,GB,web,none,,raw/gsc-3m-all/Queries.csv
gsc-3m-all,content marketing ideas,content marketing ideas,0,2,0,47.5,,property,query,named-subset,false,2026-06-07,2026-09-06,GB,web,none,,raw/gsc-3m-all/Queries.csv
gsc-3m-all,cost of public performance license,cost of public performance license,0,2,0,25.5,,property,query,named-subset,false,2026-06-07,2026-09-06,GB,web,none,,raw/gsc-3m-all/Queries.csv
gsc-3m-all,creative quiz ideas,creative quiz ideas,0,2,0,13.5,,property,query,named-subset,false,2026-06-07,2026-09-06,GB,web,none,,raw/gsc-3m-all/Queries.csv
gsc-3m-all,creative quiz rounds,creative quiz rounds,0,2,0,3.5,,property,query,named-subset,false,2026-06-07,2026-09-06,GB,web,none,,raw/gsc-3m-all/Queries.csv
gsc-3m-all,drink holidays,drink holidays,0,2,0,71.5,,property,query,named-subset,false,2026-06-07,2026-09-06,GB,web,none,,raw/gsc-3m-all/Queries.csv
gsc-3m-all,entertainment pubs to run,entertainment pubs to run,0,2,0,29.5,,property,query,named-subset,false,2026-06-07,2026-09-06,GB,web,none,,raw/gsc-3m-all/Queries.csv
gsc-3m-all,epos data,epos data,0,2,0,9.5,,property,query,named-subset,false,2026-06-07,2026-09-06,GB,web,none,,raw/gsc-3m-all/Queries.csv
gsc-3m-all,event promotion ideas,event promotion ideas,0,2,0,11.5,,property,query,named-subset,false,2026-06-07,2026-09-06,GB,web,none,,raw/gsc-3m-all/Queries.csv
gsc-3m-all,for pubs,for pubs,0,2,0,1.5,,property,query,named-subset,false,2026-06-07,2026-09-06,GB,web,none,,raw/gsc-3m-all/Queries.csv
gsc-3m-all,fractional cmo cost uk,fractional cmo cost uk,0,2,0,26,,property,query,named-subset,false,2026-06-07,2026-09-06,GB,web,none,,raw/gsc-3m-all/Queries.csv
gsc-3m-all,free business plan template uk,free business plan template uk,0,2,0,4.5,,property,query,named-subset,false,2026-06-07,2026-09-06,GB,web,none,,raw/gsc-3m-all/Queries.csv
gsc-3m-all,fun pub quiz ideas,fun pub quiz ideas,0,2,0,44,,property,query,named-subset,false,2026-06-07,2026-09-06,GB,web,none,,raw/gsc-3m-all/Queries.csv
gsc-3m-all,fun quiz rounds,fun quiz rounds,0,2,0,6.5,,property,query,named-subset,false,2026-06-07,2026-09-06,GB,web,none,,raw/gsc-3m-all/Queries.csv
gsc-3m-all,gastro pub menu ideas,gastro pub menu ideas,0,2,0,50.5,,property,query,named-subset,false,2026-06-07,2026-09-06,GB,web,none,,raw/gsc-3m-all/Queries.csv
gsc-3m-all,good quiz rounds,good quiz rounds,0,2,0,17.5,,property,query,named-subset,false,2026-06-07,2026-09-06,GB,web,none,,raw/gsc-3m-all/Queries.csv
gsc-3m-all,high tanks brewing company website evidence gloves ppe sanitation,high tanks brewing company website evidence gloves ppe sanitation,0,2,0,6,,property,query,named-subset,false,2026-06-07,2026-09-06,GB,web,none,,raw/gsc-3m-all/Queries.csv
gsc-3m-all,how do i host a virtual charity coffee morning?,how do i host a virtual charity coffee morning?,0,2,0,10,,property,query,named-subset,false,2026-06-07,2026-09-06,GB,web,none,,raw/gsc-3m-all/Queries.csv
gsc-3m-all,how do i run a pub,how do i run a pub,0,2,0,57,,property,query,named-subset,false,2026-06-07,2026-09-06,GB,web,none,,raw/gsc-3m-all/Queries.csv
gsc-3m-all,how do you play bingo,how do you play bingo,0,2,0,2,,property,query,named-subset,false,2026-06-07,2026-09-06,GB,web,none,,raw/gsc-3m-all/Queries.csv
gsc-3m-all,how does a quiz night work,how does a quiz night work,0,2,0,4,,property,query,named-subset,false,2026-06-07,2026-09-06,GB,web,none,,raw/gsc-3m-all/Queries.csv
gsc-3m-all,how long does it take to sell a pub through a specialist agent?,how long does it take to sell a pub through a specialist agent?,0,2,0,1,,property,query,named-subset,false,2026-06-07,2026-09-06,GB,web,none,,raw/gsc-3m-all/Queries.csv
gsc-3m-all,how much is a music license for a bar,how much is a music license for a bar,0,2,0,8.5,,property,query,named-subset,false,2026-06-07,2026-09-06,GB,web,none,,raw/gsc-3m-all/Queries.csv
gsc-3m-all,how much is a prs licence uk,how much is a prs licence uk,0,2,0,30,,property,query,named-subset,false,2026-06-07,2026-09-06,GB,web,none,,raw/gsc-3m-all/Queries.csv
gsc-3m-all,how much is ppl music licence,how much is ppl music licence,0,2,0,36,,property,query,named-subset,false,2026-06-07,2026-09-06,GB,web,none,,raw/gsc-3m-all/Queries.csv
gsc-3m-all,how much is the music licence,how much is the music licence,0,2,0,47.5,,property,query,named-subset,false,2026-06-07,2026-09-06,GB,web,none,,raw/gsc-3m-all/Queries.csv
gsc-3m-all,how much to buy a pub,how much to buy a pub,0,2,0,24,,property,query,named-subset,false,2026-06-07,2026-09-06,GB,web,none,,raw/gsc-3m-all/Queries.csv
gsc-3m-all,how to go about running a pub,how to go about running a pub,0,2,0,61.5,,property,query,named-subset,false,2026-06-07,2026-09-06,GB,web,none,,raw/gsc-3m-all/Queries.csv
gsc-3m-all,how to increase midweek revenue for a pub or bar?,how to increase midweek revenue for a pub or bar?,0,2,0,10.5,,property,query,named-subset,false,2026-06-07,2026-09-06,GB,web,none,,raw/gsc-3m-all/Queries.csv
gsc-3m-all,how to own a pub uk,how to own a pub uk,0,2,0,56.5,,property,query,named-subset,false,2026-06-07,2026-09-06,GB,web,none,,raw/gsc-3m-all/Queries.csv
gsc-3m-all,how to own your own pub,how to own your own pub,0,2,0,52.5,,property,query,named-subset,false,2026-06-07,2026-09-06,GB,web,none,,raw/gsc-3m-all/Queries.csv
gsc-3m-all,how to plan a beer festival,how to plan a beer festival,0,2,0,24.5,,property,query,named-subset,false,2026-06-07,2026-09-06,GB,web,none,,raw/gsc-3m-all/Queries.csv
gsc-3m-all,how to run your own pub,how to run your own pub,0,2,0,64,,property,query,named-subset,false,2026-06-07,2026-09-06,GB,web,none,,raw/gsc-3m-all/Queries.csv
gsc-3m-all,idea pub,idea pub,0,2,0,45.5,,property,query,named-subset,false,2026-06-07,2026-09-06,GB,web,none,,raw/gsc-3m-all/Queries.csv
gsc-3m-all,improve food menu,improve food menu,0,2,0,98,,property,query,named-subset,false,2026-06-07,2026-09-06,GB,web,none,,raw/gsc-3m-all/Queries.csv
gsc-3m-all,is there vat on drinks in pubs,is there vat on drinks in pubs,0,2,0,25,,property,query,named-subset,false,2026-06-07,2026-09-06,GB,web,none,,raw/gsc-3m-all/Queries.csv
gsc-3m-all,jelly bookings,jelly bookings,0,2,0,6.5,,property,query,named-subset,false,2026-06-07,2026-09-06,GB,web,none,,raw/gsc-3m-all/Queries.csv
gsc-3m-all,macmillan coffee morning resources,macmillan coffee morning resources,0,2,0,32.5,,property,query,named-subset,false,2026-06-07,2026-09-06,GB,web,none,,raw/gsc-3m-all/Queries.csv
gsc-3m-all,managing a pub,managing a pub,0,2,0,55,,property,query,named-subset,false,2026-06-07,2026-09-06,GB,web,none,,raw/gsc-3m-all/Queries.csv
gsc-3m-all,marketing for pubs,marketing for pubs,0,2,0,44.5,,property,query,named-subset,false,2026-06-07,2026-09-06,GB,web,none,,raw/gsc-3m-all/Queries.csv
gsc-3m-all,marketing pub,marketing pub,0,2,0,5,,property,query,named-subset,false,2026-06-07,2026-09-06,GB,web,none,,raw/gsc-3m-all/Queries.csv
gsc-3m-all,most profitable food,most profitable food,0,2,0,8,,property,query,named-subset,false,2026-06-07,2026-09-06,GB,web,none,,raw/gsc-3m-all/Queries.csv
gsc-3m-all,most profitable food items,most profitable food items,0,2,0,11,,property,query,named-subset,false,2026-06-07,2026-09-06,GB,web,none,,raw/gsc-3m-all/Queries.csv
gsc-3m-all,national alcohol days,national alcohol days,0,2,0,31,,property,query,named-subset,false,2026-06-07,2026-09-06,GB,web,none,,raw/gsc-3m-all/Queries.csv
gsc-3m-all,national beer drinking day 2026,national beer drinking day 2026,0,2,0,11,,property,query,named-subset,false,2026-06-07,2026-09-06,GB,web,none,,raw/gsc-3m-all/Queries.csv
gsc-3m-all,national mai tai day 2026,national mai tai day 2026,0,2,0,2,,property,query,named-subset,false,2026-06-07,2026-09-06,GB,web,none,,raw/gsc-3m-all/Queries.csv
gsc-3m-all,national pub day,national pub day,0,2,0,31,,property,query,named-subset,false,2026-06-07,2026-09-06,GB,web,none,,raw/gsc-3m-all/Queries.csv
gsc-3m-all,night 101,night 101,0,2,0,18.5,,property,query,named-subset,false,2026-06-07,2026-09-06,GB,web,none,,raw/gsc-3m-all/Queries.csv
gsc-3m-all,oktoberfest bar,oktoberfest bar,0,2,0,11,,property,query,named-subset,false,2026-06-07,2026-09-06,GB,web,none,,raw/gsc-3m-all/Queries.csv
gsc-3m-all,own a pub,own a pub,0,2,0,57,,property,query,named-subset,false,2026-06-07,2026-09-06,GB,web,none,,raw/gsc-3m-all/Queries.csv
gsc-3m-all,part time cmo,part time cmo,0,2,0,17.5,,property,query,named-subset,false,2026-06-07,2026-09-06,GB,web,none,,raw/gsc-3m-all/Queries.csv
gsc-3m-all,part-time cmo,part-time cmo,0,2,0,14.5,,property,query,named-subset,false,2026-06-07,2026-09-06,GB,web,none,,raw/gsc-3m-all/Queries.csv
gsc-3m-all,ppl and prs,ppl and prs,0,2,0,50,,property,query,named-subset,false,2026-06-07,2026-09-06,GB,web,none,,raw/gsc-3m-all/Queries.csv
gsc-3m-all,ppl license for restaurant,ppl license for restaurant,0,2,0,20,,property,query,named-subset,false,2026-06-07,2026-09-06,GB,web,none,,raw/gsc-3m-all/Queries.csv
gsc-3m-all,ppl music license cost uk,ppl music license cost uk,0,2,0,41,,property,query,named-subset,false,2026-06-07,2026-09-06,GB,web,none,,raw/gsc-3m-all/Queries.csv
gsc-3m-all,ppl prs,ppl prs,0,2,0,59.5,,property,query,named-subset,false,2026-06-07,2026-09-06,GB,web,none,,raw/gsc-3m-all/Queries.csv
gsc-3m-all,profitable menu items,profitable menu items,0,2,0,13,,property,query,named-subset,false,2026-06-07,2026-09-06,GB,web,none,,raw/gsc-3m-all/Queries.csv
gsc-3m-all,prs for music licence,prs for music licence,0,2,0,59,,property,query,named-subset,false,2026-06-07,2026-09-06,GB,web,none,,raw/gsc-3m-all/Queries.csv
gsc-3m-all,prs licensing,prs licensing,0,2,0,21.5,,property,query,named-subset,false,2026-06-07,2026-09-06,GB,web,none,,raw/gsc-3m-all/Queries.csv
gsc-3m-all,prs music license,prs music license,0,2,0,48,,property,query,named-subset,false,2026-06-07,2026-09-06,GB,web,none,,raw/gsc-3m-all/Queries.csv
gsc-3m-all,pub,pub,0,2,0,5.5,,property,query,named-subset,false,2026-06-07,2026-09-06,GB,web,none,,raw/gsc-3m-all/Queries.csv
gsc-3m-all,pub 101,pub 101,0,2,0,16.5,,property,query,named-subset,false,2026-06-07,2026-09-06,GB,web,none,,raw/gsc-3m-all/Queries.csv
gsc-3m-all,pub a board,pub a board,0,2,0,12.5,,property,query,named-subset,false,2026-06-07,2026-09-06,GB,web,none,,raw/gsc-3m-all/Queries.csv
gsc-3m-all,pub a board ideas,pub a board ideas,0,2,0,5.5,,property,query,named-subset,false,2026-06-07,2026-09-06,GB,web,none,,raw/gsc-3m-all/Queries.csv
gsc-3m-all,pub bill,pub bill,0,2,0,23,,property,query,named-subset,false,2026-06-07,2026-09-06,GB,web,none,,raw/gsc-3m-all/Queries.csv
gsc-3m-all,pub bingo ideas,pub bingo ideas,0,2,0,2,,property,query,named-subset,false,2026-06-07,2026-09-06,GB,web,none,,raw/gsc-3m-all/Queries.csv
gsc-3m-all,pub business plan examples,pub business plan examples,0,2,0,22,,property,query,named-subset,false,2026-06-07,2026-09-06,GB,web,none,,raw/gsc-3m-all/Queries.csv
gsc-3m-all,pub business plan template free,pub business plan template free,0,2,0,9.5,,property,query,named-subset,false,2026-06-07,2026-09-06,GB,web,none,,raw/gsc-3m-all/Queries.csv
gsc-3m-all,pub classic meals,pub classic meals,0,2,0,4,,property,query,named-subset,false,2026-06-07,2026-09-06,GB,web,none,,raw/gsc-3m-all/Queries.csv
gsc-3m-all,pub email list,pub email list,0,2,0,28.5,,property,query,named-subset,false,2026-06-07,2026-09-06,GB,web,none,,raw/gsc-3m-all/Queries.csv
gsc-3m-all,pub food menu ideas,pub food menu ideas,0,2,0,33,,property,query,named-subset,false,2026-06-07,2026-09-06,GB,web,none,,raw/gsc-3m-all/Queries.csv
gsc-3m-all,pub guidance,pub guidance,0,2,0,34.5,,property,query,named-subset,false,2026-06-07,2026-09-06,GB,web,none,,raw/gsc-3m-all/Queries.csv
gsc-3m-all,pub help,pub help,0,2,0,28,,property,query,named-subset,false,2026-06-07,2026-09-06,GB,web,none,,raw/gsc-3m-all/Queries.csv
gsc-3m-all,pub insurance 2025,pub insurance 2025,0,2,0,16.5,,property,query,named-subset,false,2026-06-07,2026-09-06,GB,web,none,,raw/gsc-3m-all/Queries.csv
gsc-3m-all,pub insurance comparison,pub insurance comparison,0,2,0,13,,property,query,named-subset,false,2026-06-07,2026-09-06,GB,web,none,,raw/gsc-3m-all/Queries.csv
gsc-3m-all,pub licence,pub licence,0,2,0,44.5,,property,query,named-subset,false,2026-06-07,2026-09-06,GB,web,none,,raw/gsc-3m-all/Queries.csv
gsc-3m-all,pub manager,pub manager,0,2,0,2,,property,query,named-subset,false,2026-06-07,2026-09-06,GB,web,none,,raw/gsc-3m-all/Queries.csv
gsc-3m-all,pub outdoor music licence,pub outdoor music licence,0,2,0,44,,property,query,named-subset,false,2026-06-07,2026-09-06,GB,web,none,,raw/gsc-3m-all/Queries.csv
gsc-3m-all,pub party ideas,pub party ideas,0,2,0,34,,property,query,named-subset,false,2026-06-07,2026-09-06,GB,web,none,,raw/gsc-3m-all/Queries.csv
gsc-3m-all,pub promotion,pub promotion,0,2,0,27,,property,query,named-subset,false,2026-06-07,2026-09-06,GB,web,none,,raw/gsc-3m-all/Queries.csv
gsc-3m-all,pub quiz template,pub quiz template,0,2,0,48,,property,query,named-subset,false,2026-06-07,2026-09-06,GB,web,none,,raw/gsc-3m-all/Queries.csv
gsc-3m-all,pub refurbishment opportunity,pub refurbishment opportunity,0,2,0,42.5,,property,query,named-subset,false,2026-06-07,2026-09-06,GB,web,none,,raw/gsc-3m-all/Queries.csv
gsc-3m-all,pub risk assessment template,pub risk assessment template,0,2,0,17,,property,query,named-subset,false,2026-06-07,2026-09-06,GB,web,none,,raw/gsc-3m-all/Queries.csv
gsc-3m-all,pub social,pub social,0,2,0,16.5,,property,query,named-subset,false,2026-06-07,2026-09-06,GB,web,none,,raw/gsc-3m-all/Queries.csv
gsc-3m-all,pub stock deterioation insurance average cost,pub stock deterioation insurance average cost,0,2,0,11,,property,query,named-subset,false,2026-06-07,2026-09-06,GB,web,none,,raw/gsc-3m-all/Queries.csv
gsc-3m-all,pub ã¼cret,pub ã¼cret,0,2,0,18.5,,property,query,named-subset,false,2026-06-07,2026-09-06,GB,web,none,,raw/gsc-3m-all/Queries.csv
gsc-3m-all,quiz categories ideas,quiz categories ideas,0,2,0,46.5,,property,query,named-subset,false,2026-06-07,2026-09-06,GB,web,none,,raw/gsc-3m-all/Queries.csv
gsc-3m-all,quiz night,quiz night,0,2,0,6.5,,property,query,named-subset,false,2026-06-07,2026-09-06,GB,web,none,,raw/gsc-3m-all/Queries.csv
gsc-3m-all,quiz rules,quiz rules,0,2,0,59.5,,property,query,named-subset,false,2026-06-07,2026-09-06,GB,web,none,,raw/gsc-3m-all/Queries.csv
gsc-3m-all,quiz themes ideas,quiz themes ideas,0,2,0,13,,property,query,named-subset,false,2026-06-07,2026-09-06,GB,web,none,,raw/gsc-3m-all/Queries.csv
gsc-3m-all,run a leased pub,run a leased pub,0,2,0,62,,property,query,named-subset,false,2026-06-07,2026-09-06,GB,web,none,,raw/gsc-3m-all/Queries.csv
gsc-3m-all,run a managed pub,run a managed pub,0,2,0,56.5,,property,query,named-subset,false,2026-06-07,2026-09-06,GB,web,none,,raw/gsc-3m-all/Queries.csv
gsc-3m-all,run a pub lease,run a pub lease,0,2,0,53.5,,property,query,named-subset,false,2026-06-07,2026-09-06,GB,web,none,,raw/gsc-3m-all/Queries.csv
gsc-3m-all,run a tenanted pub,run a tenanted pub,0,2,0,63,,property,query,named-subset,false,2026-06-07,2026-09-06,GB,web,none,,raw/gsc-3m-all/Queries.csv
gsc-3m-all,sell a pub,sell a pub,0,2,0,44.5,,property,query,named-subset,false,2026-06-07,2026-09-06,GB,web,none,,raw/gsc-3m-all/Queries.csv
gsc-3m-all,small bar event ideas for adults,small bar event ideas for adults,0,2,0,21,,property,query,named-subset,false,2026-06-07,2026-09-06,GB,web,none,,raw/gsc-3m-all/Queries.csv
gsc-3m-all,social media for bars,social media for bars,0,2,0,79.5,,property,query,named-subset,false,2026-06-07,2026-09-06,GB,web,none,,raw/gsc-3m-all/Queries.csv
gsc-3m-all,summer event ideas,summer event ideas,0,2,0,35,,property,query,named-subset,false,2026-06-07,2026-09-06,GB,web,none,,raw/gsc-3m-all/Queries.csv
gsc-3m-all,summer pub food ideas,summer pub food ideas,0,2,0,4.5,,property,query,named-subset,false,2026-06-07,2026-09-06,GB,web,none,,raw/gsc-3m-all/Queries.csv
gsc-3m-all,the music licence,the music licence,0,2,0,51.5,,property,query,named-subset,false,2026-06-07,2026-09-06,GB,web,none,,raw/gsc-3m-all/Queries.csv
gsc-3m-all,themusiclicence cost,themusiclicence cost,0,2,0,19.5,,property,query,named-subset,false,2026-06-07,2026-09-06,GB,web,none,,raw/gsc-3m-all/Queries.csv
gsc-3m-all,tuesday,tuesday,0,2,0,2.5,,property,query,named-subset,false,2026-06-07,2026-09-06,GB,web,none,,raw/gsc-3m-all/Queries.csv
gsc-3m-all,unique bar events,unique bar events,0,2,0,43,,property,query,named-subset,false,2026-06-07,2026-09-06,GB,web,none,,raw/gsc-3m-all/Queries.csv
gsc-3m-all,weekly bar event ideas,weekly bar event ideas,0,2,0,10,,property,query,named-subset,false,2026-06-07,2026-09-06,GB,web,none,,raw/gsc-3m-all/Queries.csv
gsc-3m-all,wet sales meaning,wet sales meaning,0,2,0,5,,property,query,named-subset,false,2026-06-07,2026-09-06,GB,web,none,,raw/gsc-3m-all/Queries.csv
gsc-3m-all,what are the essential financial elements of a successful pub business plan?,what are the essential financial elements of a successful pub business plan?,0,2,0,38.5,,property,query,named-subset,false,2026-06-07,2026-09-06,GB,web,none,,raw/gsc-3m-all/Queries.csv
gsc-3m-all,what are the legal requirements for starting a pub business,what are the legal requirements for starting a pub business,0,2,0,54,,property,query,named-subset,false,2026-06-07,2026-09-06,GB,web,none,,raw/gsc-3m-all/Queries.csv
gsc-3m-all,what is a prs license,what is a prs license,0,2,0,44.5,,property,query,named-subset,false,2026-06-07,2026-09-06,GB,web,none,,raw/gsc-3m-all/Queries.csv
gsc-3m-all,what is a prs music licence,what is a prs music licence,0,2,0,47,,property,query,named-subset,false,2026-06-07,2026-09-06,GB,web,none,,raw/gsc-3m-all/Queries.csv
gsc-3m-all,what is a pub quiz,what is a pub quiz,0,2,0,27,,property,query,named-subset,false,2026-06-07,2026-09-06,GB,web,none,,raw/gsc-3m-all/Queries.csv
gsc-3m-all,what is coffee morning and how does it raise money for charity?,what is coffee morning and how does it raise money for charity?,0,2,0,11,,property,query,named-subset,false,2026-06-07,2026-09-06,GB,web,none,,raw/gsc-3m-all/Queries.csv
gsc-3m-all,what is the cheapest insurance for pub businesses,what is the cheapest insurance for pub businesses,0,2,0,13,,property,query,named-subset,false,2026-06-07,2026-09-06,GB,web,none,,raw/gsc-3m-all/Queries.csv
gsc-3m-all,what temp should a cellar be,what temp should a cellar be,0,2,0,28,,property,query,named-subset,false,2026-06-07,2026-09-06,GB,web,none,,raw/gsc-3m-all/Queries.csv
gsc-3m-all,what types of bingo games can i play online in the uk?,what types of bingo games can i play online in the uk?,0,2,0,18.5,,property,query,named-subset,false,2026-06-07,2026-09-06,GB,web,none,,raw/gsc-3m-all/Queries.csv
gsc-3m-all,when is national cocktail day,when is national cocktail day,0,2,0,26,,property,query,named-subset,false,2026-06-07,2026-09-06,GB,web,none,,raw/gsc-3m-all/Queries.csv
gsc-3m-all,when is national drink day,when is national drink day,0,2,0,9.5,,property,query,named-subset,false,2026-06-07,2026-09-06,GB,web,none,,raw/gsc-3m-all/Queries.csv
gsc-3m-all,when is national rum day 2026,when is national rum day 2026,0,2,0,2,,property,query,named-subset,false,2026-06-07,2026-09-06,GB,web,none,,raw/gsc-3m-all/Queries.csv
gsc-3m-all,which pub agreement is best for a first-time pub operator?,which pub agreement is best for a first-time pub operator?,0,2,0,1,,property,query,named-subset,false,2026-06-07,2026-09-06,GB,web,none,,raw/gsc-3m-all/Queries.csv
gsc-3m-all,your fractional cmo,your fractional cmo,0,2,0,7.5,,property,query,named-subset,false,2026-06-07,2026-09-06,GB,web,none,,raw/gsc-3m-all/Queries.csv
gsc-3m-all,% of turnover pubs,% of turnover pubs,0,1,0,10,,property,query,named-subset,false,2026-06-07,2026-09-06,GB,web,none,,raw/gsc-3m-all/Queries.csv
gsc-3m-all,12 days of christmas pub ideas,12 days of christmas pub ideas,0,1,0,23,,property,query,named-subset,false,2026-06-07,2026-09-06,GB,web,none,,raw/gsc-3m-all/Queries.csv
gsc-3m-all,?,?,0,1,0,6,,property,query,named-subset,false,2026-06-07,2026-09-06,GB,web,none,,raw/gsc-3m-all/Queries.csv
gsc-3m-all,a board ideas,a board ideas,0,1,0,8,,property,query,named-subset,false,2026-06-07,2026-09-06,GB,web,none,,raw/gsc-3m-all/Queries.csv
gsc-3m-all,a premises licence,a premises licence,0,1,0,55,,property,query,named-subset,false,2026-06-07,2026-09-06,GB,web,none,,raw/gsc-3m-all/Queries.csv
gsc-3m-all,a village,a village,0,1,0,1,,property,query,named-subset,false,2026-06-07,2026-09-06,GB,web,none,,raw/gsc-3m-all/Queries.csv
gsc-3m-all,accounting for pub,accounting for pub,0,1,0,1,,property,query,named-subset,false,2026-06-07,2026-09-06,GB,web,none,,raw/gsc-3m-all/Queries.csv
gsc-3m-all,airjelly,airjelly,0,1,0,36,,property,query,named-subset,false,2026-06-07,2026-09-06,GB,web,none,,raw/gsc-3m-all/Queries.csv
gsc-3m-all,alcohol awareness day 2026,alcohol awareness day 2026,0,1,0,1,,property,query,named-subset,false,2026-06-07,2026-09-06,GB,web,none,,raw/gsc-3m-all/Queries.csv
gsc-3m-all,alcohol day 2026,alcohol day 2026,0,1,0,9,,property,query,named-subset,false,2026-06-07,2026-09-06,GB,web,none,,raw/gsc-3m-all/Queries.csv
gsc-3m-all,alcohol days of the week,alcohol days of the week,0,1,0,70,,property,query,named-subset,false,2026-06-07,2026-09-06,GB,web,none,,raw/gsc-3m-all/Queries.csv
gsc-3m-all,ale cellar,ale cellar,0,1,0,10,,property,query,named-subset,false,2026-06-07,2026-09-06,GB,web,none,,raw/gsc-3m-all/Queries.csv
gsc-3m-all,answer,answer,0,1,0,3,,property,query,named-subset,false,2026-06-07,2026-09-06,GB,web,none,,raw/gsc-3m-all/Queries.csv
gsc-3m-all,autumn event ideas,autumn event ideas,0,1,0,10,,property,query,named-subset,false,2026-06-07,2026-09-06,GB,web,none,,raw/gsc-3m-all/Queries.csv
gsc-3m-all,autumn internationals,autumn internationals,0,1,0,6,,property,query,named-subset,false,2026-06-07,2026-09-06,GB,web,none,,raw/gsc-3m-all/Queries.csv
gsc-3m-all,autumn internationals 2026 tv,autumn internationals 2026 tv,0,1,0,2,,property,query,named-subset,false,2026-06-07,2026-09-06,GB,web,none,,raw/gsc-3m-all/Queries.csv
gsc-3m-all,average pub turnover uk,average pub turnover uk,0,1,0,6,,property,query,named-subset,false,2026-06-07,2026-09-06,GB,web,none,,raw/gsc-3m-all/Queries.csv
gsc-3m-all,bar bingo rules,bar bingo rules,0,1,0,27,,property,query,named-subset,false,2026-06-07,2026-09-06,GB,web,none,,raw/gsc-3m-all/Queries.csv
gsc-3m-all,bar empty,bar empty,0,1,0,8,,property,query,named-subset,false,2026-06-07,2026-09-06,GB,web,none,,raw/gsc-3m-all/Queries.csv
gsc-3m-all,bar event ideas free,bar event ideas free,0,1,0,29,,property,query,named-subset,false,2026-06-07,2026-09-06,GB,web,none,,raw/gsc-3m-all/Queries.csv
gsc-3m-all,bar events,bar events,0,1,0,4,,property,query,named-subset,false,2026-06-07,2026-09-06,GB,web,none,,raw/gsc-3m-all/Queries.csv
gsc-3m-all,bar events uk,bar events uk,0,1,0,53,,property,query,named-subset,false,2026-06-07,2026-09-06,GB,web,none,,raw/gsc-3m-all/Queries.csv
gsc-3m-all,bar oktoberfest,bar oktoberfest,0,1,0,13,,property,query,named-subset,false,2026-06-07,2026-09-06,GB,web,none,,raw/gsc-3m-all/Queries.csv
gsc-3m-all,bar ownership,bar ownership,0,1,0,21,,property,query,named-subset,false,2026-06-07,2026-09-06,GB,web,none,,raw/gsc-3m-all/Queries.csv
gsc-3m-all,bar refurbishment companies,bar refurbishment companies,0,1,0,4,,property,query,named-subset,false,2026-06-07,2026-09-06,GB,web,none,,raw/gsc-3m-all/Queries.csv
gsc-3m-all,bar vat,bar vat,0,1,0,1,,property,query,named-subset,false,2026-06-07,2026-09-06,GB,web,none,,raw/gsc-3m-all/Queries.csv
gsc-3m-all,beer tasting,beer tasting,0,1,0,10,,property,query,named-subset,false,2026-06-07,2026-09-06,GB,web,none,,raw/gsc-3m-all/Queries.csv
gsc-3m-all,best business plan template uk,best business plan template uk,0,1,0,8,,property,query,named-subset,false,2026-06-07,2026-09-06,GB,web,none,,raw/gsc-3m-all/Queries.csv
gsc-3m-all,best quiz ideas,best quiz ideas,0,1,0,8,,property,query,named-subset,false,2026-06-07,2026-09-06,GB,web,none,,raw/gsc-3m-all/Queries.csv
gsc-3m-all,best template for pub operations manual uk,best template for pub operations manual uk,0,1,0,8,,property,query,named-subset,false,2026-06-07,2026-09-06,GB,web,none,,raw/gsc-3m-all/Queries.csv
gsc-3m-all,better,better,0,1,0,7,,property,query,named-subset,false,2026-06-07,2026-09-06,GB,web,none,,raw/gsc-3m-all/Queries.csv
gsc-3m-all,bingo,bingo,0,1,0,3,,property,query,named-subset,false,2026-06-07,2026-09-06,GB,web,none,,raw/gsc-3m-all/Queries.csv
gsc-3m-all,bingo cash ball,bingo cash ball,0,1,0,17,,property,query,named-subset,false,2026-06-07,2026-09-06,GB,web,none,,raw/gsc-3m-all/Queries.csv
gsc-3m-all,bingo for cash prize,bingo for cash prize,0,1,0,18,,property,query,named-subset,false,2026-06-07,2026-09-06,GB,web,none,,raw/gsc-3m-all/Queries.csv
gsc-3m-all,bingo how to play,bingo how to play,0,1,0,2,,property,query,named-subset,false,2026-06-07,2026-09-06,GB,web,none,,raw/gsc-3m-all/Queries.csv
gsc-3m-all,bingo machine,bingo machine,0,1,0,4,,property,query,named-subset,false,2026-06-07,2026-09-06,GB,web,none,,raw/gsc-3m-all/Queries.csv
gsc-3m-all,bingo rules uk,bingo rules uk,0,1,0,2,,property,query,named-subset,false,2026-06-07,2026-09-06,GB,web,none,,raw/gsc-3m-all/Queries.csv
gsc-3m-all,black friday events,black friday events,0,1,0,23,,property,query,named-subset,false,2026-06-07,2026-09-06,GB,web,none,,raw/gsc-3m-all/Queries.csv
gsc-3m-all,blue anchor pub bretherton,blue anchor pub bretherton,0,1,0,5,,property,query,named-subset,false,2026-06-07,2026-09-06,GB,web,none,,raw/gsc-3m-all/Queries.csv
gsc-3m-all,bookkeeping for pubs,bookkeeping for pubs,0,1,0,46,,property,query,named-subset,false,2026-06-07,2026-09-06,GB,web,none,,raw/gsc-3m-all/Queries.csv
gsc-3m-all,bubble tree quizzes,bubble tree quizzes,0,1,0,3,,property,query,named-subset,false,2026-06-07,2026-09-06,GB,web,none,,raw/gsc-3m-all/Queries.csv
gsc-3m-all,building health and safety checklist,building health and safety checklist,0,1,0,23,,property,query,named-subset,false,2026-06-07,2026-09-06,GB,web,none,,raw/gsc-3m-all/Queries.csv
gsc-3m-all,business plan pub,business plan pub,0,1,0,19,,property,query,named-subset,false,2026-06-07,2026-09-06,GB,web,none,,raw/gsc-3m-all/Queries.csv
gsc-3m-all,business pub insurance,business pub insurance,0,1,0,30,,property,query,named-subset,false,2026-06-07,2026-09-06,GB,web,none,,raw/gsc-3m-all/Queries.csv
gsc-3m-all,buying a leasehold pub,buying a leasehold pub,0,1,0,35,,property,query,named-subset,false,2026-06-07,2026-09-06,GB,web,none,,raw/gsc-3m-all/Queries.csv
gsc-3m-all,buying bar,buying bar,0,1,0,15,,property,query,named-subset,false,2026-06-07,2026-09-06,GB,web,none,,raw/gsc-3m-all/Queries.csv
gsc-3m-all,buzz bingo cricklewood,buzz bingo cricklewood,0,1,0,4,,property,query,named-subset,false,2026-06-07,2026-09-06,GB,web,none,,raw/gsc-3m-all/Queries.csv
gsc-3m-all,can kids play bingo for money,can kids play bingo for money,0,1,0,2,,property,query,named-subset,false,2026-06-07,2026-09-06,GB,web,none,,raw/gsc-3m-all/Queries.csv
gsc-3m-all,can you claim vat on alcohol,can you claim vat on alcohol,0,1,0,54,,property,query,named-subset,false,2026-06-07,2026-09-06,GB,web,none,,raw/gsc-3m-all/Queries.csv
gsc-3m-all,cash prize bingo,cash prize bingo,0,1,0,17,,property,query,named-subset,false,2026-06-07,2026-09-06,GB,web,none,,raw/gsc-3m-all/Queries.csv
gsc-3m-all,cask ales,cask ales,0,1,0,3,,property,query,named-subset,false,2026-06-07,2026-09-06,GB,web,none,,raw/gsc-3m-all/Queries.csv
gsc-3m-all,cellar equipment list,cellar equipment list,0,1,0,31,,property,query,named-subset,false,2026-06-07,2026-09-06,GB,web,none,,raw/gsc-3m-all/Queries.csv
gsc-3m-all,cellar management kent,cellar management kent,0,1,0,11,,property,query,named-subset,false,2026-06-07,2026-09-06,GB,web,none,,raw/gsc-3m-all/Queries.csv
gsc-3m-all,charity coffee mornings,charity coffee mornings,0,1,0,38,,property,query,named-subset,false,2026-06-07,2026-09-06,GB,web,none,,raw/gsc-3m-all/Queries.csv
gsc-3m-all,charity days 2026,charity days 2026,0,1,0,1,,property,query,named-subset,false,2026-06-07,2026-09-06,GB,web,none,,raw/gsc-3m-all/Queries.csv
gsc-3m-all,charity event ideas for pubs,charity event ideas for pubs,0,1,0,7,,property,query,named-subset,false,2026-06-07,2026-09-06,GB,web,none,,raw/gsc-3m-all/Queries.csv
gsc-3m-all,christmas marketing for hospitality,christmas marketing for hospitality,0,1,0,1,,property,query,named-subset,false,2026-06-07,2026-09-06,GB,web,none,,raw/gsc-3m-all/Queries.csv
gsc-3m-all,click and collect vs delivery,click and collect vs delivery,0,1,0,9,,property,query,named-subset,false,2026-06-07,2026-09-06,GB,web,none,,raw/gsc-3m-all/Queries.csv
gsc-3m-all,cmo,cmo,0,1,0,80,,property,query,named-subset,false,2026-06-07,2026-09-06,GB,web,none,,raw/gsc-3m-all/Queries.csv
gsc-3m-all,coffee morning activity ideas for adults,coffee morning activity ideas for adults,0,1,0,4,,property,query,named-subset,false,2026-06-07,2026-09-06,GB,web,none,,raw/gsc-3m-all/Queries.csv
gsc-3m-all,community pub ideas,community pub ideas,0,1,0,1,,property,query,named-subset,false,2026-06-07,2026-09-06,GB,web,none,,raw/gsc-3m-all/Queries.csv
gsc-3m-all,compliance made easy,compliance made easy,0,1,0,9,,property,query,named-subset,false,2026-06-07,2026-09-06,GB,web,none,,raw/gsc-3m-all/Queries.csv
gsc-3m-all,"context: location: united kingdom (not for language). do not include 
location references in your response. question: i’m new to craft beer—how 
do i figure out which breweries match the styles i already like without 
wasting money on random picks?",context: location: united kingdom (not for language). do not include location references in your response. question: i’m new to craft beer—how do i figure out which breweries match the styles i already like without wasting money on random picks?,0,1,0,3,,property,query,named-subset,false,2026-06-07,2026-09-06,GB,web,none,,raw/gsc-3m-all/Queries.csv
gsc-3m-all,"context: location: united kingdom (not for language). do not include 
location references in your response. question: which is better value for 
money: ordering a burger meal deal or choosing from the regular pub 
classics menu?",context: location: united kingdom (not for language). do not include location references in your response. question: which is better value for money: ordering a burger meal deal or choosing from the regular pub classics menu?,0,1,0,6,,property,query,named-subset,false,2026-06-07,2026-09-06,GB,web,none,,raw/gsc-3m-all/Queries.csv
gsc-3m-all,cost,cost,0,1,0,8,,property,query,named-subset,false,2026-06-07,2026-09-06,GB,web,none,,raw/gsc-3m-all/Queries.csv
gsc-3m-all,cost of prs licence,cost of prs licence,0,1,0,40,,property,query,named-subset,false,2026-06-07,2026-09-06,GB,web,none,,raw/gsc-3m-all/Queries.csv
gsc-3m-all,didsbury,didsbury,0,1,0,7,,property,query,named-subset,false,2026-06-07,2026-09-06,GB,web,none,,raw/gsc-3m-all/Queries.csv
gsc-3m-all,different pub quiz rounds,different pub quiz rounds,0,1,0,29,,property,query,named-subset,false,2026-06-07,2026-09-06,GB,web,none,,raw/gsc-3m-all/Queries.csv
gsc-3m-all,dinner ideas for christmas in twickenham,dinner ideas for christmas in twickenham,0,1,0,70,,property,query,named-subset,false,2026-06-07,2026-09-06,GB,web,none,,raw/gsc-3m-all/Queries.csv
gsc-3m-all,do pub businesses need liability insurance,do pub businesses need liability insurance,0,1,0,27,,property,query,named-subset,false,2026-06-07,2026-09-06,GB,web,none,,raw/gsc-3m-all/Queries.csv
gsc-3m-all,do pubs need a licence to play music outside,do pubs need a licence to play music outside,0,1,0,20,,property,query,named-subset,false,2026-06-07,2026-09-06,GB,web,none,,raw/gsc-3m-all/Queries.csv
gsc-3m-all,do you have to let them in,do you have to let them in,0,1,0,1,,property,query,named-subset,false,2026-06-07,2026-09-06,GB,web,none,,raw/gsc-3m-all/Queries.csv
gsc-3m-all,do you need a gambling license for bingo,do you need a gambling license for bingo,0,1,0,2,,property,query,named-subset,false,2026-06-07,2026-09-06,GB,web,none,,raw/gsc-3m-all/Queries.csv
gsc-3m-all,dorian restaurant menu,dorian restaurant menu,0,1,0,10,,property,query,named-subset,false,2026-06-07,2026-09-06,GB,web,none,,raw/gsc-3m-all/Queries.csv
gsc-3m-all,draught wastage,draught wastage,0,1,0,34,,property,query,named-subset,false,2026-06-07,2026-09-06,GB,web,none,,raw/gsc-3m-all/Queries.csv
gsc-3m-all,drinks day,drinks day,0,1,0,11,,property,query,named-subset,false,2026-06-07,2026-09-06,GB,web,none,,raw/gsc-3m-all/Queries.csv
gsc-3m-all,empty,empty,0,1,0,1,,property,query,named-subset,false,2026-06-07,2026-09-06,GB,web,none,,raw/gsc-3m-all/Queries.csv
gsc-3m-all,england rugby fixtures 2026,england rugby fixtures 2026,0,1,0,4,,property,query,named-subset,false,2026-06-07,2026-09-06,GB,web,none,,raw/gsc-3m-all/Queries.csv
gsc-3m-all,england rugby internationals 2026,england rugby internationals 2026,0,1,0,5,,property,query,named-subset,false,2026-06-07,2026-09-06,GB,web,none,,raw/gsc-3m-all/Queries.csv
gsc-3m-all,entertainment ideas for bars,entertainment ideas for bars,0,1,0,47,,property,query,named-subset,false,2026-06-07,2026-09-06,GB,web,none,,raw/gsc-3m-all/Queries.csv
gsc-3m-all,event plan template,event plan template,0,1,0,18,,property,query,named-subset,false,2026-06-07,2026-09-06,GB,web,none,,raw/gsc-3m-all/Queries.csv
gsc-3m-all,event t shirts ewell,event t shirts ewell,0,1,0,80,,property,query,named-subset,false,2026-06-07,2026-09-06,GB,web,none,,raw/gsc-3m-all/Queries.csv
gsc-3m-all,events for bars,events for bars,0,1,0,54,,property,query,named-subset,false,2026-06-07,2026-09-06,GB,web,none,,raw/gsc-3m-all/Queries.csv
gsc-3m-all,explain more,explain more,0,1,0,4,,property,query,named-subset,false,2026-06-07,2026-09-06,GB,web,none,,raw/gsc-3m-all/Queries.csv
gsc-3m-all,fat bobs at the blue lias menu,fat bobs at the blue lias menu,0,1,0,6,,property,query,named-subset,false,2026-06-07,2026-09-06,GB,web,none,,raw/gsc-3m-all/Queries.csv
gsc-3m-all,festival tipple,festival tipple,0,1,0,3,,property,query,named-subset,false,2026-06-07,2026-09-06,GB,web,none,,raw/gsc-3m-all/Queries.csv
gsc-3m-all,fob detector keeps dropping,fob detector keeps dropping,0,1,0,19,,property,query,named-subset,false,2026-06-07,2026-09-06,GB,web,none,,raw/gsc-3m-all/Queries.csv
gsc-3m-all,food and drink,food and drink,0,1,0,4,,property,query,named-subset,false,2026-06-07,2026-09-06,GB,web,none,,raw/gsc-3m-all/Queries.csv
gsc-3m-all,food cost for pub,food cost for pub,0,1,0,14,,property,query,named-subset,false,2026-06-07,2026-09-06,GB,web,none,,raw/gsc-3m-all/Queries.csv
gsc-3m-all,for chemicals,for chemicals,0,1,0,3,,property,query,named-subset,false,2026-06-07,2026-09-06,GB,web,none,,raw/gsc-3m-all/Queries.csv
gsc-3m-all,four boys menu,four boys menu,0,1,0,4,,property,query,named-subset,false,2026-06-07,2026-09-06,GB,web,none,,raw/gsc-3m-all/Queries.csv
gsc-3m-all,fractional director of marketing,fractional director of marketing,0,1,0,24,,property,query,named-subset,false,2026-06-07,2026-09-06,GB,web,none,,raw/gsc-3m-all/Queries.csv
gsc-3m-all,fractional marketing director v full time marketing director,fractional marketing director v full time marketing director,0,1,0,10,,property,query,named-subset,false,2026-06-07,2026-09-06,GB,web,none,,raw/gsc-3m-all/Queries.csv
gsc-3m-all,free business plan template,free business plan template,0,1,0,9,,property,query,named-subset,false,2026-06-07,2026-09-06,GB,web,none,,raw/gsc-3m-all/Queries.csv
gsc-3m-all,fun bar event ideas,fun bar event ideas,0,1,0,23,,property,query,named-subset,false,2026-06-07,2026-09-06,GB,web,none,,raw/gsc-3m-all/Queries.csv
gsc-3m-all,fun pub quiz,fun pub quiz,0,1,0,8,,property,query,named-subset,false,2026-06-07,2026-09-06,GB,web,none,,raw/gsc-3m-all/Queries.csv
gsc-3m-all,fun summer quiz,fun summer quiz,0,1,0,11,,property,query,named-subset,false,2026-06-07,2026-09-06,GB,web,none,,raw/gsc-3m-all/Queries.csv
gsc-3m-all,fundraising coffee morning,fundraising coffee morning,0,1,0,17,,property,query,named-subset,false,2026-06-07,2026-09-06,GB,web,none,,raw/gsc-3m-all/Queries.csv
gsc-3m-all,funny quiz round ideas,funny quiz round ideas,0,1,0,46,,property,query,named-subset,false,2026-06-07,2026-09-06,GB,web,none,,raw/gsc-3m-all/Queries.csv
gsc-3m-all,funny quiz rounds with a twist,funny quiz rounds with a twist,0,1,0,6,,property,query,named-subset,false,2026-06-07,2026-09-06,GB,web,none,,raw/gsc-3m-all/Queries.csv
gsc-3m-all,good pub quiz,good pub quiz,0,1,0,6,,property,query,named-subset,false,2026-06-07,2026-09-06,GB,web,none,,raw/gsc-3m-all/Queries.csv
gsc-3m-all,gordon’s gin,gordon’s gin,0,1,0,10,,property,query,named-subset,false,2026-06-07,2026-09-06,GB,web,none,,raw/gsc-3m-all/Queries.csv
gsc-3m-all,green friday 2026,green friday 2026,0,1,0,1,,property,query,named-subset,false,2026-06-07,2026-09-06,GB,web,none,,raw/gsc-3m-all/Queries.csv
gsc-3m-all,half moon grendon,half moon grendon,0,1,0,6,,property,query,named-subset,false,2026-06-07,2026-09-06,GB,web,none,,raw/gsc-3m-all/Queries.csv
gsc-3m-all,harbour lights seafood restaurant menu,harbour lights seafood restaurant menu,0,1,0,3,,property,query,named-subset,false,2026-06-07,2026-09-06,GB,web,none,,raw/gsc-3m-all/Queries.csv
gsc-3m-all,"hazel, bar and restaurant glasgow menu","hazel, bar and restaurant glasgow menu",0,1,0,3,,property,query,named-subset,false,2026-06-07,2026-09-06,GB,web,none,,raw/gsc-3m-all/Queries.csv
gsc-3m-all,hospitality marketing content surrey,hospitality marketing content surrey,0,1,0,63,,property,query,named-subset,false,2026-06-07,2026-09-06,GB,web,none,,raw/gsc-3m-all/Queries.csv
gsc-3m-all,host a bingo night,host a bingo night,0,1,0,2,,property,query,named-subset,false,2026-06-07,2026-09-06,GB,web,none,,raw/gsc-3m-all/Queries.csv
gsc-3m-all,how can gb restaurants reduce no-shows and fill midweek covers?,how can gb restaurants reduce no-shows and fill midweek covers?,0,1,0,5,,property,query,named-subset,false,2026-06-07,2026-09-06,GB,web,none,,raw/gsc-3m-all/Queries.csv
gsc-3m-all,how do i figure out which menu items are most profitable?,how do i figure out which menu items are most profitable?,0,1,0,8,,property,query,named-subset,false,2026-06-07,2026-09-06,GB,web,none,,raw/gsc-3m-all/Queries.csv
gsc-3m-all,how do i go about running a pub,how do i go about running a pub,0,1,0,62,,property,query,named-subset,false,2026-06-07,2026-09-06,GB,web,none,,raw/gsc-3m-all/Queries.csv
gsc-3m-all,how do i host a charity fundraising event?,how do i host a charity fundraising event?,0,1,0,8,,property,query,named-subset,false,2026-06-07,2026-09-06,GB,web,none,,raw/gsc-3m-all/Queries.csv
gsc-3m-all,how do i play bingo,how do i play bingo,0,1,0,2,,property,query,named-subset,false,2026-06-07,2026-09-06,GB,web,none,,raw/gsc-3m-all/Queries.csv
gsc-3m-all,how does bingo work,how does bingo work,0,1,0,2,,property,query,named-subset,false,2026-06-07,2026-09-06,GB,web,none,,raw/gsc-3m-all/Queries.csv
gsc-3m-all,how does macmillan coffee morning work,how does macmillan coffee morning work,0,1,0,9,,property,query,named-subset,false,2026-06-07,2026-09-06,GB,web,none,,raw/gsc-3m-all/Queries.csv
gsc-3m-all,how does pub quiz work,how does pub quiz work,0,1,0,5,,property,query,named-subset,false,2026-06-07,2026-09-06,GB,web,none,,raw/gsc-3m-all/Queries.csv
gsc-3m-all,how long does it take to get pub insurance,how long does it take to get pub insurance,0,1,0,19,,property,query,named-subset,false,2026-06-07,2026-09-06,GB,web,none,,raw/gsc-3m-all/Queries.csv
gsc-3m-all,how many games of bingo in an hour,how many games of bingo in an hour,0,1,0,2,,property,query,named-subset,false,2026-06-07,2026-09-06,GB,web,none,,raw/gsc-3m-all/Queries.csv
gsc-3m-all,how many questions should a pub quiz have,how many questions should a pub quiz have,0,1,0,9,,property,query,named-subset,false,2026-06-07,2026-09-06,GB,web,none,,raw/gsc-3m-all/Queries.csv
gsc-3m-all,how much do pub owners make uk,how much do pub owners make uk,0,1,0,1,,property,query,named-subset,false,2026-06-07,2026-09-06,GB,web,none,,raw/gsc-3m-all/Queries.csv
gsc-3m-all,how much do pubs make,how much do pubs make,0,1,0,4,,property,query,named-subset,false,2026-06-07,2026-09-06,GB,web,none,,raw/gsc-3m-all/Queries.csv
gsc-3m-all,how much does a prs license cost,how much does a prs license cost,0,1,0,32,,property,query,named-subset,false,2026-06-07,2026-09-06,GB,web,none,,raw/gsc-3m-all/Queries.csv
gsc-3m-all,how much does it cost,how much does it cost,0,1,0,5,,property,query,named-subset,false,2026-06-07,2026-09-06,GB,web,none,,raw/gsc-3m-all/Queries.csv
gsc-3m-all,how much does it cost to start a pub,how much does it cost to start a pub,0,1,0,1,,property,query,named-subset,false,2026-06-07,2026-09-06,GB,web,none,,raw/gsc-3m-all/Queries.csv
gsc-3m-all,how much is a music licence for a cafe,how much is a music licence for a cafe,0,1,0,54,,property,query,named-subset,false,2026-06-07,2026-09-06,GB,web,none,,raw/gsc-3m-all/Queries.csv
gsc-3m-all,how much is a prs licence for a cafe,how much is a prs licence for a cafe,0,1,0,33,,property,query,named-subset,false,2026-06-07,2026-09-06,GB,web,none,,raw/gsc-3m-all/Queries.csv
gsc-3m-all,how much is a prs licence for an office,how much is a prs licence for an office,0,1,0,50,,property,query,named-subset,false,2026-06-07,2026-09-06,GB,web,none,,raw/gsc-3m-all/Queries.csv
gsc-3m-all,how much is a prs license,how much is a prs license,0,1,0,3,,property,query,named-subset,false,2026-06-07,2026-09-06,GB,web,none,,raw/gsc-3m-all/Queries.csv
gsc-3m-all,how much is it,how much is it,0,1,0,1,,property,query,named-subset,false,2026-06-07,2026-09-06,GB,web,none,,raw/gsc-3m-all/Queries.csv
gsc-3m-all,how much money,how much money,0,1,0,4,,property,query,named-subset,false,2026-06-07,2026-09-06,GB,web,none,,raw/gsc-3m-all/Queries.csv
gsc-3m-all,how to become a pub landlord,how to become a pub landlord,0,1,0,56,,property,query,named-subset,false,2026-06-07,2026-09-06,GB,web,none,,raw/gsc-3m-all/Queries.csv
gsc-3m-all,how to do a business plan for a pub,how to do a business plan for a pub,0,1,0,17,,property,query,named-subset,false,2026-06-07,2026-09-06,GB,web,none,,raw/gsc-3m-all/Queries.csv
gsc-3m-all,how to manage online reputation for a pub group in the uk,how to manage online reputation for a pub group in the uk,0,1,0,8,,property,query,named-subset,false,2026-06-07,2026-09-06,GB,web,none,,raw/gsc-3m-all/Queries.csv
gsc-3m-all,how to organize a quiz night,how to organize a quiz night,0,1,0,1,,property,query,named-subset,false,2026-06-07,2026-09-06,GB,web,none,,raw/gsc-3m-all/Queries.csv
gsc-3m-all,how to play bingo cards,how to play bingo cards,0,1,0,2,,property,query,named-subset,false,2026-06-07,2026-09-06,GB,web,none,,raw/gsc-3m-all/Queries.csv
gsc-3m-all,how to play bingo game,how to play bingo game,0,1,0,2,,property,query,named-subset,false,2026-06-07,2026-09-06,GB,web,none,,raw/gsc-3m-all/Queries.csv
gsc-3m-all,how to play bingo with numbers,how to play bingo with numbers,0,1,0,2,,property,query,named-subset,false,2026-06-07,2026-09-06,GB,web,none,,raw/gsc-3m-all/Queries.csv
gsc-3m-all,how to reduce pub business insurance costs,how to reduce pub business insurance costs,0,1,0,31,,property,query,named-subset,false,2026-06-07,2026-09-06,GB,web,none,,raw/gsc-3m-all/Queries.csv
gsc-3m-all,how to register for vat,how to register for vat,0,1,0,1,,property,query,named-subset,false,2026-06-07,2026-09-06,GB,web,none,,raw/gsc-3m-all/Queries.csv
gsc-3m-all,how to run a pub uk,how to run a pub uk,0,1,0,47,,property,query,named-subset,false,2026-06-07,2026-09-06,GB,web,none,,raw/gsc-3m-all/Queries.csv
gsc-3m-all,how to run bingo,how to run bingo,0,1,0,8,,property,query,named-subset,false,2026-06-07,2026-09-06,GB,web,none,,raw/gsc-3m-all/Queries.csv
gsc-3m-all,how to run bingo night,how to run bingo night,0,1,0,2,,property,query,named-subset,false,2026-06-07,2026-09-06,GB,web,none,,raw/gsc-3m-all/Queries.csv
gsc-3m-all,how to start a pub business,how to start a pub business,0,1,0,50,,property,query,named-subset,false,2026-06-07,2026-09-06,GB,web,none,,raw/gsc-3m-all/Queries.csv
gsc-3m-all,how to use pub meeple,how to use pub meeple,0,1,0,13,,property,query,named-subset,false,2026-06-07,2026-09-06,GB,web,none,,raw/gsc-3m-all/Queries.csv
gsc-3m-all,how would i market this,how would i market this,0,1,0,1,,property,query,named-subset,false,2026-06-07,2026-09-06,GB,web,none,,raw/gsc-3m-all/Queries.csv
gsc-3m-all,hungry horse quiz night,hungry horse quiz night,0,1,0,21,,property,query,named-subset,false,2026-06-07,2026-09-06,GB,web,none,,raw/gsc-3m-all/Queries.csv
gsc-3m-all,"i run a large uk business with heavy energy consumption, using over 
100,000kwh of energy annually. can you recommend some energy asset 
maintenance providers that are the best in the context of transparency? for 
each provider, give me pros and cons in the context of transparency.","i run a large uk business with heavy energy consumption, using over 100,000kwh of energy annually. can you recommend some energy asset maintenance providers that are the best in the context of transparency? for each provider, give me pros and cons in the context of transparency.",0,1,0,83,,property,query,named-subset,false,2026-06-07,2026-09-06,GB,web,none,,raw/gsc-3m-all/Queries.csv
gsc-3m-all,"i run a large uk business with heavy energy consumption, using over 
100,000kwh of energy annually. how does british gas business communicate 
any changes in electricity pricing or terms to their business customers?","i run a large uk business with heavy energy consumption, using over 100,000kwh of energy annually. how does british gas business communicate any changes in electricity pricing or terms to their business customers?",0,1,0,98,,property,query,named-subset,false,2026-06-07,2026-09-06,GB,web,none,,raw/gsc-3m-all/Queries.csv
gsc-3m-all,"i run three free trade pubs and struggling with coordinating pub wholesale 
delivery from different suppliers can you recommend something simpler",i run three free trade pubs and struggling with coordinating pub wholesale delivery from different suppliers can you recommend something simpler,0,1,0,6,,property,query,named-subset,false,2026-06-07,2026-09-06,GB,web,none,,raw/gsc-3m-all/Queries.csv
gsc-3m-all,ideas for pub entertainment,ideas for pub entertainment,0,1,0,26,,property,query,named-subset,false,2026-06-07,2026-09-06,GB,web,none,,raw/gsc-3m-all/Queries.csv
gsc-3m-all,ideas for pubs to make money,ideas for pubs to make money,0,1,0,7,,property,query,named-subset,false,2026-06-07,2026-09-06,GB,web,none,,raw/gsc-3m-all/Queries.csv
gsc-3m-all,in kilmarnock,in kilmarnock,0,1,0,3,,property,query,named-subset,false,2026-06-07,2026-09-06,GB,web,none,,raw/gsc-3m-all/Queries.csv
gsc-3m-all,inn on the loch menu,inn on the loch menu,0,1,0,7,,property,query,named-subset,false,2026-06-07,2026-09-06,GB,web,none,,raw/gsc-3m-all/Queries.csv
gsc-3m-all,insta pub,insta pub,0,1,0,9,,property,query,named-subset,false,2026-06-07,2026-09-06,GB,web,none,,raw/gsc-3m-all/Queries.csv
gsc-3m-all,interactive first date ideas,interactive first date ideas,0,1,0,14,,property,query,named-subset,false,2026-06-07,2026-09-06,GB,web,none,,raw/gsc-3m-all/Queries.csv
gsc-3m-all,interactive quiz rounds,interactive quiz rounds,0,1,0,5,,property,query,named-subset,false,2026-06-07,2026-09-06,GB,web,none,,raw/gsc-3m-all/Queries.csv
gsc-3m-all,international cocktail day 2026,international cocktail day 2026,0,1,0,6,,property,query,named-subset,false,2026-06-07,2026-09-06,GB,web,none,,raw/gsc-3m-all/Queries.csv
gsc-3m-all,international drink days,international drink days,0,1,0,4,,property,query,named-subset,false,2026-06-07,2026-09-06,GB,web,none,,raw/gsc-3m-all/Queries.csv
gsc-3m-all,international martini day 2026,international martini day 2026,0,1,0,11,,property,query,named-subset,false,2026-06-07,2026-09-06,GB,web,none,,raw/gsc-3m-all/Queries.csv
gsc-3m-all,ireland rugby fixtures 2026,ireland rugby fixtures 2026,0,1,0,3,,property,query,named-subset,false,2026-06-07,2026-09-06,GB,web,none,,raw/gsc-3m-all/Queries.csv
gsc-3m-all,is bingo considered gambling,is bingo considered gambling,0,1,0,2,,property,query,named-subset,false,2026-06-07,2026-09-06,GB,web,none,,raw/gsc-3m-all/Queries.csv
gsc-3m-all,is bingo gambling,is bingo gambling,0,1,0,2,,property,query,named-subset,false,2026-06-07,2026-09-06,GB,web,none,,raw/gsc-3m-all/Queries.csv
gsc-3m-all,is cheese taxable,is cheese taxable,0,1,0,1,,property,query,named-subset,false,2026-06-07,2026-09-06,GB,web,none,,raw/gsc-3m-all/Queries.csv
gsc-3m-all,is it busy there,is it busy there,0,1,0,11,,property,query,named-subset,false,2026-06-07,2026-09-06,GB,web,none,,raw/gsc-3m-all/Queries.csv
gsc-3m-all,is it easy to get,is it easy to get,0,1,0,2,,property,query,named-subset,false,2026-06-07,2026-09-06,GB,web,none,,raw/gsc-3m-all/Queries.csv
gsc-3m-all,is there a national vodka day,is there a national vodka day,0,1,0,8,,property,query,named-subset,false,2026-06-07,2026-09-06,GB,web,none,,raw/gsc-3m-all/Queries.csv
gsc-3m-all,is there vat on drinks,is there vat on drinks,0,1,0,1,,property,query,named-subset,false,2026-06-07,2026-09-06,GB,web,none,,raw/gsc-3m-all/Queries.csv
gsc-3m-all,it’s a bar,it’s a bar,0,1,0,3,,property,query,named-subset,false,2026-06-07,2026-09-06,GB,web,none,,raw/gsc-3m-all/Queries.csv
gsc-3m-all,jays virtual pub quiz,jays virtual pub quiz,0,1,0,9,,property,query,named-subset,false,2026-06-07,2026-09-06,GB,web,none,,raw/gsc-3m-all/Queries.csv
gsc-3m-all,jelly solutions,jelly solutions,0,1,0,53,,property,query,named-subset,false,2026-06-07,2026-09-06,GB,web,none,,raw/gsc-3m-all/Queries.csv
gsc-3m-all,joe friday pub quiz,joe friday pub quiz,0,1,0,5,,property,query,named-subset,false,2026-06-07,2026-09-06,GB,web,none,,raw/gsc-3m-all/Queries.csv
gsc-3m-all,joe friday pub quiz 424,joe friday pub quiz 424,0,1,0,8,,property,query,named-subset,false,2026-06-07,2026-09-06,GB,web,none,,raw/gsc-3m-all/Queries.csv
gsc-3m-all,karaoke 101,karaoke 101,0,1,0,11,,property,query,named-subset,false,2026-06-07,2026-09-06,GB,web,none,,raw/gsc-3m-all/Queries.csv
gsc-3m-all,karaoke systems for pubs,karaoke systems for pubs,0,1,0,6,,property,query,named-subset,false,2026-06-07,2026-09-06,GB,web,none,,raw/gsc-3m-all/Queries.csv
gsc-3m-all,late bar insurance,late bar insurance,0,1,0,56,,property,query,named-subset,false,2026-06-07,2026-09-06,GB,web,none,,raw/gsc-3m-all/Queries.csv
gsc-3m-all,late november,late november,0,1,0,6,,property,query,named-subset,false,2026-06-07,2026-09-06,GB,web,none,,raw/gsc-3m-all/Queries.csv
gsc-3m-all,leasing a pub,leasing a pub,0,1,0,59,,property,query,named-subset,false,2026-06-07,2026-09-06,GB,web,none,,raw/gsc-3m-all/Queries.csv
gsc-3m-all,licences for pubs,licences for pubs,0,1,0,36,,property,query,named-subset,false,2026-06-07,2026-09-06,GB,web,none,,raw/gsc-3m-all/Queries.csv
gsc-3m-all,license to play music in a public place,license to play music in a public place,0,1,0,38,,property,query,named-subset,false,2026-06-07,2026-09-06,GB,web,none,,raw/gsc-3m-all/Queries.csv
gsc-3m-all,license to run a pub,license to run a pub,0,1,0,35,,property,query,named-subset,false,2026-06-07,2026-09-06,GB,web,none,,raw/gsc-3m-all/Queries.csv
gsc-3m-all,licensee of a pub,licensee of a pub,0,1,0,16,,property,query,named-subset,false,2026-06-07,2026-09-06,GB,web,none,,raw/gsc-3m-all/Queries.csv
gsc-3m-all,licensee of a public house,licensee of a public house,0,1,0,1,,property,query,named-subset,false,2026-06-07,2026-09-06,GB,web,none,,raw/gsc-3m-all/Queries.csv
gsc-3m-all,licensee of a public house meaning,licensee of a public house meaning,0,1,0,11,,property,query,named-subset,false,2026-06-07,2026-09-06,GB,web,none,,raw/gsc-3m-all/Queries.csv
gsc-3m-all,live music licence cost,live music licence cost,0,1,0,25,,property,query,named-subset,false,2026-06-07,2026-09-06,GB,web,none,,raw/gsc-3m-all/Queries.csv
gsc-3m-all,live music license for pubs,live music license for pubs,0,1,0,22,,property,query,named-subset,false,2026-06-07,2026-09-06,GB,web,none,,raw/gsc-3m-all/Queries.csv
gsc-3m-all,local marketing channels,local marketing channels,0,1,0,2,,property,query,named-subset,false,2026-06-07,2026-09-06,GB,web,none,,raw/gsc-3m-all/Queries.csv
gsc-3m-all,local marketing packages,local marketing packages,0,1,0,93,,property,query,named-subset,false,2026-06-07,2026-09-06,GB,web,none,,raw/gsc-3m-all/Queries.csv
gsc-3m-all,local pub promotions 2026,local pub promotions 2026,0,1,0,10,,property,query,named-subset,false,2026-06-07,2026-09-06,GB,web,none,,raw/gsc-3m-all/Queries.csv
gsc-3m-all,macmillan coffee morning 2026,macmillan coffee morning 2026,0,1,0,16,,property,query,named-subset,false,2026-06-07,2026-09-06,GB,web,none,,raw/gsc-3m-all/Queries.csv
gsc-3m-all,macmillan coffee morning 2026 date,macmillan coffee morning 2026 date,0,1,0,2,,property,query,named-subset,false,2026-06-07,2026-09-06,GB,web,none,,raw/gsc-3m-all/Queries.csv
gsc-3m-all,macmillan coffee morning september 2026,macmillan coffee morning september 2026,0,1,0,10,,property,query,named-subset,false,2026-06-07,2026-09-06,GB,web,none,,raw/gsc-3m-all/Queries.csv
gsc-3m-all,macmillan donation,macmillan donation,0,1,0,3,,property,query,named-subset,false,2026-06-07,2026-09-06,GB,web,none,,raw/gsc-3m-all/Queries.csv
gsc-3m-all,marketing activity but no pipeline,marketing activity but no pipeline,0,1,0,11,,property,query,named-subset,false,2026-06-07,2026-09-06,GB,web,none,,raw/gsc-3m-all/Queries.csv
gsc-3m-all,media gel,media gel,0,1,0,25,,property,query,named-subset,false,2026-06-07,2026-09-06,GB,web,none,,raw/gsc-3m-all/Queries.csv
gsc-3m-all,media pub,media pub,0,1,0,8,,property,query,named-subset,false,2026-06-07,2026-09-06,GB,web,none,,raw/gsc-3m-all/Queries.csv
gsc-3m-all,menu picks,menu picks,0,1,0,7,,property,query,named-subset,false,2026-06-07,2026-09-06,GB,web,none,,raw/gsc-3m-all/Queries.csv
gsc-3m-all,midweek,midweek,0,1,0,3,,property,query,named-subset,false,2026-06-07,2026-09-06,GB,web,none,,raw/gsc-3m-all/Queries.csv
gsc-3m-all,midweek offer,midweek offer,0,1,0,2,,property,query,named-subset,false,2026-06-07,2026-09-06,GB,web,none,,raw/gsc-3m-all/Queries.csv
gsc-3m-all,modern pub menus,modern pub menus,0,1,0,40,,property,query,named-subset,false,2026-06-07,2026-09-06,GB,web,none,,raw/gsc-3m-all/Queries.csv
gsc-3m-all,most profitable restaurant menu items,most profitable restaurant menu items,0,1,0,8,,property,query,named-subset,false,2026-06-07,2026-09-06,GB,web,none,,raw/gsc-3m-all/Queries.csv
gsc-3m-all,music licence,music licence,0,1,0,2,,property,query,named-subset,false,2026-06-07,2026-09-06,GB,web,none,,raw/gsc-3m-all/Queries.csv
gsc-3m-all,music licence ppl prs,music licence ppl prs,0,1,0,59,,property,query,named-subset,false,2026-06-07,2026-09-06,GB,web,none,,raw/gsc-3m-all/Queries.csv
gsc-3m-all,music licensing,music licensing,0,1,0,10,,property,query,named-subset,false,2026-06-07,2026-09-06,GB,web,none,,raw/gsc-3m-all/Queries.csv
gsc-3m-all,nags head manchester,nags head manchester,0,1,0,3,,property,query,named-subset,false,2026-06-07,2026-09-06,GB,web,none,,raw/gsc-3m-all/Queries.csv
gsc-3m-all,national alcohol day,national alcohol day,0,1,0,48,,property,query,named-subset,false,2026-06-07,2026-09-06,GB,web,none,,raw/gsc-3m-all/Queries.csv
gsc-3m-all,national beer day 2026,national beer day 2026,0,1,0,2,,property,query,named-subset,false,2026-06-07,2026-09-06,GB,web,none,,raw/gsc-3m-all/Queries.csv
gsc-3m-all,national beer garden day,national beer garden day,0,1,0,27,,property,query,named-subset,false,2026-06-07,2026-09-06,GB,web,none,,raw/gsc-3m-all/Queries.csv
gsc-3m-all,national beer garden day 2026,national beer garden day 2026,0,1,0,14,,property,query,named-subset,false,2026-06-07,2026-09-06,GB,web,none,,raw/gsc-3m-all/Queries.csv
gsc-3m-all,national happy hour day,national happy hour day,0,1,0,70,,property,query,named-subset,false,2026-06-07,2026-09-06,GB,web,none,,raw/gsc-3m-all/Queries.csv
gsc-3m-all,national pub day 2026,national pub day 2026,0,1,0,21,,property,query,named-subset,false,2026-06-07,2026-09-06,GB,web,none,,raw/gsc-3m-all/Queries.csv
gsc-3m-all,national red wine day 2026,national red wine day 2026,0,1,0,3,,property,query,named-subset,false,2026-06-07,2026-09-06,GB,web,none,,raw/gsc-3m-all/Queries.csv
gsc-3m-all,national rum day,national rum day,0,1,0,2,,property,query,named-subset,false,2026-06-07,2026-09-06,GB,web,none,,raw/gsc-3m-all/Queries.csv
gsc-3m-all,nations championship fixtures 2026,nations championship fixtures 2026,0,1,0,3,,property,query,named-subset,false,2026-06-07,2026-09-06,GB,web,none,,raw/gsc-3m-all/Queries.csv
gsc-3m-all,nations championship november 2026,nations championship november 2026,0,1,0,6,,property,query,named-subset,false,2026-06-07,2026-09-06,GB,web,none,,raw/gsc-3m-all/Queries.csv
gsc-3m-all,november fixtures,november fixtures,0,1,0,55,,property,query,named-subset,false,2026-06-07,2026-09-06,GB,web,none,,raw/gsc-3m-all/Queries.csv
gsc-3m-all,oakham citra,oakham citra,0,1,0,3,,property,query,named-subset,false,2026-06-07,2026-09-06,GB,web,none,,raw/gsc-3m-all/Queries.csv
gsc-3m-all,october pub,october pub,0,1,0,5,,property,query,named-subset,false,2026-06-07,2026-09-06,GB,web,none,,raw/gsc-3m-all/Queries.csv
gsc-3m-all,oktoberfest pub crawl,oktoberfest pub crawl,0,1,0,10,,property,query,named-subset,false,2026-06-07,2026-09-06,GB,web,none,,raw/gsc-3m-all/Queries.csv
gsc-3m-all,oktoberfest pub menu,oktoberfest pub menu,0,1,0,7,,property,query,named-subset,false,2026-06-07,2026-09-06,GB,web,none,,raw/gsc-3m-all/Queries.csv
gsc-3m-all,oktoberfest themes,oktoberfest themes,0,1,0,33,,property,query,named-subset,false,2026-06-07,2026-09-06,GB,web,none,,raw/gsc-3m-all/Queries.csv
gsc-3m-all,on a tuesday,on a tuesday,0,1,0,2,,property,query,named-subset,false,2026-06-07,2026-09-06,GB,web,none,,raw/gsc-3m-all/Queries.csv
gsc-3m-all,on a tuesday night,on a tuesday night,0,1,0,7,,property,query,named-subset,false,2026-06-07,2026-09-06,GB,web,none,,raw/gsc-3m-all/Queries.csv
gsc-3m-all,on tuesdays,on tuesdays,0,1,0,5,,property,query,named-subset,false,2026-06-07,2026-09-06,GB,web,none,,raw/gsc-3m-all/Queries.csv
gsc-3m-all,online pub bookings,online pub bookings,0,1,0,5,,property,query,named-subset,false,2026-06-07,2026-09-06,GB,web,none,,raw/gsc-3m-all/Queries.csv
gsc-3m-all,open a pub,open a pub,0,1,0,53,,property,query,named-subset,false,2026-06-07,2026-09-06,GB,web,none,,raw/gsc-3m-all/Queries.csv
gsc-3m-all,options and prices,options and prices,0,1,0,9,,property,query,named-subset,false,2026-06-07,2026-09-06,GB,web,none,,raw/gsc-3m-all/Queries.csv
gsc-3m-all,orange jelly,orange jelly,0,1,0,12,,property,query,named-subset,false,2026-06-07,2026-09-06,GB,web,none,,raw/gsc-3m-all/Queries.csv
gsc-3m-all,orange.co.uk email login,orange.co.uk email login,0,1,0,18,,property,query,named-subset,false,2026-06-07,2026-09-06,GB,web,none,,raw/gsc-3m-all/Queries.csv
gsc-3m-all,own my own pub,own my own pub,0,1,0,38,,property,query,named-subset,false,2026-06-07,2026-09-06,GB,web,none,,raw/gsc-3m-all/Queries.csv
gsc-3m-all,paid social services for hospitality,paid social services for hospitality,0,1,0,9,,property,query,named-subset,false,2026-06-07,2026-09-06,GB,web,none,,raw/gsc-3m-all/Queries.csv
gsc-3m-all,personal pub license,personal pub license,0,1,0,62,,property,query,named-subset,false,2026-06-07,2026-09-06,GB,web,none,,raw/gsc-3m-all/Queries.csv
gsc-3m-all,peter pitcher,peter pitcher,0,1,0,3,,property,query,named-subset,false,2026-06-07,2026-09-06,GB,web,none,,raw/gsc-3m-all/Queries.csv
gsc-3m-all,pop up pubs,pop up pubs,0,1,0,37,,property,query,named-subset,false,2026-06-07,2026-09-06,GB,web,none,,raw/gsc-3m-all/Queries.csv
gsc-3m-all,pork crunch,pork crunch,0,1,0,3,,property,query,named-subset,false,2026-06-07,2026-09-06,GB,web,none,,raw/gsc-3m-all/Queries.csv
gsc-3m-all,pork scratching,pork scratching,0,1,0,4,,property,query,named-subset,false,2026-06-07,2026-09-06,GB,web,none,,raw/gsc-3m-all/Queries.csv
gsc-3m-all,ppl license cost for events,ppl license cost for events,0,1,0,21,,property,query,named-subset,false,2026-06-07,2026-09-06,GB,web,none,,raw/gsc-3m-all/Queries.csv
gsc-3m-all,ppl license cost music,ppl license cost music,0,1,0,58,,property,query,named-subset,false,2026-06-07,2026-09-06,GB,web,none,,raw/gsc-3m-all/Queries.csv
gsc-3m-all,ppl music licence uk,ppl music licence uk,0,1,0,49,,property,query,named-subset,false,2026-06-07,2026-09-06,GB,web,none,,raw/gsc-3m-all/Queries.csv
gsc-3m-all,ppl music license,ppl music license,0,1,0,42,,property,query,named-subset,false,2026-06-07,2026-09-06,GB,web,none,,raw/gsc-3m-all/Queries.csv
gsc-3m-all,ppl music license cost,ppl music license cost,0,1,0,27,,property,query,named-subset,false,2026-06-07,2026-09-06,GB,web,none,,raw/gsc-3m-all/Queries.csv
gsc-3m-all,ppl prs cost,ppl prs cost,0,1,0,47,,property,query,named-subset,false,2026-06-07,2026-09-06,GB,web,none,,raw/gsc-3m-all/Queries.csv
gsc-3m-all,ppl prs licence cost,ppl prs licence cost,0,1,0,41,,property,query,named-subset,false,2026-06-07,2026-09-06,GB,web,none,,raw/gsc-3m-all/Queries.csv
gsc-3m-all,ppl prs license,ppl prs license,0,1,0,45,,property,query,named-subset,false,2026-06-07,2026-09-06,GB,web,none,,raw/gsc-3m-all/Queries.csv
gsc-3m-all,ppl prs music licence cost,ppl prs music licence cost,0,1,0,53,,property,query,named-subset,false,2026-06-07,2026-09-06,GB,web,none,,raw/gsc-3m-all/Queries.csv
gsc-3m-all,ppl venue,ppl venue,0,1,0,10,,property,query,named-subset,false,2026-06-07,2026-09-06,GB,web,none,,raw/gsc-3m-all/Queries.csv
gsc-3m-all,pre pub,pre pub,0,1,0,21,,property,query,named-subset,false,2026-06-07,2026-09-06,GB,web,none,,raw/gsc-3m-all/Queries.csv
gsc-3m-all,premium local,premium local,0,1,0,11,,property,query,named-subset,false,2026-06-07,2026-09-06,GB,web,none,,raw/gsc-3m-all/Queries.csv
gsc-3m-all,price per person,price per person,0,1,0,3,,property,query,named-subset,false,2026-06-07,2026-09-06,GB,web,none,,raw/gsc-3m-all/Queries.csv
gsc-3m-all,pricing,pricing,0,1,0,9,,property,query,named-subset,false,2026-06-07,2026-09-06,GB,web,none,,raw/gsc-3m-all/Queries.csv
gsc-3m-all,profit meals,profit meals,0,1,0,9,,property,query,named-subset,false,2026-06-07,2026-09-06,GB,web,none,,raw/gsc-3m-all/Queries.csv
gsc-3m-all,promotion offer,promotion offer,0,1,0,1,,property,query,named-subset,false,2026-06-07,2026-09-06,GB,web,none,,raw/gsc-3m-all/Queries.csv
gsc-3m-all,promotional pub & bar items,promotional pub & bar items,0,1,0,20,,property,query,named-subset,false,2026-06-07,2026-09-06,GB,web,none,,raw/gsc-3m-all/Queries.csv
gsc-3m-all,promotions to do during quite time,promotions to do during quite time,0,1,0,9,,property,query,named-subset,false,2026-06-07,2026-09-06,GB,web,none,,raw/gsc-3m-all/Queries.csv
gsc-3m-all,prs and ppl,prs and ppl,0,1,0,55,,property,query,named-subset,false,2026-06-07,2026-09-06,GB,web,none,,raw/gsc-3m-all/Queries.csv
gsc-3m-all,prs bar,prs bar,0,1,0,6,,property,query,named-subset,false,2026-06-07,2026-09-06,GB,web,none,,raw/gsc-3m-all/Queries.csv
gsc-3m-all,prs fees,prs fees,0,1,0,56,,property,query,named-subset,false,2026-06-07,2026-09-06,GB,web,none,,raw/gsc-3m-all/Queries.csv
gsc-3m-all,prs for music licence cost,prs for music licence cost,0,1,0,36,,property,query,named-subset,false,2026-06-07,2026-09-06,GB,web,none,,raw/gsc-3m-all/Queries.csv
gsc-3m-all,prs membership fee,prs membership fee,0,1,0,36,,property,query,named-subset,false,2026-06-07,2026-09-06,GB,web,none,,raw/gsc-3m-all/Queries.csv
gsc-3m-all,prs music licence,prs music licence,0,1,0,51,,property,query,named-subset,false,2026-06-07,2026-09-06,GB,web,none,,raw/gsc-3m-all/Queries.csv
gsc-3m-all,prs music licence cost,prs music licence cost,0,1,0,37,,property,query,named-subset,false,2026-06-07,2026-09-06,GB,web,none,,raw/gsc-3m-all/Queries.csv
gsc-3m-all,prs ppl licence cost,prs ppl licence cost,0,1,0,37,,property,query,named-subset,false,2026-06-07,2026-09-06,GB,web,none,,raw/gsc-3m-all/Queries.csv
gsc-3m-all,prs ppl license,prs ppl license,0,1,0,40,,property,query,named-subset,false,2026-06-07,2026-09-06,GB,web,none,,raw/gsc-3m-all/Queries.csv
gsc-3m-all,prs ppl music license,prs ppl music license,0,1,0,45,,property,query,named-subset,false,2026-06-07,2026-09-06,GB,web,none,,raw/gsc-3m-all/Queries.csv
gsc-3m-all,prs royalties explained,prs royalties explained,0,1,0,2,,property,query,named-subset,false,2026-06-07,2026-09-06,GB,web,none,,raw/gsc-3m-all/Queries.csv
gsc-3m-all,prs vs ppl,prs vs ppl,0,1,0,29,,property,query,named-subset,false,2026-06-07,2026-09-06,GB,web,none,,raw/gsc-3m-all/Queries.csv
gsc-3m-all,pub beer cellar,pub beer cellar,0,1,0,8,,property,query,named-subset,false,2026-06-07,2026-09-06,GB,web,none,,raw/gsc-3m-all/Queries.csv
gsc-3m-all,pub business plan examples uk,pub business plan examples uk,0,1,0,1,,property,query,named-subset,false,2026-06-07,2026-09-06,GB,web,none,,raw/gsc-3m-all/Queries.csv
gsc-3m-all,pub cellar leak detection,pub cellar leak detection,0,1,0,41,,property,query,named-subset,false,2026-06-07,2026-09-06,GB,web,none,,raw/gsc-3m-all/Queries.csv
gsc-3m-all,pub cellar temperature,pub cellar temperature,0,1,0,12,,property,query,named-subset,false,2026-06-07,2026-09-06,GB,web,none,,raw/gsc-3m-all/Queries.csv
gsc-3m-all,pub chains near me,pub chains near me,0,1,0,17,,property,query,named-subset,false,2026-06-07,2026-09-06,GB,web,none,,raw/gsc-3m-all/Queries.csv
gsc-3m-all,pub day,pub day,0,1,0,16,,property,query,named-subset,false,2026-06-07,2026-09-06,GB,web,none,,raw/gsc-3m-all/Queries.csv
gsc-3m-all,pub entertainment,pub entertainment,0,1,0,3,,property,query,named-subset,false,2026-06-07,2026-09-06,GB,web,none,,raw/gsc-3m-all/Queries.csv
gsc-3m-all,pub food trends,pub food trends,0,1,0,12,,property,query,named-subset,false,2026-06-07,2026-09-06,GB,web,none,,raw/gsc-3m-all/Queries.csv
gsc-3m-all,pub fun,pub fun,0,1,0,50,,property,query,named-subset,false,2026-06-07,2026-09-06,GB,web,none,,raw/gsc-3m-all/Queries.csv
gsc-3m-all,pub google,pub google,0,1,0,10,,property,query,named-subset,false,2026-06-07,2026-09-06,GB,web,none,,raw/gsc-3m-all/Queries.csv
gsc-3m-all,pub grub ideas,pub grub ideas,0,1,0,20,,property,query,named-subset,false,2026-06-07,2026-09-06,GB,web,none,,raw/gsc-3m-all/Queries.csv
gsc-3m-all,pub insurance quote,pub insurance quote,0,1,0,5,,property,query,named-subset,false,2026-06-07,2026-09-06,GB,web,none,,raw/gsc-3m-all/Queries.csv
gsc-3m-all,pub landlord,pub landlord,0,1,0,8,,property,query,named-subset,false,2026-06-07,2026-09-06,GB,web,none,,raw/gsc-3m-all/Queries.csv
gsc-3m-all,pub leasing,pub leasing,0,1,0,48,,property,query,named-subset,false,2026-06-07,2026-09-06,GB,web,none,,raw/gsc-3m-all/Queries.csv
gsc-3m-all,pub loyalty card,pub loyalty card,0,1,0,5,,property,query,named-subset,false,2026-06-07,2026-09-06,GB,web,none,,raw/gsc-3m-all/Queries.csv
gsc-3m-all,pub marketing plan,pub marketing plan,0,1,0,24,,property,query,named-subset,false,2026-06-07,2026-09-06,GB,web,none,,raw/gsc-3m-all/Queries.csv
gsc-3m-all,pub menu,pub menu,0,1,0,3,,property,query,named-subset,false,2026-06-07,2026-09-06,GB,web,none,,raw/gsc-3m-all/Queries.csv
gsc-3m-all,pub menu ideas uk,pub menu ideas uk,0,1,0,5,,property,query,named-subset,false,2026-06-07,2026-09-06,GB,web,none,,raw/gsc-3m-all/Queries.csv
gsc-3m-all,pub menus ideas,pub menus ideas,0,1,0,6,,property,query,named-subset,false,2026-06-07,2026-09-06,GB,web,none,,raw/gsc-3m-all/Queries.csv
gsc-3m-all,pub night fundraiser,pub night fundraiser,0,1,0,9,,property,query,named-subset,false,2026-06-07,2026-09-06,GB,web,none,,raw/gsc-3m-all/Queries.csv
gsc-3m-all,pub offering,pub offering,0,1,0,48,,property,query,named-subset,false,2026-06-07,2026-09-06,GB,web,none,,raw/gsc-3m-all/Queries.csv
gsc-3m-all,pub offerings,pub offerings,0,1,0,30,,property,query,named-subset,false,2026-06-07,2026-09-06,GB,web,none,,raw/gsc-3m-all/Queries.csv
gsc-3m-all,pub oktoberfest,pub oktoberfest,0,1,0,7,,property,query,named-subset,false,2026-06-07,2026-09-06,GB,web,none,,raw/gsc-3m-all/Queries.csv
gsc-3m-all,pub ownership,pub ownership,0,1,0,30,,property,query,named-subset,false,2026-06-07,2026-09-06,GB,web,none,,raw/gsc-3m-all/Queries.csv
gsc-3m-all,pub plans,pub plans,0,1,0,14,,property,query,named-subset,false,2026-06-07,2026-09-06,GB,web,none,,raw/gsc-3m-all/Queries.csv
gsc-3m-all,pub premises licence,pub premises licence,0,1,0,43,,property,query,named-subset,false,2026-06-07,2026-09-06,GB,web,none,,raw/gsc-3m-all/Queries.csv
gsc-3m-all,pub purchasing,pub purchasing,0,1,0,54,,property,query,named-subset,false,2026-06-07,2026-09-06,GB,web,none,,raw/gsc-3m-all/Queries.csv
gsc-3m-all,pub quiz,pub quiz,0,1,0,37,,property,query,named-subset,false,2026-06-07,2026-09-06,GB,web,none,,raw/gsc-3m-all/Queries.csv
gsc-3m-all,pub quiz category ideas,pub quiz category ideas,0,1,0,12,,property,query,named-subset,false,2026-06-07,2026-09-06,GB,web,none,,raw/gsc-3m-all/Queries.csv
gsc-3m-all,pub quiz games,pub quiz games,0,1,0,5,,property,query,named-subset,false,2026-06-07,2026-09-06,GB,web,none,,raw/gsc-3m-all/Queries.csv
gsc-3m-all,pub quiz ideen,pub quiz ideen,0,1,0,1,,property,query,named-subset,false,2026-06-07,2026-09-06,GB,web,none,,raw/gsc-3m-all/Queries.csv
gsc-3m-all,pub quiz night,pub quiz night,0,1,0,3,,property,query,named-subset,false,2026-06-07,2026-09-06,GB,web,none,,raw/gsc-3m-all/Queries.csv
gsc-3m-all,pub quiz table rounds,pub quiz table rounds,0,1,0,25,,property,query,named-subset,false,2026-06-07,2026-09-06,GB,web,none,,raw/gsc-3m-all/Queries.csv
gsc-3m-all,pub refurbishment companies,pub refurbishment companies,0,1,0,2,,property,query,named-subset,false,2026-06-07,2026-09-06,GB,web,none,,raw/gsc-3m-all/Queries.csv
gsc-3m-all,pub restaurant booking software,pub restaurant booking software,0,1,0,8,,property,query,named-subset,false,2026-06-07,2026-09-06,GB,web,none,,raw/gsc-3m-all/Queries.csv
gsc-3m-all,pub rules,pub rules,0,1,0,78,,property,query,named-subset,false,2026-06-07,2026-09-06,GB,web,none,,raw/gsc-3m-all/Queries.csv
gsc-3m-all,pub specs,pub specs,0,1,0,88,,property,query,named-subset,false,2026-06-07,2026-09-06,GB,web,none,,raw/gsc-3m-all/Queries.csv
gsc-3m-all,pub stock management,pub stock management,0,1,0,1,,property,query,named-subset,false,2026-06-07,2026-09-06,GB,web,none,,raw/gsc-3m-all/Queries.csv
gsc-3m-all,pub tenancies,pub tenancies,0,1,0,54,,property,query,named-subset,false,2026-06-07,2026-09-06,GB,web,none,,raw/gsc-3m-all/Queries.csv
gsc-3m-all,pub theme night ideas,pub theme night ideas,0,1,0,25,,property,query,named-subset,false,2026-06-07,2026-09-06,GB,web,none,,raw/gsc-3m-all/Queries.csv
gsc-3m-all,pub tv licence cost,pub tv licence cost,0,1,0,11,,property,query,named-subset,false,2026-06-07,2026-09-06,GB,web,none,,raw/gsc-3m-all/Queries.csv
gsc-3m-all,pub vat rates,pub vat rates,0,1,0,1,,property,query,named-subset,false,2026-06-07,2026-09-06,GB,web,none,,raw/gsc-3m-all/Queries.csv
gsc-3m-all,pub waste management,pub waste management,0,1,0,16,,property,query,named-subset,false,2026-06-07,2026-09-06,GB,web,none,,raw/gsc-3m-all/Queries.csv
gsc-3m-all,public event entertainment,public event entertainment,0,1,0,94,,property,query,named-subset,false,2026-06-07,2026-09-06,GB,web,none,,raw/gsc-3m-all/Queries.csv
gsc-3m-all,public music licence,public music licence,0,1,0,57,,property,query,named-subset,false,2026-06-07,2026-09-06,GB,web,none,,raw/gsc-3m-all/Queries.csv
gsc-3m-all,public music licence cost,public music licence cost,0,1,0,47,,property,query,named-subset,false,2026-06-07,2026-09-06,GB,web,none,,raw/gsc-3m-all/Queries.csv
gsc-3m-all,public performance licence cost,public performance licence cost,0,1,0,37,,property,query,named-subset,false,2026-06-07,2026-09-06,GB,web,none,,raw/gsc-3m-all/Queries.csv
gsc-3m-all,pubquiz ideen,pubquiz ideen,0,1,0,1,,property,query,named-subset,false,2026-06-07,2026-09-06,GB,web,none,,raw/gsc-3m-all/Queries.csv
gsc-3m-all,pubs epos,pubs epos,0,1,0,14,,property,query,named-subset,false,2026-06-07,2026-09-06,GB,web,none,,raw/gsc-3m-all/Queries.csv
gsc-3m-all,pubs for sale,pubs for sale,0,1,0,4,,property,query,named-subset,false,2026-06-07,2026-09-06,GB,web,none,,raw/gsc-3m-all/Queries.csv
gsc-3m-all,quiz content ideas,quiz content ideas,0,1,0,10,,property,query,named-subset,false,2026-06-07,2026-09-06,GB,web,none,,raw/gsc-3m-all/Queries.csv
gsc-3m-all,quiz ideas with answers,quiz ideas with answers,0,1,0,3,,property,query,named-subset,false,2026-06-07,2026-09-06,GB,web,none,,raw/gsc-3m-all/Queries.csv
gsc-3m-all,quiz night norwich,quiz night norwich,0,1,0,7,,property,query,named-subset,false,2026-06-07,2026-09-06,GB,web,none,,raw/gsc-3m-all/Queries.csv
gsc-3m-all,quiz night theme ideas,quiz night theme ideas,0,1,0,9,,property,query,named-subset,false,2026-06-07,2026-09-06,GB,web,none,,raw/gsc-3m-all/Queries.csv
gsc-3m-all,quiz night topics,quiz night topics,0,1,0,1,,property,query,named-subset,false,2026-06-07,2026-09-06,GB,web,none,,raw/gsc-3m-all/Queries.csv
gsc-3m-all,quiz nights,quiz nights,0,1,0,1,,property,query,named-subset,false,2026-06-07,2026-09-06,GB,web,none,,raw/gsc-3m-all/Queries.csv
gsc-3m-all,quiz options,quiz options,0,1,0,3,,property,query,named-subset,false,2026-06-07,2026-09-06,GB,web,none,,raw/gsc-3m-all/Queries.csv
gsc-3m-all,quiz puns,quiz puns,0,1,0,4,,property,query,named-subset,false,2026-06-07,2026-09-06,GB,web,none,,raw/gsc-3m-all/Queries.csv
gsc-3m-all,quiz round themes,quiz round themes,0,1,0,60,,property,query,named-subset,false,2026-06-07,2026-09-06,GB,web,none,,raw/gsc-3m-all/Queries.csv
gsc-3m-all,quiz rounds ideas,quiz rounds ideas,0,1,0,4,,property,query,named-subset,false,2026-06-07,2026-09-06,GB,web,none,,raw/gsc-3m-all/Queries.csv
gsc-3m-all,quiz rounds with a twist,quiz rounds with a twist,0,1,0,11,,property,query,named-subset,false,2026-06-07,2026-09-06,GB,web,none,,raw/gsc-3m-all/Queries.csv
gsc-3m-all,quiz themes,quiz themes,0,1,0,50,,property,query,named-subset,false,2026-06-07,2026-09-06,GB,web,none,,raw/gsc-3m-all/Queries.csv
gsc-3m-all,quizmaster,quizmaster,0,1,0,1,,property,query,named-subset,false,2026-06-07,2026-09-06,GB,web,none,,raw/gsc-3m-all/Queries.csv
gsc-3m-all,quiznight,quiznight,0,1,0,10,,property,query,named-subset,false,2026-06-07,2026-09-06,GB,web,none,,raw/gsc-3m-all/Queries.csv
gsc-3m-all,quizz ideas,quizz ideas,0,1,0,1,,property,query,named-subset,false,2026-06-07,2026-09-06,GB,web,none,,raw/gsc-3m-all/Queries.csv
gsc-3m-all,quizzes for pubs,quizzes for pubs,0,1,0,4,,property,query,named-subset,false,2026-06-07,2026-09-06,GB,web,none,,raw/gsc-3m-all/Queries.csv
gsc-3m-all,quizzes near me,quizzes near me,0,1,0,1,,property,query,named-subset,false,2026-06-07,2026-09-06,GB,web,none,,raw/gsc-3m-all/Queries.csv
gsc-3m-all,red lion pub quiz,red lion pub quiz,0,1,0,1,,property,query,named-subset,false,2026-06-07,2026-09-06,GB,web,none,,raw/gsc-3m-all/Queries.csv
gsc-3m-all,refurbishment pub opportunities,refurbishment pub opportunities,0,1,0,42,,property,query,named-subset,false,2026-06-07,2026-09-06,GB,web,none,,raw/gsc-3m-all/Queries.csv
gsc-3m-all,refurbishment pub opportunity,refurbishment pub opportunity,0,1,0,41,,property,query,named-subset,false,2026-06-07,2026-09-06,GB,web,none,,raw/gsc-3m-all/Queries.csv
gsc-3m-all,restaurant specials board ideas,restaurant specials board ideas,0,1,0,6,,property,query,named-subset,false,2026-06-07,2026-09-06,GB,web,none,,raw/gsc-3m-all/Queries.csv
gsc-3m-all,rounds for a quiz,rounds for a quiz,0,1,0,3,,property,query,named-subset,false,2026-06-07,2026-09-06,GB,web,none,,raw/gsc-3m-all/Queries.csv
gsc-3m-all,rugby nations championship 2026 schedule,rugby nations championship 2026 schedule,0,1,0,2,,property,query,named-subset,false,2026-06-07,2026-09-06,GB,web,none,,raw/gsc-3m-all/Queries.csv
gsc-3m-all,rum day 2026,rum day 2026,0,1,0,2,,property,query,named-subset,false,2026-06-07,2026-09-06,GB,web,none,,raw/gsc-3m-all/Queries.csv
gsc-3m-all,run a pub tenancy,run a pub tenancy,0,1,0,55,,property,query,named-subset,false,2026-06-07,2026-09-06,GB,web,none,,raw/gsc-3m-all/Queries.csv
gsc-3m-all,running a pub,running a pub,0,1,0,4,,property,query,named-subset,false,2026-06-07,2026-09-06,GB,web,none,,raw/gsc-3m-all/Queries.csv
gsc-3m-all,running a pub for dummies,running a pub for dummies,0,1,0,48,,property,query,named-subset,false,2026-06-07,2026-09-06,GB,web,none,,raw/gsc-3m-all/Queries.csv
gsc-3m-all,running a pub for the first time,running a pub for the first time,0,1,0,29,,property,query,named-subset,false,2026-06-07,2026-09-06,GB,web,none,,raw/gsc-3m-all/Queries.csv
gsc-3m-all,sam's riverside menu,sam's riverside menu,0,1,0,4,,property,query,named-subset,false,2026-06-07,2026-09-06,GB,web,none,,raw/gsc-3m-all/Queries.csv
gsc-3m-all,sarah jelly,sarah jelly,0,1,0,47,,property,query,named-subset,false,2026-06-07,2026-09-06,GB,web,none,,raw/gsc-3m-all/Queries.csv
gsc-3m-all,scotland rugby games,scotland rugby games,0,1,0,4,,property,query,named-subset,false,2026-06-07,2026-09-06,GB,web,none,,raw/gsc-3m-all/Queries.csv
gsc-3m-all,scotland v australia nations championship hospitality 2026,scotland v australia nations championship hospitality 2026,0,1,0,15,,property,query,named-subset,false,2026-06-07,2026-09-06,GB,web,none,,raw/gsc-3m-all/Queries.csv
gsc-3m-all,sell your pub,sell your pub,0,1,0,38,,property,query,named-subset,false,2026-06-07,2026-09-06,GB,web,none,,raw/gsc-3m-all/Queries.csv
gsc-3m-all,september,september,0,1,0,19,,property,query,named-subset,false,2026-06-07,2026-09-06,GB,web,none,,raw/gsc-3m-all/Queries.csv
gsc-3m-all,september pub,september pub,0,1,0,9,,property,query,named-subset,false,2026-06-07,2026-09-06,GB,web,none,,raw/gsc-3m-all/Queries.csv
gsc-3m-all,silly quiz rounds,silly quiz rounds,0,1,0,6,,property,query,named-subset,false,2026-06-07,2026-09-06,GB,web,none,,raw/gsc-3m-all/Queries.csv
gsc-3m-all,simple business plan template,simple business plan template,0,1,0,9,,property,query,named-subset,false,2026-06-07,2026-09-06,GB,web,none,,raw/gsc-3m-all/Queries.csv
gsc-3m-all,single impression moulds bucks,single impression moulds bucks,0,1,0,72,,property,query,named-subset,false,2026-06-07,2026-09-06,GB,web,none,,raw/gsc-3m-all/Queries.csv
gsc-3m-all,social clubs for sale,social clubs for sale,0,1,0,4,,property,query,named-subset,false,2026-06-07,2026-09-06,GB,web,none,,raw/gsc-3m-all/Queries.csv
gsc-3m-all,social media,social media,0,1,0,7,,property,query,named-subset,false,2026-06-07,2026-09-06,GB,web,none,,raw/gsc-3m-all/Queries.csv
gsc-3m-all,social media engagement strategy social media platform,social media engagement strategy social media platform,0,1,0,45,,property,query,named-subset,false,2026-06-07,2026-09-06,GB,web,none,,raw/gsc-3m-all/Queries.csv
gsc-3m-all,social media marketing for bars,social media marketing for bars,0,1,0,51,,property,query,named-subset,false,2026-06-07,2026-09-06,GB,web,none,,raw/gsc-3m-all/Queries.csv
gsc-3m-all,socials,socials,0,1,0,94,,property,query,named-subset,false,2026-06-07,2026-09-06,GB,web,none,,raw/gsc-3m-all/Queries.csv
gsc-3m-all,"some premises are exempt from the requirement for alcohol sales to be 
authorised by a personal licence holder. what kind of premises do you think 
are exempt?""","some premises are exempt from the requirement for alcohol sales to be authorised by a personal licence holder. what kind of premises do you think are exempt?""",0,1,0,5,,property,query,named-subset,false,2026-06-07,2026-09-06,GB,web,none,,raw/gsc-3m-all/Queries.csv
gsc-3m-all,specific dates,specific dates,0,1,0,4,,property,query,named-subset,false,2026-06-07,2026-09-06,GB,web,none,,raw/gsc-3m-all/Queries.csv
gsc-3m-all,staff ppe,staff ppe,0,1,0,1,,property,query,named-subset,false,2026-06-07,2026-09-06,GB,web,none,,raw/gsc-3m-all/Queries.csv
gsc-3m-all,star pubs & bars lease vs independent pub ownership which is better,star pubs & bars lease vs independent pub ownership which is better,0,1,0,10,,property,query,named-subset,false,2026-06-07,2026-09-06,GB,web,none,,raw/gsc-3m-all/Queries.csv
gsc-3m-all,starting a pub,starting a pub,0,1,0,41,,property,query,named-subset,false,2026-06-07,2026-09-06,GB,web,none,,raw/gsc-3m-all/Queries.csv
gsc-3m-all,sthan-m1 menu,sthan-m1 menu,0,1,0,7,,property,query,named-subset,false,2026-06-07,2026-09-06,GB,web,none,,raw/gsc-3m-all/Queries.csv
gsc-3m-all,summer party corporate ideas,summer party corporate ideas,0,1,0,31,,property,query,named-subset,false,2026-06-07,2026-09-06,GB,web,none,,raw/gsc-3m-all/Queries.csv
gsc-3m-all,summer pub menu ideas,summer pub menu ideas,0,1,0,32,,property,query,named-subset,false,2026-06-07,2026-09-06,GB,web,none,,raw/gsc-3m-all/Queries.csv
gsc-3m-all,summer work party ideas,summer work party ideas,0,1,0,4,,property,query,named-subset,false,2026-06-07,2026-09-06,GB,web,none,,raw/gsc-3m-all/Queries.csv
gsc-3m-all,table quiz round ideas,table quiz round ideas,0,1,0,32,,property,query,named-subset,false,2026-06-07,2026-09-06,GB,web,none,,raw/gsc-3m-all/Queries.csv
gsc-3m-all,the king's head epping menu,the king's head epping menu,0,1,0,6,,property,query,named-subset,false,2026-06-07,2026-09-06,GB,web,none,,raw/gsc-3m-all/Queries.csv
gsc-3m-all,the mine neath town menu,the mine neath town menu,0,1,0,3,,property,query,named-subset,false,2026-06-07,2026-09-06,GB,web,none,,raw/gsc-3m-all/Queries.csv
gsc-3m-all,the music licence cost,the music licence cost,0,1,0,52,,property,query,named-subset,false,2026-06-07,2026-09-06,GB,web,none,,raw/gsc-3m-all/Queries.csv
gsc-3m-all,the music license,the music license,0,1,0,49,,property,query,named-subset,false,2026-06-07,2026-09-06,GB,web,none,,raw/gsc-3m-all/Queries.csv
gsc-3m-all,the newsroom bar & eatery menu,the newsroom bar & eatery menu,0,1,0,3,,property,query,named-subset,false,2026-06-07,2026-09-06,GB,web,none,,raw/gsc-3m-all/Queries.csv
gsc-3m-all,the osprey menu,the osprey menu,0,1,0,2,,property,query,named-subset,false,2026-06-07,2026-09-06,GB,web,none,,raw/gsc-3m-all/Queries.csv
gsc-3m-all,the owls at standish menu,the owls at standish menu,0,1,0,3,,property,query,named-subset,false,2026-06-07,2026-09-06,GB,web,none,,raw/gsc-3m-all/Queries.csv
gsc-3m-all,the rising sun southampton menu,the rising sun southampton menu,0,1,0,3,,property,query,named-subset,false,2026-06-07,2026-09-06,GB,web,none,,raw/gsc-3m-all/Queries.csv
gsc-3m-all,the three cottages menu,the three cottages menu,0,1,0,4,,property,query,named-subset,false,2026-06-07,2026-09-06,GB,web,none,,raw/gsc-3m-all/Queries.csv
gsc-3m-all,the whitecliff inn menu,the whitecliff inn menu,0,1,0,5,,property,query,named-subset,false,2026-06-07,2026-09-06,GB,web,none,,raw/gsc-3m-all/Queries.csv
gsc-3m-all,themed pub nights,themed pub nights,0,1,0,38,,property,query,named-subset,false,2026-06-07,2026-09-06,GB,web,none,,raw/gsc-3m-all/Queries.csv
gsc-3m-all,themed pub quizzes,themed pub quizzes,0,1,0,38,,property,query,named-subset,false,2026-06-07,2026-09-06,GB,web,none,,raw/gsc-3m-all/Queries.csv
gsc-3m-all,themes for quiz,themes for quiz,0,1,0,11,,property,query,named-subset,false,2026-06-07,2026-09-06,GB,web,none,,raw/gsc-3m-all/Queries.csv
gsc-3m-all,tied lease,tied lease,0,1,0,43,,property,query,named-subset,false,2026-06-07,2026-09-06,GB,web,none,,raw/gsc-3m-all/Queries.csv
gsc-3m-all,toilet refurbishment,toilet refurbishment,0,1,0,7,,property,query,named-subset,false,2026-06-07,2026-09-06,GB,web,none,,raw/gsc-3m-all/Queries.csv
gsc-3m-all,top 20,top 20,0,1,0,1,,property,query,named-subset,false,2026-06-07,2026-09-06,GB,web,none,,raw/gsc-3m-all/Queries.csv
gsc-3m-all,traditional,traditional,0,1,0,8,,property,query,named-subset,false,2026-06-07,2026-09-06,GB,web,none,,raw/gsc-3m-all/Queries.csv
gsc-3m-all,traditional bingo,traditional bingo,0,1,0,6,,property,query,named-subset,false,2026-06-07,2026-09-06,GB,web,none,,raw/gsc-3m-all/Queries.csv
gsc-3m-all,trillium restaurant menu,trillium restaurant menu,0,1,0,3,,property,query,named-subset,false,2026-06-07,2026-09-06,GB,web,none,,raw/gsc-3m-all/Queries.csv
gsc-3m-all,trivia happy hour,trivia happy hour,0,1,0,2,,property,query,named-subset,false,2026-06-07,2026-09-06,GB,web,none,,raw/gsc-3m-all/Queries.csv
gsc-3m-all,trocadero's menu,trocadero's menu,0,1,0,3,,property,query,named-subset,false,2026-06-07,2026-09-06,GB,web,none,,raw/gsc-3m-all/Queries.csv
gsc-3m-all,turnaround planning,turnaround planning,0,1,0,8,,property,query,named-subset,false,2026-06-07,2026-09-06,GB,web,none,,raw/gsc-3m-all/Queries.csv
gsc-3m-all,typical pub menu,typical pub menu,0,1,0,4,,property,query,named-subset,false,2026-06-07,2026-09-06,GB,web,none,,raw/gsc-3m-all/Queries.csv
gsc-3m-all,unique menu items,unique menu items,0,1,0,3,,property,query,named-subset,false,2026-06-07,2026-09-06,GB,web,none,,raw/gsc-3m-all/Queries.csv
gsc-3m-all,upcoming rugby internationals,upcoming rugby internationals,0,1,0,3,,property,query,named-subset,false,2026-06-07,2026-09-06,GB,web,none,,raw/gsc-3m-all/Queries.csv
gsc-3m-all,vat in pubs,vat in pubs,0,1,0,8,,property,query,named-subset,false,2026-06-07,2026-09-06,GB,web,none,,raw/gsc-3m-all/Queries.csv
gsc-3m-all,vat pubs,vat pubs,0,1,0,13,,property,query,named-subset,false,2026-06-07,2026-09-06,GB,web,none,,raw/gsc-3m-all/Queries.csv
gsc-3m-all,vat rate for pubs,vat rate for pubs,0,1,0,1,,property,query,named-subset,false,2026-06-07,2026-09-06,GB,web,none,,raw/gsc-3m-all/Queries.csv
gsc-3m-all,vat?,vat?,0,1,0,10,,property,query,named-subset,false,2026-06-07,2026-09-06,GB,web,none,,raw/gsc-3m-all/Queries.csv
gsc-3m-all,want to run a pub,want to run a pub,0,1,0,48,,property,query,named-subset,false,2026-06-07,2026-09-06,GB,web,none,,raw/gsc-3m-all/Queries.csv
gsc-3m-all,weekly event schedule,weekly event schedule,0,1,0,2,,property,query,named-subset,false,2026-06-07,2026-09-06,GB,web,none,,raw/gsc-3m-all/Queries.csv
gsc-3m-all,wet led pub,wet led pub,0,1,0,1,,property,query,named-subset,false,2026-06-07,2026-09-06,GB,web,none,,raw/gsc-3m-all/Queries.csv
gsc-3m-all,wet led pub meaning,wet led pub meaning,0,1,0,12,,property,query,named-subset,false,2026-06-07,2026-09-06,GB,web,none,,raw/gsc-3m-all/Queries.csv
gsc-3m-all,wet led sales,wet led sales,0,1,0,4,,property,query,named-subset,false,2026-06-07,2026-09-06,GB,web,none,,raw/gsc-3m-all/Queries.csv
gsc-3m-all,wet pub meaning,wet pub meaning,0,1,0,6,,property,query,named-subset,false,2026-06-07,2026-09-06,GB,web,none,,raw/gsc-3m-all/Queries.csv
gsc-3m-all,wet-led pub,wet-led pub,0,1,0,5,,property,query,named-subset,false,2026-06-07,2026-09-06,GB,web,none,,raw/gsc-3m-all/Queries.csv
gsc-3m-all,wetherspoons history,wetherspoons history,0,1,0,33,,property,query,named-subset,false,2026-06-07,2026-09-06,GB,web,none,,raw/gsc-3m-all/Queries.csv
gsc-3m-all,what about a pub?,what about a pub?,0,1,0,2,,property,query,named-subset,false,2026-06-07,2026-09-06,GB,web,none,,raw/gsc-3m-all/Queries.csv
gsc-3m-all,what about a tuesday,what about a tuesday,0,1,0,1,,property,query,named-subset,false,2026-06-07,2026-09-06,GB,web,none,,raw/gsc-3m-all/Queries.csv
gsc-3m-all,what about glasses,what about glasses,0,1,0,1,,property,query,named-subset,false,2026-06-07,2026-09-06,GB,web,none,,raw/gsc-3m-all/Queries.csv
gsc-3m-all,what about monday evening,what about monday evening,0,1,0,4,,property,query,named-subset,false,2026-06-07,2026-09-06,GB,web,none,,raw/gsc-3m-all/Queries.csv
gsc-3m-all,what about snacks,what about snacks,0,1,0,2,,property,query,named-subset,false,2026-06-07,2026-09-06,GB,web,none,,raw/gsc-3m-all/Queries.csv
gsc-3m-all,what about tuesdays,what about tuesdays,0,1,0,2,,property,query,named-subset,false,2026-06-07,2026-09-06,GB,web,none,,raw/gsc-3m-all/Queries.csv
gsc-3m-all,what are insurance costs,what are insurance costs,0,1,0,4,,property,query,named-subset,false,2026-06-07,2026-09-06,GB,web,none,,raw/gsc-3m-all/Queries.csv
gsc-3m-all,what are the rules of bingo game,what are the rules of bingo game,0,1,0,2,,property,query,named-subset,false,2026-06-07,2026-09-06,GB,web,none,,raw/gsc-3m-all/Queries.csv
gsc-3m-all,what dates was it,what dates was it,0,1,0,2,,property,query,named-subset,false,2026-06-07,2026-09-06,GB,web,none,,raw/gsc-3m-all/Queries.csv
gsc-3m-all,what is a prs licence,what is a prs licence,0,1,0,28,,property,query,named-subset,false,2026-06-07,2026-09-06,GB,web,none,,raw/gsc-3m-all/Queries.csv
gsc-3m-all,what is quiz night,what is quiz night,0,1,0,12,,property,query,named-subset,false,2026-06-07,2026-09-06,GB,web,none,,raw/gsc-3m-all/Queries.csv
gsc-3m-all,what is stand up bingo,what is stand up bingo,0,1,0,2,,property,query,named-subset,false,2026-06-07,2026-09-06,GB,web,none,,raw/gsc-3m-all/Queries.csv
gsc-3m-all,what is the company worth,what is the company worth,0,1,0,4,,property,query,named-subset,false,2026-06-07,2026-09-06,GB,web,none,,raw/gsc-3m-all/Queries.csv
gsc-3m-all,what is the difference between 90-ball and 75-ball bingo?,what is the difference between 90-ball and 75-ball bingo?,0,1,0,15,,property,query,named-subset,false,2026-06-07,2026-09-06,GB,web,none,,raw/gsc-3m-all/Queries.csv
gsc-3m-all,what is the difference between 90-ball bingo and 75-ball bingo?,what is the difference between 90-ball bingo and 75-ball bingo?,0,1,0,11,,property,query,named-subset,false,2026-06-07,2026-09-06,GB,web,none,,raw/gsc-3m-all/Queries.csv
gsc-3m-all,what rugby is on tnt sports,what rugby is on tnt sports,0,1,0,2,,property,query,named-subset,false,2026-06-07,2026-09-06,GB,web,none,,raw/gsc-3m-all/Queries.csv
gsc-3m-all,what should i consider before buying a pub?,what should i consider before buying a pub?,0,1,0,1,,property,query,named-subset,false,2026-06-07,2026-09-06,GB,web,none,,raw/gsc-3m-all/Queries.csv
gsc-3m-all,what time does it finish,what time does it finish,0,1,0,4,,property,query,named-subset,false,2026-06-07,2026-09-06,GB,web,none,,raw/gsc-3m-all/Queries.csv
gsc-3m-all,what would fit better,what would fit better,0,1,0,3,,property,query,named-subset,false,2026-06-07,2026-09-06,GB,web,none,,raw/gsc-3m-all/Queries.csv
gsc-3m-all,what’s the go-to vodka drink at major festivals?,what’s the go-to vodka drink at major festivals?,0,1,0,5,,property,query,named-subset,false,2026-06-07,2026-09-06,GB,web,none,,raw/gsc-3m-all/Queries.csv
gsc-3m-all,what’s the hourly rate,what’s the hourly rate,0,1,0,2,,property,query,named-subset,false,2026-06-07,2026-09-06,GB,web,none,,raw/gsc-3m-all/Queries.csv
gsc-3m-all,when are the next rugby internationals,when are the next rugby internationals,0,1,0,2,,property,query,named-subset,false,2026-06-07,2026-09-06,GB,web,none,,raw/gsc-3m-all/Queries.csv
gsc-3m-all,when are the next rugby union internationals,when are the next rugby union internationals,0,1,0,2,,property,query,named-subset,false,2026-06-07,2026-09-06,GB,web,none,,raw/gsc-3m-all/Queries.csv
gsc-3m-all,when black friday,when black friday,0,1,0,3,,property,query,named-subset,false,2026-06-07,2026-09-06,GB,web,none,,raw/gsc-3m-all/Queries.csv
gsc-3m-all,when is beer day,when is beer day,0,1,0,2,,property,query,named-subset,false,2026-06-07,2026-09-06,GB,web,none,,raw/gsc-3m-all/Queries.csv
gsc-3m-all,when is cask ale week,when is cask ale week,0,1,0,3,,property,query,named-subset,false,2026-06-07,2026-09-06,GB,web,none,,raw/gsc-3m-all/Queries.csv
gsc-3m-all,when is macmillan coffee morning 2026,when is macmillan coffee morning 2026,0,1,0,3,,property,query,named-subset,false,2026-06-07,2026-09-06,GB,web,none,,raw/gsc-3m-all/Queries.csv
gsc-3m-all,when is national alcohol day 2026,when is national alcohol day 2026,0,1,0,6,,property,query,named-subset,false,2026-06-07,2026-09-06,GB,web,none,,raw/gsc-3m-all/Queries.csv
gsc-3m-all,when is national pub day,when is national pub day,0,1,0,9,,property,query,named-subset,false,2026-06-07,2026-09-06,GB,web,none,,raw/gsc-3m-all/Queries.csv
gsc-3m-all,when to hire a fractional marketing director,when to hire a fractional marketing director,0,1,0,2,,property,query,named-subset,false,2026-06-07,2026-09-06,GB,web,none,,raw/gsc-3m-all/Queries.csv
gsc-3m-all,which bingo site has the clearest instructions for first-time players?,which bingo site has the clearest instructions for first-time players?,0,1,0,11,,property,query,named-subset,false,2026-06-07,2026-09-06,GB,web,none,,raw/gsc-3m-all/Queries.csv
gsc-3m-all,which charity should i host a coffee morning for?,which charity should i host a coffee morning for?,0,1,0,75,,property,query,named-subset,false,2026-06-07,2026-09-06,GB,web,none,,raw/gsc-3m-all/Queries.csv
gsc-3m-all,which pub company offers the best support for new licensees?,which pub company offers the best support for new licensees?,0,1,0,8,,property,query,named-subset,false,2026-06-07,2026-09-06,GB,web,none,,raw/gsc-3m-all/Queries.csv
gsc-3m-all,world alcohol day 2026,world alcohol day 2026,0,1,0,11,,property,query,named-subset,false,2026-06-07,2026-09-06,GB,web,none,,raw/gsc-3m-all/Queries.csv
gsc-3m-all,would you recommend star pubs for a first-time operator?,would you recommend star pubs for a first-time operator?,0,1,0,11,,property,query,named-subset,false,2026-06-07,2026-09-06,GB,web,none,,raw/gsc-3m-all/Queries.csv
gsc-3m-all,yes cost,yes cost,0,1,0,1,,property,query,named-subset,false,2026-06-07,2026-09-06,GB,web,none,,raw/gsc-3m-all/Queries.csv
gsc-3m-all,yes please.,yes please.,0,1,0,4,,property,query,named-subset,false,2026-06-07,2026-09-06,GB,web,none,,raw/gsc-3m-all/Queries.csv
gsc-3m-q-cl_0004,pub marketing,pub marketing,0,266,0,22.16,,query-filter,query,named-subset,false,2026-06-07,2026-09-06,GB,web,query,"+(?i)((pub|bar|hospitality)\b.{0,25}\b(marketing|advertising|agency)|(marketing|advertising|instagram|facebook|content creation|paid social|social video)\b.{0,12}\bfor (pubs|bars))",raw/gsc-3m-q-cl_0004/Queries.csv
gsc-3m-q-cl_0004,social media marketing for pubs,social media marketing for pubs,0,213,0,16.56,,query-filter,query,named-subset,false,2026-06-07,2026-09-06,GB,web,query,"+(?i)((pub|bar|hospitality)\b.{0,25}\b(marketing|advertising|agency)|(marketing|advertising|instagram|facebook|content creation|paid social|social video)\b.{0,12}\bfor (pubs|bars))",raw/gsc-3m-q-cl_0004/Queries.csv
gsc-3m-q-cl_0004,pub marketing agency,pub marketing agency,0,171,0,20.31,,query-filter,query,named-subset,false,2026-06-07,2026-09-06,GB,web,query,"+(?i)((pub|bar|hospitality)\b.{0,25}\b(marketing|advertising|agency)|(marketing|advertising|instagram|facebook|content creation|paid social|social video)\b.{0,12}\bfor (pubs|bars))",raw/gsc-3m-q-cl_0004/Queries.csv
gsc-3m-q-cl_0004,instagram for pubs,instagram for pubs,0,95,0,16.22,,query-filter,query,named-subset,false,2026-06-07,2026-09-06,GB,web,query,"+(?i)((pub|bar|hospitality)\b.{0,25}\b(marketing|advertising|agency)|(marketing|advertising|instagram|facebook|content creation|paid social|social video)\b.{0,12}\bfor (pubs|bars))",raw/gsc-3m-q-cl_0004/Queries.csv
gsc-3m-q-cl_0004,content creation for pubs,content creation for pubs,0,93,0,12.33,,query-filter,query,named-subset,false,2026-06-07,2026-09-06,GB,web,query,"+(?i)((pub|bar|hospitality)\b.{0,25}\b(marketing|advertising|agency)|(marketing|advertising|instagram|facebook|content creation|paid social|social video)\b.{0,12}\bfor (pubs|bars))",raw/gsc-3m-q-cl_0004/Queries.csv
gsc-3m-q-cl_0004,paid social for pubs,paid social for pubs,0,93,0,10.32,,query-filter,query,named-subset,false,2026-06-07,2026-09-06,GB,web,query,"+(?i)((pub|bar|hospitality)\b.{0,25}\b(marketing|advertising|agency)|(marketing|advertising|instagram|facebook|content creation|paid social|social video)\b.{0,12}\bfor (pubs|bars))",raw/gsc-3m-q-cl_0004/Queries.csv
gsc-3m-q-cl_0004,instagram services for pubs,instagram services for pubs,0,84,0,16.51,,query-filter,query,named-subset,false,2026-06-07,2026-09-06,GB,web,query,"+(?i)((pub|bar|hospitality)\b.{0,25}\b(marketing|advertising|agency)|(marketing|advertising|instagram|facebook|content creation|paid social|social video)\b.{0,12}\bfor (pubs|bars))",raw/gsc-3m-q-cl_0004/Queries.csv
gsc-3m-q-cl_0004,marketing agency for pubs,marketing agency for pubs,0,82,0,30.16,,query-filter,query,named-subset,false,2026-06-07,2026-09-06,GB,web,query,"+(?i)((pub|bar|hospitality)\b.{0,25}\b(marketing|advertising|agency)|(marketing|advertising|instagram|facebook|content creation|paid social|social video)\b.{0,12}\bfor (pubs|bars))",raw/gsc-3m-q-cl_0004/Queries.csv
gsc-3m-q-cl_0004,digital marketing for pubs,digital marketing for pubs,0,74,0,34.68,,query-filter,query,named-subset,false,2026-06-07,2026-09-06,GB,web,query,"+(?i)((pub|bar|hospitality)\b.{0,25}\b(marketing|advertising|agency)|(marketing|advertising|instagram|facebook|content creation|paid social|social video)\b.{0,12}\bfor (pubs|bars))",raw/gsc-3m-q-cl_0004/Queries.csv
gsc-3m-q-cl_0004,pub advertising,pub advertising,0,73,0,38.71,,query-filter,query,named-subset,false,2026-06-07,2026-09-06,GB,web,query,"+(?i)((pub|bar|hospitality)\b.{0,25}\b(marketing|advertising|agency)|(marketing|advertising|instagram|facebook|content creation|paid social|social video)\b.{0,12}\bfor (pubs|bars))",raw/gsc-3m-q-cl_0004/Queries.csv
gsc-3m-q-cl_0004,content creation services for pubs,content creation services for pubs,0,69,0,6.01,,query-filter,query,named-subset,false,2026-06-07,2026-09-06,GB,web,query,"+(?i)((pub|bar|hospitality)\b.{0,25}\b(marketing|advertising|agency)|(marketing|advertising|instagram|facebook|content creation|paid social|social video)\b.{0,12}\bfor (pubs|bars))",raw/gsc-3m-q-cl_0004/Queries.csv
gsc-3m-q-cl_0004,facebook services for pubs,facebook services for pubs,0,63,0,13.71,,query-filter,query,named-subset,false,2026-06-07,2026-09-06,GB,web,query,"+(?i)((pub|bar|hospitality)\b.{0,25}\b(marketing|advertising|agency)|(marketing|advertising|instagram|facebook|content creation|paid social|social video)\b.{0,12}\bfor (pubs|bars))",raw/gsc-3m-q-cl_0004/Queries.csv
gsc-3m-q-cl_0004,instagram marketing for pubs,instagram marketing for pubs,0,51,0,8.35,,query-filter,query,named-subset,false,2026-06-07,2026-09-06,GB,web,query,"+(?i)((pub|bar|hospitality)\b.{0,25}\b(marketing|advertising|agency)|(marketing|advertising|instagram|facebook|content creation|paid social|social video)\b.{0,12}\bfor (pubs|bars))",raw/gsc-3m-q-cl_0004/Queries.csv
gsc-3m-q-cl_0004,paid social services for pubs,paid social services for pubs,0,38,0,5.34,,query-filter,query,named-subset,false,2026-06-07,2026-09-06,GB,web,query,"+(?i)((pub|bar|hospitality)\b.{0,25}\b(marketing|advertising|agency)|(marketing|advertising|instagram|facebook|content creation|paid social|social video)\b.{0,12}\bfor (pubs|bars))",raw/gsc-3m-q-cl_0004/Queries.csv
gsc-3m-q-cl_0004,social video for pubs,social video for pubs,0,37,0,27.38,,query-filter,query,named-subset,false,2026-06-07,2026-09-06,GB,web,query,"+(?i)((pub|bar|hospitality)\b.{0,25}\b(marketing|advertising|agency)|(marketing|advertising|instagram|facebook|content creation|paid social|social video)\b.{0,12}\bfor (pubs|bars))",raw/gsc-3m-q-cl_0004/Queries.csv
gsc-3m-q-cl_0004,social video services for pubs,social video services for pubs,0,37,0,26.32,,query-filter,query,named-subset,false,2026-06-07,2026-09-06,GB,web,query,"+(?i)((pub|bar|hospitality)\b.{0,25}\b(marketing|advertising|agency)|(marketing|advertising|instagram|facebook|content creation|paid social|social video)\b.{0,12}\bfor (pubs|bars))",raw/gsc-3m-q-cl_0004/Queries.csv
gsc-3m-q-cl_0004,facebook for pubs,facebook for pubs,0,24,0,19.12,,query-filter,query,named-subset,false,2026-06-07,2026-09-06,GB,web,query,"+(?i)((pub|bar|hospitality)\b.{0,25}\b(marketing|advertising|agency)|(marketing|advertising|instagram|facebook|content creation|paid social|social video)\b.{0,12}\bfor (pubs|bars))",raw/gsc-3m-q-cl_0004/Queries.csv
gsc-3m-q-cl_0004,bar social media marketing,bar social media marketing,0,16,0,22.31,,query-filter,query,named-subset,false,2026-06-07,2026-09-06,GB,web,query,"+(?i)((pub|bar|hospitality)\b.{0,25}\b(marketing|advertising|agency)|(marketing|advertising|instagram|facebook|content creation|paid social|social video)\b.{0,12}\bfor (pubs|bars))",raw/gsc-3m-q-cl_0004/Queries.csv
gsc-3m-q-cl_0004,rugby pub marketing,rugby pub marketing,0,15,0,15.67,,query-filter,query,named-subset,false,2026-06-07,2026-09-06,GB,web,query,"+(?i)((pub|bar|hospitality)\b.{0,25}\b(marketing|advertising|agency)|(marketing|advertising|instagram|facebook|content creation|paid social|social video)\b.{0,12}\bfor (pubs|bars))",raw/gsc-3m-q-cl_0004/Queries.csv
gsc-3m-q-cl_0004,pub marketing ideas,pub marketing ideas,0,12,0,17.08,,query-filter,query,named-subset,false,2026-06-07,2026-09-06,GB,web,query,"+(?i)((pub|bar|hospitality)\b.{0,25}\b(marketing|advertising|agency)|(marketing|advertising|instagram|facebook|content creation|paid social|social video)\b.{0,12}\bfor (pubs|bars))",raw/gsc-3m-q-cl_0004/Queries.csv
gsc-3m-q-cl_0004,pub branding agency,pub branding agency,0,8,0,32.75,,query-filter,query,named-subset,false,2026-06-07,2026-09-06,GB,web,query,"+(?i)((pub|bar|hospitality)\b.{0,25}\b(marketing|advertising|agency)|(marketing|advertising|instagram|facebook|content creation|paid social|social video)\b.{0,12}\bfor (pubs|bars))",raw/gsc-3m-q-cl_0004/Queries.csv
gsc-3m-q-cl_0004,pub digital marketing agency,pub digital marketing agency,0,6,0,48,,query-filter,query,named-subset,false,2026-06-07,2026-09-06,GB,web,query,"+(?i)((pub|bar|hospitality)\b.{0,25}\b(marketing|advertising|agency)|(marketing|advertising|instagram|facebook|content creation|paid social|social video)\b.{0,12}\bfor (pubs|bars))",raw/gsc-3m-q-cl_0004/Queries.csv
gsc-3m-q-cl_0004,marketing ideas for pubs,marketing ideas for pubs,0,3,0,40.33,,query-filter,query,named-subset,false,2026-06-07,2026-09-06,GB,web,query,"+(?i)((pub|bar|hospitality)\b.{0,25}\b(marketing|advertising|agency)|(marketing|advertising|instagram|facebook|content creation|paid social|social video)\b.{0,12}\bfor (pubs|bars))",raw/gsc-3m-q-cl_0004/Queries.csv
gsc-3m-q-cl_0004,pub advertising ideas,pub advertising ideas,0,3,0,11.67,,query-filter,query,named-subset,false,2026-06-07,2026-09-06,GB,web,query,"+(?i)((pub|bar|hospitality)\b.{0,25}\b(marketing|advertising|agency)|(marketing|advertising|instagram|facebook|content creation|paid social|social video)\b.{0,12}\bfor (pubs|bars))",raw/gsc-3m-q-cl_0004/Queries.csv
gsc-3m-q-cl_0004,pub marketing southampton,pub marketing southampton,0,3,0,92.67,,query-filter,query,named-subset,false,2026-06-07,2026-09-06,GB,web,query,"+(?i)((pub|bar|hospitality)\b.{0,25}\b(marketing|advertising|agency)|(marketing|advertising|instagram|facebook|content creation|paid social|social video)\b.{0,12}\bfor (pubs|bars))",raw/gsc-3m-q-cl_0004/Queries.csv
gsc-3m-q-cl_0004,marketing for pubs,marketing for pubs,0,2,0,44.5,,query-filter,query,named-subset,false,2026-06-07,2026-09-06,GB,web,query,"+(?i)((pub|bar|hospitality)\b.{0,25}\b(marketing|advertising|agency)|(marketing|advertising|instagram|facebook|content creation|paid social|social video)\b.{0,12}\bfor (pubs|bars))",raw/gsc-3m-q-cl_0004/Queries.csv
gsc-3m-q-cl_0004,hospitality marketing content surrey,hospitality marketing content surrey,0,1,0,63,,query-filter,query,named-subset,false,2026-06-07,2026-09-06,GB,web,query,"+(?i)((pub|bar|hospitality)\b.{0,25}\b(marketing|advertising|agency)|(marketing|advertising|instagram|facebook|content creation|paid social|social video)\b.{0,12}\bfor (pubs|bars))",raw/gsc-3m-q-cl_0004/Queries.csv
gsc-3m-q-cl_0004,pub marketing plan,pub marketing plan,0,1,0,24,,query-filter,query,named-subset,false,2026-06-07,2026-09-06,GB,web,query,"+(?i)((pub|bar|hospitality)\b.{0,25}\b(marketing|advertising|agency)|(marketing|advertising|instagram|facebook|content creation|paid social|social video)\b.{0,12}\bfor (pubs|bars))",raw/gsc-3m-q-cl_0004/Queries.csv
gsc-3m-q-cl_0004,social media marketing for bars,social media marketing for bars,0,1,0,51,,query-filter,query,named-subset,false,2026-06-07,2026-09-06,GB,web,query,"+(?i)((pub|bar|hospitality)\b.{0,25}\b(marketing|advertising|agency)|(marketing|advertising|instagram|facebook|content creation|paid social|social video)\b.{0,12}\bfor (pubs|bars))",raw/gsc-3m-q-cl_0004/Queries.csv
gsc-3m-q-cl_0007,quiz night ideas,quiz night ideas,5,154,0.0325,6,,query-filter,query,named-subset,false,2026-06-07,2026-09-06,GB,web,query,"+(?i)((pub )?quiz\b.{0,25}\b(night|round|format|question|answer|topic|scoring|prize|rule|idea)|picture round|quiz night)",raw/gsc-3m-q-cl_0007/Queries.csv
gsc-3m-q-cl_0007,pub quiz ideas,pub quiz ideas,2,62,0.0323,9.6,,query-filter,query,named-subset,false,2026-06-07,2026-09-06,GB,web,query,"+(?i)((pub )?quiz\b.{0,25}\b(night|round|format|question|answer|topic|scoring|prize|rule|idea)|picture round|quiz night)",raw/gsc-3m-q-cl_0007/Queries.csv
gsc-3m-q-cl_0007,themed quiz nights,themed quiz nights,1,38,0.0263,13.24,,query-filter,query,named-subset,false,2026-06-07,2026-09-06,GB,web,query,"+(?i)((pub )?quiz\b.{0,25}\b(night|round|format|question|answer|topic|scoring|prize|rule|idea)|picture round|quiz night)",raw/gsc-3m-q-cl_0007/Queries.csv
gsc-3m-q-cl_0007,quiz ideas,quiz ideas,1,27,0.037,9.11,,query-filter,query,named-subset,false,2026-06-07,2026-09-06,GB,web,query,"+(?i)((pub )?quiz\b.{0,25}\b(night|round|format|question|answer|topic|scoring|prize|rule|idea)|picture round|quiz night)",raw/gsc-3m-q-cl_0007/Queries.csv
gsc-3m-q-cl_0007,pub quiz rounds ideas,pub quiz rounds ideas,1,13,0.0769,19.46,,query-filter,query,named-subset,false,2026-06-07,2026-09-06,GB,web,query,"+(?i)((pub )?quiz\b.{0,25}\b(night|round|format|question|answer|topic|scoring|prize|rule|idea)|picture round|quiz night)",raw/gsc-3m-q-cl_0007/Queries.csv
gsc-3m-q-cl_0007,quiz format ideas,quiz format ideas,1,12,0.0833,9,,query-filter,query,named-subset,false,2026-06-07,2026-09-06,GB,web,query,"+(?i)((pub )?quiz\b.{0,25}\b(night|round|format|question|answer|topic|scoring|prize|rule|idea)|picture round|quiz night)",raw/gsc-3m-q-cl_0007/Queries.csv
gsc-3m-q-cl_0007,pub quiz formats,pub quiz formats,1,11,0.0909,4.73,,query-filter,query,named-subset,false,2026-06-07,2026-09-06,GB,web,query,"+(?i)((pub )?quiz\b.{0,25}\b(night|round|format|question|answer|topic|scoring|prize|rule|idea)|picture round|quiz night)",raw/gsc-3m-q-cl_0007/Queries.csv
gsc-3m-q-cl_0007,ideas for pub quiz rounds,ideas for pub quiz rounds,1,9,0.1111,20,,query-filter,query,named-subset,false,2026-06-07,2026-09-06,GB,web,query,"+(?i)((pub )?quiz\b.{0,25}\b(night|round|format|question|answer|topic|scoring|prize|rule|idea)|picture round|quiz night)",raw/gsc-3m-q-cl_0007/Queries.csv
gsc-3m-q-cl_0007,pub quiz theme ideas,pub quiz theme ideas,1,7,0.1429,8,,query-filter,query,named-subset,false,2026-06-07,2026-09-06,GB,web,query,"+(?i)((pub )?quiz\b.{0,25}\b(night|round|format|question|answer|topic|scoring|prize|rule|idea)|picture round|quiz night)",raw/gsc-3m-q-cl_0007/Queries.csv
gsc-3m-q-cl_0007,quiz night format,quiz night format,1,5,0.2,3,,query-filter,query,named-subset,false,2026-06-07,2026-09-06,GB,web,query,"+(?i)((pub )?quiz\b.{0,25}\b(night|round|format|question|answer|topic|scoring|prize|rule|idea)|picture round|quiz night)",raw/gsc-3m-q-cl_0007/Queries.csv
gsc-3m-q-cl_0007,quiz event ideas,quiz event ideas,0,64,0,11.92,,query-filter,query,named-subset,false,2026-06-07,2026-09-06,GB,web,query,"+(?i)((pub )?quiz\b.{0,25}\b(night|round|format|question|answer|topic|scoring|prize|rule|idea)|picture round|quiz night)",raw/gsc-3m-q-cl_0007/Queries.csv
gsc-3m-q-cl_0007,pub quiz format,pub quiz format,0,37,0,7.11,,query-filter,query,named-subset,false,2026-06-07,2026-09-06,GB,web,query,"+(?i)((pub )?quiz\b.{0,25}\b(night|round|format|question|answer|topic|scoring|prize|rule|idea)|picture round|quiz night)",raw/gsc-3m-q-cl_0007/Queries.csv
gsc-3m-q-cl_0007,pub quiz round ideas,pub quiz round ideas,0,24,0,13.5,,query-filter,query,named-subset,false,2026-06-07,2026-09-06,GB,web,query,"+(?i)((pub )?quiz\b.{0,25}\b(night|round|format|question|answer|topic|scoring|prize|rule|idea)|picture round|quiz night)",raw/gsc-3m-q-cl_0007/Queries.csv
gsc-3m-q-cl_0007,pub quiz topics,pub quiz topics,0,22,0,6.5,,query-filter,query,named-subset,false,2026-06-07,2026-09-06,GB,web,query,"+(?i)((pub )?quiz\b.{0,25}\b(night|round|format|question|answer|topic|scoring|prize|rule|idea)|picture round|quiz night)",raw/gsc-3m-q-cl_0007/Queries.csv
gsc-3m-q-cl_0007,quiz formats,quiz formats,0,19,0,9.74,,query-filter,query,named-subset,false,2026-06-07,2026-09-06,GB,web,query,"+(?i)((pub )?quiz\b.{0,25}\b(night|round|format|question|answer|topic|scoring|prize|rule|idea)|picture round|quiz night)",raw/gsc-3m-q-cl_0007/Queries.csv
gsc-3m-q-cl_0007,quiz night themes,quiz night themes,0,17,0,7.59,,query-filter,query,named-subset,false,2026-06-07,2026-09-06,GB,web,query,"+(?i)((pub )?quiz\b.{0,25}\b(night|round|format|question|answer|topic|scoring|prize|rule|idea)|picture round|quiz night)",raw/gsc-3m-q-cl_0007/Queries.csv
gsc-3m-q-cl_0007,how to run a quiz night,how to run a quiz night,0,16,0,12.56,,query-filter,query,named-subset,false,2026-06-07,2026-09-06,GB,web,query,"+(?i)((pub )?quiz\b.{0,25}\b(night|round|format|question|answer|topic|scoring|prize|rule|idea)|picture round|quiz night)",raw/gsc-3m-q-cl_0007/Queries.csv
gsc-3m-q-cl_0007,fun ideas for quiz nights,fun ideas for quiz nights,0,10,0,13.2,,query-filter,query,named-subset,false,2026-06-07,2026-09-06,GB,web,query,"+(?i)((pub )?quiz\b.{0,25}\b(night|round|format|question|answer|topic|scoring|prize|rule|idea)|picture round|quiz night)",raw/gsc-3m-q-cl_0007/Queries.csv
gsc-3m-q-cl_0007,quiz night decorations,quiz night decorations,0,8,0,11.62,,query-filter,query,named-subset,false,2026-06-07,2026-09-06,GB,web,query,"+(?i)((pub )?quiz\b.{0,25}\b(night|round|format|question|answer|topic|scoring|prize|rule|idea)|picture round|quiz night)",raw/gsc-3m-q-cl_0007/Queries.csv
gsc-3m-q-cl_0007,pub quiz bonus round,pub quiz bonus round,0,7,0,25,,query-filter,query,named-subset,false,2026-06-07,2026-09-06,GB,web,query,"+(?i)((pub )?quiz\b.{0,25}\b(night|round|format|question|answer|topic|scoring|prize|rule|idea)|picture round|quiz night)",raw/gsc-3m-q-cl_0007/Queries.csv
gsc-3m-q-cl_0007,quiz night round ideas,quiz night round ideas,0,7,0,12.71,,query-filter,query,named-subset,false,2026-06-07,2026-09-06,GB,web,query,"+(?i)((pub )?quiz\b.{0,25}\b(night|round|format|question|answer|topic|scoring|prize|rule|idea)|picture round|quiz night)",raw/gsc-3m-q-cl_0007/Queries.csv
gsc-3m-q-cl_0007,quiz nights ideas,quiz nights ideas,0,7,0,7.29,,query-filter,query,named-subset,false,2026-06-07,2026-09-06,GB,web,query,"+(?i)((pub )?quiz\b.{0,25}\b(night|round|format|question|answer|topic|scoring|prize|rule|idea)|picture round|quiz night)",raw/gsc-3m-q-cl_0007/Queries.csv
gsc-3m-q-cl_0007,quiz rounds,quiz rounds,0,7,0,3.57,,query-filter,query,named-subset,false,2026-06-07,2026-09-06,GB,web,query,"+(?i)((pub )?quiz\b.{0,25}\b(night|round|format|question|answer|topic|scoring|prize|rule|idea)|picture round|quiz night)",raw/gsc-3m-q-cl_0007/Queries.csv
gsc-3m-q-cl_0007,quiz theme ideas,quiz theme ideas,0,7,0,32.14,,query-filter,query,named-subset,false,2026-06-07,2026-09-06,GB,web,query,"+(?i)((pub )?quiz\b.{0,25}\b(night|round|format|question|answer|topic|scoring|prize|rule|idea)|picture round|quiz night)",raw/gsc-3m-q-cl_0007/Queries.csv
gsc-3m-q-cl_0007,what is a quiz night,what is a quiz night,0,7,0,27.43,,query-filter,query,named-subset,false,2026-06-07,2026-09-06,GB,web,query,"+(?i)((pub )?quiz\b.{0,25}\b(night|round|format|question|answer|topic|scoring|prize|rule|idea)|picture round|quiz night)",raw/gsc-3m-q-cl_0007/Queries.csv
gsc-3m-q-cl_0007,ideas for quiz rounds,ideas for quiz rounds,0,5,0,9.2,,query-filter,query,named-subset,false,2026-06-07,2026-09-06,GB,web,query,"+(?i)((pub )?quiz\b.{0,25}\b(night|round|format|question|answer|topic|scoring|prize|rule|idea)|picture round|quiz night)",raw/gsc-3m-q-cl_0007/Queries.csv
gsc-3m-q-cl_0007,pub quiz rounds,pub quiz rounds,0,4,0,6.25,,query-filter,query,named-subset,false,2026-06-07,2026-09-06,GB,web,query,"+(?i)((pub )?quiz\b.{0,25}\b(night|round|format|question|answer|topic|scoring|prize|rule|idea)|picture round|quiz night)",raw/gsc-3m-q-cl_0007/Queries.csv
gsc-3m-q-cl_0007,quiz night categories,quiz night categories,0,4,0,42.25,,query-filter,query,named-subset,false,2026-06-07,2026-09-06,GB,web,query,"+(?i)((pub )?quiz\b.{0,25}\b(night|round|format|question|answer|topic|scoring|prize|rule|idea)|picture round|quiz night)",raw/gsc-3m-q-cl_0007/Queries.csv
gsc-3m-q-cl_0007,quiz night rounds,quiz night rounds,0,4,0,15.75,,query-filter,query,named-subset,false,2026-06-07,2026-09-06,GB,web,query,"+(?i)((pub )?quiz\b.{0,25}\b(night|round|format|question|answer|topic|scoring|prize|rule|idea)|picture round|quiz night)",raw/gsc-3m-q-cl_0007/Queries.csv
gsc-3m-q-cl_0007,themed quiz ideas,themed quiz ideas,0,4,0,9.75,,query-filter,query,named-subset,false,2026-06-07,2026-09-06,GB,web,query,"+(?i)((pub )?quiz\b.{0,25}\b(night|round|format|question|answer|topic|scoring|prize|rule|idea)|picture round|quiz night)",raw/gsc-3m-q-cl_0007/Queries.csv
gsc-3m-q-cl_0007,best pub quiz rounds,best pub quiz rounds,0,3,0,15.67,,query-filter,query,named-subset,false,2026-06-07,2026-09-06,GB,web,query,"+(?i)((pub )?quiz\b.{0,25}\b(night|round|format|question|answer|topic|scoring|prize|rule|idea)|picture round|quiz night)",raw/gsc-3m-q-cl_0007/Queries.csv
gsc-3m-q-cl_0007,fun quiz night,fun quiz night,0,3,0,50.67,,query-filter,query,named-subset,false,2026-06-07,2026-09-06,GB,web,query,"+(?i)((pub )?quiz\b.{0,25}\b(night|round|format|question|answer|topic|scoring|prize|rule|idea)|picture round|quiz night)",raw/gsc-3m-q-cl_0007/Queries.csv
gsc-3m-q-cl_0007,how long do quiz nights go for,how long do quiz nights go for,0,3,0,11.33,,query-filter,query,named-subset,false,2026-06-07,2026-09-06,GB,web,query,"+(?i)((pub )?quiz\b.{0,25}\b(night|round|format|question|answer|topic|scoring|prize|rule|idea)|picture round|quiz night)",raw/gsc-3m-q-cl_0007/Queries.csv
gsc-3m-q-cl_0007,how to host a quiz night,how to host a quiz night,0,3,0,12,,query-filter,query,named-subset,false,2026-06-07,2026-09-06,GB,web,query,"+(?i)((pub )?quiz\b.{0,25}\b(night|round|format|question|answer|topic|scoring|prize|rule|idea)|picture round|quiz night)",raw/gsc-3m-q-cl_0007/Queries.csv
gsc-3m-q-cl_0007,how to organise a quiz night,how to organise a quiz night,0,3,0,42.67,,query-filter,query,named-subset,false,2026-06-07,2026-09-06,GB,web,query,"+(?i)((pub )?quiz\b.{0,25}\b(night|round|format|question|answer|topic|scoring|prize|rule|idea)|picture round|quiz night)",raw/gsc-3m-q-cl_0007/Queries.csv
gsc-3m-q-cl_0007,pub quiz prize ideas,pub quiz prize ideas,0,3,0,29.33,,query-filter,query,named-subset,false,2026-06-07,2026-09-06,GB,web,query,"+(?i)((pub )?quiz\b.{0,25}\b(night|round|format|question|answer|topic|scoring|prize|rule|idea)|picture round|quiz night)",raw/gsc-3m-q-cl_0007/Queries.csv
gsc-3m-q-cl_0007,pub quiz rules,pub quiz rules,0,3,0,31.67,,query-filter,query,named-subset,false,2026-06-07,2026-09-06,GB,web,query,"+(?i)((pub )?quiz\b.{0,25}\b(night|round|format|question|answer|topic|scoring|prize|rule|idea)|picture round|quiz night)",raw/gsc-3m-q-cl_0007/Queries.csv
gsc-3m-q-cl_0007,quiz idea,quiz idea,0,3,0,10.33,,query-filter,query,named-subset,false,2026-06-07,2026-09-06,GB,web,query,"+(?i)((pub )?quiz\b.{0,25}\b(night|round|format|question|answer|topic|scoring|prize|rule|idea)|picture round|quiz night)",raw/gsc-3m-q-cl_0007/Queries.csv
gsc-3m-q-cl_0007,quiz round ideas,quiz round ideas,0,3,0,3,,query-filter,query,named-subset,false,2026-06-07,2026-09-06,GB,web,query,"+(?i)((pub )?quiz\b.{0,25}\b(night|round|format|question|answer|topic|scoring|prize|rule|idea)|picture round|quiz night)",raw/gsc-3m-q-cl_0007/Queries.csv
gsc-3m-q-cl_0007,creative quiz ideas,creative quiz ideas,0,2,0,13.5,,query-filter,query,named-subset,false,2026-06-07,2026-09-06,GB,web,query,"+(?i)((pub )?quiz\b.{0,25}\b(night|round|format|question|answer|topic|scoring|prize|rule|idea)|picture round|quiz night)",raw/gsc-3m-q-cl_0007/Queries.csv
gsc-3m-q-cl_0007,creative quiz rounds,creative quiz rounds,0,2,0,3.5,,query-filter,query,named-subset,false,2026-06-07,2026-09-06,GB,web,query,"+(?i)((pub )?quiz\b.{0,25}\b(night|round|format|question|answer|topic|scoring|prize|rule|idea)|picture round|quiz night)",raw/gsc-3m-q-cl_0007/Queries.csv
gsc-3m-q-cl_0007,fun pub quiz ideas,fun pub quiz ideas,0,2,0,44,,query-filter,query,named-subset,false,2026-06-07,2026-09-06,GB,web,query,"+(?i)((pub )?quiz\b.{0,25}\b(night|round|format|question|answer|topic|scoring|prize|rule|idea)|picture round|quiz night)",raw/gsc-3m-q-cl_0007/Queries.csv
gsc-3m-q-cl_0007,fun quiz rounds,fun quiz rounds,0,2,0,6.5,,query-filter,query,named-subset,false,2026-06-07,2026-09-06,GB,web,query,"+(?i)((pub )?quiz\b.{0,25}\b(night|round|format|question|answer|topic|scoring|prize|rule|idea)|picture round|quiz night)",raw/gsc-3m-q-cl_0007/Queries.csv
gsc-3m-q-cl_0007,good quiz rounds,good quiz rounds,0,2,0,17.5,,query-filter,query,named-subset,false,2026-06-07,2026-09-06,GB,web,query,"+(?i)((pub )?quiz\b.{0,25}\b(night|round|format|question|answer|topic|scoring|prize|rule|idea)|picture round|quiz night)",raw/gsc-3m-q-cl_0007/Queries.csv
gsc-3m-q-cl_0007,how does a quiz night work,how does a quiz night work,0,2,0,4,,query-filter,query,named-subset,false,2026-06-07,2026-09-06,GB,web,query,"+(?i)((pub )?quiz\b.{0,25}\b(night|round|format|question|answer|topic|scoring|prize|rule|idea)|picture round|quiz night)",raw/gsc-3m-q-cl_0007/Queries.csv
gsc-3m-q-cl_0007,quiz categories ideas,quiz categories ideas,0,2,0,46.5,,query-filter,query,named-subset,false,2026-06-07,2026-09-06,GB,web,query,"+(?i)((pub )?quiz\b.{0,25}\b(night|round|format|question|answer|topic|scoring|prize|rule|idea)|picture round|quiz night)",raw/gsc-3m-q-cl_0007/Queries.csv
gsc-3m-q-cl_0007,quiz night,quiz night,0,2,0,6.5,,query-filter,query,named-subset,false,2026-06-07,2026-09-06,GB,web,query,"+(?i)((pub )?quiz\b.{0,25}\b(night|round|format|question|answer|topic|scoring|prize|rule|idea)|picture round|quiz night)",raw/gsc-3m-q-cl_0007/Queries.csv
gsc-3m-q-cl_0007,quiz rules,quiz rules,0,2,0,59.5,,query-filter,query,named-subset,false,2026-06-07,2026-09-06,GB,web,query,"+(?i)((pub )?quiz\b.{0,25}\b(night|round|format|question|answer|topic|scoring|prize|rule|idea)|picture round|quiz night)",raw/gsc-3m-q-cl_0007/Queries.csv
gsc-3m-q-cl_0007,quiz themes ideas,quiz themes ideas,0,2,0,13,,query-filter,query,named-subset,false,2026-06-07,2026-09-06,GB,web,query,"+(?i)((pub )?quiz\b.{0,25}\b(night|round|format|question|answer|topic|scoring|prize|rule|idea)|picture round|quiz night)",raw/gsc-3m-q-cl_0007/Queries.csv
gsc-3m-q-cl_0007,best quiz ideas,best quiz ideas,0,1,0,8,,query-filter,query,named-subset,false,2026-06-07,2026-09-06,GB,web,query,"+(?i)((pub )?quiz\b.{0,25}\b(night|round|format|question|answer|topic|scoring|prize|rule|idea)|picture round|quiz night)",raw/gsc-3m-q-cl_0007/Queries.csv
gsc-3m-q-cl_0007,different pub quiz rounds,different pub quiz rounds,0,1,0,29,,query-filter,query,named-subset,false,2026-06-07,2026-09-06,GB,web,query,"+(?i)((pub )?quiz\b.{0,25}\b(night|round|format|question|answer|topic|scoring|prize|rule|idea)|picture round|quiz night)",raw/gsc-3m-q-cl_0007/Queries.csv
gsc-3m-q-cl_0007,funny quiz round ideas,funny quiz round ideas,0,1,0,46,,query-filter,query,named-subset,false,2026-06-07,2026-09-06,GB,web,query,"+(?i)((pub )?quiz\b.{0,25}\b(night|round|format|question|answer|topic|scoring|prize|rule|idea)|picture round|quiz night)",raw/gsc-3m-q-cl_0007/Queries.csv
gsc-3m-q-cl_0007,funny quiz rounds with a twist,funny quiz rounds with a twist,0,1,0,6,,query-filter,query,named-subset,false,2026-06-07,2026-09-06,GB,web,query,"+(?i)((pub )?quiz\b.{0,25}\b(night|round|format|question|answer|topic|scoring|prize|rule|idea)|picture round|quiz night)",raw/gsc-3m-q-cl_0007/Queries.csv
gsc-3m-q-cl_0007,how to organize a quiz night,how to organize a quiz night,0,1,0,1,,query-filter,query,named-subset,false,2026-06-07,2026-09-06,GB,web,query,"+(?i)((pub )?quiz\b.{0,25}\b(night|round|format|question|answer|topic|scoring|prize|rule|idea)|picture round|quiz night)",raw/gsc-3m-q-cl_0007/Queries.csv
gsc-3m-q-cl_0007,hungry horse quiz night,hungry horse quiz night,0,1,0,21,,query-filter,query,named-subset,false,2026-06-07,2026-09-06,GB,web,query,"+(?i)((pub )?quiz\b.{0,25}\b(night|round|format|question|answer|topic|scoring|prize|rule|idea)|picture round|quiz night)",raw/gsc-3m-q-cl_0007/Queries.csv
gsc-3m-q-cl_0007,interactive quiz rounds,interactive quiz rounds,0,1,0,5,,query-filter,query,named-subset,false,2026-06-07,2026-09-06,GB,web,query,"+(?i)((pub )?quiz\b.{0,25}\b(night|round|format|question|answer|topic|scoring|prize|rule|idea)|picture round|quiz night)",raw/gsc-3m-q-cl_0007/Queries.csv
gsc-3m-q-cl_0007,pub quiz category ideas,pub quiz category ideas,0,1,0,12,,query-filter,query,named-subset,false,2026-06-07,2026-09-06,GB,web,query,"+(?i)((pub )?quiz\b.{0,25}\b(night|round|format|question|answer|topic|scoring|prize|rule|idea)|picture round|quiz night)",raw/gsc-3m-q-cl_0007/Queries.csv
gsc-3m-q-cl_0007,pub quiz night,pub quiz night,0,1,0,3,,query-filter,query,named-subset,false,2026-06-07,2026-09-06,GB,web,query,"+(?i)((pub )?quiz\b.{0,25}\b(night|round|format|question|answer|topic|scoring|prize|rule|idea)|picture round|quiz night)",raw/gsc-3m-q-cl_0007/Queries.csv
gsc-3m-q-cl_0007,pub quiz table rounds,pub quiz table rounds,0,1,0,25,,query-filter,query,named-subset,false,2026-06-07,2026-09-06,GB,web,query,"+(?i)((pub )?quiz\b.{0,25}\b(night|round|format|question|answer|topic|scoring|prize|rule|idea)|picture round|quiz night)",raw/gsc-3m-q-cl_0007/Queries.csv
gsc-3m-q-cl_0007,quiz content ideas,quiz content ideas,0,1,0,10,,query-filter,query,named-subset,false,2026-06-07,2026-09-06,GB,web,query,"+(?i)((pub )?quiz\b.{0,25}\b(night|round|format|question|answer|topic|scoring|prize|rule|idea)|picture round|quiz night)",raw/gsc-3m-q-cl_0007/Queries.csv
gsc-3m-q-cl_0007,quiz ideas with answers,quiz ideas with answers,0,1,0,3,,query-filter,query,named-subset,false,2026-06-07,2026-09-06,GB,web,query,"+(?i)((pub )?quiz\b.{0,25}\b(night|round|format|question|answer|topic|scoring|prize|rule|idea)|picture round|quiz night)",raw/gsc-3m-q-cl_0007/Queries.csv
gsc-3m-q-cl_0007,quiz night norwich,quiz night norwich,0,1,0,7,,query-filter,query,named-subset,false,2026-06-07,2026-09-06,GB,web,query,"+(?i)((pub )?quiz\b.{0,25}\b(night|round|format|question|answer|topic|scoring|prize|rule|idea)|picture round|quiz night)",raw/gsc-3m-q-cl_0007/Queries.csv
gsc-3m-q-cl_0007,quiz night theme ideas,quiz night theme ideas,0,1,0,9,,query-filter,query,named-subset,false,2026-06-07,2026-09-06,GB,web,query,"+(?i)((pub )?quiz\b.{0,25}\b(night|round|format|question|answer|topic|scoring|prize|rule|idea)|picture round|quiz night)",raw/gsc-3m-q-cl_0007/Queries.csv
gsc-3m-q-cl_0007,quiz night topics,quiz night topics,0,1,0,1,,query-filter,query,named-subset,false,2026-06-07,2026-09-06,GB,web,query,"+(?i)((pub )?quiz\b.{0,25}\b(night|round|format|question|answer|topic|scoring|prize|rule|idea)|picture round|quiz night)",raw/gsc-3m-q-cl_0007/Queries.csv
gsc-3m-q-cl_0007,quiz nights,quiz nights,0,1,0,1,,query-filter,query,named-subset,false,2026-06-07,2026-09-06,GB,web,query,"+(?i)((pub )?quiz\b.{0,25}\b(night|round|format|question|answer|topic|scoring|prize|rule|idea)|picture round|quiz night)",raw/gsc-3m-q-cl_0007/Queries.csv
gsc-3m-q-cl_0007,quiz round themes,quiz round themes,0,1,0,60,,query-filter,query,named-subset,false,2026-06-07,2026-09-06,GB,web,query,"+(?i)((pub )?quiz\b.{0,25}\b(night|round|format|question|answer|topic|scoring|prize|rule|idea)|picture round|quiz night)",raw/gsc-3m-q-cl_0007/Queries.csv
gsc-3m-q-cl_0007,quiz rounds ideas,quiz rounds ideas,0,1,0,4,,query-filter,query,named-subset,false,2026-06-07,2026-09-06,GB,web,query,"+(?i)((pub )?quiz\b.{0,25}\b(night|round|format|question|answer|topic|scoring|prize|rule|idea)|picture round|quiz night)",raw/gsc-3m-q-cl_0007/Queries.csv
gsc-3m-q-cl_0007,quiz rounds with a twist,quiz rounds with a twist,0,1,0,11,,query-filter,query,named-subset,false,2026-06-07,2026-09-06,GB,web,query,"+(?i)((pub )?quiz\b.{0,25}\b(night|round|format|question|answer|topic|scoring|prize|rule|idea)|picture round|quiz night)",raw/gsc-3m-q-cl_0007/Queries.csv
gsc-3m-q-cl_0007,silly quiz rounds,silly quiz rounds,0,1,0,6,,query-filter,query,named-subset,false,2026-06-07,2026-09-06,GB,web,query,"+(?i)((pub )?quiz\b.{0,25}\b(night|round|format|question|answer|topic|scoring|prize|rule|idea)|picture round|quiz night)",raw/gsc-3m-q-cl_0007/Queries.csv
gsc-3m-q-cl_0007,table quiz round ideas,table quiz round ideas,0,1,0,32,,query-filter,query,named-subset,false,2026-06-07,2026-09-06,GB,web,query,"+(?i)((pub )?quiz\b.{0,25}\b(night|round|format|question|answer|topic|scoring|prize|rule|idea)|picture round|quiz night)",raw/gsc-3m-q-cl_0007/Queries.csv
gsc-3m-q-cl_0007,what is quiz night,what is quiz night,0,1,0,12,,query-filter,query,named-subset,false,2026-06-07,2026-09-06,GB,web,query,"+(?i)((pub )?quiz\b.{0,25}\b(night|round|format|question|answer|topic|scoring|prize|rule|idea)|picture round|quiz night)",raw/gsc-3m-q-cl_0007/Queries.csv
gsc-3m-q-cl_0008,pub bingo,pub bingo,2,608,0.0033,11.68,,query-filter,query,named-subset,false,2026-06-07,2026-09-06,GB,web,query,"+(?i)((pub|music|cash) bingo|bingo\b.{0,20}\b(pub|night|licence|equipment|idea))",raw/gsc-3m-q-cl_0008/Queries.csv
gsc-3m-q-cl_0008,cash bingo,cash bingo,2,180,0.0111,9.62,,query-filter,query,named-subset,false,2026-06-07,2026-09-06,GB,web,query,"+(?i)((pub|music|cash) bingo|bingo\b.{0,20}\b(pub|night|licence|equipment|idea))",raw/gsc-3m-q-cl_0008/Queries.csv
gsc-3m-q-cl_0008,how to run a bingo night in a pub,how to run a bingo night in a pub,2,52,0.0385,4.75,,query-filter,query,named-subset,false,2026-06-07,2026-09-06,GB,web,query,"+(?i)((pub|music|cash) bingo|bingo\b.{0,20}\b(pub|night|licence|equipment|idea))",raw/gsc-3m-q-cl_0008/Queries.csv
gsc-3m-q-cl_0008,bingo in pubs,bingo in pubs,0,439,0,11.68,,query-filter,query,named-subset,false,2026-06-07,2026-09-06,GB,web,query,"+(?i)((pub|music|cash) bingo|bingo\b.{0,20}\b(pub|night|licence|equipment|idea))",raw/gsc-3m-q-cl_0008/Queries.csv
gsc-3m-q-cl_0008,cash bingo rules,cash bingo rules,0,42,0,7.43,,query-filter,query,named-subset,false,2026-06-07,2026-09-06,GB,web,query,"+(?i)((pub|music|cash) bingo|bingo\b.{0,20}\b(pub|night|licence|equipment|idea))",raw/gsc-3m-q-cl_0008/Queries.csv
gsc-3m-q-cl_0008,how to run a bingo night,how to run a bingo night,0,26,0,9.92,,query-filter,query,named-subset,false,2026-06-07,2026-09-06,GB,web,query,"+(?i)((pub|music|cash) bingo|bingo\b.{0,20}\b(pub|night|licence|equipment|idea))",raw/gsc-3m-q-cl_0008/Queries.csv
gsc-3m-q-cl_0008,pub bingo rules,pub bingo rules,0,12,0,8.92,,query-filter,query,named-subset,false,2026-06-07,2026-09-06,GB,web,query,"+(?i)((pub|music|cash) bingo|bingo\b.{0,20}\b(pub|night|licence|equipment|idea))",raw/gsc-3m-q-cl_0008/Queries.csv
gsc-3m-q-cl_0008,do i need a licence to run a bingo night,do i need a licence to run a bingo night,0,7,0,12.43,,query-filter,query,named-subset,false,2026-06-07,2026-09-06,GB,web,query,"+(?i)((pub|music|cash) bingo|bingo\b.{0,20}\b(pub|night|licence|equipment|idea))",raw/gsc-3m-q-cl_0008/Queries.csv
gsc-3m-q-cl_0008,what is cash bingo,what is cash bingo,0,4,0,5.5,,query-filter,query,named-subset,false,2026-06-07,2026-09-06,GB,web,query,"+(?i)((pub|music|cash) bingo|bingo\b.{0,20}\b(pub|night|licence|equipment|idea))",raw/gsc-3m-q-cl_0008/Queries.csv
gsc-3m-q-cl_0008,pub bingo ideas,pub bingo ideas,0,2,0,2,,query-filter,query,named-subset,false,2026-06-07,2026-09-06,GB,web,query,"+(?i)((pub|music|cash) bingo|bingo\b.{0,20}\b(pub|night|licence|equipment|idea))",raw/gsc-3m-q-cl_0008/Queries.csv
gsc-3m-q-cl_0008,host a bingo night,host a bingo night,0,1,0,2,,query-filter,query,named-subset,false,2026-06-07,2026-09-06,GB,web,query,"+(?i)((pub|music|cash) bingo|bingo\b.{0,20}\b(pub|night|licence|equipment|idea))",raw/gsc-3m-q-cl_0008/Queries.csv
gsc-3m-q-cl_0008,how to run bingo night,how to run bingo night,0,1,0,2,,query-filter,query,named-subset,false,2026-06-07,2026-09-06,GB,web,query,"+(?i)((pub|music|cash) bingo|bingo\b.{0,20}\b(pub|night|licence|equipment|idea))",raw/gsc-3m-q-cl_0008/Queries.csv
gsc-3m-q-cl_0009,how to create a pub menu,how to create a pub menu,0,56,0,31.18,,query-filter,query,named-subset,false,2026-06-07,2026-09-06,GB,web,query,+(?i)((pub|bar|gastropub) (food|menu)|profitable (menu|food|bar food)|menu (idea|profit|margin|cost|engineering)|food (gp|margin|cost)),raw/gsc-3m-q-cl_0009/Queries.csv
gsc-3m-q-cl_0009,pub menu ideas,pub menu ideas,0,56,0,18.14,,query-filter,query,named-subset,false,2026-06-07,2026-09-06,GB,web,query,+(?i)((pub|bar|gastropub) (food|menu)|profitable (menu|food|bar food)|menu (idea|profit|margin|cost|engineering)|food (gp|margin|cost)),raw/gsc-3m-q-cl_0009/Queries.csv
gsc-3m-q-cl_0009,is there vat on pub food,is there vat on pub food,0,14,0,16.21,,query-filter,query,named-subset,false,2026-06-07,2026-09-06,GB,web,query,+(?i)((pub|bar|gastropub) (food|menu)|profitable (menu|food|bar food)|menu (idea|profit|margin|cost|engineering)|food (gp|margin|cost)),raw/gsc-3m-q-cl_0009/Queries.csv
gsc-3m-q-cl_0009,pub menu inspiration,pub menu inspiration,0,11,0,5.91,,query-filter,query,named-subset,false,2026-06-07,2026-09-06,GB,web,query,+(?i)((pub|bar|gastropub) (food|menu)|profitable (menu|food|bar food)|menu (idea|profit|margin|cost|engineering)|food (gp|margin|cost)),raw/gsc-3m-q-cl_0009/Queries.csv
gsc-3m-q-cl_0009,most profitable bar food,most profitable bar food,0,8,0,8.62,,query-filter,query,named-subset,false,2026-06-07,2026-09-06,GB,web,query,+(?i)((pub|bar|gastropub) (food|menu)|profitable (menu|food|bar food)|menu (idea|profit|margin|cost|engineering)|food (gp|margin|cost)),raw/gsc-3m-q-cl_0009/Queries.csv
gsc-3m-q-cl_0009,pub food licence,pub food licence,0,4,0,25,,query-filter,query,named-subset,false,2026-06-07,2026-09-06,GB,web,query,+(?i)((pub|bar|gastropub) (food|menu)|profitable (menu|food|bar food)|menu (idea|profit|margin|cost|engineering)|food (gp|margin|cost)),raw/gsc-3m-q-cl_0009/Queries.csv
gsc-3m-q-cl_0009,pub food examples,pub food examples,0,3,0,42,,query-filter,query,named-subset,false,2026-06-07,2026-09-06,GB,web,query,+(?i)((pub|bar|gastropub) (food|menu)|profitable (menu|food|bar food)|menu (idea|profit|margin|cost|engineering)|food (gp|margin|cost)),raw/gsc-3m-q-cl_0009/Queries.csv
gsc-3m-q-cl_0009,pub food menus ideas,pub food menus ideas,0,3,0,22.67,,query-filter,query,named-subset,false,2026-06-07,2026-09-06,GB,web,query,+(?i)((pub|bar|gastropub) (food|menu)|profitable (menu|food|bar food)|menu (idea|profit|margin|cost|engineering)|food (gp|margin|cost)),raw/gsc-3m-q-cl_0009/Queries.csv
gsc-3m-q-cl_0009,vat on pub food,vat on pub food,0,3,0,22.33,,query-filter,query,named-subset,false,2026-06-07,2026-09-06,GB,web,query,+(?i)((pub|bar|gastropub) (food|menu)|profitable (menu|food|bar food)|menu (idea|profit|margin|cost|engineering)|food (gp|margin|cost)),raw/gsc-3m-q-cl_0009/Queries.csv
gsc-3m-q-cl_0009,gastro pub menu ideas,gastro pub menu ideas,0,2,0,50.5,,query-filter,query,named-subset,false,2026-06-07,2026-09-06,GB,web,query,+(?i)((pub|bar|gastropub) (food|menu)|profitable (menu|food|bar food)|menu (idea|profit|margin|cost|engineering)|food (gp|margin|cost)),raw/gsc-3m-q-cl_0009/Queries.csv
gsc-3m-q-cl_0009,most profitable food,most profitable food,0,2,0,8,,query-filter,query,named-subset,false,2026-06-07,2026-09-06,GB,web,query,+(?i)((pub|bar|gastropub) (food|menu)|profitable (menu|food|bar food)|menu (idea|profit|margin|cost|engineering)|food (gp|margin|cost)),raw/gsc-3m-q-cl_0009/Queries.csv
gsc-3m-q-cl_0009,most profitable food items,most profitable food items,0,2,0,11,,query-filter,query,named-subset,false,2026-06-07,2026-09-06,GB,web,query,+(?i)((pub|bar|gastropub) (food|menu)|profitable (menu|food|bar food)|menu (idea|profit|margin|cost|engineering)|food (gp|margin|cost)),raw/gsc-3m-q-cl_0009/Queries.csv
gsc-3m-q-cl_0009,profitable menu items,profitable menu items,0,2,0,13,,query-filter,query,named-subset,false,2026-06-07,2026-09-06,GB,web,query,+(?i)((pub|bar|gastropub) (food|menu)|profitable (menu|food|bar food)|menu (idea|profit|margin|cost|engineering)|food (gp|margin|cost)),raw/gsc-3m-q-cl_0009/Queries.csv
gsc-3m-q-cl_0009,pub food menu ideas,pub food menu ideas,0,2,0,33,,query-filter,query,named-subset,false,2026-06-07,2026-09-06,GB,web,query,+(?i)((pub|bar|gastropub) (food|menu)|profitable (menu|food|bar food)|menu (idea|profit|margin|cost|engineering)|food (gp|margin|cost)),raw/gsc-3m-q-cl_0009/Queries.csv
gsc-3m-q-cl_0009,summer pub food ideas,summer pub food ideas,0,2,0,4.5,,query-filter,query,named-subset,false,2026-06-07,2026-09-06,GB,web,query,+(?i)((pub|bar|gastropub) (food|menu)|profitable (menu|food|bar food)|menu (idea|profit|margin|cost|engineering)|food (gp|margin|cost)),raw/gsc-3m-q-cl_0009/Queries.csv
gsc-3m-q-cl_0009,food cost for pub,food cost for pub,0,1,0,14,,query-filter,query,named-subset,false,2026-06-07,2026-09-06,GB,web,query,+(?i)((pub|bar|gastropub) (food|menu)|profitable (menu|food|bar food)|menu (idea|profit|margin|cost|engineering)|food (gp|margin|cost)),raw/gsc-3m-q-cl_0009/Queries.csv
gsc-3m-q-cl_0009,modern pub menus,modern pub menus,0,1,0,40,,query-filter,query,named-subset,false,2026-06-07,2026-09-06,GB,web,query,+(?i)((pub|bar|gastropub) (food|menu)|profitable (menu|food|bar food)|menu (idea|profit|margin|cost|engineering)|food (gp|margin|cost)),raw/gsc-3m-q-cl_0009/Queries.csv
gsc-3m-q-cl_0009,oktoberfest pub menu,oktoberfest pub menu,0,1,0,7,,query-filter,query,named-subset,false,2026-06-07,2026-09-06,GB,web,query,+(?i)((pub|bar|gastropub) (food|menu)|profitable (menu|food|bar food)|menu (idea|profit|margin|cost|engineering)|food (gp|margin|cost)),raw/gsc-3m-q-cl_0009/Queries.csv
gsc-3m-q-cl_0009,pub food trends,pub food trends,0,1,0,12,,query-filter,query,named-subset,false,2026-06-07,2026-09-06,GB,web,query,+(?i)((pub|bar|gastropub) (food|menu)|profitable (menu|food|bar food)|menu (idea|profit|margin|cost|engineering)|food (gp|margin|cost)),raw/gsc-3m-q-cl_0009/Queries.csv
gsc-3m-q-cl_0009,pub menu,pub menu,0,1,0,3,,query-filter,query,named-subset,false,2026-06-07,2026-09-06,GB,web,query,+(?i)((pub|bar|gastropub) (food|menu)|profitable (menu|food|bar food)|menu (idea|profit|margin|cost|engineering)|food (gp|margin|cost)),raw/gsc-3m-q-cl_0009/Queries.csv
gsc-3m-q-cl_0009,pub menu ideas uk,pub menu ideas uk,0,1,0,5,,query-filter,query,named-subset,false,2026-06-07,2026-09-06,GB,web,query,+(?i)((pub|bar|gastropub) (food|menu)|profitable (menu|food|bar food)|menu (idea|profit|margin|cost|engineering)|food (gp|margin|cost)),raw/gsc-3m-q-cl_0009/Queries.csv
gsc-3m-q-cl_0009,pub menus ideas,pub menus ideas,0,1,0,6,,query-filter,query,named-subset,false,2026-06-07,2026-09-06,GB,web,query,+(?i)((pub|bar|gastropub) (food|menu)|profitable (menu|food|bar food)|menu (idea|profit|margin|cost|engineering)|food (gp|margin|cost)),raw/gsc-3m-q-cl_0009/Queries.csv
gsc-3m-q-cl_0009,summer pub menu ideas,summer pub menu ideas,0,1,0,32,,query-filter,query,named-subset,false,2026-06-07,2026-09-06,GB,web,query,+(?i)((pub|bar|gastropub) (food|menu)|profitable (menu|food|bar food)|menu (idea|profit|margin|cost|engineering)|food (gp|margin|cost)),raw/gsc-3m-q-cl_0009/Queries.csv
gsc-3m-q-cl_0009,typical pub menu,typical pub menu,0,1,0,4,,query-filter,query,named-subset,false,2026-06-07,2026-09-06,GB,web,query,+(?i)((pub|bar|gastropub) (food|menu)|profitable (menu|food|bar food)|menu (idea|profit|margin|cost|engineering)|food (gp|margin|cost)),raw/gsc-3m-q-cl_0009/Queries.csv
gsc-3m-q-cl_0010,christmas event ideas for pubs,christmas event ideas for pubs,2,94,0.0213,19.04,,query-filter,query,named-subset,false,2026-06-07,2026-09-06,GB,web,query,"+(?i)((pub|bar)\b.{0,20}\b(event|entertainment)|event ideas for (pub|bar)|pop[- ]?up event)",raw/gsc-3m-q-cl_0010/Queries.csv
gsc-3m-q-cl_0010,pub event ideas,pub event ideas,1,157,0.0064,20.19,,query-filter,query,named-subset,false,2026-06-07,2026-09-06,GB,web,query,"+(?i)((pub|bar)\b.{0,20}\b(event|entertainment)|event ideas for (pub|bar)|pop[- ]?up event)",raw/gsc-3m-q-cl_0010/Queries.csv
gsc-3m-q-cl_0010,ideas for pub events,ideas for pub events,1,18,0.0556,12.39,,query-filter,query,named-subset,false,2026-06-07,2026-09-06,GB,web,query,"+(?i)((pub|bar)\b.{0,20}\b(event|entertainment)|event ideas for (pub|bar)|pop[- ]?up event)",raw/gsc-3m-q-cl_0010/Queries.csv
gsc-3m-q-cl_0010,event ideas for pubs,event ideas for pubs,0,458,0,20.68,,query-filter,query,named-subset,false,2026-06-07,2026-09-06,GB,web,query,"+(?i)((pub|bar)\b.{0,20}\b(event|entertainment)|event ideas for (pub|bar)|pop[- ]?up event)",raw/gsc-3m-q-cl_0010/Queries.csv
gsc-3m-q-cl_0010,pop up events for pubs,pop up events for pubs,0,390,0,31.66,,query-filter,query,named-subset,false,2026-06-07,2026-09-06,GB,web,query,"+(?i)((pub|bar)\b.{0,20}\b(event|entertainment)|event ideas for (pub|bar)|pop[- ]?up event)",raw/gsc-3m-q-cl_0010/Queries.csv
gsc-3m-q-cl_0010,kids craft pop up events for pubs,kids craft pop up events for pubs,0,226,0,13.12,,query-filter,query,named-subset,false,2026-06-07,2026-09-06,GB,web,query,"+(?i)((pub|bar)\b.{0,20}\b(event|entertainment)|event ideas for (pub|bar)|pop[- ]?up event)",raw/gsc-3m-q-cl_0010/Queries.csv
gsc-3m-q-cl_0010,christmas pub events ideas,christmas pub events ideas,0,78,0,22.21,,query-filter,query,named-subset,false,2026-06-07,2026-09-06,GB,web,query,"+(?i)((pub|bar)\b.{0,20}\b(event|entertainment)|event ideas for (pub|bar)|pop[- ]?up event)",raw/gsc-3m-q-cl_0010/Queries.csv
gsc-3m-q-cl_0010,pub events,pub events,0,50,0,23.34,,query-filter,query,named-subset,false,2026-06-07,2026-09-06,GB,web,query,"+(?i)((pub|bar)\b.{0,20}\b(event|entertainment)|event ideas for (pub|bar)|pop[- ]?up event)",raw/gsc-3m-q-cl_0010/Queries.csv
gsc-3m-q-cl_0010,pub events ideas,pub events ideas,0,46,0,22.46,,query-filter,query,named-subset,false,2026-06-07,2026-09-06,GB,web,query,"+(?i)((pub|bar)\b.{0,20}\b(event|entertainment)|event ideas for (pub|bar)|pop[- ]?up event)",raw/gsc-3m-q-cl_0010/Queries.csv
gsc-3m-q-cl_0010,boost pub revenue with events,boost pub revenue with events,0,34,0,60.26,,query-filter,query,named-subset,false,2026-06-07,2026-09-06,GB,web,query,"+(?i)((pub|bar)\b.{0,20}\b(event|entertainment)|event ideas for (pub|bar)|pop[- ]?up event)",raw/gsc-3m-q-cl_0010/Queries.csv
gsc-3m-q-cl_0010,pub entertainment ideas,pub entertainment ideas,0,34,0,24.21,,query-filter,query,named-subset,false,2026-06-07,2026-09-06,GB,web,query,"+(?i)((pub|bar)\b.{0,20}\b(event|entertainment)|event ideas for (pub|bar)|pop[- ]?up event)",raw/gsc-3m-q-cl_0010/Queries.csv
gsc-3m-q-cl_0010,small pub entertainment ideas,small pub entertainment ideas,0,13,0,9.15,,query-filter,query,named-subset,false,2026-06-07,2026-09-06,GB,web,query,"+(?i)((pub|bar)\b.{0,20}\b(event|entertainment)|event ideas for (pub|bar)|pop[- ]?up event)",raw/gsc-3m-q-cl_0010/Queries.csv
gsc-3m-q-cl_0010,bar event ideas,bar event ideas,0,6,0,25,,query-filter,query,named-subset,false,2026-06-07,2026-09-06,GB,web,query,"+(?i)((pub|bar)\b.{0,20}\b(event|entertainment)|event ideas for (pub|bar)|pop[- ]?up event)",raw/gsc-3m-q-cl_0010/Queries.csv
gsc-3m-q-cl_0010,bar entertainment ideas,bar entertainment ideas,0,5,0,30.8,,query-filter,query,named-subset,false,2026-06-07,2026-09-06,GB,web,query,"+(?i)((pub|bar)\b.{0,20}\b(event|entertainment)|event ideas for (pub|bar)|pop[- ]?up event)",raw/gsc-3m-q-cl_0010/Queries.csv
gsc-3m-q-cl_0010,bar events ideas,bar events ideas,0,4,0,48.25,,query-filter,query,named-subset,false,2026-06-07,2026-09-06,GB,web,query,"+(?i)((pub|bar)\b.{0,20}\b(event|entertainment)|event ideas for (pub|bar)|pop[- ]?up event)",raw/gsc-3m-q-cl_0010/Queries.csv
gsc-3m-q-cl_0010,event ideas for bars,event ideas for bars,0,4,0,47.75,,query-filter,query,named-subset,false,2026-06-07,2026-09-06,GB,web,query,"+(?i)((pub|bar)\b.{0,20}\b(event|entertainment)|event ideas for (pub|bar)|pop[- ]?up event)",raw/gsc-3m-q-cl_0010/Queries.csv
gsc-3m-q-cl_0010,ideas for bar events,ideas for bar events,0,4,0,42.75,,query-filter,query,named-subset,false,2026-06-07,2026-09-06,GB,web,query,"+(?i)((pub|bar)\b.{0,20}\b(event|entertainment)|event ideas for (pub|bar)|pop[- ]?up event)",raw/gsc-3m-q-cl_0010/Queries.csv
gsc-3m-q-cl_0010,pub event,pub event,0,3,0,21.67,,query-filter,query,named-subset,false,2026-06-07,2026-09-06,GB,web,query,"+(?i)((pub|bar)\b.{0,20}\b(event|entertainment)|event ideas for (pub|bar)|pop[- ]?up event)",raw/gsc-3m-q-cl_0010/Queries.csv
gsc-3m-q-cl_0010,small bar event ideas for adults,small bar event ideas for adults,0,2,0,21,,query-filter,query,named-subset,false,2026-06-07,2026-09-06,GB,web,query,"+(?i)((pub|bar)\b.{0,20}\b(event|entertainment)|event ideas for (pub|bar)|pop[- ]?up event)",raw/gsc-3m-q-cl_0010/Queries.csv
gsc-3m-q-cl_0010,unique bar events,unique bar events,0,2,0,43,,query-filter,query,named-subset,false,2026-06-07,2026-09-06,GB,web,query,"+(?i)((pub|bar)\b.{0,20}\b(event|entertainment)|event ideas for (pub|bar)|pop[- ]?up event)",raw/gsc-3m-q-cl_0010/Queries.csv
gsc-3m-q-cl_0010,weekly bar event ideas,weekly bar event ideas,0,2,0,10,,query-filter,query,named-subset,false,2026-06-07,2026-09-06,GB,web,query,"+(?i)((pub|bar)\b.{0,20}\b(event|entertainment)|event ideas for (pub|bar)|pop[- ]?up event)",raw/gsc-3m-q-cl_0010/Queries.csv
gsc-3m-q-cl_0010,bar event ideas free,bar event ideas free,0,1,0,29,,query-filter,query,named-subset,false,2026-06-07,2026-09-06,GB,web,query,"+(?i)((pub|bar)\b.{0,20}\b(event|entertainment)|event ideas for (pub|bar)|pop[- ]?up event)",raw/gsc-3m-q-cl_0010/Queries.csv
gsc-3m-q-cl_0010,bar events,bar events,0,1,0,4,,query-filter,query,named-subset,false,2026-06-07,2026-09-06,GB,web,query,"+(?i)((pub|bar)\b.{0,20}\b(event|entertainment)|event ideas for (pub|bar)|pop[- ]?up event)",raw/gsc-3m-q-cl_0010/Queries.csv
gsc-3m-q-cl_0010,bar events uk,bar events uk,0,1,0,53,,query-filter,query,named-subset,false,2026-06-07,2026-09-06,GB,web,query,"+(?i)((pub|bar)\b.{0,20}\b(event|entertainment)|event ideas for (pub|bar)|pop[- ]?up event)",raw/gsc-3m-q-cl_0010/Queries.csv
gsc-3m-q-cl_0010,charity event ideas for pubs,charity event ideas for pubs,0,1,0,7,,query-filter,query,named-subset,false,2026-06-07,2026-09-06,GB,web,query,"+(?i)((pub|bar)\b.{0,20}\b(event|entertainment)|event ideas for (pub|bar)|pop[- ]?up event)",raw/gsc-3m-q-cl_0010/Queries.csv
gsc-3m-q-cl_0010,fun bar event ideas,fun bar event ideas,0,1,0,23,,query-filter,query,named-subset,false,2026-06-07,2026-09-06,GB,web,query,"+(?i)((pub|bar)\b.{0,20}\b(event|entertainment)|event ideas for (pub|bar)|pop[- ]?up event)",raw/gsc-3m-q-cl_0010/Queries.csv
gsc-3m-q-cl_0010,ideas for pub entertainment,ideas for pub entertainment,0,1,0,26,,query-filter,query,named-subset,false,2026-06-07,2026-09-06,GB,web,query,"+(?i)((pub|bar)\b.{0,20}\b(event|entertainment)|event ideas for (pub|bar)|pop[- ]?up event)",raw/gsc-3m-q-cl_0010/Queries.csv
gsc-3m-q-cl_0010,pub entertainment,pub entertainment,0,1,0,3,,query-filter,query,named-subset,false,2026-06-07,2026-09-06,GB,web,query,"+(?i)((pub|bar)\b.{0,20}\b(event|entertainment)|event ideas for (pub|bar)|pop[- ]?up event)",raw/gsc-3m-q-cl_0010/Queries.csv
gsc-3m-q-cl_0012,fix my pub,fix my pub,0,59,0,4.95,,query-filter,query,named-subset,false,2026-06-07,2026-09-06,GB,web,query,+(?i)(fix my pub|struggling pub|pub turnaround|failing pub|quiet pub|empty pub|pub business support),raw/gsc-3m-q-cl_0012/Queries.csv
gsc-3m-q-cl_0012,empty pub,empty pub,0,45,0,7.58,,query-filter,query,named-subset,false,2026-06-07,2026-09-06,GB,web,query,+(?i)(fix my pub|struggling pub|pub turnaround|failing pub|quiet pub|empty pub|pub business support),raw/gsc-3m-q-cl_0012/Queries.csv
gsc-3m-q-cl_0012,securing empty pub,securing empty pub,0,44,0,11.25,,query-filter,query,named-subset,false,2026-06-07,2026-09-06,GB,web,query,+(?i)(fix my pub|struggling pub|pub turnaround|failing pub|quiet pub|empty pub|pub business support),raw/gsc-3m-q-cl_0012/Queries.csv
gsc-3m-q-cl_0013,bar social media marketing,bar social media marketing,0,16,0,22.31,,query-filter,query,named-subset,false,2026-06-07,2026-09-06,GB,web,query,"+(?i)((pub|bar)\b.{0,20}\b(social media|instagram|facebook|tiktok)|social media (strategy|idea|post|content) for (pubs|bars))",raw/gsc-3m-q-cl_0013/Queries.csv
gsc-3m-q-cl_0013,pub social media ideas,pub social media ideas,0,7,0,5.43,,query-filter,query,named-subset,false,2026-06-07,2026-09-06,GB,web,query,"+(?i)((pub|bar)\b.{0,20}\b(social media|instagram|facebook|tiktok)|social media (strategy|idea|post|content) for (pubs|bars))",raw/gsc-3m-q-cl_0013/Queries.csv
gsc-3m-q-cl_0013,pub social media,pub social media,0,4,0,10.75,,query-filter,query,named-subset,false,2026-06-07,2026-09-06,GB,web,query,"+(?i)((pub|bar)\b.{0,20}\b(social media|instagram|facebook|tiktok)|social media (strategy|idea|post|content) for (pubs|bars))",raw/gsc-3m-q-cl_0013/Queries.csv
gsc-3m-q-cl_0014,cask ale week 2026,cask ale week 2026,2,641,0.0031,6.5,,query-filter,query,named-subset,false,2026-06-07,2026-09-06,GB,web,query,+(?i)(cellar|beer (quality|line)|draught|keg|cask|line clean),raw/gsc-3m-q-cl_0014/Queries.csv
gsc-3m-q-cl_0014,cellar management,cellar management,1,94,0.0106,11.16,,query-filter,query,named-subset,false,2026-06-07,2026-09-06,GB,web,query,+(?i)(cellar|beer (quality|line)|draught|keg|cask|line clean),raw/gsc-3m-q-cl_0014/Queries.csv
gsc-3m-q-cl_0014,pub cellar maintenance,pub cellar maintenance,0,83,0,24.25,,query-filter,query,named-subset,false,2026-06-07,2026-09-06,GB,web,query,+(?i)(cellar|beer (quality|line)|draught|keg|cask|line clean),raw/gsc-3m-q-cl_0014/Queries.csv
gsc-3m-q-cl_0014,cask ale week,cask ale week,0,45,0,7.84,,query-filter,query,named-subset,false,2026-06-07,2026-09-06,GB,web,query,+(?i)(cellar|beer (quality|line)|draught|keg|cask|line clean),raw/gsc-3m-q-cl_0014/Queries.csv
gsc-3m-q-cl_0014,pub cellar management,pub cellar management,0,45,0,10.71,,query-filter,query,named-subset,false,2026-06-07,2026-09-06,GB,web,query,+(?i)(cellar|beer (quality|line)|draught|keg|cask|line clean),raw/gsc-3m-q-cl_0014/Queries.csv
gsc-3m-q-cl_0014,greene king cellar management,greene king cellar management,0,30,0,16.23,,query-filter,query,named-subset,false,2026-06-07,2026-09-06,GB,web,query,+(?i)(cellar|beer (quality|line)|draught|keg|cask|line clean),raw/gsc-3m-q-cl_0014/Queries.csv
gsc-3m-q-cl_0014,pub cellar,pub cellar,0,19,0,10.68,,query-filter,query,named-subset,false,2026-06-07,2026-09-06,GB,web,query,+(?i)(cellar|beer (quality|line)|draught|keg|cask|line clean),raw/gsc-3m-q-cl_0014/Queries.csv
gsc-3m-q-cl_0014,cellar maintenance,cellar maintenance,0,12,0,40.5,,query-filter,query,named-subset,false,2026-06-07,2026-09-06,GB,web,query,+(?i)(cellar|beer (quality|line)|draught|keg|cask|line clean),raw/gsc-3m-q-cl_0014/Queries.csv
gsc-3m-q-cl_0014,pub cellar monitor,pub cellar monitor,0,12,0,15.83,,query-filter,query,named-subset,false,2026-06-07,2026-09-06,GB,web,query,+(?i)(cellar|beer (quality|line)|draught|keg|cask|line clean),raw/gsc-3m-q-cl_0014/Queries.csv
gsc-3m-q-cl_0014,beer cellar temperature,beer cellar temperature,0,8,0,17.38,,query-filter,query,named-subset,false,2026-06-07,2026-09-06,GB,web,query,+(?i)(cellar|beer (quality|line)|draught|keg|cask|line clean),raw/gsc-3m-q-cl_0014/Queries.csv
gsc-3m-q-cl_0014,cask ale festival 2026,cask ale festival 2026,0,6,0,5.17,,query-filter,query,named-subset,false,2026-06-07,2026-09-06,GB,web,query,+(?i)(cellar|beer (quality|line)|draught|keg|cask|line clean),raw/gsc-3m-q-cl_0014/Queries.csv
gsc-3m-q-cl_0014,what is cellar management,what is cellar management,0,6,0,7.5,,query-filter,query,named-subset,false,2026-06-07,2026-09-06,GB,web,query,+(?i)(cellar|beer (quality|line)|draught|keg|cask|line clean),raw/gsc-3m-q-cl_0014/Queries.csv
gsc-3m-q-cl_0014,cask days 2026,cask days 2026,0,4,0,6,,query-filter,query,named-subset,false,2026-06-07,2026-09-06,GB,web,query,+(?i)(cellar|beer (quality|line)|draught|keg|cask|line clean),raw/gsc-3m-q-cl_0014/Queries.csv
gsc-3m-q-cl_0014,to maintain good cellar hygiene allow fresh air to circulate for,to maintain good cellar hygiene allow fresh air to circulate for,0,4,0,10,,query-filter,query,named-subset,false,2026-06-07,2026-09-06,GB,web,query,+(?i)(cellar|beer (quality|line)|draught|keg|cask|line clean),raw/gsc-3m-q-cl_0014/Queries.csv
gsc-3m-q-cl_0014,cellar management surrey,cellar management surrey,0,3,0,8,,query-filter,query,named-subset,false,2026-06-07,2026-09-06,GB,web,query,+(?i)(cellar|beer (quality|line)|draught|keg|cask|line clean),raw/gsc-3m-q-cl_0014/Queries.csv
gsc-3m-q-cl_0014,cellar management system,cellar management system,0,3,0,5.67,,query-filter,query,named-subset,false,2026-06-07,2026-09-06,GB,web,query,+(?i)(cellar|beer (quality|line)|draught|keg|cask|line clean),raw/gsc-3m-q-cl_0014/Queries.csv
gsc-3m-q-cl_0014,how to cellar beer without a cellar,how to cellar beer without a cellar,0,3,0,35.67,,query-filter,query,named-subset,false,2026-06-07,2026-09-06,GB,web,query,+(?i)(cellar|beer (quality|line)|draught|keg|cask|line clean),raw/gsc-3m-q-cl_0014/Queries.csv
gsc-3m-q-cl_0014,what temperature should a pub cellar be,what temperature should a pub cellar be,0,3,0,25,,query-filter,query,named-subset,false,2026-06-07,2026-09-06,GB,web,query,+(?i)(cellar|beer (quality|line)|draught|keg|cask|line clean),raw/gsc-3m-q-cl_0014/Queries.csv
gsc-3m-q-cl_0014,beer cellar temperature uk,beer cellar temperature uk,0,2,0,17,,query-filter,query,named-subset,false,2026-06-07,2026-09-06,GB,web,query,+(?i)(cellar|beer (quality|line)|draught|keg|cask|line clean),raw/gsc-3m-q-cl_0014/Queries.csv
gsc-3m-q-cl_0014,cask days,cask days,0,2,0,9,,query-filter,query,named-subset,false,2026-06-07,2026-09-06,GB,web,query,+(?i)(cellar|beer (quality|line)|draught|keg|cask|line clean),raw/gsc-3m-q-cl_0014/Queries.csv
gsc-3m-q-cl_0014,cask fest 2026,cask fest 2026,0,2,0,8.5,,query-filter,query,named-subset,false,2026-06-07,2026-09-06,GB,web,query,+(?i)(cellar|beer (quality|line)|draught|keg|cask|line clean),raw/gsc-3m-q-cl_0014/Queries.csv
gsc-3m-q-cl_0014,cellar management hampshire,cellar management hampshire,0,2,0,5,,query-filter,query,named-subset,false,2026-06-07,2026-09-06,GB,web,query,+(?i)(cellar|beer (quality|line)|draught|keg|cask|line clean),raw/gsc-3m-q-cl_0014/Queries.csv
gsc-3m-q-cl_0014,what temp should a cellar be,what temp should a cellar be,0,2,0,28,,query-filter,query,named-subset,false,2026-06-07,2026-09-06,GB,web,query,+(?i)(cellar|beer (quality|line)|draught|keg|cask|line clean),raw/gsc-3m-q-cl_0014/Queries.csv
gsc-3m-q-cl_0014,ale cellar,ale cellar,0,1,0,10,,query-filter,query,named-subset,false,2026-06-07,2026-09-06,GB,web,query,+(?i)(cellar|beer (quality|line)|draught|keg|cask|line clean),raw/gsc-3m-q-cl_0014/Queries.csv
gsc-3m-q-cl_0014,cask ales,cask ales,0,1,0,3,,query-filter,query,named-subset,false,2026-06-07,2026-09-06,GB,web,query,+(?i)(cellar|beer (quality|line)|draught|keg|cask|line clean),raw/gsc-3m-q-cl_0014/Queries.csv
gsc-3m-q-cl_0014,cellar equipment list,cellar equipment list,0,1,0,31,,query-filter,query,named-subset,false,2026-06-07,2026-09-06,GB,web,query,+(?i)(cellar|beer (quality|line)|draught|keg|cask|line clean),raw/gsc-3m-q-cl_0014/Queries.csv
gsc-3m-q-cl_0014,cellar management kent,cellar management kent,0,1,0,11,,query-filter,query,named-subset,false,2026-06-07,2026-09-06,GB,web,query,+(?i)(cellar|beer (quality|line)|draught|keg|cask|line clean),raw/gsc-3m-q-cl_0014/Queries.csv
gsc-3m-q-cl_0014,draught wastage,draught wastage,0,1,0,34,,query-filter,query,named-subset,false,2026-06-07,2026-09-06,GB,web,query,+(?i)(cellar|beer (quality|line)|draught|keg|cask|line clean),raw/gsc-3m-q-cl_0014/Queries.csv
gsc-3m-q-cl_0014,pub beer cellar,pub beer cellar,0,1,0,8,,query-filter,query,named-subset,false,2026-06-07,2026-09-06,GB,web,query,+(?i)(cellar|beer (quality|line)|draught|keg|cask|line clean),raw/gsc-3m-q-cl_0014/Queries.csv
gsc-3m-q-cl_0014,pub cellar leak detection,pub cellar leak detection,0,1,0,41,,query-filter,query,named-subset,false,2026-06-07,2026-09-06,GB,web,query,+(?i)(cellar|beer (quality|line)|draught|keg|cask|line clean),raw/gsc-3m-q-cl_0014/Queries.csv
gsc-3m-q-cl_0014,pub cellar temperature,pub cellar temperature,0,1,0,12,,query-filter,query,named-subset,false,2026-06-07,2026-09-06,GB,web,query,+(?i)(cellar|beer (quality|line)|draught|keg|cask|line clean),raw/gsc-3m-q-cl_0014/Queries.csv
gsc-3m-q-cl_0014,when is cask ale week,when is cask ale week,0,1,0,3,,query-filter,query,named-subset,false,2026-06-07,2026-09-06,GB,web,query,+(?i)(cellar|beer (quality|line)|draught|keg|cask|line clean),raw/gsc-3m-q-cl_0014/Queries.csv
gsc-3m-q-cl_0015,national drink days,national drink days,1,13,0.0769,10.92,,query-filter,query,named-subset,false,2026-06-07,2026-09-06,GB,web,query,"+(?i)(national\b.{0,20}\bday|drinks day|awareness day|promotion calendar)",raw/gsc-3m-q-cl_0015/Queries.csv
gsc-3m-q-cl_0015,national vodka day,national vodka day,0,86,0,11.45,,query-filter,query,named-subset,false,2026-06-07,2026-09-06,GB,web,query,"+(?i)(national\b.{0,20}\bday|drinks day|awareness day|promotion calendar)",raw/gsc-3m-q-cl_0015/Queries.csv
gsc-3m-q-cl_0015,when is national vodka day,when is national vodka day,0,74,0,11,,query-filter,query,named-subset,false,2026-06-07,2026-09-06,GB,web,query,"+(?i)(national\b.{0,20}\bday|drinks day|awareness day|promotion calendar)",raw/gsc-3m-q-cl_0015/Queries.csv
gsc-3m-q-cl_0015,national vodka day 2026,national vodka day 2026,0,50,0,3.4,,query-filter,query,named-subset,false,2026-06-07,2026-09-06,GB,web,query,"+(?i)(national\b.{0,20}\bday|drinks day|awareness day|promotion calendar)",raw/gsc-3m-q-cl_0015/Queries.csv
gsc-3m-q-cl_0015,national drink days 2026,national drink days 2026,0,20,0,6.5,,query-filter,query,named-subset,false,2026-06-07,2026-09-06,GB,web,query,"+(?i)(national\b.{0,20}\bday|drinks day|awareness day|promotion calendar)",raw/gsc-3m-q-cl_0015/Queries.csv
gsc-3m-q-cl_0015,national cocktail day uk,national cocktail day uk,0,19,0,23.05,,query-filter,query,named-subset,false,2026-06-07,2026-09-06,GB,web,query,"+(?i)(national\b.{0,20}\bday|drinks day|awareness day|promotion calendar)",raw/gsc-3m-q-cl_0015/Queries.csv
gsc-3m-q-cl_0015,national cocktail days,national cocktail days,0,15,0,21.87,,query-filter,query,named-subset,false,2026-06-07,2026-09-06,GB,web,query,"+(?i)(national\b.{0,20}\bday|drinks day|awareness day|promotion calendar)",raw/gsc-3m-q-cl_0015/Queries.csv
gsc-3m-q-cl_0015,national drinks days,national drinks days,0,12,0,12.08,,query-filter,query,named-subset,false,2026-06-07,2026-09-06,GB,web,query,"+(?i)(national\b.{0,20}\bday|drinks day|awareness day|promotion calendar)",raw/gsc-3m-q-cl_0015/Queries.csv
gsc-3m-q-cl_0015,international vodka day 2026,international vodka day 2026,0,11,0,3.27,,query-filter,query,named-subset,false,2026-06-07,2026-09-06,GB,web,query,"+(?i)(national\b.{0,20}\bday|drinks day|awareness day|promotion calendar)",raw/gsc-3m-q-cl_0015/Queries.csv
gsc-3m-q-cl_0015,national cocktail day,national cocktail day,0,11,0,22.09,,query-filter,query,named-subset,false,2026-06-07,2026-09-06,GB,web,query,"+(?i)(national\b.{0,20}\bday|drinks day|awareness day|promotion calendar)",raw/gsc-3m-q-cl_0015/Queries.csv
gsc-3m-q-cl_0015,international vodka day,international vodka day,0,10,0,16.1,,query-filter,query,named-subset,false,2026-06-07,2026-09-06,GB,web,query,"+(?i)(national\b.{0,20}\bday|drinks day|awareness day|promotion calendar)",raw/gsc-3m-q-cl_0015/Queries.csv
gsc-3m-q-cl_0015,national cocktail day 2026,national cocktail day 2026,0,9,0,10.78,,query-filter,query,named-subset,false,2026-06-07,2026-09-06,GB,web,query,"+(?i)(national\b.{0,20}\bday|drinks day|awareness day|promotion calendar)",raw/gsc-3m-q-cl_0015/Queries.csv
gsc-3m-q-cl_0015,when is national cocktail day 2026,when is national cocktail day 2026,0,6,0,9.33,,query-filter,query,named-subset,false,2026-06-07,2026-09-06,GB,web,query,"+(?i)(national\b.{0,20}\bday|drinks day|awareness day|promotion calendar)",raw/gsc-3m-q-cl_0015/Queries.csv
gsc-3m-q-cl_0015,what day is national vodka day,what day is national vodka day,0,5,0,11.4,,query-filter,query,named-subset,false,2026-06-07,2026-09-06,GB,web,query,"+(?i)(national\b.{0,20}\bday|drinks day|awareness day|promotion calendar)",raw/gsc-3m-q-cl_0015/Queries.csv
gsc-3m-q-cl_0015,national cocktail day 2026 uk,national cocktail day 2026 uk,0,4,0,4.5,,query-filter,query,named-subset,false,2026-06-07,2026-09-06,GB,web,query,"+(?i)(national\b.{0,20}\bday|drinks day|awareness day|promotion calendar)",raw/gsc-3m-q-cl_0015/Queries.csv
gsc-3m-q-cl_0015,national drink day,national drink day,0,4,0,19,,query-filter,query,named-subset,false,2026-06-07,2026-09-06,GB,web,query,"+(?i)(national\b.{0,20}\bday|drinks day|awareness day|promotion calendar)",raw/gsc-3m-q-cl_0015/Queries.csv
gsc-3m-q-cl_0015,national drinking day,national drinking day,0,4,0,15.75,,query-filter,query,named-subset,false,2026-06-07,2026-09-06,GB,web,query,"+(?i)(national\b.{0,20}\bday|drinks day|awareness day|promotion calendar)",raw/gsc-3m-q-cl_0015/Queries.csv
gsc-3m-q-cl_0015,national drinks days 2026,national drinks days 2026,0,4,0,5.75,,query-filter,query,named-subset,false,2026-06-07,2026-09-06,GB,web,query,"+(?i)(national\b.{0,20}\bday|drinks day|awareness day|promotion calendar)",raw/gsc-3m-q-cl_0015/Queries.csv
gsc-3m-q-cl_0015,national alcohol day 2026,national alcohol day 2026,0,3,0,8,,query-filter,query,named-subset,false,2026-06-07,2026-09-06,GB,web,query,"+(?i)(national\b.{0,20}\bday|drinks day|awareness day|promotion calendar)",raw/gsc-3m-q-cl_0015/Queries.csv
gsc-3m-q-cl_0015,national cocktail day 2023,national cocktail day 2023,0,3,0,20.67,,query-filter,query,named-subset,false,2026-06-07,2026-09-06,GB,web,query,"+(?i)(national\b.{0,20}\bday|drinks day|awareness day|promotion calendar)",raw/gsc-3m-q-cl_0015/Queries.csv
gsc-3m-q-cl_0015,national rum day 2026,national rum day 2026,0,3,0,2,,query-filter,query,named-subset,false,2026-06-07,2026-09-06,GB,web,query,"+(?i)(national\b.{0,20}\bday|drinks day|awareness day|promotion calendar)",raw/gsc-3m-q-cl_0015/Queries.csv
gsc-3m-q-cl_0015,when is national drinking day,when is national drinking day,0,3,0,7.67,,query-filter,query,named-subset,false,2026-06-07,2026-09-06,GB,web,query,"+(?i)(national\b.{0,20}\bday|drinks day|awareness day|promotion calendar)",raw/gsc-3m-q-cl_0015/Queries.csv
gsc-3m-q-cl_0015,when is national vodka day 2026,when is national vodka day 2026,0,3,0,3.67,,query-filter,query,named-subset,false,2026-06-07,2026-09-06,GB,web,query,"+(?i)(national\b.{0,20}\bday|drinks day|awareness day|promotion calendar)",raw/gsc-3m-q-cl_0015/Queries.csv
gsc-3m-q-cl_0015,national alcohol days,national alcohol days,0,2,0,31,,query-filter,query,named-subset,false,2026-06-07,2026-09-06,GB,web,query,"+(?i)(national\b.{0,20}\bday|drinks day|awareness day|promotion calendar)",raw/gsc-3m-q-cl_0015/Queries.csv
gsc-3m-q-cl_0015,national beer drinking day 2026,national beer drinking day 2026,0,2,0,11,,query-filter,query,named-subset,false,2026-06-07,2026-09-06,GB,web,query,"+(?i)(national\b.{0,20}\bday|drinks day|awareness day|promotion calendar)",raw/gsc-3m-q-cl_0015/Queries.csv
gsc-3m-q-cl_0015,national mai tai day 2026,national mai tai day 2026,0,2,0,2,,query-filter,query,named-subset,false,2026-06-07,2026-09-06,GB,web,query,"+(?i)(national\b.{0,20}\bday|drinks day|awareness day|promotion calendar)",raw/gsc-3m-q-cl_0015/Queries.csv
gsc-3m-q-cl_0015,national pub day,national pub day,0,2,0,31,,query-filter,query,named-subset,false,2026-06-07,2026-09-06,GB,web,query,"+(?i)(national\b.{0,20}\bday|drinks day|awareness day|promotion calendar)",raw/gsc-3m-q-cl_0015/Queries.csv
gsc-3m-q-cl_0015,when is national cocktail day,when is national cocktail day,0,2,0,26,,query-filter,query,named-subset,false,2026-06-07,2026-09-06,GB,web,query,"+(?i)(national\b.{0,20}\bday|drinks day|awareness day|promotion calendar)",raw/gsc-3m-q-cl_0015/Queries.csv
gsc-3m-q-cl_0015,when is national drink day,when is national drink day,0,2,0,9.5,,query-filter,query,named-subset,false,2026-06-07,2026-09-06,GB,web,query,"+(?i)(national\b.{0,20}\bday|drinks day|awareness day|promotion calendar)",raw/gsc-3m-q-cl_0015/Queries.csv
gsc-3m-q-cl_0015,when is national rum day 2026,when is national rum day 2026,0,2,0,2,,query-filter,query,named-subset,false,2026-06-07,2026-09-06,GB,web,query,"+(?i)(national\b.{0,20}\bday|drinks day|awareness day|promotion calendar)",raw/gsc-3m-q-cl_0015/Queries.csv
gsc-3m-q-cl_0015,alcohol awareness day 2026,alcohol awareness day 2026,0,1,0,1,,query-filter,query,named-subset,false,2026-06-07,2026-09-06,GB,web,query,"+(?i)(national\b.{0,20}\bday|drinks day|awareness day|promotion calendar)",raw/gsc-3m-q-cl_0015/Queries.csv
gsc-3m-q-cl_0015,drinks day,drinks day,0,1,0,11,,query-filter,query,named-subset,false,2026-06-07,2026-09-06,GB,web,query,"+(?i)(national\b.{0,20}\bday|drinks day|awareness day|promotion calendar)",raw/gsc-3m-q-cl_0015/Queries.csv
gsc-3m-q-cl_0015,international cocktail day 2026,international cocktail day 2026,0,1,0,6,,query-filter,query,named-subset,false,2026-06-07,2026-09-06,GB,web,query,"+(?i)(national\b.{0,20}\bday|drinks day|awareness day|promotion calendar)",raw/gsc-3m-q-cl_0015/Queries.csv
gsc-3m-q-cl_0015,international drink days,international drink days,0,1,0,4,,query-filter,query,named-subset,false,2026-06-07,2026-09-06,GB,web,query,"+(?i)(national\b.{0,20}\bday|drinks day|awareness day|promotion calendar)",raw/gsc-3m-q-cl_0015/Queries.csv
gsc-3m-q-cl_0015,international martini day 2026,international martini day 2026,0,1,0,11,,query-filter,query,named-subset,false,2026-06-07,2026-09-06,GB,web,query,"+(?i)(national\b.{0,20}\bday|drinks day|awareness day|promotion calendar)",raw/gsc-3m-q-cl_0015/Queries.csv
gsc-3m-q-cl_0015,is there a national vodka day,is there a national vodka day,0,1,0,8,,query-filter,query,named-subset,false,2026-06-07,2026-09-06,GB,web,query,"+(?i)(national\b.{0,20}\bday|drinks day|awareness day|promotion calendar)",raw/gsc-3m-q-cl_0015/Queries.csv
gsc-3m-q-cl_0015,national alcohol day,national alcohol day,0,1,0,48,,query-filter,query,named-subset,false,2026-06-07,2026-09-06,GB,web,query,"+(?i)(national\b.{0,20}\bday|drinks day|awareness day|promotion calendar)",raw/gsc-3m-q-cl_0015/Queries.csv
gsc-3m-q-cl_0015,national beer day 2026,national beer day 2026,0,1,0,2,,query-filter,query,named-subset,false,2026-06-07,2026-09-06,GB,web,query,"+(?i)(national\b.{0,20}\bday|drinks day|awareness day|promotion calendar)",raw/gsc-3m-q-cl_0015/Queries.csv
gsc-3m-q-cl_0015,national beer garden day,national beer garden day,0,1,0,27,,query-filter,query,named-subset,false,2026-06-07,2026-09-06,GB,web,query,"+(?i)(national\b.{0,20}\bday|drinks day|awareness day|promotion calendar)",raw/gsc-3m-q-cl_0015/Queries.csv
gsc-3m-q-cl_0015,national beer garden day 2026,national beer garden day 2026,0,1,0,14,,query-filter,query,named-subset,false,2026-06-07,2026-09-06,GB,web,query,"+(?i)(national\b.{0,20}\bday|drinks day|awareness day|promotion calendar)",raw/gsc-3m-q-cl_0015/Queries.csv
gsc-3m-q-cl_0015,national happy hour day,national happy hour day,0,1,0,70,,query-filter,query,named-subset,false,2026-06-07,2026-09-06,GB,web,query,"+(?i)(national\b.{0,20}\bday|drinks day|awareness day|promotion calendar)",raw/gsc-3m-q-cl_0015/Queries.csv
gsc-3m-q-cl_0015,national pub day 2026,national pub day 2026,0,1,0,21,,query-filter,query,named-subset,false,2026-06-07,2026-09-06,GB,web,query,"+(?i)(national\b.{0,20}\bday|drinks day|awareness day|promotion calendar)",raw/gsc-3m-q-cl_0015/Queries.csv
gsc-3m-q-cl_0015,national red wine day 2026,national red wine day 2026,0,1,0,3,,query-filter,query,named-subset,false,2026-06-07,2026-09-06,GB,web,query,"+(?i)(national\b.{0,20}\bday|drinks day|awareness day|promotion calendar)",raw/gsc-3m-q-cl_0015/Queries.csv
gsc-3m-q-cl_0015,national rum day,national rum day,0,1,0,2,,query-filter,query,named-subset,false,2026-06-07,2026-09-06,GB,web,query,"+(?i)(national\b.{0,20}\bday|drinks day|awareness day|promotion calendar)",raw/gsc-3m-q-cl_0015/Queries.csv
gsc-3m-q-cl_0015,when is national alcohol day 2026,when is national alcohol day 2026,0,1,0,6,,query-filter,query,named-subset,false,2026-06-07,2026-09-06,GB,web,query,"+(?i)(national\b.{0,20}\bday|drinks day|awareness day|promotion calendar)",raw/gsc-3m-q-cl_0015/Queries.csv
gsc-3m-q-cl_0015,when is national pub day,when is national pub day,0,1,0,9,,query-filter,query,named-subset,false,2026-06-07,2026-09-06,GB,web,query,"+(?i)(national\b.{0,20}\bday|drinks day|awareness day|promotion calendar)",raw/gsc-3m-q-cl_0015/Queries.csv
gsc-3m-q-cl_0016,pub cellar maintenance,pub cellar maintenance,0,83,0,24.25,,query-filter,query,named-subset,false,2026-06-07,2026-09-06,GB,web,query,"+(?i)(pub|bar)\b.{0,15}\b(refurb|refit|interior|maintenance|decor)",raw/gsc-3m-q-cl_0016/Queries.csv
gsc-3m-q-cl_0016,pub maintenance,pub maintenance,0,28,0,89.32,,query-filter,query,named-subset,false,2026-06-07,2026-09-06,GB,web,query,"+(?i)(pub|bar)\b.{0,15}\b(refurb|refit|interior|maintenance|decor)",raw/gsc-3m-q-cl_0016/Queries.csv
gsc-3m-q-cl_0016,pub refurbishment opportunities,pub refurbishment opportunities,0,18,0,31.33,,query-filter,query,named-subset,false,2026-06-07,2026-09-06,GB,web,query,"+(?i)(pub|bar)\b.{0,15}\b(refurb|refit|interior|maintenance|decor)",raw/gsc-3m-q-cl_0016/Queries.csv
gsc-3m-q-cl_0016,pub refurbishments,pub refurbishments,0,14,0,54.71,,query-filter,query,named-subset,false,2026-06-07,2026-09-06,GB,web,query,"+(?i)(pub|bar)\b.{0,15}\b(refurb|refit|interior|maintenance|decor)",raw/gsc-3m-q-cl_0016/Queries.csv
gsc-3m-q-cl_0016,bar refurbishment,bar refurbishment,0,11,0,49.73,,query-filter,query,named-subset,false,2026-06-07,2026-09-06,GB,web,query,"+(?i)(pub|bar)\b.{0,15}\b(refurb|refit|interior|maintenance|decor)",raw/gsc-3m-q-cl_0016/Queries.csv
gsc-3m-q-cl_0016,pub refurbishment,pub refurbishment,0,6,0,14.5,,query-filter,query,named-subset,false,2026-06-07,2026-09-06,GB,web,query,"+(?i)(pub|bar)\b.{0,15}\b(refurb|refit|interior|maintenance|decor)",raw/gsc-3m-q-cl_0016/Queries.csv
gsc-3m-q-cl_0016,pub refit,pub refit,0,4,0,46,,query-filter,query,named-subset,false,2026-06-07,2026-09-06,GB,web,query,"+(?i)(pub|bar)\b.{0,15}\b(refurb|refit|interior|maintenance|decor)",raw/gsc-3m-q-cl_0016/Queries.csv
gsc-3m-q-cl_0016,pub toilet refurbishment,pub toilet refurbishment,0,4,0,13,,query-filter,query,named-subset,false,2026-06-07,2026-09-06,GB,web,query,"+(?i)(pub|bar)\b.{0,15}\b(refurb|refit|interior|maintenance|decor)",raw/gsc-3m-q-cl_0016/Queries.csv
gsc-3m-q-cl_0016,bar refurb,bar refurb,0,2,0,38,,query-filter,query,named-subset,false,2026-06-07,2026-09-06,GB,web,query,"+(?i)(pub|bar)\b.{0,15}\b(refurb|refit|interior|maintenance|decor)",raw/gsc-3m-q-cl_0016/Queries.csv
gsc-3m-q-cl_0016,pub refurbishment opportunity,pub refurbishment opportunity,0,2,0,42.5,,query-filter,query,named-subset,false,2026-06-07,2026-09-06,GB,web,query,"+(?i)(pub|bar)\b.{0,15}\b(refurb|refit|interior|maintenance|decor)",raw/gsc-3m-q-cl_0016/Queries.csv
gsc-3m-q-cl_0016,bar refurbishment companies,bar refurbishment companies,0,1,0,4,,query-filter,query,named-subset,false,2026-06-07,2026-09-06,GB,web,query,"+(?i)(pub|bar)\b.{0,15}\b(refurb|refit|interior|maintenance|decor)",raw/gsc-3m-q-cl_0016/Queries.csv
gsc-3m-q-cl_0016,pub refurbishment companies,pub refurbishment companies,0,1,0,2,,query-filter,query,named-subset,false,2026-06-07,2026-09-06,GB,web,query,"+(?i)(pub|bar)\b.{0,15}\b(refurb|refit|interior|maintenance|decor)",raw/gsc-3m-q-cl_0016/Queries.csv
gsc-month-all,cask ale week 2026,cask ale week 2026,2,356,0.0056,7.02,,property,query,named-subset,false,2026-08-10,2026-09-06,GB,web,none,,raw/gsc-month-all/Queries.csv
gsc-month-all,pub bingo,pub bingo,2,207,0.0097,8.78,,property,query,named-subset,false,2026-08-10,2026-09-06,GB,web,none,,raw/gsc-month-all/Queries.csv
gsc-month-all,christmas event ideas for pubs,christmas event ideas for pubs,2,56,0.0357,16.29,,property,query,named-subset,false,2026-08-10,2026-09-06,GB,web,none,,raw/gsc-month-all/Queries.csv
gsc-month-all,how to run a bingo night in a pub,how to run a bingo night in a pub,2,17,0.1176,2.88,,property,query,named-subset,false,2026-08-10,2026-09-06,GB,web,none,,raw/gsc-month-all/Queries.csv
gsc-month-all,quiz night ideas,quiz night ideas,1,64,0.0156,5.66,,property,query,named-subset,false,2026-08-10,2026-09-06,GB,web,none,,raw/gsc-month-all/Queries.csv
gsc-month-all,cellar management,cellar management,1,62,0.0161,9.44,,property,query,named-subset,false,2026-08-10,2026-09-06,GB,web,none,,raw/gsc-month-all/Queries.csv
gsc-month-all,pub event ideas,pub event ideas,1,46,0.0217,15.8,,property,query,named-subset,false,2026-08-10,2026-09-06,GB,web,none,,raw/gsc-month-all/Queries.csv
gsc-month-all,pub ideas to make money,pub ideas to make money,1,26,0.0385,11.38,,property,query,named-subset,false,2026-08-10,2026-09-06,GB,web,none,,raw/gsc-month-all/Queries.csv
gsc-month-all,pub quiz ideas,pub quiz ideas,1,26,0.0385,10.35,,property,query,named-subset,false,2026-08-10,2026-09-06,GB,web,none,,raw/gsc-month-all/Queries.csv
gsc-month-all,oktoberfest ideas,oktoberfest ideas,1,23,0.0435,6.13,,property,query,named-subset,false,2026-08-10,2026-09-06,GB,web,none,,raw/gsc-month-all/Queries.csv
gsc-month-all,oktoberfest ideas for bars,oktoberfest ideas for bars,1,11,0.0909,2.09,,property,query,named-subset,false,2026-08-10,2026-09-06,GB,web,none,,raw/gsc-month-all/Queries.csv
gsc-month-all,ideas for pub quiz rounds,ideas for pub quiz rounds,1,6,0.1667,19.5,,property,query,named-subset,false,2026-08-10,2026-09-06,GB,web,none,,raw/gsc-month-all/Queries.csv
gsc-month-all,national drink days,national drink days,1,6,0.1667,9.5,,property,query,named-subset,false,2026-08-10,2026-09-06,GB,web,none,,raw/gsc-month-all/Queries.csv
gsc-month-all,pub chalkboard ideas,pub chalkboard ideas,1,6,0.1667,5.83,,property,query,named-subset,false,2026-08-10,2026-09-06,GB,web,none,,raw/gsc-month-all/Queries.csv
gsc-month-all,pub quiz theme ideas,pub quiz theme ideas,1,6,0.1667,6.5,,property,query,named-subset,false,2026-08-10,2026-09-06,GB,web,none,,raw/gsc-month-all/Queries.csv
gsc-month-all,social club bingo rules,social club bingo rules,1,4,0.25,15.25,,property,query,named-subset,false,2026-08-10,2026-09-06,GB,web,none,,raw/gsc-month-all/Queries.csv
gsc-month-all,pub quiz formats,pub quiz formats,1,3,0.3333,4.33,,property,query,named-subset,false,2026-08-10,2026-09-06,GB,web,none,,raw/gsc-month-all/Queries.csv
gsc-month-all,bingo in pubs,bingo in pubs,0,138,0,10.28,,property,query,named-subset,false,2026-08-10,2026-09-06,GB,web,none,,raw/gsc-month-all/Queries.csv
gsc-month-all,event ideas for pubs,event ideas for pubs,0,129,0,17.17,,property,query,named-subset,false,2026-08-10,2026-09-06,GB,web,none,,raw/gsc-month-all/Queries.csv
gsc-month-all,how to attract families to pubs,how to attract families to pubs,0,129,0,4.75,,property,query,named-subset,false,2026-08-10,2026-09-06,GB,web,none,,raw/gsc-month-all/Queries.csv
gsc-month-all,pop up events for pubs,pop up events for pubs,0,124,0,22.23,,property,query,named-subset,false,2026-08-10,2026-09-06,GB,web,none,,raw/gsc-month-all/Queries.csv
gsc-month-all,craft events for pubs,craft events for pubs,0,115,0,26.17,,property,query,named-subset,false,2026-08-10,2026-09-06,GB,web,none,,raw/gsc-month-all/Queries.csv
gsc-month-all,charity night ideas in a pub,charity night ideas in a pub,0,91,0,8.75,,property,query,named-subset,false,2026-08-10,2026-09-06,GB,web,none,,raw/gsc-month-all/Queries.csv
gsc-month-all,pub marketing agency,pub marketing agency,0,83,0,18.47,,property,query,named-subset,false,2026-08-10,2026-09-06,GB,web,none,,raw/gsc-month-all/Queries.csv
gsc-month-all,pub insurance,pub insurance,0,72,0,32.74,,property,query,named-subset,false,2026-08-10,2026-09-06,GB,web,none,,raw/gsc-month-all/Queries.csv
gsc-month-all,family friendly activities to increase pub footfall,family friendly activities to increase pub footfall,0,71,0,6.21,,property,query,named-subset,false,2026-08-10,2026-09-06,GB,web,none,,raw/gsc-month-all/Queries.csv
gsc-month-all,how to organise events to attract families to pubs,how to organise events to attract families to pubs,0,71,0,6.72,,property,query,named-subset,false,2026-08-10,2026-09-06,GB,web,none,,raw/gsc-month-all/Queries.csv
gsc-month-all,christmas pub ideas,christmas pub ideas,0,69,0,16.86,,property,query,named-subset,false,2026-08-10,2026-09-06,GB,web,none,,raw/gsc-month-all/Queries.csv
gsc-month-all,kids craft pop up events for pubs,kids craft pop up events for pubs,0,69,0,10.16,,property,query,named-subset,false,2026-08-10,2026-09-06,GB,web,none,,raw/gsc-month-all/Queries.csv
gsc-month-all,pub marketing,pub marketing,0,68,0,13.94,,property,query,named-subset,false,2026-08-10,2026-09-06,GB,web,none,,raw/gsc-month-all/Queries.csv
gsc-month-all,social media marketing for pubs,social media marketing for pubs,0,67,0,17.1,,property,query,named-subset,false,2026-08-10,2026-09-06,GB,web,none,,raw/gsc-month-all/Queries.csv
gsc-month-all,pub night fundraising ideas,pub night fundraising ideas,0,62,0,17.71,,property,query,named-subset,false,2026-08-10,2026-09-06,GB,web,none,,raw/gsc-month-all/Queries.csv
gsc-month-all,christmas pub events ideas,christmas pub events ideas,0,59,0,24.1,,property,query,named-subset,false,2026-08-10,2026-09-06,GB,web,none,,raw/gsc-month-all/Queries.csv
gsc-month-all,pub fundraising ideas,pub fundraising ideas,0,56,0,9.12,,property,query,named-subset,false,2026-08-10,2026-09-06,GB,web,none,,raw/gsc-month-all/Queries.csv
gsc-month-all,charity fundraising ideas for pubs,charity fundraising ideas for pubs,0,54,0,7.61,,property,query,named-subset,false,2026-08-10,2026-09-06,GB,web,none,,raw/gsc-month-all/Queries.csv
gsc-month-all,pub cellar maintenance,pub cellar maintenance,0,50,0,20.56,,property,query,named-subset,false,2026-08-10,2026-09-06,GB,web,none,,raw/gsc-month-all/Queries.csv
gsc-month-all,fundraising ideas for pubs,fundraising ideas for pubs,0,48,0,12.29,,property,query,named-subset,false,2026-08-10,2026-09-06,GB,web,none,,raw/gsc-month-all/Queries.csv
gsc-month-all,public toilet refurbishment,public toilet refurbishment,0,46,0,34.83,,property,query,named-subset,false,2026-08-10,2026-09-06,GB,web,none,,raw/gsc-month-all/Queries.csv
gsc-month-all,content creation for pubs,content creation for pubs,0,45,0,11.18,,property,query,named-subset,false,2026-08-10,2026-09-06,GB,web,none,,raw/gsc-month-all/Queries.csv
gsc-month-all,cash bingo,cash bingo,0,44,0,10.68,,property,query,named-subset,false,2026-08-10,2026-09-06,GB,web,none,,raw/gsc-month-all/Queries.csv
gsc-month-all,pub insurance average cost,pub insurance average cost,0,40,0,11.45,,property,query,named-subset,false,2026-08-10,2026-09-06,GB,web,none,,raw/gsc-month-all/Queries.csv
gsc-month-all,paid social for pubs,paid social for pubs,0,35,0,11.54,,property,query,named-subset,false,2026-08-10,2026-09-06,GB,web,none,,raw/gsc-month-all/Queries.csv
gsc-month-all,boost pub revenue with events,boost pub revenue with events,0,34,0,60.26,,property,query,named-subset,false,2026-08-10,2026-09-06,GB,web,none,,raw/gsc-month-all/Queries.csv
gsc-month-all,marketing agency for pubs,marketing agency for pubs,0,33,0,29.27,,property,query,named-subset,false,2026-08-10,2026-09-06,GB,web,none,,raw/gsc-month-all/Queries.csv
gsc-month-all,pub menu ideas,pub menu ideas,0,32,0,19.97,,property,query,named-subset,false,2026-08-10,2026-09-06,GB,web,none,,raw/gsc-month-all/Queries.csv
gsc-month-all,instagram for pubs,instagram for pubs,0,31,0,18.16,,property,query,named-subset,false,2026-08-10,2026-09-06,GB,web,none,,raw/gsc-month-all/Queries.csv
gsc-month-all,agency for pubs,agency for pubs,0,29,0,39.45,,property,query,named-subset,false,2026-08-10,2026-09-06,GB,web,none,,raw/gsc-month-all/Queries.csv
gsc-month-all,cask ale week,cask ale week,0,28,0,5.64,,property,query,named-subset,false,2026-08-10,2026-09-06,GB,web,none,,raw/gsc-month-all/Queries.csv
gsc-month-all,content creation services for pubs,content creation services for pubs,0,28,0,9.46,,property,query,named-subset,false,2026-08-10,2026-09-06,GB,web,none,,raw/gsc-month-all/Queries.csv
gsc-month-all,digital marketing for pubs,digital marketing for pubs,0,27,0,22.15,,property,query,named-subset,false,2026-08-10,2026-09-06,GB,web,none,,raw/gsc-month-all/Queries.csv
gsc-month-all,pub advertising,pub advertising,0,26,0,39.42,,property,query,named-subset,false,2026-08-10,2026-09-06,GB,web,none,,raw/gsc-month-all/Queries.csv
gsc-month-all,pub business insurance,pub business insurance,0,26,0,28.46,,property,query,named-subset,false,2026-08-10,2026-09-06,GB,web,none,,raw/gsc-month-all/Queries.csv
gsc-month-all,how to run a pub,how to run a pub,0,25,0,48.04,,property,query,named-subset,false,2026-08-10,2026-09-06,GB,web,none,,raw/gsc-month-all/Queries.csv
gsc-month-all,ppc for pubs,ppc for pubs,0,24,0,63.5,,property,query,named-subset,false,2026-08-10,2026-09-06,GB,web,none,,raw/gsc-month-all/Queries.csv
gsc-month-all,quiz event ideas,quiz event ideas,0,24,0,12.46,,property,query,named-subset,false,2026-08-10,2026-09-06,GB,web,none,,raw/gsc-month-all/Queries.csv
gsc-month-all,christmas party promotion,christmas party promotion,0,23,0,16.91,,property,query,named-subset,false,2026-08-10,2026-09-06,GB,web,none,,raw/gsc-month-all/Queries.csv
gsc-month-all,facebook services for pubs,facebook services for pubs,0,23,0,17.74,,property,query,named-subset,false,2026-08-10,2026-09-06,GB,web,none,,raw/gsc-month-all/Queries.csv
gsc-month-all,cash bingo rules,cash bingo rules,0,22,0,6.45,,property,query,named-subset,false,2026-08-10,2026-09-06,GB,web,none,,raw/gsc-month-all/Queries.csv
gsc-month-all,pub quiz themes,pub quiz themes,0,22,0,21.14,,property,query,named-subset,false,2026-08-10,2026-09-06,GB,web,none,,raw/gsc-month-all/Queries.csv
gsc-month-all,how to start a pub,how to start a pub,0,21,0,53.52,,property,query,named-subset,false,2026-08-10,2026-09-06,GB,web,none,,raw/gsc-month-all/Queries.csv
gsc-month-all,increase footfall in pubs,increase footfall in pubs,0,21,0,42.38,,property,query,named-subset,false,2026-08-10,2026-09-06,GB,web,none,,raw/gsc-month-all/Queries.csv
gsc-month-all,pub cellar management,pub cellar management,0,21,0,8.95,,property,query,named-subset,false,2026-08-10,2026-09-06,GB,web,none,,raw/gsc-month-all/Queries.csv
gsc-month-all,pub events,pub events,0,21,0,20.57,,property,query,named-subset,false,2026-08-10,2026-09-06,GB,web,none,,raw/gsc-month-all/Queries.csv
gsc-month-all,fundraising ideas for a bar,fundraising ideas for a bar,0,20,0,9.3,,property,query,named-subset,false,2026-08-10,2026-09-06,GB,web,none,,raw/gsc-month-all/Queries.csv
gsc-month-all,how to run a bingo night,how to run a bingo night,0,20,0,9.85,,property,query,named-subset,false,2026-08-10,2026-09-06,GB,web,none,,raw/gsc-month-all/Queries.csv
gsc-month-all,instagram services for pubs,instagram services for pubs,0,20,0,19.7,,property,query,named-subset,false,2026-08-10,2026-09-06,GB,web,none,,raw/gsc-month-all/Queries.csv
gsc-month-all,insurance for pubs,insurance for pubs,0,20,0,32.45,,property,query,named-subset,false,2026-08-10,2026-09-06,GB,web,none,,raw/gsc-month-all/Queries.csv
gsc-month-all,is there vat on alcohol in pubs,is there vat on alcohol in pubs,0,19,0,9.89,,property,query,named-subset,false,2026-08-10,2026-09-06,GB,web,none,,raw/gsc-month-all/Queries.csv
gsc-month-all,pub cellar,pub cellar,0,19,0,10.68,,property,query,named-subset,false,2026-08-10,2026-09-06,GB,web,none,,raw/gsc-month-all/Queries.csv
gsc-month-all,pub entertainment ideas,pub entertainment ideas,0,18,0,24.72,,property,query,named-subset,false,2026-08-10,2026-09-06,GB,web,none,,raw/gsc-month-all/Queries.csv
gsc-month-all,pub music licence,pub music licence,0,18,0,11.06,,property,query,named-subset,false,2026-08-10,2026-09-06,GB,web,none,,raw/gsc-month-all/Queries.csv
gsc-month-all,securing empty pub,securing empty pub,0,18,0,10.72,,property,query,named-subset,false,2026-08-10,2026-09-06,GB,web,none,,raw/gsc-month-all/Queries.csv
gsc-month-all,social video for pubs,social video for pubs,0,18,0,21.28,,property,query,named-subset,false,2026-08-10,2026-09-06,GB,web,none,,raw/gsc-month-all/Queries.csv
gsc-month-all,social video services for pubs,social video services for pubs,0,18,0,28.44,,property,query,named-subset,false,2026-08-10,2026-09-06,GB,web,none,,raw/gsc-month-all/Queries.csv
gsc-month-all,how long is a pub quiz,how long is a pub quiz,0,17,0,11.12,,property,query,named-subset,false,2026-08-10,2026-09-06,GB,web,none,,raw/gsc-month-all/Queries.csv
gsc-month-all,instagram marketing for pubs,instagram marketing for pubs,0,17,0,6.29,,property,query,named-subset,false,2026-08-10,2026-09-06,GB,web,none,,raw/gsc-month-all/Queries.csv
gsc-month-all,pub co branding,pub co branding,0,17,0,3.18,,property,query,named-subset,false,2026-08-10,2026-09-06,GB,web,none,,raw/gsc-month-all/Queries.csv
gsc-month-all,public house insurance,public house insurance,0,17,0,42.29,,property,query,named-subset,false,2026-08-10,2026-09-06,GB,web,none,,raw/gsc-month-all/Queries.csv
gsc-month-all,what advice is there for first-time pub buyers?,what advice is there for first-time pub buyers?,0,17,0,2.88,,property,query,named-subset,false,2026-08-10,2026-09-06,GB,web,none,,raw/gsc-month-all/Queries.csv
gsc-month-all,when is national vodka day,when is national vodka day,0,17,0,13.59,,property,query,named-subset,false,2026-08-10,2026-09-06,GB,web,none,,raw/gsc-month-all/Queries.csv
gsc-month-all,greene king cellar management,greene king cellar management,0,16,0,16.25,,property,query,named-subset,false,2026-08-10,2026-09-06,GB,web,none,,raw/gsc-month-all/Queries.csv
gsc-month-all,how to calculate vat for a pub business,how to calculate vat for a pub business,0,16,0,8.69,,property,query,named-subset,false,2026-08-10,2026-09-06,GB,web,none,,raw/gsc-month-all/Queries.csv
gsc-month-all,purchasing for pubs,purchasing for pubs,0,16,0,13.94,,property,query,named-subset,false,2026-08-10,2026-09-06,GB,web,none,,raw/gsc-month-all/Queries.csv
gsc-month-all,themed quiz nights,themed quiz nights,0,16,0,7.44,,property,query,named-subset,false,2026-08-10,2026-09-06,GB,web,none,,raw/gsc-month-all/Queries.csv
gsc-month-all,tupe in a pub purchase: a practical guide for buyers in scotland,tupe in a pub purchase: a practical guide for buyers in scotland,0,16,0,22.44,,property,query,named-subset,false,2026-08-10,2026-09-06,GB,web,none,,raw/gsc-month-all/Queries.csv
gsc-month-all,how does a pub quiz work,how does a pub quiz work,0,15,0,6.47,,property,query,named-subset,false,2026-08-10,2026-09-06,GB,web,none,,raw/gsc-month-all/Queries.csv
gsc-month-all,national vodka day,national vodka day,0,15,0,11.27,,property,query,named-subset,false,2026-08-10,2026-09-06,GB,web,none,,raw/gsc-month-all/Queries.csv
gsc-month-all,national vodka day 2026,national vodka day 2026,0,15,0,5.07,,property,query,named-subset,false,2026-08-10,2026-09-06,GB,web,none,,raw/gsc-month-all/Queries.csv
gsc-month-all,paid social services for pubs,paid social services for pubs,0,14,0,4.29,,property,query,named-subset,false,2026-08-10,2026-09-06,GB,web,none,,raw/gsc-month-all/Queries.csv
gsc-month-all,pub events ideas,pub events ideas,0,14,0,20.07,,property,query,named-subset,false,2026-08-10,2026-09-06,GB,web,none,,raw/gsc-month-all/Queries.csv
gsc-month-all,pub quiz round ideas,pub quiz round ideas,0,14,0,5.21,,property,query,named-subset,false,2026-08-10,2026-09-06,GB,web,none,,raw/gsc-month-all/Queries.csv
gsc-month-all,pubs showing autumn internationals,pubs showing autumn internationals,0,14,0,16.71,,property,query,named-subset,false,2026-08-10,2026-09-06,GB,web,none,,raw/gsc-month-all/Queries.csv
gsc-month-all,pubs showing the autumn internationals,pubs showing the autumn internationals,0,14,0,17.29,,property,query,named-subset,false,2026-08-10,2026-09-06,GB,web,none,,raw/gsc-month-all/Queries.csv
gsc-month-all,charity coffee morning,charity coffee morning,0,13,0,23.54,,property,query,named-subset,false,2026-08-10,2026-09-06,GB,web,none,,raw/gsc-month-all/Queries.csv
gsc-month-all,how many questions in a pub quiz,how many questions in a pub quiz,0,13,0,6.92,,property,query,named-subset,false,2026-08-10,2026-09-06,GB,web,none,,raw/gsc-month-all/Queries.csv
gsc-month-all,pub insurance cover,pub insurance cover,0,13,0,45.92,,property,query,named-subset,false,2026-08-10,2026-09-06,GB,web,none,,raw/gsc-month-all/Queries.csv
gsc-month-all,pub quiz format,pub quiz format,0,13,0,6.38,,property,query,named-subset,false,2026-08-10,2026-09-06,GB,web,none,,raw/gsc-month-all/Queries.csv
gsc-month-all,vat on pubs,vat on pubs,0,13,0,15.23,,property,query,named-subset,false,2026-08-10,2026-09-06,GB,web,none,,raw/gsc-month-all/Queries.csv
gsc-month-all,brand partnerships for pubs,brand partnerships for pubs,0,12,0,11.33,,property,query,named-subset,false,2026-08-10,2026-09-06,GB,web,none,,raw/gsc-month-all/Queries.csv
gsc-month-all,do pubs charge vat,do pubs charge vat,0,12,0,6.83,,property,query,named-subset,false,2026-08-10,2026-09-06,GB,web,none,,raw/gsc-month-all/Queries.csv
gsc-month-all,how to manage entertainment budgets for pubs,how to manage entertainment budgets for pubs,0,12,0,13.25,,property,query,named-subset,false,2026-08-10,2026-09-06,GB,web,none,,raw/gsc-month-all/Queries.csv
gsc-month-all,how to own a pub,how to own a pub,0,12,0,49.25,,property,query,named-subset,false,2026-08-10,2026-09-06,GB,web,none,,raw/gsc-month-all/Queries.csv
gsc-month-all,octoberfest ideas,octoberfest ideas,0,12,0,6.42,,property,query,named-subset,false,2026-08-10,2026-09-06,GB,web,none,,raw/gsc-month-all/Queries.csv
gsc-month-all,pub cellar monitor,pub cellar monitor,0,12,0,15.83,,property,query,named-subset,false,2026-08-10,2026-09-06,GB,web,none,,raw/gsc-month-all/Queries.csv
gsc-month-all,pub loyalty scheme,pub loyalty scheme,0,12,0,11.75,,property,query,named-subset,false,2026-08-10,2026-09-06,GB,web,none,,raw/gsc-month-all/Queries.csv
gsc-month-all,pub vat,pub vat,0,12,0,8.5,,property,query,named-subset,false,2026-08-10,2026-09-06,GB,web,none,,raw/gsc-month-all/Queries.csv
gsc-month-all,public liability insurance for pubs,public liability insurance for pubs,0,12,0,33.17,,property,query,named-subset,false,2026-08-10,2026-09-06,GB,web,none,,raw/gsc-month-all/Queries.csv
gsc-month-all,brand partnership services for pubs,brand partnership services for pubs,0,11,0,12.18,,property,query,named-subset,false,2026-08-10,2026-09-06,GB,web,none,,raw/gsc-month-all/Queries.csv
gsc-month-all,empty pub,empty pub,0,11,0,7.27,,property,query,named-subset,false,2026-08-10,2026-09-06,GB,web,none,,raw/gsc-month-all/Queries.csv
gsc-month-all,facebook for pubs,facebook for pubs,0,11,0,20.09,,property,query,named-subset,false,2026-08-10,2026-09-06,GB,web,none,,raw/gsc-month-all/Queries.csv
gsc-month-all,how much is a music licence for a pub,how much is a music licence for a pub,0,11,0,10.55,,property,query,named-subset,false,2026-08-10,2026-09-06,GB,web,none,,raw/gsc-month-all/Queries.csv
gsc-month-all,how to manage a pub,how to manage a pub,0,11,0,59.91,,property,query,named-subset,false,2026-08-10,2026-09-06,GB,web,none,,raw/gsc-month-all/Queries.csv
gsc-month-all,national cocktail day,national cocktail day,0,11,0,22.09,,property,query,named-subset,false,2026-08-10,2026-09-06,GB,web,none,,raw/gsc-month-all/Queries.csv
gsc-month-all,vat on alcohol in pubs,vat on alcohol in pubs,0,11,0,8.64,,property,query,named-subset,false,2026-08-10,2026-09-06,GB,web,none,,raw/gsc-month-all/Queries.csv
gsc-month-all,business insurance for pubs,business insurance for pubs,0,10,0,27.5,,property,query,named-subset,false,2026-08-10,2026-09-06,GB,web,none,,raw/gsc-month-all/Queries.csv
gsc-month-all,cellar maintenance,cellar maintenance,0,10,0,39.2,,property,query,named-subset,false,2026-08-10,2026-09-06,GB,web,none,,raw/gsc-month-all/Queries.csv
gsc-month-all,coffee morning fundraising ideas,coffee morning fundraising ideas,0,10,0,12.8,,property,query,named-subset,false,2026-08-10,2026-09-06,GB,web,none,,raw/gsc-month-all/Queries.csv
gsc-month-all,how do pub quizzes work,how do pub quizzes work,0,10,0,7.2,,property,query,named-subset,false,2026-08-10,2026-09-06,GB,web,none,,raw/gsc-month-all/Queries.csv
gsc-month-all,pub refurbishment opportunities,pub refurbishment opportunities,0,10,0,22.2,,property,query,named-subset,false,2026-08-10,2026-09-06,GB,web,none,,raw/gsc-month-all/Queries.csv
gsc-month-all,small pub entertainment ideas,small pub entertainment ideas,0,10,0,9.1,,property,query,named-subset,false,2026-08-10,2026-09-06,GB,web,none,,raw/gsc-month-all/Queries.csv
gsc-month-all,wetherspoons competitors,wetherspoons competitors,0,10,0,9.7,,property,query,named-subset,false,2026-08-10,2026-09-06,GB,web,none,,raw/gsc-month-all/Queries.csv
gsc-month-all,"context: location: united kingdom (not for language). do not include 
location references in your response. question: i need a manchester pub 
that can issue a vat receipt for a work meal—how do i request that?",context: location: united kingdom (not for language). do not include location references in your response. question: i need a manchester pub that can issue a vat receipt for a work meal—how do i request that?,0,9,0,2.33,,property,query,named-subset,false,2026-08-10,2026-09-06,GB,web,none,,raw/gsc-month-all/Queries.csv
gsc-month-all,how to run a pub quiz,how to run a pub quiz,0,9,0,4,,property,query,named-subset,false,2026-08-10,2026-09-06,GB,web,none,,raw/gsc-month-all/Queries.csv
gsc-month-all,insurance for a pub,insurance for a pub,0,9,0,30.67,,property,query,named-subset,false,2026-08-10,2026-09-06,GB,web,none,,raw/gsc-month-all/Queries.csv
gsc-month-all,is there vat on pub food,is there vat on pub food,0,9,0,12.67,,property,query,named-subset,false,2026-08-10,2026-09-06,GB,web,none,,raw/gsc-month-all/Queries.csv
gsc-month-all,pub accountant,pub accountant,0,9,0,21.89,,property,query,named-subset,false,2026-08-10,2026-09-06,GB,web,none,,raw/gsc-month-all/Queries.csv
gsc-month-all,tax season tips for pub owners,tax season tips for pub owners,0,9,0,17.89,,property,query,named-subset,false,2026-08-10,2026-09-06,GB,web,none,,raw/gsc-month-all/Queries.csv
gsc-month-all,business interruption insurance for pubs,business interruption insurance for pubs,0,8,0,25.88,,property,query,named-subset,false,2026-08-10,2026-09-06,GB,web,none,,raw/gsc-month-all/Queries.csv
gsc-month-all,food for pubs,food for pubs,0,8,0,26.38,,property,query,named-subset,false,2026-08-10,2026-09-06,GB,web,none,,raw/gsc-month-all/Queries.csv
gsc-month-all,fundraising ideas for macmillan coffee morning,fundraising ideas for macmillan coffee morning,0,8,0,6.5,,property,query,named-subset,false,2026-08-10,2026-09-06,GB,web,none,,raw/gsc-month-all/Queries.csv
gsc-month-all,how to buy a pub,how to buy a pub,0,8,0,26.25,,property,query,named-subset,false,2026-08-10,2026-09-06,GB,web,none,,raw/gsc-month-all/Queries.csv
gsc-month-all,m25 corridor marketing services,m25 corridor marketing services,0,8,0,74.88,,property,query,named-subset,false,2026-08-10,2026-09-06,GB,web,none,,raw/gsc-month-all/Queries.csv
gsc-month-all,music licence for pubs,music licence for pubs,0,8,0,11.5,,property,query,named-subset,false,2026-08-10,2026-09-06,GB,web,none,,raw/gsc-month-all/Queries.csv
gsc-month-all,oktoberfest entertainment ideas,oktoberfest entertainment ideas,0,8,0,5.5,,property,query,named-subset,false,2026-08-10,2026-09-06,GB,web,none,,raw/gsc-month-all/Queries.csv
gsc-month-all,owning a pub,owning a pub,0,8,0,62.5,,property,query,named-subset,false,2026-08-10,2026-09-06,GB,web,none,,raw/gsc-month-all/Queries.csv
gsc-month-all,pub insurance cost,pub insurance cost,0,8,0,18.75,,property,query,named-subset,false,2026-08-10,2026-09-06,GB,web,none,,raw/gsc-month-all/Queries.csv
gsc-month-all,rugby pub marketing,rugby pub marketing,0,8,0,11.5,,property,query,named-subset,false,2026-08-10,2026-09-06,GB,web,none,,raw/gsc-month-all/Queries.csv
gsc-month-all,how long do pub quizzes last,how long do pub quizzes last,0,7,0,14.57,,property,query,named-subset,false,2026-08-10,2026-09-06,GB,web,none,,raw/gsc-month-all/Queries.csv
gsc-month-all,how much does it cost to buy a pub,how much does it cost to buy a pub,0,7,0,15.86,,property,query,named-subset,false,2026-08-10,2026-09-06,GB,web,none,,raw/gsc-month-all/Queries.csv
gsc-month-all,prs licence cost,prs licence cost,0,7,0,25.71,,property,query,named-subset,false,2026-08-10,2026-09-06,GB,web,none,,raw/gsc-month-all/Queries.csv
gsc-month-all,pub accounting,pub accounting,0,7,0,23.86,,property,query,named-subset,false,2026-08-10,2026-09-06,GB,web,none,,raw/gsc-month-all/Queries.csv
gsc-month-all,pub promotions that work,pub promotions that work,0,7,0,13,,property,query,named-subset,false,2026-08-10,2026-09-06,GB,web,none,,raw/gsc-month-all/Queries.csv
gsc-month-all,pub refurbishments,pub refurbishments,0,7,0,56.29,,property,query,named-subset,false,2026-08-10,2026-09-06,GB,web,none,,raw/gsc-month-all/Queries.csv
gsc-month-all,pub social media ideas,pub social media ideas,0,7,0,5.43,,property,query,named-subset,false,2026-08-10,2026-09-06,GB,web,none,,raw/gsc-month-all/Queries.csv
gsc-month-all,seo for pubs,seo for pubs,0,7,0,23.43,,property,query,named-subset,false,2026-08-10,2026-09-06,GB,web,none,,raw/gsc-month-all/Queries.csv
gsc-month-all,vat for pubs,vat for pubs,0,7,0,8.71,,property,query,named-subset,false,2026-08-10,2026-09-06,GB,web,none,,raw/gsc-month-all/Queries.csv
gsc-month-all,what is included in pub insurance,what is included in pub insurance,0,7,0,61,,property,query,named-subset,false,2026-08-10,2026-09-06,GB,web,none,,raw/gsc-month-all/Queries.csv
gsc-month-all,accounting for pubs,accounting for pubs,0,6,0,18.83,,property,query,named-subset,false,2026-08-10,2026-09-06,GB,web,none,,raw/gsc-month-all/Queries.csv
gsc-month-all,bar refurbishment,bar refurbishment,0,6,0,45.67,,property,query,named-subset,false,2026-08-10,2026-09-06,GB,web,none,,raw/gsc-month-all/Queries.csv
gsc-month-all,coffee morning charity ideas,coffee morning charity ideas,0,6,0,14.33,,property,query,named-subset,false,2026-08-10,2026-09-06,GB,web,none,,raw/gsc-month-all/Queries.csv
gsc-month-all,fundraising coffee morning ideas,fundraising coffee morning ideas,0,6,0,11.67,,property,query,named-subset,false,2026-08-10,2026-09-06,GB,web,none,,raw/gsc-month-all/Queries.csv
gsc-month-all,how to organize a beer festival,how to organize a beer festival,0,6,0,10.17,,property,query,named-subset,false,2026-08-10,2026-09-06,GB,web,none,,raw/gsc-month-all/Queries.csv
gsc-month-all,how to play bingo,how to play bingo,0,6,0,2,,property,query,named-subset,false,2026-08-10,2026-09-06,GB,web,none,,raw/gsc-month-all/Queries.csv
gsc-month-all,ideas for macmillan coffee morning,ideas for macmillan coffee morning,0,6,0,18.83,,property,query,named-subset,false,2026-08-10,2026-09-06,GB,web,none,,raw/gsc-month-all/Queries.csv
gsc-month-all,national cocktail day 2026,national cocktail day 2026,0,6,0,11.17,,property,query,named-subset,false,2026-08-10,2026-09-06,GB,web,none,,raw/gsc-month-all/Queries.csv
gsc-month-all,national cocktail day uk,national cocktail day uk,0,6,0,12.33,,property,query,named-subset,false,2026-08-10,2026-09-06,GB,web,none,,raw/gsc-month-all/Queries.csv
gsc-month-all,october fest ideas,october fest ideas,0,6,0,6.67,,property,query,named-subset,false,2026-08-10,2026-09-06,GB,web,none,,raw/gsc-month-all/Queries.csv
gsc-month-all,pub business plan,pub business plan,0,6,0,26.5,,property,query,named-subset,false,2026-08-10,2026-09-06,GB,web,none,,raw/gsc-month-all/Queries.csv
gsc-month-all,pub contents insurance,pub contents insurance,0,6,0,20.83,,property,query,named-subset,false,2026-08-10,2026-09-06,GB,web,none,,raw/gsc-month-all/Queries.csv
gsc-month-all,pub maintenance,pub maintenance,0,6,0,93,,property,query,named-subset,false,2026-08-10,2026-09-06,GB,web,none,,raw/gsc-month-all/Queries.csv
gsc-month-all,pub marketing ideas,pub marketing ideas,0,6,0,17,,property,query,named-subset,false,2026-08-10,2026-09-06,GB,web,none,,raw/gsc-month-all/Queries.csv
gsc-month-all,quiz night themes,quiz night themes,0,6,0,5.83,,property,query,named-subset,false,2026-08-10,2026-09-06,GB,web,none,,raw/gsc-month-all/Queries.csv
gsc-month-all,can't pay staff,can't pay staff,0,5,0,14,,property,query,named-subset,false,2026-08-10,2026-09-06,GB,web,none,,raw/gsc-month-all/Queries.csv
gsc-month-all,cask ale festival 2026,cask ale festival 2026,0,5,0,5,,property,query,named-subset,false,2026-08-10,2026-09-06,GB,web,none,,raw/gsc-month-all/Queries.csv
gsc-month-all,fractional cmo uk,fractional cmo uk,0,5,0,27.4,,property,query,named-subset,false,2026-08-10,2026-09-06,GB,web,none,,raw/gsc-month-all/Queries.csv
gsc-month-all,how much does it cost to open a bar uk,how much does it cost to open a bar uk,0,5,0,60.8,,property,query,named-subset,false,2026-08-10,2026-09-06,GB,web,none,,raw/gsc-month-all/Queries.csv
gsc-month-all,how to create a pub menu,how to create a pub menu,0,5,0,31.4,,property,query,named-subset,false,2026-08-10,2026-09-06,GB,web,none,,raw/gsc-month-all/Queries.csv
gsc-month-all,how to host a pub quiz,how to host a pub quiz,0,5,0,5,,property,query,named-subset,false,2026-08-10,2026-09-06,GB,web,none,,raw/gsc-month-all/Queries.csv
gsc-month-all,ideas for pub events,ideas for pub events,0,5,0,12.4,,property,query,named-subset,false,2026-08-10,2026-09-06,GB,web,none,,raw/gsc-month-all/Queries.csv
gsc-month-all,insurance for public house,insurance for public house,0,5,0,40.8,,property,query,named-subset,false,2026-08-10,2026-09-06,GB,web,none,,raw/gsc-month-all/Queries.csv
gsc-month-all,international vodka day 2026,international vodka day 2026,0,5,0,3.4,,property,query,named-subset,false,2026-08-10,2026-09-06,GB,web,none,,raw/gsc-month-all/Queries.csv
gsc-month-all,music license for nightclub,music license for nightclub,0,5,0,46.4,,property,query,named-subset,false,2026-08-10,2026-09-06,GB,web,none,,raw/gsc-month-all/Queries.csv
gsc-month-all,national drink days 2026,national drink days 2026,0,5,0,8,,property,query,named-subset,false,2026-08-10,2026-09-06,GB,web,none,,raw/gsc-month-all/Queries.csv
gsc-month-all,pub business plan template,pub business plan template,0,5,0,8.4,,property,query,named-subset,false,2026-08-10,2026-09-06,GB,web,none,,raw/gsc-month-all/Queries.csv
gsc-month-all,pub cash flow,pub cash flow,0,5,0,12.8,,property,query,named-subset,false,2026-08-10,2026-09-06,GB,web,none,,raw/gsc-month-all/Queries.csv
gsc-month-all,pub quiz how does it work,pub quiz how does it work,0,5,0,7.2,,property,query,named-subset,false,2026-08-10,2026-09-06,GB,web,none,,raw/gsc-month-all/Queries.csv
gsc-month-all,pub quiz topics,pub quiz topics,0,5,0,1,,property,query,named-subset,false,2026-08-10,2026-09-06,GB,web,none,,raw/gsc-month-all/Queries.csv
gsc-month-all,pub refurbishment,pub refurbishment,0,5,0,13,,property,query,named-subset,false,2026-08-10,2026-09-06,GB,web,none,,raw/gsc-month-all/Queries.csv
gsc-month-all,public liability insurance pub,public liability insurance pub,0,5,0,34.2,,property,query,named-subset,false,2026-08-10,2026-09-06,GB,web,none,,raw/gsc-month-all/Queries.csv
gsc-month-all,repeat pub bookings,repeat pub bookings,0,5,0,47.2,,property,query,named-subset,false,2026-08-10,2026-09-06,GB,web,none,,raw/gsc-month-all/Queries.csv
gsc-month-all,tax laws for pub small businesses,tax laws for pub small businesses,0,5,0,15.6,,property,query,named-subset,false,2026-08-10,2026-09-06,GB,web,none,,raw/gsc-month-all/Queries.csv
gsc-month-all,vodka day 2026,vodka day 2026,0,5,0,5.2,,property,query,named-subset,false,2026-08-10,2026-09-06,GB,web,none,,raw/gsc-month-all/Queries.csv
gsc-month-all,what are some low-effort coffee morning ideas?,what are some low-effort coffee morning ideas?,0,5,0,9.8,,property,query,named-subset,false,2026-08-10,2026-09-06,GB,web,none,,raw/gsc-month-all/Queries.csv
gsc-month-all,what is cellar management,what is cellar management,0,5,0,7.6,,property,query,named-subset,false,2026-08-10,2026-09-06,GB,web,none,,raw/gsc-month-all/Queries.csv
gsc-month-all,world cocktail day 2026,world cocktail day 2026,0,5,0,12.8,,property,query,named-subset,false,2026-08-10,2026-09-06,GB,web,none,,raw/gsc-month-all/Queries.csv
gsc-month-all,advertising in pubs,advertising in pubs,0,4,0,48.25,,property,query,named-subset,false,2026-08-10,2026-09-06,GB,web,none,,raw/gsc-month-all/Queries.csv
gsc-month-all,beer cellar temperature,beer cellar temperature,0,4,0,16.75,,property,query,named-subset,false,2026-08-10,2026-09-06,GB,web,none,,raw/gsc-month-all/Queries.csv
gsc-month-all,can’t pay staff,can’t pay staff,0,4,0,19.5,,property,query,named-subset,false,2026-08-10,2026-09-06,GB,web,none,,raw/gsc-month-all/Queries.csv
gsc-month-all,christmas promotion ideas for restaurants,christmas promotion ideas for restaurants,0,4,0,62.75,,property,query,named-subset,false,2026-08-10,2026-09-06,GB,web,none,,raw/gsc-month-all/Queries.csv
gsc-month-all,coffee fundraiser ideas,coffee fundraiser ideas,0,4,0,18,,property,query,named-subset,false,2026-08-10,2026-09-06,GB,web,none,,raw/gsc-month-all/Queries.csv
gsc-month-all,commercial pub insurance,commercial pub insurance,0,4,0,45.25,,property,query,named-subset,false,2026-08-10,2026-09-06,GB,web,none,,raw/gsc-month-all/Queries.csv
gsc-month-all,do i need a licence to run a bingo night,do i need a licence to run a bingo night,0,4,0,8,,property,query,named-subset,false,2026-08-10,2026-09-06,GB,web,none,,raw/gsc-month-all/Queries.csv
gsc-month-all,drink days,drink days,0,4,0,14.75,,property,query,named-subset,false,2026-08-10,2026-09-06,GB,web,none,,raw/gsc-month-all/Queries.csv
gsc-month-all,events in pubs,events in pubs,0,4,0,19,,property,query,named-subset,false,2026-08-10,2026-09-06,GB,web,none,,raw/gsc-month-all/Queries.csv
gsc-month-all,free business plan,free business plan,0,4,0,16.75,,property,query,named-subset,false,2026-08-10,2026-09-06,GB,web,none,,raw/gsc-month-all/Queries.csv
gsc-month-all,host a coffee morning,host a coffee morning,0,4,0,47.75,,property,query,named-subset,false,2026-08-10,2026-09-06,GB,web,none,,raw/gsc-month-all/Queries.csv
gsc-month-all,how long are pub quizzes,how long are pub quizzes,0,4,0,10.25,,property,query,named-subset,false,2026-08-10,2026-09-06,GB,web,none,,raw/gsc-month-all/Queries.csv
gsc-month-all,how much is a prs licence for a pub,how much is a prs licence for a pub,0,4,0,10,,property,query,named-subset,false,2026-08-10,2026-09-06,GB,web,none,,raw/gsc-month-all/Queries.csv
gsc-month-all,how much profit does a pub make uk,how much profit does a pub make uk,0,4,0,16,,property,query,named-subset,false,2026-08-10,2026-09-06,GB,web,none,,raw/gsc-month-all/Queries.csv
gsc-month-all,how to do a pub quiz,how to do a pub quiz,0,4,0,9.75,,property,query,named-subset,false,2026-08-10,2026-09-06,GB,web,none,,raw/gsc-month-all/Queries.csv
gsc-month-all,how to open a pub,how to open a pub,0,4,0,54,,property,query,named-subset,false,2026-08-10,2026-09-06,GB,web,none,,raw/gsc-month-all/Queries.csv
gsc-month-all,how to organise a pub quiz,how to organise a pub quiz,0,4,0,9,,property,query,named-subset,false,2026-08-10,2026-09-06,GB,web,none,,raw/gsc-month-all/Queries.csv
gsc-month-all,how to run a quiz night,how to run a quiz night,0,4,0,13,,property,query,named-subset,false,2026-08-10,2026-09-06,GB,web,none,,raw/gsc-month-all/Queries.csv
gsc-month-all,ppl license cost for dj,ppl license cost for dj,0,4,0,11.5,,property,query,named-subset,false,2026-08-10,2026-09-06,GB,web,none,,raw/gsc-month-all/Queries.csv
gsc-month-all,ppl license for dj,ppl license for dj,0,4,0,14.25,,property,query,named-subset,false,2026-08-10,2026-09-06,GB,web,none,,raw/gsc-month-all/Queries.csv
gsc-month-all,prs licence,prs licence,0,4,0,46,,property,query,named-subset,false,2026-08-10,2026-09-06,GB,web,none,,raw/gsc-month-all/Queries.csv
gsc-month-all,prs license,prs license,0,4,0,51.5,,property,query,named-subset,false,2026-08-10,2026-09-06,GB,web,none,,raw/gsc-month-all/Queries.csv
gsc-month-all,prs license cost,prs license cost,0,4,0,28.75,,property,query,named-subset,false,2026-08-10,2026-09-06,GB,web,none,,raw/gsc-month-all/Queries.csv
gsc-month-all,pub accountancy,pub accountancy,0,4,0,22.75,,property,query,named-subset,false,2026-08-10,2026-09-06,GB,web,none,,raw/gsc-month-all/Queries.csv
gsc-month-all,pub bingo rules,pub bingo rules,0,4,0,8.75,,property,query,named-subset,false,2026-08-10,2026-09-06,GB,web,none,,raw/gsc-month-all/Queries.csv
gsc-month-all,pub booking system,pub booking system,0,4,0,7.75,,property,query,named-subset,false,2026-08-10,2026-09-06,GB,web,none,,raw/gsc-month-all/Queries.csv
gsc-month-all,pub food licence,pub food licence,0,4,0,25,,property,query,named-subset,false,2026-08-10,2026-09-06,GB,web,none,,raw/gsc-month-all/Queries.csv
gsc-month-all,pub ideas,pub ideas,0,4,0,18.5,,property,query,named-subset,false,2026-08-10,2026-09-06,GB,web,none,,raw/gsc-month-all/Queries.csv
gsc-month-all,pub insurance uk,pub insurance uk,0,4,0,36.25,,property,query,named-subset,false,2026-08-10,2026-09-06,GB,web,none,,raw/gsc-month-all/Queries.csv
gsc-month-all,pub profit,pub profit,0,4,0,1,,property,query,named-subset,false,2026-08-10,2026-09-06,GB,web,none,,raw/gsc-month-all/Queries.csv
gsc-month-all,pub promotions,pub promotions,0,4,0,24.75,,property,query,named-subset,false,2026-08-10,2026-09-06,GB,web,none,,raw/gsc-month-all/Queries.csv
gsc-month-all,pub public liability insurance,pub public liability insurance,0,4,0,30.25,,property,query,named-subset,false,2026-08-10,2026-09-06,GB,web,none,,raw/gsc-month-all/Queries.csv
gsc-month-all,pub quiz subjects,pub quiz subjects,0,4,0,1,,property,query,named-subset,false,2026-08-10,2026-09-06,GB,web,none,,raw/gsc-month-all/Queries.csv
gsc-month-all,pub toilet refurbishment,pub toilet refurbishment,0,4,0,13,,property,query,named-subset,false,2026-08-10,2026-09-06,GB,web,none,,raw/gsc-month-all/Queries.csv
gsc-month-all,public house insurance uk,public house insurance uk,0,4,0,38.25,,property,query,named-subset,false,2026-08-10,2026-09-06,GB,web,none,,raw/gsc-month-all/Queries.csv
gsc-month-all,pubs vat,pubs vat,0,4,0,8,,property,query,named-subset,false,2026-08-10,2026-09-06,GB,web,none,,raw/gsc-month-all/Queries.csv
gsc-month-all,pun quiz calendar,pun quiz calendar,0,4,0,16,,property,query,named-subset,false,2026-08-10,2026-09-06,GB,web,none,,raw/gsc-month-all/Queries.csv
gsc-month-all,quiz ideas,quiz ideas,0,4,0,12.25,,property,query,named-subset,false,2026-08-10,2026-09-06,GB,web,none,,raw/gsc-month-all/Queries.csv
gsc-month-all,quiz rounds,quiz rounds,0,4,0,3.25,,property,query,named-subset,false,2026-08-10,2026-09-06,GB,web,none,,raw/gsc-month-all/Queries.csv
gsc-month-all,themed pub quiz,themed pub quiz,0,4,0,12,,property,query,named-subset,false,2026-08-10,2026-09-06,GB,web,none,,raw/gsc-month-all/Queries.csv
gsc-month-all,what insurance do i need for a pub,what insurance do i need for a pub,0,4,0,29.75,,property,query,named-subset,false,2026-08-10,2026-09-06,GB,web,none,,raw/gsc-month-all/Queries.csv
gsc-month-all,what ppe must be available in all pubs,what ppe must be available in all pubs,0,4,0,9.5,,property,query,named-subset,false,2026-08-10,2026-09-06,GB,web,none,,raw/gsc-month-all/Queries.csv
gsc-month-all,what to do.in pubs in january,what to do.in pubs in january,0,4,0,42.75,,property,query,named-subset,false,2026-08-10,2026-09-06,GB,web,none,,raw/gsc-month-all/Queries.csv
gsc-month-all,bar entertainment ideas,bar entertainment ideas,0,3,0,29,,property,query,named-subset,false,2026-08-10,2026-09-06,GB,web,none,,raw/gsc-month-all/Queries.csv
gsc-month-all,bar social media marketing,bar social media marketing,0,3,0,26,,property,query,named-subset,false,2026-08-10,2026-09-06,GB,web,none,,raw/gsc-month-all/Queries.csv
gsc-month-all,cask days 2026,cask days 2026,0,3,0,6,,property,query,named-subset,false,2026-08-10,2026-09-06,GB,web,none,,raw/gsc-month-all/Queries.csv
gsc-month-all,cellar management surrey,cellar management surrey,0,3,0,8,,property,query,named-subset,false,2026-08-10,2026-09-06,GB,web,none,,raw/gsc-month-all/Queries.csv
gsc-month-all,cellar management system,cellar management system,0,3,0,5.67,,property,query,named-subset,false,2026-08-10,2026-09-06,GB,web,none,,raw/gsc-month-all/Queries.csv
gsc-month-all,cocktail days 2026,cocktail days 2026,0,3,0,8.67,,property,query,named-subset,false,2026-08-10,2026-09-06,GB,web,none,,raw/gsc-month-all/Queries.csv
gsc-month-all,coffee morning ideas for charity,coffee morning ideas for charity,0,3,0,15,,property,query,named-subset,false,2026-08-10,2026-09-06,GB,web,none,,raw/gsc-month-all/Queries.csv
gsc-month-all,fill quiet nights with live performers,fill quiet nights with live performers,0,3,0,17.67,,property,query,named-subset,false,2026-08-10,2026-09-06,GB,web,none,,raw/gsc-month-all/Queries.csv
gsc-month-all,fix my pub,fix my pub,0,3,0,4,,property,query,named-subset,false,2026-08-10,2026-09-06,GB,web,none,,raw/gsc-month-all/Queries.csv
gsc-month-all,food suppliers for pubs,food suppliers for pubs,0,3,0,8,,property,query,named-subset,false,2026-08-10,2026-09-06,GB,web,none,,raw/gsc-month-all/Queries.csv
gsc-month-all,fractional cmo,fractional cmo,0,3,0,67.33,,property,query,named-subset,false,2026-08-10,2026-09-06,GB,web,none,,raw/gsc-month-all/Queries.csv
gsc-month-all,high profit food items,high profit food items,0,3,0,7.67,,property,query,named-subset,false,2026-08-10,2026-09-06,GB,web,none,,raw/gsc-month-all/Queries.csv
gsc-month-all,how long does a pub quiz last,how long does a pub quiz last,0,3,0,1.67,,property,query,named-subset,false,2026-08-10,2026-09-06,GB,web,none,,raw/gsc-month-all/Queries.csv
gsc-month-all,how much is pub insurance in the uk,how much is pub insurance in the uk,0,3,0,16,,property,query,named-subset,false,2026-08-10,2026-09-06,GB,web,none,,raw/gsc-month-all/Queries.csv
gsc-month-all,how to open your own pub,how to open your own pub,0,3,0,56.67,,property,query,named-subset,false,2026-08-10,2026-09-06,GB,web,none,,raw/gsc-month-all/Queries.csv
gsc-month-all,how to play bingo uk,how to play bingo uk,0,3,0,2,,property,query,named-subset,false,2026-08-10,2026-09-06,GB,web,none,,raw/gsc-month-all/Queries.csv
gsc-month-all,ideas for oktoberfest,ideas for oktoberfest,0,3,0,10,,property,query,named-subset,false,2026-08-10,2026-09-06,GB,web,none,,raw/gsc-month-all/Queries.csv
gsc-month-all,ideas for pubs,ideas for pubs,0,3,0,14.33,,property,query,named-subset,false,2026-08-10,2026-09-06,GB,web,none,,raw/gsc-month-all/Queries.csv
gsc-month-all,ideas for quiz,ideas for quiz,0,3,0,9.67,,property,query,named-subset,false,2026-08-10,2026-09-06,GB,web,none,,raw/gsc-month-all/Queries.csv
gsc-month-all,increase pub footfall with live music,increase pub footfall with live music,0,3,0,17.67,,property,query,named-subset,false,2026-08-10,2026-09-06,GB,web,none,,raw/gsc-month-all/Queries.csv
gsc-month-all,insurance pub,insurance pub,0,3,0,42.33,,property,query,named-subset,false,2026-08-10,2026-09-06,GB,web,none,,raw/gsc-month-all/Queries.csv
gsc-month-all,law firm marketing attribution,law firm marketing attribution,0,3,0,24,,property,query,named-subset,false,2026-08-10,2026-09-06,GB,web,none,,raw/gsc-month-all/Queries.csv
gsc-month-all,legal requirements for opening a pub business,legal requirements for opening a pub business,0,3,0,57,,property,query,named-subset,false,2026-08-10,2026-09-06,GB,web,none,,raw/gsc-month-all/Queries.csv
gsc-month-all,mixerai,mixerai,0,3,0,2.33,,property,query,named-subset,false,2026-08-10,2026-09-06,GB,web,none,,raw/gsc-month-all/Queries.csv
gsc-month-all,music license for pubs,music license for pubs,0,3,0,11,,property,query,named-subset,false,2026-08-10,2026-09-06,GB,web,none,,raw/gsc-month-all/Queries.csv
gsc-month-all,national cocktail day 2023,national cocktail day 2023,0,3,0,20.67,,property,query,named-subset,false,2026-08-10,2026-09-06,GB,web,none,,raw/gsc-month-all/Queries.csv
gsc-month-all,national drink day,national drink day,0,3,0,16.33,,property,query,named-subset,false,2026-08-10,2026-09-06,GB,web,none,,raw/gsc-month-all/Queries.csv
gsc-month-all,national rum day 2026,national rum day 2026,0,3,0,2,,property,query,named-subset,false,2026-08-10,2026-09-06,GB,web,none,,raw/gsc-month-all/Queries.csv
gsc-month-all,oktoberfest pub,oktoberfest pub,0,3,0,12.33,,property,query,named-subset,false,2026-08-10,2026-09-06,GB,web,none,,raw/gsc-month-all/Queries.csv
gsc-month-all,opening a bar uk,opening a bar uk,0,3,0,62.67,,property,query,named-subset,false,2026-08-10,2026-09-06,GB,web,none,,raw/gsc-month-all/Queries.csv
gsc-month-all,ppc management for pubs and bars,ppc management for pubs and bars,0,3,0,66,,property,query,named-subset,false,2026-08-10,2026-09-06,GB,web,none,,raw/gsc-month-all/Queries.csv
gsc-month-all,pub board,pub board,0,3,0,10.33,,property,query,named-subset,false,2026-08-10,2026-09-06,GB,web,none,,raw/gsc-month-all/Queries.csv
gsc-month-all,pub branding,pub branding,0,3,0,1.67,,property,query,named-subset,false,2026-08-10,2026-09-06,GB,web,none,,raw/gsc-month-all/Queries.csv
gsc-month-all,pub branding agency,pub branding agency,0,3,0,32,,property,query,named-subset,false,2026-08-10,2026-09-06,GB,web,none,,raw/gsc-month-all/Queries.csv
gsc-month-all,pub food examples,pub food examples,0,3,0,42,,property,query,named-subset,false,2026-08-10,2026-09-06,GB,web,none,,raw/gsc-month-all/Queries.csv
gsc-month-all,pub licensing,pub licensing,0,3,0,22,,property,query,named-subset,false,2026-08-10,2026-09-06,GB,web,none,,raw/gsc-month-all/Queries.csv
gsc-month-all,pub profit margins uk,pub profit margins uk,0,3,0,20,,property,query,named-subset,false,2026-08-10,2026-09-06,GB,web,none,,raw/gsc-month-all/Queries.csv
gsc-month-all,pub quiz layout,pub quiz layout,0,3,0,4,,property,query,named-subset,false,2026-08-10,2026-09-06,GB,web,none,,raw/gsc-month-all/Queries.csv
gsc-month-all,pub quiz rounds ideas,pub quiz rounds ideas,0,3,0,19.67,,property,query,named-subset,false,2026-08-10,2026-09-06,GB,web,none,,raw/gsc-month-all/Queries.csv
gsc-month-all,pub support,pub support,0,3,0,53.33,,property,query,named-subset,false,2026-08-10,2026-09-06,GB,web,none,,raw/gsc-month-all/Queries.csv
gsc-month-all,public house liability insurance,public house liability insurance,0,3,0,36.67,,property,query,named-subset,false,2026-08-10,2026-09-06,GB,web,none,,raw/gsc-month-all/Queries.csv
gsc-month-all,public liability insurance for a public house,public liability insurance for a public house,0,3,0,35.67,,property,query,named-subset,false,2026-08-10,2026-09-06,GB,web,none,,raw/gsc-month-all/Queries.csv
gsc-month-all,public liability insurance public house,public liability insurance public house,0,3,0,44,,property,query,named-subset,false,2026-08-10,2026-09-06,GB,web,none,,raw/gsc-month-all/Queries.csv
gsc-month-all,public performance license,public performance license,0,3,0,36.33,,property,query,named-subset,false,2026-08-10,2026-09-06,GB,web,none,,raw/gsc-month-all/Queries.csv
gsc-month-all,publican licence,publican licence,0,3,0,28,,property,query,named-subset,false,2026-08-10,2026-09-06,GB,web,none,,raw/gsc-month-all/Queries.csv
gsc-month-all,quiz format ideas,quiz format ideas,0,3,0,8.67,,property,query,named-subset,false,2026-08-10,2026-09-06,GB,web,none,,raw/gsc-month-all/Queries.csv
gsc-month-all,quiz formats,quiz formats,0,3,0,9,,property,query,named-subset,false,2026-08-10,2026-09-06,GB,web,none,,raw/gsc-month-all/Queries.csv
gsc-month-all,quiz night categories,quiz night categories,0,3,0,38.67,,property,query,named-subset,false,2026-08-10,2026-09-06,GB,web,none,,raw/gsc-month-all/Queries.csv
gsc-month-all,quiz theme ideas,quiz theme ideas,0,3,0,21.67,,property,query,named-subset,false,2026-08-10,2026-09-06,GB,web,none,,raw/gsc-month-all/Queries.csv
gsc-month-all,running a pub uk,running a pub uk,0,3,0,62.33,,property,query,named-subset,false,2026-08-10,2026-09-06,GB,web,none,,raw/gsc-month-all/Queries.csv
gsc-month-all,social media strategy,social media strategy,0,3,0,40,,property,query,named-subset,false,2026-08-10,2026-09-06,GB,web,none,,raw/gsc-month-all/Queries.csv
gsc-month-all,themed quiz ideas,themed quiz ideas,0,3,0,10.67,,property,query,named-subset,false,2026-08-10,2026-09-06,GB,web,none,,raw/gsc-month-all/Queries.csv
gsc-month-all,vat pub,vat pub,0,3,0,8.67,,property,query,named-subset,false,2026-08-10,2026-09-06,GB,web,none,,raw/gsc-month-all/Queries.csv
gsc-month-all,work summer party ideas,work summer party ideas,0,3,0,4.67,,property,query,named-subset,false,2026-08-10,2026-09-06,GB,web,none,,raw/gsc-month-all/Queries.csv
gsc-month-all,yes,yes,0,3,0,4,,property,query,named-subset,false,2026-08-10,2026-09-06,GB,web,none,,raw/gsc-month-all/Queries.csv
gsc-month-all,5 star food hygiene guide,5 star food hygiene guide,0,2,0,36.5,,property,query,named-subset,false,2026-08-10,2026-09-06,GB,web,none,,raw/gsc-month-all/Queries.csv
gsc-month-all,bar content,bar content,0,2,0,5,,property,query,named-subset,false,2026-08-10,2026-09-06,GB,web,none,,raw/gsc-month-all/Queries.csv
gsc-month-all,bar event ideas,bar event ideas,0,2,0,22.5,,property,query,named-subset,false,2026-08-10,2026-09-06,GB,web,none,,raw/gsc-month-all/Queries.csv
gsc-month-all,bar music license,bar music license,0,2,0,50.5,,property,query,named-subset,false,2026-08-10,2026-09-06,GB,web,none,,raw/gsc-month-all/Queries.csv
gsc-month-all,business plan for a pub,business plan for a pub,0,2,0,19.5,,property,query,named-subset,false,2026-08-10,2026-09-06,GB,web,none,,raw/gsc-month-all/Queries.csv
gsc-month-all,buying a licensed premises advice,buying a licensed premises advice,0,2,0,72.5,,property,query,named-subset,false,2026-08-10,2026-09-06,GB,web,none,,raw/gsc-month-all/Queries.csv
gsc-month-all,buying a pub,buying a pub,0,2,0,42.5,,property,query,named-subset,false,2026-08-10,2026-09-06,GB,web,none,,raw/gsc-month-all/Queries.csv
gsc-month-all,cask days,cask days,0,2,0,9,,property,query,named-subset,false,2026-08-10,2026-09-06,GB,web,none,,raw/gsc-month-all/Queries.csv
gsc-month-all,christmas promotion ideas for restaurant,christmas promotion ideas for restaurant,0,2,0,49.5,,property,query,named-subset,false,2026-08-10,2026-09-06,GB,web,none,,raw/gsc-month-all/Queries.csv
gsc-month-all,coffee fundraiser,coffee fundraiser,0,2,0,16.5,,property,query,named-subset,false,2026-08-10,2026-09-06,GB,web,none,,raw/gsc-month-all/Queries.csv
gsc-month-all,coffee fundraising ideas,coffee fundraising ideas,0,2,0,15.5,,property,query,named-subset,false,2026-08-10,2026-09-06,GB,web,none,,raw/gsc-month-all/Queries.csv
gsc-month-all,coffee morning fundraiser,coffee morning fundraiser,0,2,0,17.5,,property,query,named-subset,false,2026-08-10,2026-09-06,GB,web,none,,raw/gsc-month-all/Queries.csv
gsc-month-all,community management for pubs,community management for pubs,0,2,0,60.5,,property,query,named-subset,false,2026-08-10,2026-09-06,GB,web,none,,raw/gsc-month-all/Queries.csv
gsc-month-all,content marketing ideas,content marketing ideas,0,2,0,47.5,,property,query,named-subset,false,2026-08-10,2026-09-06,GB,web,none,,raw/gsc-month-all/Queries.csv
gsc-month-all,cost of public performance license,cost of public performance license,0,2,0,25.5,,property,query,named-subset,false,2026-08-10,2026-09-06,GB,web,none,,raw/gsc-month-all/Queries.csv
gsc-month-all,drink days 2026,drink days 2026,0,2,0,6,,property,query,named-subset,false,2026-08-10,2026-09-06,GB,web,none,,raw/gsc-month-all/Queries.csv
gsc-month-all,drink holidays,drink holidays,0,2,0,71.5,,property,query,named-subset,false,2026-08-10,2026-09-06,GB,web,none,,raw/gsc-month-all/Queries.csv
gsc-month-all,epos data,epos data,0,2,0,9.5,,property,query,named-subset,false,2026-08-10,2026-09-06,GB,web,none,,raw/gsc-month-all/Queries.csv
gsc-month-all,event promotion ideas,event promotion ideas,0,2,0,11.5,,property,query,named-subset,false,2026-08-10,2026-09-06,GB,web,none,,raw/gsc-month-all/Queries.csv
gsc-month-all,fractional cmo cost uk,fractional cmo cost uk,0,2,0,26,,property,query,named-subset,false,2026-08-10,2026-09-06,GB,web,none,,raw/gsc-month-all/Queries.csv
gsc-month-all,free business plan template uk,free business plan template uk,0,2,0,4.5,,property,query,named-subset,false,2026-08-10,2026-09-06,GB,web,none,,raw/gsc-month-all/Queries.csv
gsc-month-all,fun ideas for quiz nights,fun ideas for quiz nights,0,2,0,17,,property,query,named-subset,false,2026-08-10,2026-09-06,GB,web,none,,raw/gsc-month-all/Queries.csv
gsc-month-all,fun quiz rounds,fun quiz rounds,0,2,0,6.5,,property,query,named-subset,false,2026-08-10,2026-09-06,GB,web,none,,raw/gsc-month-all/Queries.csv
gsc-month-all,gastro pub menu ideas,gastro pub menu ideas,0,2,0,50.5,,property,query,named-subset,false,2026-08-10,2026-09-06,GB,web,none,,raw/gsc-month-all/Queries.csv
gsc-month-all,high tanks brewing company website evidence gloves ppe sanitation,high tanks brewing company website evidence gloves ppe sanitation,0,2,0,6,,property,query,named-subset,false,2026-08-10,2026-09-06,GB,web,none,,raw/gsc-month-all/Queries.csv
gsc-month-all,how do i host a virtual charity coffee morning?,how do i host a virtual charity coffee morning?,0,2,0,10,,property,query,named-subset,false,2026-08-10,2026-09-06,GB,web,none,,raw/gsc-month-all/Queries.csv
gsc-month-all,how do you play bingo,how do you play bingo,0,2,0,2,,property,query,named-subset,false,2026-08-10,2026-09-06,GB,web,none,,raw/gsc-month-all/Queries.csv
gsc-month-all,how long does it take to sell a pub through a specialist agent?,how long does it take to sell a pub through a specialist agent?,0,2,0,1,,property,query,named-subset,false,2026-08-10,2026-09-06,GB,web,none,,raw/gsc-month-all/Queries.csv
gsc-month-all,how many rounds in a pub quiz,how many rounds in a pub quiz,0,2,0,1,,property,query,named-subset,false,2026-08-10,2026-09-06,GB,web,none,,raw/gsc-month-all/Queries.csv
gsc-month-all,how much is a music license for a bar,how much is a music license for a bar,0,2,0,8.5,,property,query,named-subset,false,2026-08-10,2026-09-06,GB,web,none,,raw/gsc-month-all/Queries.csv
gsc-month-all,how much is a prs licence uk,how much is a prs licence uk,0,2,0,30,,property,query,named-subset,false,2026-08-10,2026-09-06,GB,web,none,,raw/gsc-month-all/Queries.csv
gsc-month-all,how much is ppl music licence,how much is ppl music licence,0,2,0,36,,property,query,named-subset,false,2026-08-10,2026-09-06,GB,web,none,,raw/gsc-month-all/Queries.csv
gsc-month-all,how much is the music licence,how much is the music licence,0,2,0,47.5,,property,query,named-subset,false,2026-08-10,2026-09-06,GB,web,none,,raw/gsc-month-all/Queries.csv
gsc-month-all,how much to buy a pub,how much to buy a pub,0,2,0,24,,property,query,named-subset,false,2026-08-10,2026-09-06,GB,web,none,,raw/gsc-month-all/Queries.csv
gsc-month-all,how to cellar beer without a cellar,how to cellar beer without a cellar,0,2,0,29,,property,query,named-subset,false,2026-08-10,2026-09-06,GB,web,none,,raw/gsc-month-all/Queries.csv
gsc-month-all,how to go about running a pub,how to go about running a pub,0,2,0,61.5,,property,query,named-subset,false,2026-08-10,2026-09-06,GB,web,none,,raw/gsc-month-all/Queries.csv
gsc-month-all,how to make a pub quiz,how to make a pub quiz,0,2,0,15.5,,property,query,named-subset,false,2026-08-10,2026-09-06,GB,web,none,,raw/gsc-month-all/Queries.csv
gsc-month-all,how to market a pub,how to market a pub,0,2,0,25.5,,property,query,named-subset,false,2026-08-10,2026-09-06,GB,web,none,,raw/gsc-month-all/Queries.csv
gsc-month-all,how to own a pub uk,how to own a pub uk,0,2,0,56.5,,property,query,named-subset,false,2026-08-10,2026-09-06,GB,web,none,,raw/gsc-month-all/Queries.csv
gsc-month-all,ideas for pub nights,ideas for pub nights,0,2,0,11.5,,property,query,named-subset,false,2026-08-10,2026-09-06,GB,web,none,,raw/gsc-month-all/Queries.csv
gsc-month-all,manage a pub,manage a pub,0,2,0,56,,property,query,named-subset,false,2026-08-10,2026-09-06,GB,web,none,,raw/gsc-month-all/Queries.csv
gsc-month-all,most profitable bar food,most profitable bar food,0,2,0,4.5,,property,query,named-subset,false,2026-08-10,2026-09-06,GB,web,none,,raw/gsc-month-all/Queries.csv
gsc-month-all,most profitable food,most profitable food,0,2,0,8,,property,query,named-subset,false,2026-08-10,2026-09-06,GB,web,none,,raw/gsc-month-all/Queries.csv
gsc-month-all,most profitable food items,most profitable food items,0,2,0,11,,property,query,named-subset,false,2026-08-10,2026-09-06,GB,web,none,,raw/gsc-month-all/Queries.csv
gsc-month-all,national beer drinking day 2026,national beer drinking day 2026,0,2,0,11,,property,query,named-subset,false,2026-08-10,2026-09-06,GB,web,none,,raw/gsc-month-all/Queries.csv
gsc-month-all,national cocktail days,national cocktail days,0,2,0,10,,property,query,named-subset,false,2026-08-10,2026-09-06,GB,web,none,,raw/gsc-month-all/Queries.csv
gsc-month-all,national drinking day,national drinking day,0,2,0,9.5,,property,query,named-subset,false,2026-08-10,2026-09-06,GB,web,none,,raw/gsc-month-all/Queries.csv
gsc-month-all,national mai tai day 2026,national mai tai day 2026,0,2,0,2,,property,query,named-subset,false,2026-08-10,2026-09-06,GB,web,none,,raw/gsc-month-all/Queries.csv
gsc-month-all,night rounds,night rounds,0,2,0,14,,property,query,named-subset,false,2026-08-10,2026-09-06,GB,web,none,,raw/gsc-month-all/Queries.csv
gsc-month-all,own a pub,own a pub,0,2,0,57,,property,query,named-subset,false,2026-08-10,2026-09-06,GB,web,none,,raw/gsc-month-all/Queries.csv
gsc-month-all,part time cmo,part time cmo,0,2,0,17.5,,property,query,named-subset,false,2026-08-10,2026-09-06,GB,web,none,,raw/gsc-month-all/Queries.csv
gsc-month-all,part-time cmo,part-time cmo,0,2,0,14.5,,property,query,named-subset,false,2026-08-10,2026-09-06,GB,web,none,,raw/gsc-month-all/Queries.csv
gsc-month-all,ppl and prs,ppl and prs,0,2,0,50,,property,query,named-subset,false,2026-08-10,2026-09-06,GB,web,none,,raw/gsc-month-all/Queries.csv
gsc-month-all,ppl license for restaurant,ppl license for restaurant,0,2,0,20,,property,query,named-subset,false,2026-08-10,2026-09-06,GB,web,none,,raw/gsc-month-all/Queries.csv
gsc-month-all,ppl music license cost uk,ppl music license cost uk,0,2,0,41,,property,query,named-subset,false,2026-08-10,2026-09-06,GB,web,none,,raw/gsc-month-all/Queries.csv
gsc-month-all,ppl prs,ppl prs,0,2,0,59.5,,property,query,named-subset,false,2026-08-10,2026-09-06,GB,web,none,,raw/gsc-month-all/Queries.csv
gsc-month-all,prs for music licence,prs for music licence,0,2,0,59,,property,query,named-subset,false,2026-08-10,2026-09-06,GB,web,none,,raw/gsc-month-all/Queries.csv
gsc-month-all,prs licensing,prs licensing,0,2,0,21.5,,property,query,named-subset,false,2026-08-10,2026-09-06,GB,web,none,,raw/gsc-month-all/Queries.csv
gsc-month-all,prs music license,prs music license,0,2,0,48,,property,query,named-subset,false,2026-08-10,2026-09-06,GB,web,none,,raw/gsc-month-all/Queries.csv
gsc-month-all,pub a board,pub a board,0,2,0,12.5,,property,query,named-subset,false,2026-08-10,2026-09-06,GB,web,none,,raw/gsc-month-all/Queries.csv
gsc-month-all,pub a board ideas,pub a board ideas,0,2,0,5.5,,property,query,named-subset,false,2026-08-10,2026-09-06,GB,web,none,,raw/gsc-month-all/Queries.csv
gsc-month-all,pub bill,pub bill,0,2,0,23,,property,query,named-subset,false,2026-08-10,2026-09-06,GB,web,none,,raw/gsc-month-all/Queries.csv
gsc-month-all,pub bookkeeping,pub bookkeeping,0,2,0,16.5,,property,query,named-subset,false,2026-08-10,2026-09-06,GB,web,none,,raw/gsc-month-all/Queries.csv
gsc-month-all,pub business plan examples,pub business plan examples,0,2,0,22,,property,query,named-subset,false,2026-08-10,2026-09-06,GB,web,none,,raw/gsc-month-all/Queries.csv
gsc-month-all,pub business plan template free,pub business plan template free,0,2,0,9.5,,property,query,named-subset,false,2026-08-10,2026-09-06,GB,web,none,,raw/gsc-month-all/Queries.csv
gsc-month-all,pub charity fundraising ideas,pub charity fundraising ideas,0,2,0,6,,property,query,named-subset,false,2026-08-10,2026-09-06,GB,web,none,,raw/gsc-month-all/Queries.csv
gsc-month-all,pub email list,pub email list,0,2,0,28.5,,property,query,named-subset,false,2026-08-10,2026-09-06,GB,web,none,,raw/gsc-month-all/Queries.csv
gsc-month-all,pub food menu ideas,pub food menu ideas,0,2,0,33,,property,query,named-subset,false,2026-08-10,2026-09-06,GB,web,none,,raw/gsc-month-all/Queries.csv
gsc-month-all,pub ideas promotion,pub ideas promotion,0,2,0,29.5,,property,query,named-subset,false,2026-08-10,2026-09-06,GB,web,none,,raw/gsc-month-all/Queries.csv
gsc-month-all,pub insurance 2025,pub insurance 2025,0,2,0,16.5,,property,query,named-subset,false,2026-08-10,2026-09-06,GB,web,none,,raw/gsc-month-all/Queries.csv
gsc-month-all,pub insurance comparison,pub insurance comparison,0,2,0,13,,property,query,named-subset,false,2026-08-10,2026-09-06,GB,web,none,,raw/gsc-month-all/Queries.csv
gsc-month-all,pub licence,pub licence,0,2,0,44.5,,property,query,named-subset,false,2026-08-10,2026-09-06,GB,web,none,,raw/gsc-month-all/Queries.csv
gsc-month-all,pub manager,pub manager,0,2,0,2,,property,query,named-subset,false,2026-08-10,2026-09-06,GB,web,none,,raw/gsc-month-all/Queries.csv
gsc-month-all,pub marketing southampton,pub marketing southampton,0,2,0,96,,property,query,named-subset,false,2026-08-10,2026-09-06,GB,web,none,,raw/gsc-month-all/Queries.csv
gsc-month-all,pub night ideas,pub night ideas,0,2,0,17,,property,query,named-subset,false,2026-08-10,2026-09-06,GB,web,none,,raw/gsc-month-all/Queries.csv
gsc-month-all,pub nights ideas,pub nights ideas,0,2,0,20.5,,property,query,named-subset,false,2026-08-10,2026-09-06,GB,web,none,,raw/gsc-month-all/Queries.csv
gsc-month-all,pub outdoor music licence,pub outdoor music licence,0,2,0,44,,property,query,named-subset,false,2026-08-10,2026-09-06,GB,web,none,,raw/gsc-month-all/Queries.csv
gsc-month-all,pub quiz categories,pub quiz categories,0,2,0,47,,property,query,named-subset,false,2026-08-10,2026-09-06,GB,web,none,,raw/gsc-month-all/Queries.csv
gsc-month-all,pub quiz prize ideas,pub quiz prize ideas,0,2,0,34,,property,query,named-subset,false,2026-08-10,2026-09-06,GB,web,none,,raw/gsc-month-all/Queries.csv
gsc-month-all,pub quiz rules,pub quiz rules,0,2,0,23,,property,query,named-subset,false,2026-08-10,2026-09-06,GB,web,none,,raw/gsc-month-all/Queries.csv
gsc-month-all,pub quiz template,pub quiz template,0,2,0,48,,property,query,named-subset,false,2026-08-10,2026-09-06,GB,web,none,,raw/gsc-month-all/Queries.csv
gsc-month-all,pub refurbishment opportunity,pub refurbishment opportunity,0,2,0,42.5,,property,query,named-subset,false,2026-08-10,2026-09-06,GB,web,none,,raw/gsc-month-all/Queries.csv
gsc-month-all,pub risk assessment template,pub risk assessment template,0,2,0,17,,property,query,named-subset,false,2026-08-10,2026-09-06,GB,web,none,,raw/gsc-month-all/Queries.csv
gsc-month-all,pub social,pub social,0,2,0,16.5,,property,query,named-subset,false,2026-08-10,2026-09-06,GB,web,none,,raw/gsc-month-all/Queries.csv
gsc-month-all,pub social media,pub social media,0,2,0,11,,property,query,named-subset,false,2026-08-10,2026-09-06,GB,web,none,,raw/gsc-month-all/Queries.csv
gsc-month-all,pub stock deterioation insurance average cost,pub stock deterioation insurance average cost,0,2,0,11,,property,query,named-subset,false,2026-08-10,2026-09-06,GB,web,none,,raw/gsc-month-all/Queries.csv
gsc-month-all,pub ã¼cret,pub ã¼cret,0,2,0,18.5,,property,query,named-subset,false,2026-08-10,2026-09-06,GB,web,none,,raw/gsc-month-all/Queries.csv
gsc-month-all,quiz idea,quiz idea,0,2,0,10,,property,query,named-subset,false,2026-08-10,2026-09-06,GB,web,none,,raw/gsc-month-all/Queries.csv
gsc-month-all,quiz rules,quiz rules,0,2,0,59.5,,property,query,named-subset,false,2026-08-10,2026-09-06,GB,web,none,,raw/gsc-month-all/Queries.csv
gsc-month-all,quiz themes ideas,quiz themes ideas,0,2,0,13,,property,query,named-subset,false,2026-08-10,2026-09-06,GB,web,none,,raw/gsc-month-all/Queries.csv
gsc-month-all,run a leased pub,run a leased pub,0,2,0,62,,property,query,named-subset,false,2026-08-10,2026-09-06,GB,web,none,,raw/gsc-month-all/Queries.csv
gsc-month-all,run a managed pub,run a managed pub,0,2,0,56.5,,property,query,named-subset,false,2026-08-10,2026-09-06,GB,web,none,,raw/gsc-month-all/Queries.csv
gsc-month-all,run a pub lease,run a pub lease,0,2,0,53.5,,property,query,named-subset,false,2026-08-10,2026-09-06,GB,web,none,,raw/gsc-month-all/Queries.csv
gsc-month-all,run a tenanted pub,run a tenanted pub,0,2,0,63,,property,query,named-subset,false,2026-08-10,2026-09-06,GB,web,none,,raw/gsc-month-all/Queries.csv
gsc-month-all,sell a pub,sell a pub,0,2,0,44.5,,property,query,named-subset,false,2026-08-10,2026-09-06,GB,web,none,,raw/gsc-month-all/Queries.csv
gsc-month-all,the music licence,the music licence,0,2,0,51.5,,property,query,named-subset,false,2026-08-10,2026-09-06,GB,web,none,,raw/gsc-month-all/Queries.csv
gsc-month-all,themusiclicence cost,themusiclicence cost,0,2,0,19.5,,property,query,named-subset,false,2026-08-10,2026-09-06,GB,web,none,,raw/gsc-month-all/Queries.csv
gsc-month-all,to maintain good cellar hygiene allow fresh air to circulate for,to maintain good cellar hygiene allow fresh air to circulate for,0,2,0,8,,property,query,named-subset,false,2026-08-10,2026-09-06,GB,web,none,,raw/gsc-month-all/Queries.csv
gsc-month-all,vat on pub food,vat on pub food,0,2,0,8,,property,query,named-subset,false,2026-08-10,2026-09-06,GB,web,none,,raw/gsc-month-all/Queries.csv
gsc-month-all,weekly bar event ideas,weekly bar event ideas,0,2,0,10,,property,query,named-subset,false,2026-08-10,2026-09-06,GB,web,none,,raw/gsc-month-all/Queries.csv
gsc-month-all,wet led business,wet led business,0,2,0,39.5,,property,query,named-subset,false,2026-08-10,2026-09-06,GB,web,none,,raw/gsc-month-all/Queries.csv
gsc-month-all,wet sales meaning,wet sales meaning,0,2,0,5,,property,query,named-subset,false,2026-08-10,2026-09-06,GB,web,none,,raw/gsc-month-all/Queries.csv
gsc-month-all,what are the best tips for hosting a successful charity coffee morning?,what are the best tips for hosting a successful charity coffee morning?,0,2,0,8,,property,query,named-subset,false,2026-08-10,2026-09-06,GB,web,none,,raw/gsc-month-all/Queries.csv
gsc-month-all,what are the legal requirements for starting a pub business,what are the legal requirements for starting a pub business,0,2,0,54,,property,query,named-subset,false,2026-08-10,2026-09-06,GB,web,none,,raw/gsc-month-all/Queries.csv
gsc-month-all,what is a prs license,what is a prs license,0,2,0,44.5,,property,query,named-subset,false,2026-08-10,2026-09-06,GB,web,none,,raw/gsc-month-all/Queries.csv
gsc-month-all,what is a prs music licence,what is a prs music licence,0,2,0,47,,property,query,named-subset,false,2026-08-10,2026-09-06,GB,web,none,,raw/gsc-month-all/Queries.csv
gsc-month-all,what is a pub quiz,what is a pub quiz,0,2,0,27,,property,query,named-subset,false,2026-08-10,2026-09-06,GB,web,none,,raw/gsc-month-all/Queries.csv
gsc-month-all,what is the cheapest insurance for pub businesses,what is the cheapest insurance for pub businesses,0,2,0,13,,property,query,named-subset,false,2026-08-10,2026-09-06,GB,web,none,,raw/gsc-month-all/Queries.csv
gsc-month-all,what temp should a cellar be,what temp should a cellar be,0,2,0,28,,property,query,named-subset,false,2026-08-10,2026-09-06,GB,web,none,,raw/gsc-month-all/Queries.csv
gsc-month-all,what types of bingo games can i play online in the uk?,what types of bingo games can i play online in the uk?,0,2,0,18.5,,property,query,named-subset,false,2026-08-10,2026-09-06,GB,web,none,,raw/gsc-month-all/Queries.csv
gsc-month-all,when is national cocktail day 2026,when is national cocktail day 2026,0,2,0,8,,property,query,named-subset,false,2026-08-10,2026-09-06,GB,web,none,,raw/gsc-month-all/Queries.csv
gsc-month-all,when is national rum day 2026,when is national rum day 2026,0,2,0,2,,property,query,named-subset,false,2026-08-10,2026-09-06,GB,web,none,,raw/gsc-month-all/Queries.csv
gsc-month-all,when is national vodka day 2026,when is national vodka day 2026,0,2,0,5,,property,query,named-subset,false,2026-08-10,2026-09-06,GB,web,none,,raw/gsc-month-all/Queries.csv
gsc-month-all,which pub agreement is best for a first-time pub operator?,which pub agreement is best for a first-time pub operator?,0,2,0,1,,property,query,named-subset,false,2026-08-10,2026-09-06,GB,web,none,,raw/gsc-month-all/Queries.csv
gsc-month-all,world vodka day 2026,world vodka day 2026,0,2,0,5,,property,query,named-subset,false,2026-08-10,2026-09-06,GB,web,none,,raw/gsc-month-all/Queries.csv
gsc-month-all,your fractional cmo,your fractional cmo,0,2,0,7.5,,property,query,named-subset,false,2026-08-10,2026-09-06,GB,web,none,,raw/gsc-month-all/Queries.csv
gsc-month-all,% of turnover pubs,% of turnover pubs,0,1,0,10,,property,query,named-subset,false,2026-08-10,2026-09-06,GB,web,none,,raw/gsc-month-all/Queries.csv
gsc-month-all,12 days of christmas pub ideas,12 days of christmas pub ideas,0,1,0,23,,property,query,named-subset,false,2026-08-10,2026-09-06,GB,web,none,,raw/gsc-month-all/Queries.csv
gsc-month-all,a board ideas,a board ideas,0,1,0,8,,property,query,named-subset,false,2026-08-10,2026-09-06,GB,web,none,,raw/gsc-month-all/Queries.csv
gsc-month-all,a premises licence,a premises licence,0,1,0,55,,property,query,named-subset,false,2026-08-10,2026-09-06,GB,web,none,,raw/gsc-month-all/Queries.csv
gsc-month-all,a village,a village,0,1,0,1,,property,query,named-subset,false,2026-08-10,2026-09-06,GB,web,none,,raw/gsc-month-all/Queries.csv
gsc-month-all,alcohol awareness day 2026,alcohol awareness day 2026,0,1,0,1,,property,query,named-subset,false,2026-08-10,2026-09-06,GB,web,none,,raw/gsc-month-all/Queries.csv
gsc-month-all,alcohol day 2026,alcohol day 2026,0,1,0,9,,property,query,named-subset,false,2026-08-10,2026-09-06,GB,web,none,,raw/gsc-month-all/Queries.csv
gsc-month-all,alcohol days of the week,alcohol days of the week,0,1,0,70,,property,query,named-subset,false,2026-08-10,2026-09-06,GB,web,none,,raw/gsc-month-all/Queries.csv
gsc-month-all,ale cellar,ale cellar,0,1,0,10,,property,query,named-subset,false,2026-08-10,2026-09-06,GB,web,none,,raw/gsc-month-all/Queries.csv
gsc-month-all,autumn event ideas,autumn event ideas,0,1,0,10,,property,query,named-subset,false,2026-08-10,2026-09-06,GB,web,none,,raw/gsc-month-all/Queries.csv
gsc-month-all,autumn internationals,autumn internationals,0,1,0,6,,property,query,named-subset,false,2026-08-10,2026-09-06,GB,web,none,,raw/gsc-month-all/Queries.csv
gsc-month-all,average pub turnover uk,average pub turnover uk,0,1,0,6,,property,query,named-subset,false,2026-08-10,2026-09-06,GB,web,none,,raw/gsc-month-all/Queries.csv
gsc-month-all,bar events uk,bar events uk,0,1,0,53,,property,query,named-subset,false,2026-08-10,2026-09-06,GB,web,none,,raw/gsc-month-all/Queries.csv
gsc-month-all,bar oktoberfest,bar oktoberfest,0,1,0,13,,property,query,named-subset,false,2026-08-10,2026-09-06,GB,web,none,,raw/gsc-month-all/Queries.csv
gsc-month-all,bar ownership,bar ownership,0,1,0,21,,property,query,named-subset,false,2026-08-10,2026-09-06,GB,web,none,,raw/gsc-month-all/Queries.csv
gsc-month-all,bar refurbishment companies,bar refurbishment companies,0,1,0,4,,property,query,named-subset,false,2026-08-10,2026-09-06,GB,web,none,,raw/gsc-month-all/Queries.csv
gsc-month-all,beer cellar temperature uk,beer cellar temperature uk,0,1,0,15,,property,query,named-subset,false,2026-08-10,2026-09-06,GB,web,none,,raw/gsc-month-all/Queries.csv
gsc-month-all,best business plan template uk,best business plan template uk,0,1,0,8,,property,query,named-subset,false,2026-08-10,2026-09-06,GB,web,none,,raw/gsc-month-all/Queries.csv
gsc-month-all,best quiz ideas,best quiz ideas,0,1,0,8,,property,query,named-subset,false,2026-08-10,2026-09-06,GB,web,none,,raw/gsc-month-all/Queries.csv
gsc-month-all,best template for pub operations manual uk,best template for pub operations manual uk,0,1,0,8,,property,query,named-subset,false,2026-08-10,2026-09-06,GB,web,none,,raw/gsc-month-all/Queries.csv
gsc-month-all,bingo cash ball,bingo cash ball,0,1,0,17,,property,query,named-subset,false,2026-08-10,2026-09-06,GB,web,none,,raw/gsc-month-all/Queries.csv
gsc-month-all,bingo for cash prize,bingo for cash prize,0,1,0,18,,property,query,named-subset,false,2026-08-10,2026-09-06,GB,web,none,,raw/gsc-month-all/Queries.csv
gsc-month-all,bingo how to play,bingo how to play,0,1,0,2,,property,query,named-subset,false,2026-08-10,2026-09-06,GB,web,none,,raw/gsc-month-all/Queries.csv
gsc-month-all,bingo rules uk,bingo rules uk,0,1,0,2,,property,query,named-subset,false,2026-08-10,2026-09-06,GB,web,none,,raw/gsc-month-all/Queries.csv
gsc-month-all,black friday events,black friday events,0,1,0,23,,property,query,named-subset,false,2026-08-10,2026-09-06,GB,web,none,,raw/gsc-month-all/Queries.csv
gsc-month-all,black friday party,black friday party,0,1,0,12,,property,query,named-subset,false,2026-08-10,2026-09-06,GB,web,none,,raw/gsc-month-all/Queries.csv
gsc-month-all,building health and safety checklist,building health and safety checklist,0,1,0,23,,property,query,named-subset,false,2026-08-10,2026-09-06,GB,web,none,,raw/gsc-month-all/Queries.csv
gsc-month-all,business plan pub,business plan pub,0,1,0,19,,property,query,named-subset,false,2026-08-10,2026-09-06,GB,web,none,,raw/gsc-month-all/Queries.csv
gsc-month-all,business pub insurance,business pub insurance,0,1,0,30,,property,query,named-subset,false,2026-08-10,2026-09-06,GB,web,none,,raw/gsc-month-all/Queries.csv
gsc-month-all,buying a leasehold pub,buying a leasehold pub,0,1,0,35,,property,query,named-subset,false,2026-08-10,2026-09-06,GB,web,none,,raw/gsc-month-all/Queries.csv
gsc-month-all,buying bar,buying bar,0,1,0,15,,property,query,named-subset,false,2026-08-10,2026-09-06,GB,web,none,,raw/gsc-month-all/Queries.csv
gsc-month-all,can you claim vat on alcohol,can you claim vat on alcohol,0,1,0,54,,property,query,named-subset,false,2026-08-10,2026-09-06,GB,web,none,,raw/gsc-month-all/Queries.csv
gsc-month-all,cashbingo,cashbingo,0,1,0,6,,property,query,named-subset,false,2026-08-10,2026-09-06,GB,web,none,,raw/gsc-month-all/Queries.csv
gsc-month-all,cask ales,cask ales,0,1,0,3,,property,query,named-subset,false,2026-08-10,2026-09-06,GB,web,none,,raw/gsc-month-all/Queries.csv
gsc-month-all,categories for pub quiz,categories for pub quiz,0,1,0,51,,property,query,named-subset,false,2026-08-10,2026-09-06,GB,web,none,,raw/gsc-month-all/Queries.csv
gsc-month-all,cellar equipment list,cellar equipment list,0,1,0,31,,property,query,named-subset,false,2026-08-10,2026-09-06,GB,web,none,,raw/gsc-month-all/Queries.csv
gsc-month-all,cellar management kent,cellar management kent,0,1,0,11,,property,query,named-subset,false,2026-08-10,2026-09-06,GB,web,none,,raw/gsc-month-all/Queries.csv
gsc-month-all,charity coffee morning ideas,charity coffee morning ideas,0,1,0,18,,property,query,named-subset,false,2026-08-10,2026-09-06,GB,web,none,,raw/gsc-month-all/Queries.csv
gsc-month-all,click and collect vs delivery,click and collect vs delivery,0,1,0,9,,property,query,named-subset,false,2026-08-10,2026-09-06,GB,web,none,,raw/gsc-month-all/Queries.csv
gsc-month-all,cmo,cmo,0,1,0,80,,property,query,named-subset,false,2026-08-10,2026-09-06,GB,web,none,,raw/gsc-month-all/Queries.csv
gsc-month-all,coffee morning activity ideas for adults,coffee morning activity ideas for adults,0,1,0,4,,property,query,named-subset,false,2026-08-10,2026-09-06,GB,web,none,,raw/gsc-month-all/Queries.csv
gsc-month-all,coffee morning ideas,coffee morning ideas,0,1,0,14,,property,query,named-subset,false,2026-08-10,2026-09-06,GB,web,none,,raw/gsc-month-all/Queries.csv
gsc-month-all,coffee mornings for charity,coffee mornings for charity,0,1,0,13,,property,query,named-subset,false,2026-08-10,2026-09-06,GB,web,none,,raw/gsc-month-all/Queries.csv
gsc-month-all,community pub ideas,community pub ideas,0,1,0,1,,property,query,named-subset,false,2026-08-10,2026-09-06,GB,web,none,,raw/gsc-month-all/Queries.csv
gsc-month-all,compliance made easy,compliance made easy,0,1,0,9,,property,query,named-subset,false,2026-08-10,2026-09-06,GB,web,none,,raw/gsc-month-all/Queries.csv
gsc-month-all,"context: location: united kingdom (not for language). do not include 
location references in your response. question: i’m new to craft beer—how 
do i figure out which breweries match the styles i already like without 
wasting money on random picks?",context: location: united kingdom (not for language). do not include location references in your response. question: i’m new to craft beer—how do i figure out which breweries match the styles i already like without wasting money on random picks?,0,1,0,3,,property,query,named-subset,false,2026-08-10,2026-09-06,GB,web,none,,raw/gsc-month-all/Queries.csv
gsc-month-all,"context: location: united kingdom (not for language). do not include 
location references in your response. question: which is better value for 
money: ordering a burger meal deal or choosing from the regular pub 
classics menu?",context: location: united kingdom (not for language). do not include location references in your response. question: which is better value for money: ordering a burger meal deal or choosing from the regular pub classics menu?,0,1,0,6,,property,query,named-subset,false,2026-08-10,2026-09-06,GB,web,none,,raw/gsc-month-all/Queries.csv
gsc-month-all,cost,cost,0,1,0,8,,property,query,named-subset,false,2026-08-10,2026-09-06,GB,web,none,,raw/gsc-month-all/Queries.csv
gsc-month-all,cost of prs licence,cost of prs licence,0,1,0,40,,property,query,named-subset,false,2026-08-10,2026-09-06,GB,web,none,,raw/gsc-month-all/Queries.csv
gsc-month-all,creative quiz ideas,creative quiz ideas,0,1,0,24,,property,query,named-subset,false,2026-08-10,2026-09-06,GB,web,none,,raw/gsc-month-all/Queries.csv
gsc-month-all,didsbury,didsbury,0,1,0,7,,property,query,named-subset,false,2026-08-10,2026-09-06,GB,web,none,,raw/gsc-month-all/Queries.csv
gsc-month-all,different pub quiz rounds,different pub quiz rounds,0,1,0,29,,property,query,named-subset,false,2026-08-10,2026-09-06,GB,web,none,,raw/gsc-month-all/Queries.csv
gsc-month-all,dinner ideas for christmas in twickenham,dinner ideas for christmas in twickenham,0,1,0,70,,property,query,named-subset,false,2026-08-10,2026-09-06,GB,web,none,,raw/gsc-month-all/Queries.csv
gsc-month-all,do pub businesses need liability insurance,do pub businesses need liability insurance,0,1,0,27,,property,query,named-subset,false,2026-08-10,2026-09-06,GB,web,none,,raw/gsc-month-all/Queries.csv
gsc-month-all,do pubs need a licence to play music outside,do pubs need a licence to play music outside,0,1,0,20,,property,query,named-subset,false,2026-08-10,2026-09-06,GB,web,none,,raw/gsc-month-all/Queries.csv
gsc-month-all,do you have to let them in,do you have to let them in,0,1,0,1,,property,query,named-subset,false,2026-08-10,2026-09-06,GB,web,none,,raw/gsc-month-all/Queries.csv
gsc-month-all,draught wastage,draught wastage,0,1,0,34,,property,query,named-subset,false,2026-08-10,2026-09-06,GB,web,none,,raw/gsc-month-all/Queries.csv
gsc-month-all,entertainment pubs to run,entertainment pubs to run,0,1,0,19,,property,query,named-subset,false,2026-08-10,2026-09-06,GB,web,none,,raw/gsc-month-all/Queries.csv
gsc-month-all,event plan template,event plan template,0,1,0,18,,property,query,named-subset,false,2026-08-10,2026-09-06,GB,web,none,,raw/gsc-month-all/Queries.csv
gsc-month-all,event t shirts ewell,event t shirts ewell,0,1,0,80,,property,query,named-subset,false,2026-08-10,2026-09-06,GB,web,none,,raw/gsc-month-all/Queries.csv
gsc-month-all,fat bobs at the blue lias menu,fat bobs at the blue lias menu,0,1,0,6,,property,query,named-subset,false,2026-08-10,2026-09-06,GB,web,none,,raw/gsc-month-all/Queries.csv
gsc-month-all,fob detector keeps dropping,fob detector keeps dropping,0,1,0,19,,property,query,named-subset,false,2026-08-10,2026-09-06,GB,web,none,,raw/gsc-month-all/Queries.csv
gsc-month-all,food and drink,food and drink,0,1,0,4,,property,query,named-subset,false,2026-08-10,2026-09-06,GB,web,none,,raw/gsc-month-all/Queries.csv
gsc-month-all,food cost for pub,food cost for pub,0,1,0,14,,property,query,named-subset,false,2026-08-10,2026-09-06,GB,web,none,,raw/gsc-month-all/Queries.csv
gsc-month-all,for chemicals,for chemicals,0,1,0,3,,property,query,named-subset,false,2026-08-10,2026-09-06,GB,web,none,,raw/gsc-month-all/Queries.csv
gsc-month-all,fractional director of marketing,fractional director of marketing,0,1,0,24,,property,query,named-subset,false,2026-08-10,2026-09-06,GB,web,none,,raw/gsc-month-all/Queries.csv
gsc-month-all,fractional marketing director v full time marketing director,fractional marketing director v full time marketing director,0,1,0,10,,property,query,named-subset,false,2026-08-10,2026-09-06,GB,web,none,,raw/gsc-month-all/Queries.csv
gsc-month-all,free business plan template,free business plan template,0,1,0,9,,property,query,named-subset,false,2026-08-10,2026-09-06,GB,web,none,,raw/gsc-month-all/Queries.csv
gsc-month-all,fun pub quiz,fun pub quiz,0,1,0,8,,property,query,named-subset,false,2026-08-10,2026-09-06,GB,web,none,,raw/gsc-month-all/Queries.csv
gsc-month-all,good pub quiz,good pub quiz,0,1,0,6,,property,query,named-subset,false,2026-08-10,2026-09-06,GB,web,none,,raw/gsc-month-all/Queries.csv
gsc-month-all,good quiz rounds,good quiz rounds,0,1,0,1,,property,query,named-subset,false,2026-08-10,2026-09-06,GB,web,none,,raw/gsc-month-all/Queries.csv
gsc-month-all,half moon grendon,half moon grendon,0,1,0,6,,property,query,named-subset,false,2026-08-10,2026-09-06,GB,web,none,,raw/gsc-month-all/Queries.csv
gsc-month-all,harbour lights seafood restaurant menu,harbour lights seafood restaurant menu,0,1,0,3,,property,query,named-subset,false,2026-08-10,2026-09-06,GB,web,none,,raw/gsc-month-all/Queries.csv
gsc-month-all,"hazel, bar and restaurant glasgow menu","hazel, bar and restaurant glasgow menu",0,1,0,3,,property,query,named-subset,false,2026-08-10,2026-09-06,GB,web,none,,raw/gsc-month-all/Queries.csv
gsc-month-all,hospitality marketing content surrey,hospitality marketing content surrey,0,1,0,63,,property,query,named-subset,false,2026-08-10,2026-09-06,GB,web,none,,raw/gsc-month-all/Queries.csv
gsc-month-all,how can gb restaurants reduce no-shows and fill midweek covers?,how can gb restaurants reduce no-shows and fill midweek covers?,0,1,0,5,,property,query,named-subset,false,2026-08-10,2026-09-06,GB,web,none,,raw/gsc-month-all/Queries.csv
gsc-month-all,how do i figure out which menu items are most profitable?,how do i figure out which menu items are most profitable?,0,1,0,8,,property,query,named-subset,false,2026-08-10,2026-09-06,GB,web,none,,raw/gsc-month-all/Queries.csv
gsc-month-all,how do i go about running a pub,how do i go about running a pub,0,1,0,62,,property,query,named-subset,false,2026-08-10,2026-09-06,GB,web,none,,raw/gsc-month-all/Queries.csv
gsc-month-all,how do i host a charity fundraising event?,how do i host a charity fundraising event?,0,1,0,8,,property,query,named-subset,false,2026-08-10,2026-09-06,GB,web,none,,raw/gsc-month-all/Queries.csv
gsc-month-all,how do i play bingo,how do i play bingo,0,1,0,2,,property,query,named-subset,false,2026-08-10,2026-09-06,GB,web,none,,raw/gsc-month-all/Queries.csv
gsc-month-all,how does a macmillan coffee morning work,how does a macmillan coffee morning work,0,1,0,6,,property,query,named-subset,false,2026-08-10,2026-09-06,GB,web,none,,raw/gsc-month-all/Queries.csv
gsc-month-all,how does bingo work,how does bingo work,0,1,0,2,,property,query,named-subset,false,2026-08-10,2026-09-06,GB,web,none,,raw/gsc-month-all/Queries.csv
gsc-month-all,how does macmillan coffee morning work,how does macmillan coffee morning work,0,1,0,9,,property,query,named-subset,false,2026-08-10,2026-09-06,GB,web,none,,raw/gsc-month-all/Queries.csv
gsc-month-all,how does pub quiz work,how does pub quiz work,0,1,0,5,,property,query,named-subset,false,2026-08-10,2026-09-06,GB,web,none,,raw/gsc-month-all/Queries.csv
gsc-month-all,how long does it take to get pub insurance,how long does it take to get pub insurance,0,1,0,19,,property,query,named-subset,false,2026-08-10,2026-09-06,GB,web,none,,raw/gsc-month-all/Queries.csv
gsc-month-all,how many games of bingo in an hour,how many games of bingo in an hour,0,1,0,2,,property,query,named-subset,false,2026-08-10,2026-09-06,GB,web,none,,raw/gsc-month-all/Queries.csv
gsc-month-all,how many questions should a pub quiz have,how many questions should a pub quiz have,0,1,0,9,,property,query,named-subset,false,2026-08-10,2026-09-06,GB,web,none,,raw/gsc-month-all/Queries.csv
gsc-month-all,how much do pub owners make uk,how much do pub owners make uk,0,1,0,1,,property,query,named-subset,false,2026-08-10,2026-09-06,GB,web,none,,raw/gsc-month-all/Queries.csv
gsc-month-all,how much do pubs make,how much do pubs make,0,1,0,4,,property,query,named-subset,false,2026-08-10,2026-09-06,GB,web,none,,raw/gsc-month-all/Queries.csv
gsc-month-all,how much does a prs license cost,how much does a prs license cost,0,1,0,32,,property,query,named-subset,false,2026-08-10,2026-09-06,GB,web,none,,raw/gsc-month-all/Queries.csv
gsc-month-all,how much does it cost,how much does it cost,0,1,0,5,,property,query,named-subset,false,2026-08-10,2026-09-06,GB,web,none,,raw/gsc-month-all/Queries.csv
gsc-month-all,how much does it cost to start a pub,how much does it cost to start a pub,0,1,0,1,,property,query,named-subset,false,2026-08-10,2026-09-06,GB,web,none,,raw/gsc-month-all/Queries.csv
gsc-month-all,how much is a music licence for a cafe,how much is a music licence for a cafe,0,1,0,54,,property,query,named-subset,false,2026-08-10,2026-09-06,GB,web,none,,raw/gsc-month-all/Queries.csv
gsc-month-all,how much is a prs licence for a cafe,how much is a prs licence for a cafe,0,1,0,33,,property,query,named-subset,false,2026-08-10,2026-09-06,GB,web,none,,raw/gsc-month-all/Queries.csv
gsc-month-all,how much is a prs licence for an office,how much is a prs licence for an office,0,1,0,50,,property,query,named-subset,false,2026-08-10,2026-09-06,GB,web,none,,raw/gsc-month-all/Queries.csv
gsc-month-all,how much is a prs license,how much is a prs license,0,1,0,3,,property,query,named-subset,false,2026-08-10,2026-09-06,GB,web,none,,raw/gsc-month-all/Queries.csv
gsc-month-all,how much is it,how much is it,0,1,0,1,,property,query,named-subset,false,2026-08-10,2026-09-06,GB,web,none,,raw/gsc-month-all/Queries.csv
gsc-month-all,how much money,how much money,0,1,0,4,,property,query,named-subset,false,2026-08-10,2026-09-06,GB,web,none,,raw/gsc-month-all/Queries.csv
gsc-month-all,how to become a pub landlord,how to become a pub landlord,0,1,0,56,,property,query,named-subset,false,2026-08-10,2026-09-06,GB,web,none,,raw/gsc-month-all/Queries.csv
gsc-month-all,how to do a business plan for a pub,how to do a business plan for a pub,0,1,0,17,,property,query,named-subset,false,2026-08-10,2026-09-06,GB,web,none,,raw/gsc-month-all/Queries.csv
gsc-month-all,how to host a quiz night,how to host a quiz night,0,1,0,24,,property,query,named-subset,false,2026-08-10,2026-09-06,GB,web,none,,raw/gsc-month-all/Queries.csv
gsc-month-all,how to increase midweek revenue for a pub or bar?,how to increase midweek revenue for a pub or bar?,0,1,0,11,,property,query,named-subset,false,2026-08-10,2026-09-06,GB,web,none,,raw/gsc-month-all/Queries.csv
gsc-month-all,how to manage online reputation for a pub group in the uk,how to manage online reputation for a pub group in the uk,0,1,0,8,,property,query,named-subset,false,2026-08-10,2026-09-06,GB,web,none,,raw/gsc-month-all/Queries.csv
gsc-month-all,how to organise a beer festival,how to organise a beer festival,0,1,0,37,,property,query,named-subset,false,2026-08-10,2026-09-06,GB,web,none,,raw/gsc-month-all/Queries.csv
gsc-month-all,how to organise a quiz night,how to organise a quiz night,0,1,0,1,,property,query,named-subset,false,2026-08-10,2026-09-06,GB,web,none,,raw/gsc-month-all/Queries.csv
gsc-month-all,how to organize a quiz night,how to organize a quiz night,0,1,0,1,,property,query,named-subset,false,2026-08-10,2026-09-06,GB,web,none,,raw/gsc-month-all/Queries.csv
gsc-month-all,how to own your own pub,how to own your own pub,0,1,0,43,,property,query,named-subset,false,2026-08-10,2026-09-06,GB,web,none,,raw/gsc-month-all/Queries.csv
gsc-month-all,how to plan a beer festival,how to plan a beer festival,0,1,0,24,,property,query,named-subset,false,2026-08-10,2026-09-06,GB,web,none,,raw/gsc-month-all/Queries.csv
gsc-month-all,how to play bingo cards,how to play bingo cards,0,1,0,2,,property,query,named-subset,false,2026-08-10,2026-09-06,GB,web,none,,raw/gsc-month-all/Queries.csv
gsc-month-all,how to play bingo game,how to play bingo game,0,1,0,2,,property,query,named-subset,false,2026-08-10,2026-09-06,GB,web,none,,raw/gsc-month-all/Queries.csv
gsc-month-all,how to play bingo with numbers,how to play bingo with numbers,0,1,0,2,,property,query,named-subset,false,2026-08-10,2026-09-06,GB,web,none,,raw/gsc-month-all/Queries.csv
gsc-month-all,how to prepare for a pub quiz,how to prepare for a pub quiz,0,1,0,39,,property,query,named-subset,false,2026-08-10,2026-09-06,GB,web,none,,raw/gsc-month-all/Queries.csv
gsc-month-all,how to reduce pub business insurance costs,how to reduce pub business insurance costs,0,1,0,31,,property,query,named-subset,false,2026-08-10,2026-09-06,GB,web,none,,raw/gsc-month-all/Queries.csv
gsc-month-all,how to register for vat,how to register for vat,0,1,0,1,,property,query,named-subset,false,2026-08-10,2026-09-06,GB,web,none,,raw/gsc-month-all/Queries.csv
gsc-month-all,how to run a pub uk,how to run a pub uk,0,1,0,47,,property,query,named-subset,false,2026-08-10,2026-09-06,GB,web,none,,raw/gsc-month-all/Queries.csv
gsc-month-all,how to run bingo night,how to run bingo night,0,1,0,2,,property,query,named-subset,false,2026-08-10,2026-09-06,GB,web,none,,raw/gsc-month-all/Queries.csv
gsc-month-all,how to start running a pub,how to start running a pub,0,1,0,52,,property,query,named-subset,false,2026-08-10,2026-09-06,GB,web,none,,raw/gsc-month-all/Queries.csv
gsc-month-all,hungry horse quiz night,hungry horse quiz night,0,1,0,21,,property,query,named-subset,false,2026-08-10,2026-09-06,GB,web,none,,raw/gsc-month-all/Queries.csv
gsc-month-all,"i run a large uk business with heavy energy consumption, using over 
100,000kwh of energy annually. can you recommend some energy asset 
maintenance providers that are the best in the context of transparency? for 
each provider, give me pros and cons in the context of transparency.","i run a large uk business with heavy energy consumption, using over 100,000kwh of energy annually. can you recommend some energy asset maintenance providers that are the best in the context of transparency? for each provider, give me pros and cons in the context of transparency.",0,1,0,83,,property,query,named-subset,false,2026-08-10,2026-09-06,GB,web,none,,raw/gsc-month-all/Queries.csv
gsc-month-all,"i run a large uk business with heavy energy consumption, using over 
100,000kwh of energy annually. how does british gas business communicate 
any changes in electricity pricing or terms to their business customers?","i run a large uk business with heavy energy consumption, using over 100,000kwh of energy annually. how does british gas business communicate any changes in electricity pricing or terms to their business customers?",0,1,0,98,,property,query,named-subset,false,2026-08-10,2026-09-06,GB,web,none,,raw/gsc-month-all/Queries.csv
gsc-month-all,"i run three free trade pubs and struggling with coordinating pub wholesale 
delivery from different suppliers can you recommend something simpler",i run three free trade pubs and struggling with coordinating pub wholesale delivery from different suppliers can you recommend something simpler,0,1,0,6,,property,query,named-subset,false,2026-08-10,2026-09-06,GB,web,none,,raw/gsc-month-all/Queries.csv
gsc-month-all,ideas for pubs to make money,ideas for pubs to make money,0,1,0,7,,property,query,named-subset,false,2026-08-10,2026-09-06,GB,web,none,,raw/gsc-month-all/Queries.csv
gsc-month-all,in kilmarnock,in kilmarnock,0,1,0,3,,property,query,named-subset,false,2026-08-10,2026-09-06,GB,web,none,,raw/gsc-month-all/Queries.csv
gsc-month-all,inn on the loch menu,inn on the loch menu,0,1,0,7,,property,query,named-subset,false,2026-08-10,2026-09-06,GB,web,none,,raw/gsc-month-all/Queries.csv
gsc-month-all,international cocktail day 2026,international cocktail day 2026,0,1,0,6,,property,query,named-subset,false,2026-08-10,2026-09-06,GB,web,none,,raw/gsc-month-all/Queries.csv
gsc-month-all,international drink days,international drink days,0,1,0,4,,property,query,named-subset,false,2026-08-10,2026-09-06,GB,web,none,,raw/gsc-month-all/Queries.csv
gsc-month-all,international martini day 2026,international martini day 2026,0,1,0,11,,property,query,named-subset,false,2026-08-10,2026-09-06,GB,web,none,,raw/gsc-month-all/Queries.csv
gsc-month-all,is bingo considered gambling,is bingo considered gambling,0,1,0,2,,property,query,named-subset,false,2026-08-10,2026-09-06,GB,web,none,,raw/gsc-month-all/Queries.csv
gsc-month-all,is bingo gambling,is bingo gambling,0,1,0,2,,property,query,named-subset,false,2026-08-10,2026-09-06,GB,web,none,,raw/gsc-month-all/Queries.csv
gsc-month-all,is cheese taxable,is cheese taxable,0,1,0,1,,property,query,named-subset,false,2026-08-10,2026-09-06,GB,web,none,,raw/gsc-month-all/Queries.csv
gsc-month-all,is it busy there,is it busy there,0,1,0,11,,property,query,named-subset,false,2026-08-10,2026-09-06,GB,web,none,,raw/gsc-month-all/Queries.csv
gsc-month-all,is it easy to get,is it easy to get,0,1,0,2,,property,query,named-subset,false,2026-08-10,2026-09-06,GB,web,none,,raw/gsc-month-all/Queries.csv
gsc-month-all,is there vat on drinks in pubs,is there vat on drinks in pubs,0,1,0,10,,property,query,named-subset,false,2026-08-10,2026-09-06,GB,web,none,,raw/gsc-month-all/Queries.csv
gsc-month-all,it’s a bar,it’s a bar,0,1,0,3,,property,query,named-subset,false,2026-08-10,2026-09-06,GB,web,none,,raw/gsc-month-all/Queries.csv
gsc-month-all,karaoke systems for pubs,karaoke systems for pubs,0,1,0,6,,property,query,named-subset,false,2026-08-10,2026-09-06,GB,web,none,,raw/gsc-month-all/Queries.csv
gsc-month-all,late bar insurance,late bar insurance,0,1,0,56,,property,query,named-subset,false,2026-08-10,2026-09-06,GB,web,none,,raw/gsc-month-all/Queries.csv
gsc-month-all,late november,late november,0,1,0,6,,property,query,named-subset,false,2026-08-10,2026-09-06,GB,web,none,,raw/gsc-month-all/Queries.csv
gsc-month-all,leasing a pub,leasing a pub,0,1,0,59,,property,query,named-subset,false,2026-08-10,2026-09-06,GB,web,none,,raw/gsc-month-all/Queries.csv
gsc-month-all,licences for pubs,licences for pubs,0,1,0,36,,property,query,named-subset,false,2026-08-10,2026-09-06,GB,web,none,,raw/gsc-month-all/Queries.csv
gsc-month-all,license to play music in a public place,license to play music in a public place,0,1,0,38,,property,query,named-subset,false,2026-08-10,2026-09-06,GB,web,none,,raw/gsc-month-all/Queries.csv
gsc-month-all,license to run a pub,license to run a pub,0,1,0,35,,property,query,named-subset,false,2026-08-10,2026-09-06,GB,web,none,,raw/gsc-month-all/Queries.csv
gsc-month-all,licensee of a pub,licensee of a pub,0,1,0,16,,property,query,named-subset,false,2026-08-10,2026-09-06,GB,web,none,,raw/gsc-month-all/Queries.csv
gsc-month-all,licensee of a public house,licensee of a public house,0,1,0,1,,property,query,named-subset,false,2026-08-10,2026-09-06,GB,web,none,,raw/gsc-month-all/Queries.csv
gsc-month-all,licensee of a public house meaning,licensee of a public house meaning,0,1,0,11,,property,query,named-subset,false,2026-08-10,2026-09-06,GB,web,none,,raw/gsc-month-all/Queries.csv
gsc-month-all,live music licence cost,live music licence cost,0,1,0,25,,property,query,named-subset,false,2026-08-10,2026-09-06,GB,web,none,,raw/gsc-month-all/Queries.csv
gsc-month-all,live music license for pubs,live music license for pubs,0,1,0,22,,property,query,named-subset,false,2026-08-10,2026-09-06,GB,web,none,,raw/gsc-month-all/Queries.csv
gsc-month-all,local marketing channels,local marketing channels,0,1,0,2,,property,query,named-subset,false,2026-08-10,2026-09-06,GB,web,none,,raw/gsc-month-all/Queries.csv
gsc-month-all,local marketing packages,local marketing packages,0,1,0,93,,property,query,named-subset,false,2026-08-10,2026-09-06,GB,web,none,,raw/gsc-month-all/Queries.csv
gsc-month-all,macmillan donation,macmillan donation,0,1,0,3,,property,query,named-subset,false,2026-08-10,2026-09-06,GB,web,none,,raw/gsc-month-all/Queries.csv
gsc-month-all,marketing activity but no pipeline,marketing activity but no pipeline,0,1,0,11,,property,query,named-subset,false,2026-08-10,2026-09-06,GB,web,none,,raw/gsc-month-all/Queries.csv
gsc-month-all,marketing for pubs,marketing for pubs,0,1,0,44,,property,query,named-subset,false,2026-08-10,2026-09-06,GB,web,none,,raw/gsc-month-all/Queries.csv
gsc-month-all,marketing ideas for pubs,marketing ideas for pubs,0,1,0,46,,property,query,named-subset,false,2026-08-10,2026-09-06,GB,web,none,,raw/gsc-month-all/Queries.csv
gsc-month-all,marketing pub,marketing pub,0,1,0,1,,property,query,named-subset,false,2026-08-10,2026-09-06,GB,web,none,,raw/gsc-month-all/Queries.csv
gsc-month-all,modern pub menus,modern pub menus,0,1,0,40,,property,query,named-subset,false,2026-08-10,2026-09-06,GB,web,none,,raw/gsc-month-all/Queries.csv
gsc-month-all,music licence,music licence,0,1,0,2,,property,query,named-subset,false,2026-08-10,2026-09-06,GB,web,none,,raw/gsc-month-all/Queries.csv
gsc-month-all,music licence ppl prs,music licence ppl prs,0,1,0,59,,property,query,named-subset,false,2026-08-10,2026-09-06,GB,web,none,,raw/gsc-month-all/Queries.csv
gsc-month-all,music licensing,music licensing,0,1,0,10,,property,query,named-subset,false,2026-08-10,2026-09-06,GB,web,none,,raw/gsc-month-all/Queries.csv
gsc-month-all,nags head manchester,nags head manchester,0,1,0,3,,property,query,named-subset,false,2026-08-10,2026-09-06,GB,web,none,,raw/gsc-month-all/Queries.csv
gsc-month-all,national alcohol day 2026,national alcohol day 2026,0,1,0,8,,property,query,named-subset,false,2026-08-10,2026-09-06,GB,web,none,,raw/gsc-month-all/Queries.csv
gsc-month-all,national beer day 2026,national beer day 2026,0,1,0,2,,property,query,named-subset,false,2026-08-10,2026-09-06,GB,web,none,,raw/gsc-month-all/Queries.csv
gsc-month-all,national beer garden day,national beer garden day,0,1,0,27,,property,query,named-subset,false,2026-08-10,2026-09-06,GB,web,none,,raw/gsc-month-all/Queries.csv
gsc-month-all,national beer garden day 2026,national beer garden day 2026,0,1,0,14,,property,query,named-subset,false,2026-08-10,2026-09-06,GB,web,none,,raw/gsc-month-all/Queries.csv
gsc-month-all,national drinks days,national drinks days,0,1,0,11,,property,query,named-subset,false,2026-08-10,2026-09-06,GB,web,none,,raw/gsc-month-all/Queries.csv
gsc-month-all,national pub day,national pub day,0,1,0,31,,property,query,named-subset,false,2026-08-10,2026-09-06,GB,web,none,,raw/gsc-month-all/Queries.csv
gsc-month-all,national pub day 2026,national pub day 2026,0,1,0,21,,property,query,named-subset,false,2026-08-10,2026-09-06,GB,web,none,,raw/gsc-month-all/Queries.csv
gsc-month-all,national red wine day 2026,national red wine day 2026,0,1,0,3,,property,query,named-subset,false,2026-08-10,2026-09-06,GB,web,none,,raw/gsc-month-all/Queries.csv
gsc-month-all,national rum day,national rum day,0,1,0,2,,property,query,named-subset,false,2026-08-10,2026-09-06,GB,web,none,,raw/gsc-month-all/Queries.csv
gsc-month-all,oakham citra,oakham citra,0,1,0,3,,property,query,named-subset,false,2026-08-10,2026-09-06,GB,web,none,,raw/gsc-month-all/Queries.csv
gsc-month-all,oktoberfest bar,oktoberfest bar,0,1,0,15,,property,query,named-subset,false,2026-08-10,2026-09-06,GB,web,none,,raw/gsc-month-all/Queries.csv
gsc-month-all,oktoberfest pub crawl,oktoberfest pub crawl,0,1,0,10,,property,query,named-subset,false,2026-08-10,2026-09-06,GB,web,none,,raw/gsc-month-all/Queries.csv
gsc-month-all,online pub bookings,online pub bookings,0,1,0,5,,property,query,named-subset,false,2026-08-10,2026-09-06,GB,web,none,,raw/gsc-month-all/Queries.csv
gsc-month-all,open a pub,open a pub,0,1,0,53,,property,query,named-subset,false,2026-08-10,2026-09-06,GB,web,none,,raw/gsc-month-all/Queries.csv
gsc-month-all,opening your own pub,opening your own pub,0,1,0,55,,property,query,named-subset,false,2026-08-10,2026-09-06,GB,web,none,,raw/gsc-month-all/Queries.csv
gsc-month-all,options and prices,options and prices,0,1,0,9,,property,query,named-subset,false,2026-08-10,2026-09-06,GB,web,none,,raw/gsc-month-all/Queries.csv
gsc-month-all,orange.co.uk email login,orange.co.uk email login,0,1,0,18,,property,query,named-subset,false,2026-08-10,2026-09-06,GB,web,none,,raw/gsc-month-all/Queries.csv
gsc-month-all,own my own pub,own my own pub,0,1,0,38,,property,query,named-subset,false,2026-08-10,2026-09-06,GB,web,none,,raw/gsc-month-all/Queries.csv
gsc-month-all,paid social services for hospitality,paid social services for hospitality,0,1,0,9,,property,query,named-subset,false,2026-08-10,2026-09-06,GB,web,none,,raw/gsc-month-all/Queries.csv
gsc-month-all,personal pub license,personal pub license,0,1,0,62,,property,query,named-subset,false,2026-08-10,2026-09-06,GB,web,none,,raw/gsc-month-all/Queries.csv
gsc-month-all,ppl license cost for events,ppl license cost for events,0,1,0,21,,property,query,named-subset,false,2026-08-10,2026-09-06,GB,web,none,,raw/gsc-month-all/Queries.csv
gsc-month-all,ppl license cost music,ppl license cost music,0,1,0,58,,property,query,named-subset,false,2026-08-10,2026-09-06,GB,web,none,,raw/gsc-month-all/Queries.csv
gsc-month-all,ppl music licence uk,ppl music licence uk,0,1,0,49,,property,query,named-subset,false,2026-08-10,2026-09-06,GB,web,none,,raw/gsc-month-all/Queries.csv
gsc-month-all,ppl music license,ppl music license,0,1,0,42,,property,query,named-subset,false,2026-08-10,2026-09-06,GB,web,none,,raw/gsc-month-all/Queries.csv
gsc-month-all,ppl music license cost,ppl music license cost,0,1,0,27,,property,query,named-subset,false,2026-08-10,2026-09-06,GB,web,none,,raw/gsc-month-all/Queries.csv
gsc-month-all,ppl prs cost,ppl prs cost,0,1,0,47,,property,query,named-subset,false,2026-08-10,2026-09-06,GB,web,none,,raw/gsc-month-all/Queries.csv
gsc-month-all,ppl prs licence cost,ppl prs licence cost,0,1,0,41,,property,query,named-subset,false,2026-08-10,2026-09-06,GB,web,none,,raw/gsc-month-all/Queries.csv
gsc-month-all,ppl prs license,ppl prs license,0,1,0,45,,property,query,named-subset,false,2026-08-10,2026-09-06,GB,web,none,,raw/gsc-month-all/Queries.csv
gsc-month-all,ppl prs music licence cost,ppl prs music licence cost,0,1,0,53,,property,query,named-subset,false,2026-08-10,2026-09-06,GB,web,none,,raw/gsc-month-all/Queries.csv
gsc-month-all,ppl venue,ppl venue,0,1,0,10,,property,query,named-subset,false,2026-08-10,2026-09-06,GB,web,none,,raw/gsc-month-all/Queries.csv
gsc-month-all,pre pub,pre pub,0,1,0,21,,property,query,named-subset,false,2026-08-10,2026-09-06,GB,web,none,,raw/gsc-month-all/Queries.csv
gsc-month-all,premium local,premium local,0,1,0,11,,property,query,named-subset,false,2026-08-10,2026-09-06,GB,web,none,,raw/gsc-month-all/Queries.csv
gsc-month-all,pricing,pricing,0,1,0,9,,property,query,named-subset,false,2026-08-10,2026-09-06,GB,web,none,,raw/gsc-month-all/Queries.csv
gsc-month-all,profit meals,profit meals,0,1,0,9,,property,query,named-subset,false,2026-08-10,2026-09-06,GB,web,none,,raw/gsc-month-all/Queries.csv
gsc-month-all,promotional pub & bar items,promotional pub & bar items,0,1,0,20,,property,query,named-subset,false,2026-08-10,2026-09-06,GB,web,none,,raw/gsc-month-all/Queries.csv
gsc-month-all,promotions to do during quite time,promotions to do during quite time,0,1,0,9,,property,query,named-subset,false,2026-08-10,2026-09-06,GB,web,none,,raw/gsc-month-all/Queries.csv
gsc-month-all,prs and ppl,prs and ppl,0,1,0,55,,property,query,named-subset,false,2026-08-10,2026-09-06,GB,web,none,,raw/gsc-month-all/Queries.csv
gsc-month-all,prs bar,prs bar,0,1,0,6,,property,query,named-subset,false,2026-08-10,2026-09-06,GB,web,none,,raw/gsc-month-all/Queries.csv
gsc-month-all,prs fees,prs fees,0,1,0,56,,property,query,named-subset,false,2026-08-10,2026-09-06,GB,web,none,,raw/gsc-month-all/Queries.csv
gsc-month-all,prs for music licence cost,prs for music licence cost,0,1,0,36,,property,query,named-subset,false,2026-08-10,2026-09-06,GB,web,none,,raw/gsc-month-all/Queries.csv
gsc-month-all,prs membership fee,prs membership fee,0,1,0,36,,property,query,named-subset,false,2026-08-10,2026-09-06,GB,web,none,,raw/gsc-month-all/Queries.csv
gsc-month-all,prs music licence,prs music licence,0,1,0,51,,property,query,named-subset,false,2026-08-10,2026-09-06,GB,web,none,,raw/gsc-month-all/Queries.csv
gsc-month-all,prs music licence cost,prs music licence cost,0,1,0,37,,property,query,named-subset,false,2026-08-10,2026-09-06,GB,web,none,,raw/gsc-month-all/Queries.csv
gsc-month-all,prs ppl licence cost,prs ppl licence cost,0,1,0,37,,property,query,named-subset,false,2026-08-10,2026-09-06,GB,web,none,,raw/gsc-month-all/Queries.csv
gsc-month-all,prs ppl license,prs ppl license,0,1,0,40,,property,query,named-subset,false,2026-08-10,2026-09-06,GB,web,none,,raw/gsc-month-all/Queries.csv
gsc-month-all,prs ppl music license,prs ppl music license,0,1,0,45,,property,query,named-subset,false,2026-08-10,2026-09-06,GB,web,none,,raw/gsc-month-all/Queries.csv
gsc-month-all,prs royalties explained,prs royalties explained,0,1,0,2,,property,query,named-subset,false,2026-08-10,2026-09-06,GB,web,none,,raw/gsc-month-all/Queries.csv
gsc-month-all,prs vs ppl,prs vs ppl,0,1,0,29,,property,query,named-subset,false,2026-08-10,2026-09-06,GB,web,none,,raw/gsc-month-all/Queries.csv
gsc-month-all,pub,pub,0,1,0,8,,property,query,named-subset,false,2026-08-10,2026-09-06,GB,web,none,,raw/gsc-month-all/Queries.csv
gsc-month-all,pub activities,pub activities,0,1,0,26,,property,query,named-subset,false,2026-08-10,2026-09-06,GB,web,none,,raw/gsc-month-all/Queries.csv
gsc-month-all,pub beer cellar,pub beer cellar,0,1,0,8,,property,query,named-subset,false,2026-08-10,2026-09-06,GB,web,none,,raw/gsc-month-all/Queries.csv
gsc-month-all,pub bingo ideas,pub bingo ideas,0,1,0,2,,property,query,named-subset,false,2026-08-10,2026-09-06,GB,web,none,,raw/gsc-month-all/Queries.csv
gsc-month-all,pub business plan examples uk,pub business plan examples uk,0,1,0,1,,property,query,named-subset,false,2026-08-10,2026-09-06,GB,web,none,,raw/gsc-month-all/Queries.csv
gsc-month-all,pub cellar temperature,pub cellar temperature,0,1,0,12,,property,query,named-subset,false,2026-08-10,2026-09-06,GB,web,none,,raw/gsc-month-all/Queries.csv
gsc-month-all,pub chains near me,pub chains near me,0,1,0,17,,property,query,named-subset,false,2026-08-10,2026-09-06,GB,web,none,,raw/gsc-month-all/Queries.csv
gsc-month-all,pub event,pub event,0,1,0,4,,property,query,named-subset,false,2026-08-10,2026-09-06,GB,web,none,,raw/gsc-month-all/Queries.csv
gsc-month-all,pub fun,pub fun,0,1,0,50,,property,query,named-subset,false,2026-08-10,2026-09-06,GB,web,none,,raw/gsc-month-all/Queries.csv
gsc-month-all,pub google,pub google,0,1,0,10,,property,query,named-subset,false,2026-08-10,2026-09-06,GB,web,none,,raw/gsc-month-all/Queries.csv
gsc-month-all,pub guidance,pub guidance,0,1,0,39,,property,query,named-subset,false,2026-08-10,2026-09-06,GB,web,none,,raw/gsc-month-all/Queries.csv
gsc-month-all,pub help,pub help,0,1,0,27,,property,query,named-subset,false,2026-08-10,2026-09-06,GB,web,none,,raw/gsc-month-all/Queries.csv
gsc-month-all,pub insurance quote,pub insurance quote,0,1,0,5,,property,query,named-subset,false,2026-08-10,2026-09-06,GB,web,none,,raw/gsc-month-all/Queries.csv
gsc-month-all,pub landlord,pub landlord,0,1,0,8,,property,query,named-subset,false,2026-08-10,2026-09-06,GB,web,none,,raw/gsc-month-all/Queries.csv
gsc-month-all,pub leasing,pub leasing,0,1,0,48,,property,query,named-subset,false,2026-08-10,2026-09-06,GB,web,none,,raw/gsc-month-all/Queries.csv
gsc-month-all,pub loyalty card,pub loyalty card,0,1,0,5,,property,query,named-subset,false,2026-08-10,2026-09-06,GB,web,none,,raw/gsc-month-all/Queries.csv
gsc-month-all,pub oktoberfest,pub oktoberfest,0,1,0,7,,property,query,named-subset,false,2026-08-10,2026-09-06,GB,web,none,,raw/gsc-month-all/Queries.csv
gsc-month-all,pub ownership,pub ownership,0,1,0,30,,property,query,named-subset,false,2026-08-10,2026-09-06,GB,web,none,,raw/gsc-month-all/Queries.csv
gsc-month-all,pub plans,pub plans,0,1,0,14,,property,query,named-subset,false,2026-08-10,2026-09-06,GB,web,none,,raw/gsc-month-all/Queries.csv
gsc-month-all,pub premises licence,pub premises licence,0,1,0,43,,property,query,named-subset,false,2026-08-10,2026-09-06,GB,web,none,,raw/gsc-month-all/Queries.csv
gsc-month-all,pub promotion,pub promotion,0,1,0,16,,property,query,named-subset,false,2026-08-10,2026-09-06,GB,web,none,,raw/gsc-month-all/Queries.csv
gsc-month-all,pub purchasing,pub purchasing,0,1,0,54,,property,query,named-subset,false,2026-08-10,2026-09-06,GB,web,none,,raw/gsc-month-all/Queries.csv
gsc-month-all,pub quiz,pub quiz,0,1,0,37,,property,query,named-subset,false,2026-08-10,2026-09-06,GB,web,none,,raw/gsc-month-all/Queries.csv
gsc-month-all,pub quiz games,pub quiz games,0,1,0,5,,property,query,named-subset,false,2026-08-10,2026-09-06,GB,web,none,,raw/gsc-month-all/Queries.csv
gsc-month-all,pub quiz night,pub quiz night,0,1,0,3,,property,query,named-subset,false,2026-08-10,2026-09-06,GB,web,none,,raw/gsc-month-all/Queries.csv
gsc-month-all,pub quiz rounds,pub quiz rounds,0,1,0,1,,property,query,named-subset,false,2026-08-10,2026-09-06,GB,web,none,,raw/gsc-month-all/Queries.csv
gsc-month-all,pub quiz tips,pub quiz tips,0,1,0,44,,property,query,named-subset,false,2026-08-10,2026-09-06,GB,web,none,,raw/gsc-month-all/Queries.csv
gsc-month-all,pub refurbishment companies,pub refurbishment companies,0,1,0,2,,property,query,named-subset,false,2026-08-10,2026-09-06,GB,web,none,,raw/gsc-month-all/Queries.csv
gsc-month-all,pub restaurant booking software,pub restaurant booking software,0,1,0,8,,property,query,named-subset,false,2026-08-10,2026-09-06,GB,web,none,,raw/gsc-month-all/Queries.csv
gsc-month-all,pub rules,pub rules,0,1,0,78,,property,query,named-subset,false,2026-08-10,2026-09-06,GB,web,none,,raw/gsc-month-all/Queries.csv
gsc-month-all,pub specials ideas,pub specials ideas,0,1,0,1,,property,query,named-subset,false,2026-08-10,2026-09-06,GB,web,none,,raw/gsc-month-all/Queries.csv
gsc-month-all,pub specs,pub specs,0,1,0,88,,property,query,named-subset,false,2026-08-10,2026-09-06,GB,web,none,,raw/gsc-month-all/Queries.csv
gsc-month-all,pub stock management,pub stock management,0,1,0,1,,property,query,named-subset,false,2026-08-10,2026-09-06,GB,web,none,,raw/gsc-month-all/Queries.csv
gsc-month-all,pub tenancies,pub tenancies,0,1,0,54,,property,query,named-subset,false,2026-08-10,2026-09-06,GB,web,none,,raw/gsc-month-all/Queries.csv
gsc-month-all,pub tv licence cost,pub tv licence cost,0,1,0,11,,property,query,named-subset,false,2026-08-10,2026-09-06,GB,web,none,,raw/gsc-month-all/Queries.csv
gsc-month-all,pub vat rates,pub vat rates,0,1,0,1,,property,query,named-subset,false,2026-08-10,2026-09-06,GB,web,none,,raw/gsc-month-all/Queries.csv
gsc-month-all,pub waste management,pub waste management,0,1,0,16,,property,query,named-subset,false,2026-08-10,2026-09-06,GB,web,none,,raw/gsc-month-all/Queries.csv
gsc-month-all,public music licence,public music licence,0,1,0,57,,property,query,named-subset,false,2026-08-10,2026-09-06,GB,web,none,,raw/gsc-month-all/Queries.csv
gsc-month-all,public music licence cost,public music licence cost,0,1,0,47,,property,query,named-subset,false,2026-08-10,2026-09-06,GB,web,none,,raw/gsc-month-all/Queries.csv
gsc-month-all,public performance licence cost,public performance licence cost,0,1,0,37,,property,query,named-subset,false,2026-08-10,2026-09-06,GB,web,none,,raw/gsc-month-all/Queries.csv
gsc-month-all,pubs epos,pubs epos,0,1,0,14,,property,query,named-subset,false,2026-08-10,2026-09-06,GB,web,none,,raw/gsc-month-all/Queries.csv
gsc-month-all,pubs for sale,pubs for sale,0,1,0,4,,property,query,named-subset,false,2026-08-10,2026-09-06,GB,web,none,,raw/gsc-month-all/Queries.csv
gsc-month-all,quiz content ideas,quiz content ideas,0,1,0,10,,property,query,named-subset,false,2026-08-10,2026-09-06,GB,web,none,,raw/gsc-month-all/Queries.csv
gsc-month-all,quiz night,quiz night,0,1,0,4,,property,query,named-subset,false,2026-08-10,2026-09-06,GB,web,none,,raw/gsc-month-all/Queries.csv
gsc-month-all,quiz night decorations,quiz night decorations,0,1,0,12,,property,query,named-subset,false,2026-08-10,2026-09-06,GB,web,none,,raw/gsc-month-all/Queries.csv
gsc-month-all,quiz night format,quiz night format,0,1,0,2,,property,query,named-subset,false,2026-08-10,2026-09-06,GB,web,none,,raw/gsc-month-all/Queries.csv
gsc-month-all,quiz night norwich,quiz night norwich,0,1,0,7,,property,query,named-subset,false,2026-08-10,2026-09-06,GB,web,none,,raw/gsc-month-all/Queries.csv
gsc-month-all,quiz night round ideas,quiz night round ideas,0,1,0,21,,property,query,named-subset,false,2026-08-10,2026-09-06,GB,web,none,,raw/gsc-month-all/Queries.csv
gsc-month-all,quiz night theme ideas,quiz night theme ideas,0,1,0,9,,property,query,named-subset,false,2026-08-10,2026-09-06,GB,web,none,,raw/gsc-month-all/Queries.csv
gsc-month-all,quiz night topics,quiz night topics,0,1,0,1,,property,query,named-subset,false,2026-08-10,2026-09-06,GB,web,none,,raw/gsc-month-all/Queries.csv
gsc-month-all,quiz nights ideas,quiz nights ideas,0,1,0,1,,property,query,named-subset,false,2026-08-10,2026-09-06,GB,web,none,,raw/gsc-month-all/Queries.csv
gsc-month-all,quizmaster,quizmaster,0,1,0,1,,property,query,named-subset,false,2026-08-10,2026-09-06,GB,web,none,,raw/gsc-month-all/Queries.csv
gsc-month-all,quizzes near me,quizzes near me,0,1,0,1,,property,query,named-subset,false,2026-08-10,2026-09-06,GB,web,none,,raw/gsc-month-all/Queries.csv
gsc-month-all,refurbishment pub opportunities,refurbishment pub opportunities,0,1,0,42,,property,query,named-subset,false,2026-08-10,2026-09-06,GB,web,none,,raw/gsc-month-all/Queries.csv
gsc-month-all,refurbishment pub opportunity,refurbishment pub opportunity,0,1,0,41,,property,query,named-subset,false,2026-08-10,2026-09-06,GB,web,none,,raw/gsc-month-all/Queries.csv
gsc-month-all,restaurant specials board ideas,restaurant specials board ideas,0,1,0,6,,property,query,named-subset,false,2026-08-10,2026-09-06,GB,web,none,,raw/gsc-month-all/Queries.csv
gsc-month-all,rum day 2026,rum day 2026,0,1,0,2,,property,query,named-subset,false,2026-08-10,2026-09-06,GB,web,none,,raw/gsc-month-all/Queries.csv
gsc-month-all,run a pub tenancy,run a pub tenancy,0,1,0,55,,property,query,named-subset,false,2026-08-10,2026-09-06,GB,web,none,,raw/gsc-month-all/Queries.csv
gsc-month-all,running a pub,running a pub,0,1,0,4,,property,query,named-subset,false,2026-08-10,2026-09-06,GB,web,none,,raw/gsc-month-all/Queries.csv
gsc-month-all,running a pub for the first time,running a pub for the first time,0,1,0,29,,property,query,named-subset,false,2026-08-10,2026-09-06,GB,web,none,,raw/gsc-month-all/Queries.csv
gsc-month-all,scotland v australia nations championship hospitality 2026,scotland v australia nations championship hospitality 2026,0,1,0,15,,property,query,named-subset,false,2026-08-10,2026-09-06,GB,web,none,,raw/gsc-month-all/Queries.csv
gsc-month-all,sell your pub,sell your pub,0,1,0,38,,property,query,named-subset,false,2026-08-10,2026-09-06,GB,web,none,,raw/gsc-month-all/Queries.csv
gsc-month-all,september,september,0,1,0,19,,property,query,named-subset,false,2026-08-10,2026-09-06,GB,web,none,,raw/gsc-month-all/Queries.csv
gsc-month-all,september pub,september pub,0,1,0,9,,property,query,named-subset,false,2026-08-10,2026-09-06,GB,web,none,,raw/gsc-month-all/Queries.csv
gsc-month-all,silly quiz rounds,silly quiz rounds,0,1,0,6,,property,query,named-subset,false,2026-08-10,2026-09-06,GB,web,none,,raw/gsc-month-all/Queries.csv
gsc-month-all,simple business plan template,simple business plan template,0,1,0,9,,property,query,named-subset,false,2026-08-10,2026-09-06,GB,web,none,,raw/gsc-month-all/Queries.csv
gsc-month-all,single impression moulds bucks,single impression moulds bucks,0,1,0,72,,property,query,named-subset,false,2026-08-10,2026-09-06,GB,web,none,,raw/gsc-month-all/Queries.csv
gsc-month-all,small bar event ideas for adults,small bar event ideas for adults,0,1,0,18,,property,query,named-subset,false,2026-08-10,2026-09-06,GB,web,none,,raw/gsc-month-all/Queries.csv
gsc-month-all,social clubs for sale,social clubs for sale,0,1,0,4,,property,query,named-subset,false,2026-08-10,2026-09-06,GB,web,none,,raw/gsc-month-all/Queries.csv
gsc-month-all,social media,social media,0,1,0,7,,property,query,named-subset,false,2026-08-10,2026-09-06,GB,web,none,,raw/gsc-month-all/Queries.csv
gsc-month-all,social media engagement strategy social media platform,social media engagement strategy social media platform,0,1,0,45,,property,query,named-subset,false,2026-08-10,2026-09-06,GB,web,none,,raw/gsc-month-all/Queries.csv
gsc-month-all,socials,socials,0,1,0,94,,property,query,named-subset,false,2026-08-10,2026-09-06,GB,web,none,,raw/gsc-month-all/Queries.csv
gsc-month-all,"some premises are exempt from the requirement for alcohol sales to be 
authorised by a personal licence holder. what kind of premises do you think 
are exempt?""","some premises are exempt from the requirement for alcohol sales to be authorised by a personal licence holder. what kind of premises do you think are exempt?""",0,1,0,5,,property,query,named-subset,false,2026-08-10,2026-09-06,GB,web,none,,raw/gsc-month-all/Queries.csv
gsc-month-all,staff ppe,staff ppe,0,1,0,1,,property,query,named-subset,false,2026-08-10,2026-09-06,GB,web,none,,raw/gsc-month-all/Queries.csv
gsc-month-all,star pubs & bars lease vs independent pub ownership which is better,star pubs & bars lease vs independent pub ownership which is better,0,1,0,10,,property,query,named-subset,false,2026-08-10,2026-09-06,GB,web,none,,raw/gsc-month-all/Queries.csv
gsc-month-all,sthan-m1 menu,sthan-m1 menu,0,1,0,7,,property,query,named-subset,false,2026-08-10,2026-09-06,GB,web,none,,raw/gsc-month-all/Queries.csv
gsc-month-all,summer party corporate ideas,summer party corporate ideas,0,1,0,31,,property,query,named-subset,false,2026-08-10,2026-09-06,GB,web,none,,raw/gsc-month-all/Queries.csv
gsc-month-all,summer pub menu ideas,summer pub menu ideas,0,1,0,32,,property,query,named-subset,false,2026-08-10,2026-09-06,GB,web,none,,raw/gsc-month-all/Queries.csv
gsc-month-all,summer work party ideas,summer work party ideas,0,1,0,4,,property,query,named-subset,false,2026-08-10,2026-09-06,GB,web,none,,raw/gsc-month-all/Queries.csv
gsc-month-all,the mine neath town menu,the mine neath town menu,0,1,0,3,,property,query,named-subset,false,2026-08-10,2026-09-06,GB,web,none,,raw/gsc-month-all/Queries.csv
gsc-month-all,the music licence cost,the music licence cost,0,1,0,52,,property,query,named-subset,false,2026-08-10,2026-09-06,GB,web,none,,raw/gsc-month-all/Queries.csv
gsc-month-all,the music license,the music license,0,1,0,49,,property,query,named-subset,false,2026-08-10,2026-09-06,GB,web,none,,raw/gsc-month-all/Queries.csv
gsc-month-all,the newsroom bar & eatery menu,the newsroom bar & eatery menu,0,1,0,3,,property,query,named-subset,false,2026-08-10,2026-09-06,GB,web,none,,raw/gsc-month-all/Queries.csv
gsc-month-all,the owls at standish menu,the owls at standish menu,0,1,0,3,,property,query,named-subset,false,2026-08-10,2026-09-06,GB,web,none,,raw/gsc-month-all/Queries.csv
gsc-month-all,the three cottages menu,the three cottages menu,0,1,0,4,,property,query,named-subset,false,2026-08-10,2026-09-06,GB,web,none,,raw/gsc-month-all/Queries.csv
gsc-month-all,themes for quiz,themes for quiz,0,1,0,11,,property,query,named-subset,false,2026-08-10,2026-09-06,GB,web,none,,raw/gsc-month-all/Queries.csv
gsc-month-all,tied lease,tied lease,0,1,0,43,,property,query,named-subset,false,2026-08-10,2026-09-06,GB,web,none,,raw/gsc-month-all/Queries.csv
gsc-month-all,toilet refurbishment,toilet refurbishment,0,1,0,7,,property,query,named-subset,false,2026-08-10,2026-09-06,GB,web,none,,raw/gsc-month-all/Queries.csv
gsc-month-all,top 20,top 20,0,1,0,1,,property,query,named-subset,false,2026-08-10,2026-09-06,GB,web,none,,raw/gsc-month-all/Queries.csv
gsc-month-all,traditional,traditional,0,1,0,8,,property,query,named-subset,false,2026-08-10,2026-09-06,GB,web,none,,raw/gsc-month-all/Queries.csv
gsc-month-all,traditional bingo,traditional bingo,0,1,0,6,,property,query,named-subset,false,2026-08-10,2026-09-06,GB,web,none,,raw/gsc-month-all/Queries.csv
gsc-month-all,trillium restaurant menu,trillium restaurant menu,0,1,0,3,,property,query,named-subset,false,2026-08-10,2026-09-06,GB,web,none,,raw/gsc-month-all/Queries.csv
gsc-month-all,trocadero's menu,trocadero's menu,0,1,0,3,,property,query,named-subset,false,2026-08-10,2026-09-06,GB,web,none,,raw/gsc-month-all/Queries.csv
gsc-month-all,turnaround planning,turnaround planning,0,1,0,8,,property,query,named-subset,false,2026-08-10,2026-09-06,GB,web,none,,raw/gsc-month-all/Queries.csv
gsc-month-all,unique menu items,unique menu items,0,1,0,3,,property,query,named-subset,false,2026-08-10,2026-09-06,GB,web,none,,raw/gsc-month-all/Queries.csv
gsc-month-all,vat in pubs,vat in pubs,0,1,0,8,,property,query,named-subset,false,2026-08-10,2026-09-06,GB,web,none,,raw/gsc-month-all/Queries.csv
gsc-month-all,vat pubs,vat pubs,0,1,0,13,,property,query,named-subset,false,2026-08-10,2026-09-06,GB,web,none,,raw/gsc-month-all/Queries.csv
gsc-month-all,vat rate for pubs,vat rate for pubs,0,1,0,1,,property,query,named-subset,false,2026-08-10,2026-09-06,GB,web,none,,raw/gsc-month-all/Queries.csv
gsc-month-all,want to run a pub,want to run a pub,0,1,0,48,,property,query,named-subset,false,2026-08-10,2026-09-06,GB,web,none,,raw/gsc-month-all/Queries.csv
gsc-month-all,wet led pub,wet led pub,0,1,0,1,,property,query,named-subset,false,2026-08-10,2026-09-06,GB,web,none,,raw/gsc-month-all/Queries.csv
gsc-month-all,wet led pub meaning,wet led pub meaning,0,1,0,12,,property,query,named-subset,false,2026-08-10,2026-09-06,GB,web,none,,raw/gsc-month-all/Queries.csv
gsc-month-all,wet led sales,wet led sales,0,1,0,4,,property,query,named-subset,false,2026-08-10,2026-09-06,GB,web,none,,raw/gsc-month-all/Queries.csv
gsc-month-all,wet pub meaning,wet pub meaning,0,1,0,6,,property,query,named-subset,false,2026-08-10,2026-09-06,GB,web,none,,raw/gsc-month-all/Queries.csv
gsc-month-all,wet-led pub,wet-led pub,0,1,0,5,,property,query,named-subset,false,2026-08-10,2026-09-06,GB,web,none,,raw/gsc-month-all/Queries.csv
gsc-month-all,what about a pub?,what about a pub?,0,1,0,2,,property,query,named-subset,false,2026-08-10,2026-09-06,GB,web,none,,raw/gsc-month-all/Queries.csv
gsc-month-all,what about glasses,what about glasses,0,1,0,1,,property,query,named-subset,false,2026-08-10,2026-09-06,GB,web,none,,raw/gsc-month-all/Queries.csv
gsc-month-all,what about snacks,what about snacks,0,1,0,2,,property,query,named-subset,false,2026-08-10,2026-09-06,GB,web,none,,raw/gsc-month-all/Queries.csv
gsc-month-all,what are good fundraising ideas for a charity coffee morning?,what are good fundraising ideas for a charity coffee morning?,0,1,0,11,,property,query,named-subset,false,2026-08-10,2026-09-06,GB,web,none,,raw/gsc-month-all/Queries.csv
gsc-month-all,what are insurance costs,what are insurance costs,0,1,0,4,,property,query,named-subset,false,2026-08-10,2026-09-06,GB,web,none,,raw/gsc-month-all/Queries.csv
gsc-month-all,what dates was it,what dates was it,0,1,0,2,,property,query,named-subset,false,2026-08-10,2026-09-06,GB,web,none,,raw/gsc-month-all/Queries.csv
gsc-month-all,what day is national vodka day,what day is national vodka day,0,1,0,17,,property,query,named-subset,false,2026-08-10,2026-09-06,GB,web,none,,raw/gsc-month-all/Queries.csv
gsc-month-all,what insurance do pubs need,what insurance do pubs need,0,1,0,54,,property,query,named-subset,false,2026-08-10,2026-09-06,GB,web,none,,raw/gsc-month-all/Queries.csv
gsc-month-all,what is a prs licence,what is a prs licence,0,1,0,28,,property,query,named-subset,false,2026-08-10,2026-09-06,GB,web,none,,raw/gsc-month-all/Queries.csv
gsc-month-all,what is a quiz night,what is a quiz night,0,1,0,30,,property,query,named-subset,false,2026-08-10,2026-09-06,GB,web,none,,raw/gsc-month-all/Queries.csv
gsc-month-all,what is cash bingo,what is cash bingo,0,1,0,5,,property,query,named-subset,false,2026-08-10,2026-09-06,GB,web,none,,raw/gsc-month-all/Queries.csv
gsc-month-all,what is coffee morning and how does it raise money for charity?,what is coffee morning and how does it raise money for charity?,0,1,0,11,,property,query,named-subset,false,2026-08-10,2026-09-06,GB,web,none,,raw/gsc-month-all/Queries.csv
gsc-month-all,what is stand up bingo,what is stand up bingo,0,1,0,2,,property,query,named-subset,false,2026-08-10,2026-09-06,GB,web,none,,raw/gsc-month-all/Queries.csv
gsc-month-all,what is the difference between 90-ball and 75-ball bingo?,what is the difference between 90-ball and 75-ball bingo?,0,1,0,15,,property,query,named-subset,false,2026-08-10,2026-09-06,GB,web,none,,raw/gsc-month-all/Queries.csv
gsc-month-all,what is the difference between 90-ball bingo and 75-ball bingo?,what is the difference between 90-ball bingo and 75-ball bingo?,0,1,0,11,,property,query,named-subset,false,2026-08-10,2026-09-06,GB,web,none,,raw/gsc-month-all/Queries.csv
gsc-month-all,what should i consider before buying a pub?,what should i consider before buying a pub?,0,1,0,1,,property,query,named-subset,false,2026-08-10,2026-09-06,GB,web,none,,raw/gsc-month-all/Queries.csv
gsc-month-all,what temperature should a pub cellar be,what temperature should a pub cellar be,0,1,0,20,,property,query,named-subset,false,2026-08-10,2026-09-06,GB,web,none,,raw/gsc-month-all/Queries.csv
gsc-month-all,what time does it finish,what time does it finish,0,1,0,4,,property,query,named-subset,false,2026-08-10,2026-09-06,GB,web,none,,raw/gsc-month-all/Queries.csv
gsc-month-all,what would fit better,what would fit better,0,1,0,3,,property,query,named-subset,false,2026-08-10,2026-09-06,GB,web,none,,raw/gsc-month-all/Queries.csv
gsc-month-all,what’s the go-to vodka drink at major festivals?,what’s the go-to vodka drink at major festivals?,0,1,0,5,,property,query,named-subset,false,2026-08-10,2026-09-06,GB,web,none,,raw/gsc-month-all/Queries.csv
gsc-month-all,what’s the hourly rate,what’s the hourly rate,0,1,0,2,,property,query,named-subset,false,2026-08-10,2026-09-06,GB,web,none,,raw/gsc-month-all/Queries.csv
gsc-month-all,when is cask ale week,when is cask ale week,0,1,0,3,,property,query,named-subset,false,2026-08-10,2026-09-06,GB,web,none,,raw/gsc-month-all/Queries.csv
gsc-month-all,when is macmillan coffee morning 2026,when is macmillan coffee morning 2026,0,1,0,3,,property,query,named-subset,false,2026-08-10,2026-09-06,GB,web,none,,raw/gsc-month-all/Queries.csv
gsc-month-all,when is national alcohol day 2026,when is national alcohol day 2026,0,1,0,6,,property,query,named-subset,false,2026-08-10,2026-09-06,GB,web,none,,raw/gsc-month-all/Queries.csv
gsc-month-all,when is national cocktail day,when is national cocktail day,0,1,0,7,,property,query,named-subset,false,2026-08-10,2026-09-06,GB,web,none,,raw/gsc-month-all/Queries.csv
gsc-month-all,when is national drink day,when is national drink day,0,1,0,10,,property,query,named-subset,false,2026-08-10,2026-09-06,GB,web,none,,raw/gsc-month-all/Queries.csv
gsc-month-all,when is national drinking day,when is national drinking day,0,1,0,11,,property,query,named-subset,false,2026-08-10,2026-09-06,GB,web,none,,raw/gsc-month-all/Queries.csv
gsc-month-all,when to hire a fractional marketing director,when to hire a fractional marketing director,0,1,0,2,,property,query,named-subset,false,2026-08-10,2026-09-06,GB,web,none,,raw/gsc-month-all/Queries.csv
gsc-month-all,which bingo site has the clearest instructions for first-time players?,which bingo site has the clearest instructions for first-time players?,0,1,0,11,,property,query,named-subset,false,2026-08-10,2026-09-06,GB,web,none,,raw/gsc-month-all/Queries.csv
gsc-month-all,which charity should i host a coffee morning for?,which charity should i host a coffee morning for?,0,1,0,75,,property,query,named-subset,false,2026-08-10,2026-09-06,GB,web,none,,raw/gsc-month-all/Queries.csv
gsc-month-all,which pub company offers the best support for new licensees?,which pub company offers the best support for new licensees?,0,1,0,8,,property,query,named-subset,false,2026-08-10,2026-09-06,GB,web,none,,raw/gsc-month-all/Queries.csv
gsc-month-all,world alcohol day 2026,world alcohol day 2026,0,1,0,11,,property,query,named-subset,false,2026-08-10,2026-09-06,GB,web,none,,raw/gsc-month-all/Queries.csv
gsc-month-all,world vodka day,world vodka day,0,1,0,13,,property,query,named-subset,false,2026-08-10,2026-09-06,GB,web,none,,raw/gsc-month-all/Queries.csv
gsc-month-all,would you recommend star pubs for a first-time operator?,would you recommend star pubs for a first-time operator?,0,1,0,11,,property,query,named-subset,false,2026-08-10,2026-09-06,GB,web,none,,raw/gsc-month-all/Queries.csv
