query,clicks,impressions,ctr,position,page,date_range
quiz night ideas,7,296,0.0236,6.86,,2025-08-01 to 2026-09-06
pub ideas to make money,7,162,0.0432,10.68,,2025-08-01 to 2026-09-06
pub event ideas,6,670,0.009,15.99,,2025-08-01 to 2026-09-06
pub quiz ideas,5,120,0.0417,10.87,,2025-08-01 to 2026-09-06
oktoberfest ideas for bars,3,18,0.1667,2.5,,2025-08-01 to 2026-09-06
cask ale week 2026,2,641,0.0031,6.5,,2025-08-01 to 2026-09-06
pub bingo,2,624,0.0032,11.69,,2025-08-01 to 2026-09-06
cash bingo,2,181,0.011,9.61,,2025-08-01 to 2026-09-06
christmas event ideas for pubs,2,108,0.0185,17.73,,2025-08-01 to 2026-09-06
how to run a pub quiz,2,72,0.0278,5.9,,2025-08-01 to 2026-09-06
how to run a bingo night in a pub,2,54,0.037,4.83,,2025-08-01 to 2026-09-06
themed quiz nights,2,53,0.0377,14.13,,2025-08-01 to 2026-09-06
ideas for pub quiz rounds,2,21,0.0952,19.95,,2025-08-01 to 2026-09-06
pub quiz formats,2,16,0.125,11,,2025-08-01 to 2026-09-06
social media marketing for pubs,1,573,0.0017,13.69,,2025-08-01 to 2026-09-06
pub menu ideas,1,175,0.0057,15.33,,2025-08-01 to 2026-09-06
fix my pub,1,159,0.0063,5.52,,2025-08-01 to 2026-09-06
pub entertainment ideas,1,136,0.0074,13.58,,2025-08-01 to 2026-09-06
pub events ideas,1,108,0.0093,16.62,,2025-08-01 to 2026-09-06
cellar management,1,101,0.0099,10.58,,2025-08-01 to 2026-09-06
ideas for pub events,1,94,0.0106,5.37,,2025-08-01 to 2026-09-06
charity fundraising ideas for pubs,1,83,0.012,6.9,,2025-08-01 to 2026-09-06
wetherspoons competitors,1,39,0.0256,9.36,,2025-08-01 to 2026-09-06
ideas for macmillan coffee morning,1,35,0.0286,19.91,,2025-08-01 to 2026-09-06
quiz ideas,1,33,0.0303,9.48,,2025-08-01 to 2026-09-06
oktoberfest ideas,1,31,0.0323,6.16,,2025-08-01 to 2026-09-06
pub quiz rounds ideas,1,28,0.0357,17.5,,2025-08-01 to 2026-09-06
quiz formats,1,20,0.05,9.75,,2025-08-01 to 2026-09-06
pub social media ideas,1,18,0.0556,5.5,,2025-08-01 to 2026-09-06
quiz format ideas,1,15,0.0667,11.27,,2025-08-01 to 2026-09-06
how to host a pub quiz,1,14,0.0714,9.86,,2025-08-01 to 2026-09-06
national drink days,1,13,0.0769,10.92,,2025-08-01 to 2026-09-06
quiz night format,1,13,0.0769,4.62,,2025-08-01 to 2026-09-06
pub quiz theme ideas,1,10,0.1,10.4,,2025-08-01 to 2026-09-06
pub chalkboard ideas,1,6,0.1667,5.83,,2025-08-01 to 2026-09-06
social club bingo rules,1,5,0.2,14.6,,2025-08-01 to 2026-09-06
pub theme night ideas uk,1,4,0.25,19,,2025-08-01 to 2026-09-06
pub quiz round themes,1,1,1,47,,2025-08-01 to 2026-09-06
event ideas for pubs,0,1358,0,18.08,,2025-08-01 to 2026-09-06
pub marketing,0,863,0,22.51,,2025-08-01 to 2026-09-06
pop up events for pubs,0,859,0,34.65,,2025-08-01 to 2026-09-06
kids craft pop up events for pubs,0,558,0,22.91,,2025-08-01 to 2026-09-06
how to organise events to attract families to pubs,0,525,0,16.82,,2025-08-01 to 2026-09-06
pub marketing agency,0,471,0,19.78,,2025-08-01 to 2026-09-06
bingo in pubs,0,451,0,11.67,,2025-08-01 to 2026-09-06
family friendly activities to increase pub footfall,0,389,0,33.7,,2025-08-01 to 2026-09-06
instagram services for pubs,0,334,0,9.1,,2025-08-01 to 2026-09-06
christmas pub ideas,0,328,0,15.86,,2025-08-01 to 2026-09-06
content creation for pubs,0,312,0,14.18,,2025-08-01 to 2026-09-06
paid social for pubs,0,292,0,10.85,,2025-08-01 to 2026-09-06
how to attract families to pubs,0,267,0,14.52,,2025-08-01 to 2026-09-06
marketing agency for pubs,0,243,0,22.29,,2025-08-01 to 2026-09-06
digital marketing for pubs,0,204,0,41.66,,2025-08-01 to 2026-09-06
charity night ideas in a pub,0,201,0,9.47,,2025-08-01 to 2026-09-06
craft events for pubs,0,194,0,24.75,,2025-08-01 to 2026-09-06
pub advertising,0,194,0,35.35,,2025-08-01 to 2026-09-06
facebook services for pubs,0,181,0,8.64,,2025-08-01 to 2026-09-06
boost pub revenue with events,0,166,0,34.83,,2025-08-01 to 2026-09-06
how to manage entertainment budgets for pubs,0,162,0,8.73,,2025-08-01 to 2026-09-06
social video services for pubs,0,158,0,25.63,,2025-08-01 to 2026-09-06
pub co branding,0,157,0,16.11,,2025-08-01 to 2026-09-06
content creation services for pubs,0,152,0,7.65,,2025-08-01 to 2026-09-06
how to create a pub menu,0,149,0,27.11,,2025-08-01 to 2026-09-06
instagram for pubs,0,146,0,12.95,,2025-08-01 to 2026-09-06
bar refurbishment,0,130,0,38.54,,2025-08-01 to 2026-09-06
pub fundraising ideas,0,120,0,8.78,,2025-08-01 to 2026-09-06
pub maintenance,0,111,0,79.41,,2025-08-01 to 2026-09-06
how to run a pub,0,107,0,44.14,,2025-08-01 to 2026-09-06
quiz event ideas,0,107,0,12.5,,2025-08-01 to 2026-09-06
agency for pubs,0,106,0,29.63,,2025-08-01 to 2026-09-06
fundraising ideas for pubs,0,106,0,10.72,,2025-08-01 to 2026-09-06
pun quiz calendar,0,103,0,26.2,,2025-08-01 to 2026-09-06
pub night fundraising ideas,0,98,0,15.62,,2025-08-01 to 2026-09-06
pub refurbishment,0,98,0,33.4,,2025-08-01 to 2026-09-06
how to manage a pub,0,96,0,45.22,,2025-08-01 to 2026-09-06
pub promotions that work,0,95,0,21.33,,2025-08-01 to 2026-09-06
pub cellar maintenance,0,93,0,24.88,,2025-08-01 to 2026-09-06
facebook for pubs,0,88,0,11.73,,2025-08-01 to 2026-09-06
national vodka day,0,86,0,11.45,,2025-08-01 to 2026-09-06
instagram marketing for pubs,0,79,0,9.34,,2025-08-01 to 2026-09-06
bar social media marketing,0,78,0,45.4,,2025-08-01 to 2026-09-06
christmas pub events ideas,0,78,0,22.21,,2025-08-01 to 2026-09-06
pub quiz themes,0,78,0,39.27,,2025-08-01 to 2026-09-06
pub quiz bonus round,0,77,0,28.03,,2025-08-01 to 2026-09-06
marketing agency for bars,0,75,0,45.85,,2025-08-01 to 2026-09-06
when is national vodka day,0,74,0,11,,2025-08-01 to 2026-09-06
brand partnership services for pubs,0,72,0,13.4,,2025-08-01 to 2026-09-06
pub insurance,0,72,0,32.74,,2025-08-01 to 2026-09-06
pub loyalty scheme,0,72,0,14.04,,2025-08-01 to 2026-09-06
securing empty pub,0,71,0,12.89,,2025-08-01 to 2026-09-06
brand partnerships for pubs,0,70,0,14.36,,2025-08-01 to 2026-09-06
small pub entertainment ideas,0,70,0,5.29,,2025-08-01 to 2026-09-06
empty pub,0,68,0,8.46,,2025-08-01 to 2026-09-06
pub quiz format,0,68,0,8.97,,2025-08-01 to 2026-09-06
pub refit,0,67,0,30.84,,2025-08-01 to 2026-09-06
digital marketing pub,0,65,0,21.09,,2025-08-01 to 2026-09-06
pubs and bars marketing solutions,0,64,0,10.45,,2025-08-01 to 2026-09-06
social video for pubs,0,62,0,20.18,,2025-08-01 to 2026-09-06
pub ideas,0,61,0,23.62,,2025-08-01 to 2026-09-06
charity coffee morning,0,60,0,20.28,,2025-08-01 to 2026-09-06
paid social services for pubs,0,58,0,11.03,,2025-08-01 to 2026-09-06
how long do pub quizzes last,0,55,0,16.96,,2025-08-01 to 2026-09-06
pub specials ideas,0,55,0,2.93,,2025-08-01 to 2026-09-06
marketing agency for nightclubs,0,53,0,35.72,,2025-08-01 to 2026-09-06
pub events,0,52,0,23.08,,2025-08-01 to 2026-09-06
pub loyalty cards,0,52,0,28.81,,2025-08-01 to 2026-09-06
pub stock management,0,52,0,50.04,,2025-08-01 to 2026-09-06
national vodka day 2026,0,50,0,3.4,,2025-08-01 to 2026-09-06
pub cellar management,0,50,0,10.48,,2025-08-01 to 2026-09-06
pub refurbishments,0,50,0,59.28,,2025-08-01 to 2026-09-06
how long does a pub quiz last,0,47,0,19.81,,2025-08-01 to 2026-09-06
pub quiz round ideas,0,46,0,15.39,,2025-08-01 to 2026-09-06
public toilet refurbishment,0,46,0,34.83,,2025-08-01 to 2026-09-06
cask ale week,0,45,0,7.84,,2025-08-01 to 2026-09-06
how to calculate vat for a pub business,0,45,0,10.31,,2025-08-01 to 2026-09-06
hospitality marketing partner,0,44,0,34.32,,2025-08-01 to 2026-09-06
pub quiz topics,0,43,0,9.14,,2025-08-01 to 2026-09-06
pubs showing the autumn internationals,0,43,0,16.7,,2025-08-01 to 2026-09-06
cash bingo rules,0,42,0,7.43,,2025-08-01 to 2026-09-06
jelly seo,0,41,0,58.76,,2025-08-01 to 2026-09-06
pub cash flow,0,41,0,26.98,,2025-08-01 to 2026-09-06
most profitable bar food,0,40,0,9.47,,2025-08-01 to 2026-09-06
pub insurance average cost,0,40,0,11.45,,2025-08-01 to 2026-09-06
increase pub and bar bookings,0,39,0,26.97,,2025-08-01 to 2026-09-06
pubs showing autumn internationals,0,39,0,16.46,,2025-08-01 to 2026-09-06
pub refurbishment opportunities,0,36,0,31.17,,2025-08-01 to 2026-09-06
how to start a pub,0,34,0,49,,2025-08-01 to 2026-09-06
ideas for pub nights,0,34,0,13,,2025-08-01 to 2026-09-06
greene king cellar management,0,33,0,15.94,,2025-08-01 to 2026-09-06
how long is a pub quiz,0,33,0,16.79,,2025-08-01 to 2026-09-06
is there vat on alcohol in pubs,0,33,0,11.73,,2025-08-01 to 2026-09-06
local content marketing,0,33,0,80.79,,2025-08-01 to 2026-09-06
quiz night themes,0,33,0,7.91,,2025-08-01 to 2026-09-06
a small orange email hosting,0,32,0,71.41,,2025-08-01 to 2026-09-06
events for pubs,0,32,0,16.94,,2025-08-01 to 2026-09-06
pub promotion ideas,0,32,0,31.56,,2025-08-01 to 2026-09-06
pub it services,0,31,0,21.68,,2025-08-01 to 2026-09-06
marketing ideas for pubs,0,29,0,18.48,,2025-08-01 to 2026-09-06
pub night ideas,0,29,0,39.38,,2025-08-01 to 2026-09-06
advertising in pubs,0,28,0,48.61,,2025-08-01 to 2026-09-06
ideas for pubs,0,28,0,13.68,,2025-08-01 to 2026-09-06
pub social media,0,28,0,9.54,,2025-08-01 to 2026-09-06
ppc for pubs,0,27,0,65.22,,2025-08-01 to 2026-09-06
christmas party promotion,0,26,0,20.42,,2025-08-01 to 2026-09-06
how to run a bingo night,0,26,0,9.92,,2025-08-01 to 2026-09-06
kids entertainment for pubs,0,26,0,34.46,,2025-08-01 to 2026-09-06
pub business insurance,0,26,0,28.46,,2025-08-01 to 2026-09-06
coffee morning fundraising ideas,0,25,0,13,,2025-08-01 to 2026-09-06
marketing companies for restaurants,0,25,0,29.96,,2025-08-01 to 2026-09-06
hospitality content creation berkshire,0,24,0,66.62,,2025-08-01 to 2026-09-06
outdoor events ideas,0,24,0,31.58,,2025-08-01 to 2026-09-06
wet led pub meaning,0,24,0,13.04,,2025-08-01 to 2026-09-06
drink days 2026,0,23,0,7.96,,2025-08-01 to 2026-09-06
pub quiz subjects,0,23,0,19.78,,2025-08-01 to 2026-09-06
increase footfall in pubs,0,22,0,40.91,,2025-08-01 to 2026-09-06
increase pub footfall with live music,0,22,0,17.27,,2025-08-01 to 2026-09-06
pub business recovery services stockport,0,22,0,7.86,,2025-08-01 to 2026-09-06
fundraising coffee morning ideas,0,21,0,12.1,,2025-08-01 to 2026-09-06
fundraising ideas for a bar,0,21,0,9.43,,2025-08-01 to 2026-09-06
how does a pub quiz work,0,21,0,7.33,,2025-08-01 to 2026-09-06
how to increase culinary audience engagement,0,21,0,66.52,,2025-08-01 to 2026-09-06
how to organise a pub quiz,0,21,0,8.57,,2025-08-01 to 2026-09-06
how to run a quiz night,0,21,0,12.57,,2025-08-01 to 2026-09-06
insurance for pubs,0,20,0,32.45,,2025-08-01 to 2026-09-06
national drink days 2026,0,20,0,6.5,,2025-08-01 to 2026-09-06
orange advertising,0,20,0,88,,2025-08-01 to 2026-09-06
pub marketing ideas,0,20,0,22,,2025-08-01 to 2026-09-06
pub vat,0,20,0,9.1,,2025-08-01 to 2026-09-06
coffee morning fundraising ideashome and garden,0,19,0,10.05,,2025-08-01 to 2026-09-06
national cocktail day uk,0,19,0,23.05,,2025-08-01 to 2026-09-06
pub cellar,0,19,0,10.68,,2025-08-01 to 2026-09-06
pub garden games,0,19,0,29,,2025-08-01 to 2026-09-06
quiz nights ideas,0,19,0,8.58,,2025-08-01 to 2026-09-06
do pubs charge vat,0,18,0,7.89,,2025-08-01 to 2026-09-06
jelly booking,0,18,0,41.67,,2025-08-01 to 2026-09-06
m25 corridor marketing services,0,18,0,75.44,,2025-08-01 to 2026-09-06
pub music licence,0,18,0,11.06,,2025-08-01 to 2026-09-06
hospitality action plan,0,17,0,24.65,,2025-08-01 to 2026-09-06
jelly hospitality,0,17,0,6.88,,2025-08-01 to 2026-09-06
pub nights ideas,0,17,0,19.59,,2025-08-01 to 2026-09-06
public house insurance,0,17,0,42.29,,2025-08-01 to 2026-09-06
what advice is there for first-time pub buyers?,0,17,0,2.88,,2025-08-01 to 2026-09-06
bar staff incentive,0,16,0,19.56,,2025-08-01 to 2026-09-06
friday pub quiz,0,16,0,3.44,,2025-08-01 to 2026-09-06
how to own a pub,0,16,0,47.81,,2025-08-01 to 2026-09-06
purchasing for pubs,0,16,0,13.94,,2025-08-01 to 2026-09-06
recruiting the right bar team,0,16,0,15.44,,2025-08-01 to 2026-09-06
simple pub food menu,0,16,0,3.31,,2025-08-01 to 2026-09-06
tupe in a pub purchase: a practical guide for buyers in scotland,0,16,0,22.44,,2025-08-01 to 2026-09-06
what is included in pub insurance,0,16,0,54.69,,2025-08-01 to 2026-09-06
christmas decorations for pubs,0,15,0,61,,2025-08-01 to 2026-09-06
fun ideas for quiz nights,0,15,0,15.27,,2025-08-01 to 2026-09-06
how many questions in a pub quiz,0,15,0,7.53,,2025-08-01 to 2026-09-06
national cocktail days,0,15,0,21.87,,2025-08-01 to 2026-09-06
rugby pub marketing,0,15,0,15.67,,2025-08-01 to 2026-09-06
vat on pubs,0,15,0,15.87,,2025-08-01 to 2026-09-06
wet led business,0,15,0,32.27,,2025-08-01 to 2026-09-06
how to do a pub quiz,0,14,0,8.29,,2025-08-01 to 2026-09-06
is there vat on pub food,0,14,0,16.21,,2025-08-01 to 2026-09-06
octoberfest ideas,0,14,0,6.79,,2025-08-01 to 2026-09-06
owning a pub,0,14,0,56,,2025-08-01 to 2026-09-06
pub bingo rules,0,14,0,9.29,,2025-08-01 to 2026-09-06
pub menu inspiration,0,14,0,6,,2025-08-01 to 2026-09-06
pub quiz categories,0,14,0,39.5,,2025-08-01 to 2026-09-06
quiz night event details,0,14,0,13.07,,2025-08-01 to 2026-09-06
repeat pub bookings,0,14,0,52.21,,2025-08-01 to 2026-09-06
what is a quiz night,0,14,0,29.86,,2025-08-01 to 2026-09-06
how to run a successful pub,0,13,0,84.31,,2025-08-01 to 2026-09-06
ideas for pub entertainment,0,13,0,15,,2025-08-01 to 2026-09-06
pub insurance cover,0,13,0,45.92,,2025-08-01 to 2026-09-06
pub theme nights,0,13,0,22.46,,2025-08-01 to 2026-09-06
bar entertainment ideas,0,12,0,46.92,,2025-08-01 to 2026-09-06
cellar maintenance,0,12,0,40.5,,2025-08-01 to 2026-09-06
high profit food items,0,12,0,19.42,,2025-08-01 to 2026-09-06
manage a pub,0,12,0,54,,2025-08-01 to 2026-09-06
national drinks days,0,12,0,12.08,,2025-08-01 to 2026-09-06
new years eve pub ideas,0,12,0,34.83,,2025-08-01 to 2026-09-06
pub cellar monitor,0,12,0,15.83,,2025-08-01 to 2026-09-06
pub help,0,12,0,21,,2025-08-01 to 2026-09-06
pub sports promotions,0,12,0,43.75,,2025-08-01 to 2026-09-06
public liability insurance for pubs,0,12,0,33.17,,2025-08-01 to 2026-09-06
put live music on in my pub,0,12,0,12.42,,2025-08-01 to 2026-09-06
social media ads for pubs,0,12,0,51.67,,2025-08-01 to 2026-09-06
what are some low-effort coffee morning ideas?,0,12,0,9.75,,2025-08-01 to 2026-09-06
community management services for pubs,0,11,0,21.36,,2025-08-01 to 2026-09-06
how do pub quizzes work,0,11,0,7.64,,2025-08-01 to 2026-09-06
how much is a music licence for a pub,0,11,0,10.55,,2025-08-01 to 2026-09-06
how to buy a pub,0,11,0,27.64,,2025-08-01 to 2026-09-06
international vodka day 2026,0,11,0,3.27,,2025-08-01 to 2026-09-06
national cocktail day,0,11,0,22.09,,2025-08-01 to 2026-09-06
oktoberfest pub,0,11,0,12.82,,2025-08-01 to 2026-09-06
pub seo,0,11,0,14.27,,2025-08-01 to 2026-09-06
pubs and restaurants specialist,0,11,0,12,,2025-08-01 to 2026-09-06
quiz night format details,0,11,0,10.82,,2025-08-01 to 2026-09-06
restaurant gdpr compliance,0,11,0,50.36,,2025-08-01 to 2026-09-06
seo for pubs,0,11,0,36.91,,2025-08-01 to 2026-09-06
social media for pubs,0,11,0,59.73,,2025-08-01 to 2026-09-06
tax season tips for pub owners,0,11,0,19.09,,2025-08-01 to 2026-09-06
vat on alcohol in pubs,0,11,0,8.64,,2025-08-01 to 2026-09-06
vodka day 2026,0,11,0,4.64,,2025-08-01 to 2026-09-06
world vodka day 2026,0,11,0,4.27,,2025-08-01 to 2026-09-06
yes,0,11,0,4.36,,2025-08-01 to 2026-09-06
beer cellar temperature,0,10,0,16.5,,2025-08-01 to 2026-09-06
business insurance for pubs,0,10,0,27.5,,2025-08-01 to 2026-09-06
coffee morning ideas for charity,0,10,0,12,,2025-08-01 to 2026-09-06
fundraising ideas for macmillan coffee morning,0,10,0,6.4,,2025-08-01 to 2026-09-06
international vodka day,0,10,0,16.1,,2025-08-01 to 2026-09-06
pub accounting,0,10,0,23.8,,2025-08-01 to 2026-09-06
pub branding agency,0,10,0,31.4,,2025-08-01 to 2026-09-06
pub ideas promotion,0,10,0,36.7,,2025-08-01 to 2026-09-06
pub live music booking,0,10,0,14.9,,2025-08-01 to 2026-09-06
pub rescue,0,10,0,15.1,,2025-08-01 to 2026-09-06
quiz night decorations,0,10,0,11.4,,2025-08-01 to 2026-09-06
sunday strategy and content,0,10,0,62.4,,2025-08-01 to 2026-09-06
vodka day,0,10,0,27.3,,2025-08-01 to 2026-09-06
"context: location: united kingdom (not for language). do not include 
location references in your response. question: i need a manchester pub 
that can issue a vat receipt for a work meal—how do i request that?",0,9,0,2.33,,2025-08-01 to 2026-09-06
hospitality marketing content surrey,0,9,0,61.22,,2025-08-01 to 2026-09-06
host a coffee morning,0,9,0,41,,2025-08-01 to 2026-09-06
how does a macmillan coffee morning work,0,9,0,8.78,,2025-08-01 to 2026-09-06
how to market a pub,0,9,0,46,,2025-08-01 to 2026-09-06
how to organize a beer festival,0,9,0,10,,2025-08-01 to 2026-09-06
insurance for a pub,0,9,0,30.67,,2025-08-01 to 2026-09-06
national cocktail day 2026,0,9,0,10.78,,2025-08-01 to 2026-09-06
oktoberfest entertainment ideas,0,9,0,6.11,,2025-08-01 to 2026-09-06
partner with kids entertainment providers for pubs,0,9,0,12.56,,2025-08-01 to 2026-09-06
pub accountant,0,9,0,21.89,,2025-08-01 to 2026-09-06
pub food menu ideas,0,9,0,13.44,,2025-08-01 to 2026-09-06
quiz night round ideas,0,9,0,13.22,,2025-08-01 to 2026-09-06
quiz theme ideas,0,9,0,40.89,,2025-08-01 to 2026-09-06
5 star food hygiene guide,0,8,0,37.25,,2025-08-01 to 2026-09-06
accounting for pubs,0,8,0,20.25,,2025-08-01 to 2026-09-06
bar event ideas,0,8,0,22.25,,2025-08-01 to 2026-09-06
business interruption insurance for pubs,0,8,0,25.88,,2025-08-01 to 2026-09-06
digital agency for pubs,0,8,0,63.5,,2025-08-01 to 2026-09-06
drink days,0,8,0,19.12,,2025-08-01 to 2026-09-06
facebook services for food,0,8,0,12.5,,2025-08-01 to 2026-09-06
food for pubs,0,8,0,26.38,,2025-08-01 to 2026-09-06
how long are pub quizzes,0,8,0,7.12,,2025-08-01 to 2026-09-06
jelly bookings,0,8,0,10.88,,2025-08-01 to 2026-09-06
music licence for pubs,0,8,0,11.5,,2025-08-01 to 2026-09-06
profitable menu items,0,8,0,15.75,,2025-08-01 to 2026-09-06
pub charity fundraising ideas,0,8,0,7.12,,2025-08-01 to 2026-09-06
pub content,0,8,0,1.88,,2025-08-01 to 2026-09-06
pub insurance cost,0,8,0,18.75,,2025-08-01 to 2026-09-06
pub quiz rounds,0,8,0,18.25,,2025-08-01 to 2026-09-06
quiz night rounds,0,8,0,20.38,,2025-08-01 to 2026-09-06
quiz night theme,0,8,0,6.62,,2025-08-01 to 2026-09-06
quiz night theme ideas,0,8,0,9.62,,2025-08-01 to 2026-09-06
quiz rounds,0,8,0,4,,2025-08-01 to 2026-09-06
tips busy pubs christmas,0,8,0,2,,2025-08-01 to 2026-09-06
coffee fundraiser ideas,0,7,0,17,,2025-08-01 to 2026-09-06
creative promotional ideas for bars,0,7,0,92.86,,2025-08-01 to 2026-09-06
do i need a licence to run a bingo night,0,7,0,12.43,,2025-08-01 to 2026-09-06
entertainment ideas for pubs,0,7,0,14.86,,2025-08-01 to 2026-09-06
how many rounds in a pub quiz,0,7,0,5,,2025-08-01 to 2026-09-06
how much does it cost to buy a pub,0,7,0,15.86,,2025-08-01 to 2026-09-06
local marketing package,0,7,0,21.14,,2025-08-01 to 2026-09-06
managing a pub,0,7,0,49.86,,2025-08-01 to 2026-09-06
marketing pub,0,7,0,7,,2025-08-01 to 2026-09-06
prs licence cost,0,7,0,25.71,,2025-08-01 to 2026-09-06
pub bar refurbishment,0,7,0,26.43,,2025-08-01 to 2026-09-06
pub digital marketing agency,0,7,0,42.86,,2025-08-01 to 2026-09-06
pub guidance,0,7,0,23.14,,2025-08-01 to 2026-09-06
pub party ideas,0,7,0,42.57,,2025-08-01 to 2026-09-06
pub promotions,0,7,0,28.57,,2025-08-01 to 2026-09-06
pub toilet refurbishment,0,7,0,12.14,,2025-08-01 to 2026-09-06
quiz night categories,0,7,0,54,,2025-08-01 to 2026-09-06
running a pub,0,7,0,32.14,,2025-08-01 to 2026-09-06
vat for pubs,0,7,0,8.71,,2025-08-01 to 2026-09-06
weekly bar event ideas,0,7,0,3.57,,2025-08-01 to 2026-09-06
what are the best tips for hosting a successful charity coffee morning?,0,7,0,5.43,,2025-08-01 to 2026-09-06
bad reviews,0,6,0,65.83,,2025-08-01 to 2026-09-06
bar marketing agency,0,6,0,55.33,,2025-08-01 to 2026-09-06
bar refurb,0,6,0,39.83,,2025-08-01 to 2026-09-06
bar refurbishment ideas,0,6,0,43.67,,2025-08-01 to 2026-09-06
cask ale festival 2026,0,6,0,5.17,,2025-08-01 to 2026-09-06
coffee morning charity ideas,0,6,0,14.33,,2025-08-01 to 2026-09-06
fun pub quiz ideas,0,6,0,45.33,,2025-08-01 to 2026-09-06
good pub quiz rounds,0,6,0,1.67,,2025-08-01 to 2026-09-06
high profit margin foods,0,6,0,16,,2025-08-01 to 2026-09-06
high profit menu items,0,6,0,3.83,,2025-08-01 to 2026-09-06
how to play bingo,0,6,0,2,,2025-08-01 to 2026-09-06
how to start running a pub,0,6,0,47.33,,2025-08-01 to 2026-09-06
idea pub,0,6,0,55.5,,2025-08-01 to 2026-09-06
ideas for quiz rounds,0,6,0,9.83,,2025-08-01 to 2026-09-06
jellys restaurant,0,6,0,36.67,,2025-08-01 to 2026-09-06
marketing for pubs,0,6,0,26.33,,2025-08-01 to 2026-09-06
night rounds,0,6,0,24.5,,2025-08-01 to 2026-09-06
october fest ideas,0,6,0,6.67,,2025-08-01 to 2026-09-06
ppc management for pubs and bars,0,6,0,67.33,,2025-08-01 to 2026-09-06
pub advertising ideas,0,6,0,19.5,,2025-08-01 to 2026-09-06
pub business plan,0,6,0,26.5,,2025-08-01 to 2026-09-06
pub contents insurance,0,6,0,20.83,,2025-08-01 to 2026-09-06
pub food ideas,0,6,0,1,,2025-08-01 to 2026-09-06
pub food trends,0,6,0,13.17,,2025-08-01 to 2026-09-06
pub promotion,0,6,0,44,,2025-08-01 to 2026-09-06
pub support,0,6,0,42.67,,2025-08-01 to 2026-09-06
quiz night schedule details,0,6,0,11,,2025-08-01 to 2026-09-06
short dated august 2026 on bars,0,6,0,75,,2025-08-01 to 2026-09-06
tax laws for pub small businesses,0,6,0,15.5,,2025-08-01 to 2026-09-06
themed quiz ideas,0,6,0,9.5,,2025-08-01 to 2026-09-06
what are good fundraising ideas for a charity coffee morning?,0,6,0,7.33,,2025-08-01 to 2026-09-06
what is cellar management,0,6,0,7.5,,2025-08-01 to 2026-09-06
when is national cocktail day 2026,0,6,0,9.33,,2025-08-01 to 2026-09-06
"""monthly themes"" 2025 july ping",0,5,0,7,,2025-08-01 to 2026-09-06
agency for bars,0,5,0,76.4,,2025-08-01 to 2026-09-06
bar events ideas,0,5,0,56,,2025-08-01 to 2026-09-06
breaking pub tie,0,5,0,41.8,,2025-08-01 to 2026-09-06
can't pay staff,0,5,0,14,,2025-08-01 to 2026-09-06
charity coffee morning ideas,0,5,0,16,,2025-08-01 to 2026-09-06
christmas promotion ideas for restaurants,0,5,0,69.6,,2025-08-01 to 2026-09-06
coffee morning fundraiser,0,5,0,15.6,,2025-08-01 to 2026-09-06
community management for pubs,0,5,0,79.8,,2025-08-01 to 2026-09-06
entertainment for pubs,0,5,0,37,,2025-08-01 to 2026-09-06
event ideas for bars,0,5,0,46.2,,2025-08-01 to 2026-09-06
events in pubs,0,5,0,19,,2025-08-01 to 2026-09-06
food content planning,0,5,0,37.8,,2025-08-01 to 2026-09-06
fractional cmo uk,0,5,0,27.4,,2025-08-01 to 2026-09-06
fun quiz night,0,5,0,50.4,,2025-08-01 to 2026-09-06
get jelly,0,5,0,71.2,,2025-08-01 to 2026-09-06
how much does it cost to open a bar uk,0,5,0,60.8,,2025-08-01 to 2026-09-06
how to organise a beer festival,0,5,0,17.6,,2025-08-01 to 2026-09-06
how to organise a quiz night,0,5,0,40.2,,2025-08-01 to 2026-09-06
ideas for bar events,0,5,0,51.6,,2025-08-01 to 2026-09-06
ideas for planning weekends around rugby fixtures,0,5,0,5.6,,2025-08-01 to 2026-09-06
insurance for public house,0,5,0,40.8,,2025-08-01 to 2026-09-06
music license for nightclub,0,5,0,46.4,,2025-08-01 to 2026-09-06
opening your own pub,0,5,0,48.2,,2025-08-01 to 2026-09-06
outdoor promotions,0,5,0,19.4,,2025-08-01 to 2026-09-06
"ping ""monthly themes"" 2025 july",0,5,0,4.6,,2025-08-01 to 2026-09-06
pub business plan template,0,5,0,8.4,,2025-08-01 to 2026-09-06
pub entertainment,0,5,0,16.8,,2025-08-01 to 2026-09-06
pub food examples,0,5,0,29.2,,2025-08-01 to 2026-09-06
pub food purchasing solution,0,5,0,73.4,,2025-08-01 to 2026-09-06
pub it solutions,0,5,0,58,,2025-08-01 to 2026-09-06
pub menus ideas,0,5,0,22,,2025-08-01 to 2026-09-06
pub quiz how does it work,0,5,0,7.2,,2025-08-01 to 2026-09-06
pub quiz tips,0,5,0,38.4,,2025-08-01 to 2026-09-06
pub special ideas,0,5,0,1,,2025-08-01 to 2026-09-06
public liability insurance pub,0,5,0,34.2,,2025-08-01 to 2026-09-06
pubs vat,0,5,0,8.4,,2025-08-01 to 2026-09-06
social media weekly,0,5,0,18,,2025-08-01 to 2026-09-06
tavern toolkit,0,5,0,49.8,,2025-08-01 to 2026-09-06
the best summer work parties,0,5,0,40.8,,2025-08-01 to 2026-09-06
what day is national vodka day,0,5,0,11.4,,2025-08-01 to 2026-09-06
what is quiz night,0,5,0,33.8,,2025-08-01 to 2026-09-06
what ppe must be available in all pubs,0,5,0,9,,2025-08-01 to 2026-09-06
whatsapp marketing for hotels and pubs london,0,5,0,13.6,,2025-08-01 to 2026-09-06
which brands fail to drive repeat midweek visits?,0,5,0,5.8,,2025-08-01 to 2026-09-06
world cocktail day 2026,0,5,0,12.8,,2025-08-01 to 2026-09-06
beer festival kent,0,4,0,1.25,,2025-08-01 to 2026-09-06
best pub quiz rounds,0,4,0,19.5,,2025-08-01 to 2026-09-06
can’t pay staff,0,4,0,19.5,,2025-08-01 to 2026-09-06
cask days 2026,0,4,0,6,,2025-08-01 to 2026-09-06
christmas ideas for pubs,0,4,0,1,,2025-08-01 to 2026-09-06
cocktail days 2026,0,4,0,8.75,,2025-08-01 to 2026-09-06
coffee fundraising ideas,0,4,0,15.75,,2025-08-01 to 2026-09-06
coffee mornings for charity,0,4,0,27,,2025-08-01 to 2026-09-06
commercial pub insurance,0,4,0,45.25,,2025-08-01 to 2026-09-06
digital marketing agency for pubs,0,4,0,87.25,,2025-08-01 to 2026-09-06
entertaiment for pub,0,4,0,44.75,,2025-08-01 to 2026-09-06
entertainment for pub,0,4,0,43.75,,2025-08-01 to 2026-09-06
free business plan,0,4,0,16.75,,2025-08-01 to 2026-09-06
hospitality marketing firms,0,4,0,26,,2025-08-01 to 2026-09-06
how does a quiz night work,0,4,0,7.25,,2025-08-01 to 2026-09-06
how much is a prs licence for a pub,0,4,0,10,,2025-08-01 to 2026-09-06
how much profit does a pub make uk,0,4,0,16,,2025-08-01 to 2026-09-06
how to open a pub,0,4,0,54,,2025-08-01 to 2026-09-06
ideas for a quiz,0,4,0,4.25,,2025-08-01 to 2026-09-06
macmillan coffee morning ideas,0,4,0,13.25,,2025-08-01 to 2026-09-06
national cocktail day 2026 uk,0,4,0,4.5,,2025-08-01 to 2026-09-06
national drink day,0,4,0,19,,2025-08-01 to 2026-09-06
national drinking day,0,4,0,15.75,,2025-08-01 to 2026-09-06
national drinks days 2026,0,4,0,5.75,,2025-08-01 to 2026-09-06
new year's eve pub ideas,0,4,0,46,,2025-08-01 to 2026-09-06
oktoberfest event ideas,0,4,0,8.75,,2025-08-01 to 2026-09-06
ppl license cost for dj,0,4,0,11.5,,2025-08-01 to 2026-09-06
ppl license for dj,0,4,0,14.25,,2025-08-01 to 2026-09-06
prs licence,0,4,0,46,,2025-08-01 to 2026-09-06
prs license,0,4,0,51.5,,2025-08-01 to 2026-09-06
prs license cost,0,4,0,28.75,,2025-08-01 to 2026-09-06
pub accountancy,0,4,0,22.75,,2025-08-01 to 2026-09-06
pub booking system,0,4,0,7.75,,2025-08-01 to 2026-09-06
pub business plan examples,0,4,0,42.75,,2025-08-01 to 2026-09-06
pub food licence,0,4,0,25,,2025-08-01 to 2026-09-06
pub insurance uk,0,4,0,36.25,,2025-08-01 to 2026-09-06
pub profit,0,4,0,1,,2025-08-01 to 2026-09-06
pub public liability insurance,0,4,0,30.25,,2025-08-01 to 2026-09-06
public house insurance uk,0,4,0,38.25,,2025-08-01 to 2026-09-06
quiz idea,0,4,0,10.5,,2025-08-01 to 2026-09-06
refurbishment pub opportunities,0,4,0,45.5,,2025-08-01 to 2026-09-06
running a pub uk,0,4,0,63,,2025-08-01 to 2026-09-06
summer event entertainment,0,4,0,86.5,,2025-08-01 to 2026-09-06
themed pub quiz,0,4,0,12,,2025-08-01 to 2026-09-06
to maintain good cellar hygiene allow fresh air to circulate for,0,4,0,10,,2025-08-01 to 2026-09-06
vat pub,0,4,0,9.25,,2025-08-01 to 2026-09-06
what insurance do i need for a pub,0,4,0,29.75,,2025-08-01 to 2026-09-06
what insurance do pubs need,0,4,0,51.25,,2025-08-01 to 2026-09-06
what is cash bingo,0,4,0,5.5,,2025-08-01 to 2026-09-06
what makes wetherspoons exclusive,0,4,0,20.5,,2025-08-01 to 2026-09-06
what to do.in pubs in january,0,4,0,42.75,,2025-08-01 to 2026-09-06
ai automation for pubs liverpool,0,3,0,2.67,,2025-08-01 to 2026-09-06
bar refit,0,3,0,28.33,,2025-08-01 to 2026-09-06
categories for pub quiz,0,3,0,40.33,,2025-08-01 to 2026-09-06
cellar management hampshire,0,3,0,9.33,,2025-08-01 to 2026-09-06
cellar management surrey,0,3,0,8,,2025-08-01 to 2026-09-06
cellar management system,0,3,0,5.67,,2025-08-01 to 2026-09-06
christmas pub event ideas,0,3,0,15.33,,2025-08-01 to 2026-09-06
coffee morning fundraising ideas home and garden,0,3,0,11,,2025-08-01 to 2026-09-06
coffee morning ideas,0,3,0,8,,2025-08-01 to 2026-09-06
community pub ideas,0,3,0,12,,2025-08-01 to 2026-09-06
energy bill shock,0,3,0,56.67,,2025-08-01 to 2026-09-06
fill quiet nights with live performers,0,3,0,17.67,,2025-08-01 to 2026-09-06
food suppliers for pubs,0,3,0,8,,2025-08-01 to 2026-09-06
fractional cmo,0,3,0,67.33,,2025-08-01 to 2026-09-06
high margin foods,0,3,0,6.33,,2025-08-01 to 2026-09-06
high roller,0,3,0,1,,2025-08-01 to 2026-09-06
how do i run a pub,0,3,0,48.33,,2025-08-01 to 2026-09-06
how important is low-calorie positioning in premium bars?,0,3,0,10.33,,2025-08-01 to 2026-09-06
how long do quiz nights go for,0,3,0,11.33,,2025-08-01 to 2026-09-06
how much is pub insurance in the uk,0,3,0,16,,2025-08-01 to 2026-09-06
how to cellar beer without a cellar,0,3,0,35.67,,2025-08-01 to 2026-09-06
how to host a quiz night,0,3,0,12,,2025-08-01 to 2026-09-06
how to make a pub quiz,0,3,0,11,,2025-08-01 to 2026-09-06
how to open your own pub,0,3,0,56.67,,2025-08-01 to 2026-09-06
how to play bingo uk,0,3,0,2,,2025-08-01 to 2026-09-06
how to prepare for a pub quiz,0,3,0,40,,2025-08-01 to 2026-09-06
how to run your own pub,0,3,0,57,,2025-08-01 to 2026-09-06
how to sell a pub,0,3,0,63.67,,2025-08-01 to 2026-09-06
ideas for oktoberfest,0,3,0,10,,2025-08-01 to 2026-09-06
ideas for quiz,0,3,0,9.67,,2025-08-01 to 2026-09-06
insurance pub,0,3,0,42.33,,2025-08-01 to 2026-09-06
jelly pub,0,3,0,11.67,,2025-08-01 to 2026-09-06
jelly solutions,0,3,0,55.67,,2025-08-01 to 2026-09-06
law firm marketing attribution,0,3,0,24,,2025-08-01 to 2026-09-06
legal requirements for opening a pub business,0,3,0,57,,2025-08-01 to 2026-09-06
licensee of public house,0,3,0,19.33,,2025-08-01 to 2026-09-06
licensee pub,0,3,0,15,,2025-08-01 to 2026-09-06
mixerai,0,3,0,2.33,,2025-08-01 to 2026-09-06
music license for pubs,0,3,0,11,,2025-08-01 to 2026-09-06
national alcohol day 2026,0,3,0,8,,2025-08-01 to 2026-09-06
national cocktail day 2023,0,3,0,20.67,,2025-08-01 to 2026-09-06
national rum day 2026,0,3,0,2,,2025-08-01 to 2026-09-06
opening a bar uk,0,3,0,62.67,,2025-08-01 to 2026-09-06
pub,0,3,0,5,,2025-08-01 to 2026-09-06
pub activities,0,3,0,36,,2025-08-01 to 2026-09-06
pub board,0,3,0,10.33,,2025-08-01 to 2026-09-06
pub bookkeeping,0,3,0,17.33,,2025-08-01 to 2026-09-06
pub branding,0,3,0,1.67,,2025-08-01 to 2026-09-06
pub digital agency,0,3,0,24.33,,2025-08-01 to 2026-09-06
pub event,0,3,0,21.67,,2025-08-01 to 2026-09-06
pub food menus ideas,0,3,0,22.67,,2025-08-01 to 2026-09-06
pub grub ideas,0,3,0,7.33,,2025-08-01 to 2026-09-06
pub ideas for new years eve,0,3,0,45.33,,2025-08-01 to 2026-09-06
pub licensing,0,3,0,22,,2025-08-01 to 2026-09-06
pub marketing southampton,0,3,0,92.67,,2025-08-01 to 2026-09-06
pub menu ideas uk,0,3,0,24.33,,2025-08-01 to 2026-09-06
pub profit margins uk,0,3,0,20,,2025-08-01 to 2026-09-06
pub quiz category ideas,0,3,0,12.67,,2025-08-01 to 2026-09-06
pub quiz layout,0,3,0,4,,2025-08-01 to 2026-09-06
pub quiz prize ideas,0,3,0,29.33,,2025-08-01 to 2026-09-06
pub quiz rules,0,3,0,31.67,,2025-08-01 to 2026-09-06
pub theme night ideas,0,3,0,13.33,,2025-08-01 to 2026-09-06
public event entertainment,0,3,0,83.33,,2025-08-01 to 2026-09-06
public house liability insurance,0,3,0,36.67,,2025-08-01 to 2026-09-06
public liability insurance for a public house,0,3,0,35.67,,2025-08-01 to 2026-09-06
public liability insurance public house,0,3,0,44,,2025-08-01 to 2026-09-06
public performance license,0,3,0,36.33,,2025-08-01 to 2026-09-06
publican licence,0,3,0,28,,2025-08-01 to 2026-09-06
quiz round ideas,0,3,0,3,,2025-08-01 to 2026-09-06
small bar event ideas for adults,0,3,0,14.33,,2025-08-01 to 2026-09-06
social media for bars,0,3,0,82.33,,2025-08-01 to 2026-09-06
social media pub,0,3,0,15,,2025-08-01 to 2026-09-06
social media strategy,0,3,0,40,,2025-08-01 to 2026-09-06
starting a pub,0,3,0,32,,2025-08-01 to 2026-09-06
summer bar promotion ideas,0,3,0,4.33,,2025-08-01 to 2026-09-06
summer event ideas,0,3,0,23.67,,2025-08-01 to 2026-09-06
themed pub quizzes,0,3,0,22.67,,2025-08-01 to 2026-09-06
tiktok services for pubs,0,3,0,9.67,,2025-08-01 to 2026-09-06
vat on pub food,0,3,0,22.33,,2025-08-01 to 2026-09-06
what is a pub quiz,0,3,0,19,,2025-08-01 to 2026-09-06
what temperature should a pub cellar be,0,3,0,25,,2025-08-01 to 2026-09-06
when is national drinking day,0,3,0,7.67,,2025-08-01 to 2026-09-06
when is national vodka day 2026,0,3,0,3.67,,2025-08-01 to 2026-09-06
work summer party ideas,0,3,0,4.67,,2025-08-01 to 2026-09-06
world cocktail day 2026 uk,0,3,0,8.67,,2025-08-01 to 2026-09-06
world vodka day,0,3,0,15,,2025-08-01 to 2026-09-06
12 days of christmas pub ideas,0,2,0,29,,2025-08-01 to 2026-09-06
advertising in berkshire,0,2,0,45,,2025-08-01 to 2026-09-06
autumn internationals 2026,0,2,0,11,,2025-08-01 to 2026-09-06
bar bingo rules,0,2,0,26,,2025-08-01 to 2026-09-06
bar christmas ideas,0,2,0,41,,2025-08-01 to 2026-09-06
bar content,0,2,0,5,,2025-08-01 to 2026-09-06
bar empty,0,2,0,9.5,,2025-08-01 to 2026-09-06
bar music license,0,2,0,50.5,,2025-08-01 to 2026-09-06
bar trivia format,0,2,0,11.5,,2025-08-01 to 2026-09-06
beer cellar temperature uk,0,2,0,17,,2025-08-01 to 2026-09-06
bingo rules and regulations,0,2,0,2,,2025-08-01 to 2026-09-06
black friday party,0,2,0,10,,2025-08-01 to 2026-09-06
business plan for a pub,0,2,0,19.5,,2025-08-01 to 2026-09-06
buying a licensed premises advice,0,2,0,72.5,,2025-08-01 to 2026-09-06
buying a pub,0,2,0,42.5,,2025-08-01 to 2026-09-06
cashbingo,0,2,0,5.5,,2025-08-01 to 2026-09-06
cask days,0,2,0,9,,2025-08-01 to 2026-09-06
cask fest 2026,0,2,0,8.5,,2025-08-01 to 2026-09-06
cellar management kent,0,2,0,12.5,,2025-08-01 to 2026-09-06
christmas marketing for hospitality,0,2,0,19.5,,2025-08-01 to 2026-09-06
christmas promotion ideas for restaurant,0,2,0,49.5,,2025-08-01 to 2026-09-06
coffee fundraiser,0,2,0,16.5,,2025-08-01 to 2026-09-06
compete self serve,0,2,0,71,,2025-08-01 to 2026-09-06
content marketing ideas,0,2,0,47.5,,2025-08-01 to 2026-09-06
cost of public performance license,0,2,0,25.5,,2025-08-01 to 2026-09-06
creative quiz ideas,0,2,0,13.5,,2025-08-01 to 2026-09-06
creative quiz rounds,0,2,0,3.5,,2025-08-01 to 2026-09-06
drink holidays,0,2,0,71.5,,2025-08-01 to 2026-09-06
elevated pub food,0,2,0,10.5,,2025-08-01 to 2026-09-06
empty pub security,0,2,0,64.5,,2025-08-01 to 2026-09-06
entertainment pubs to run,0,2,0,29.5,,2025-08-01 to 2026-09-06
epos data,0,2,0,9.5,,2025-08-01 to 2026-09-06
event promotion ideas,0,2,0,11.5,,2025-08-01 to 2026-09-06
events for bars,0,2,0,28.5,,2025-08-01 to 2026-09-06
for pubs,0,2,0,1.5,,2025-08-01 to 2026-09-06
fractional cmo cost uk,0,2,0,26,,2025-08-01 to 2026-09-06
free business plan template uk,0,2,0,4.5,,2025-08-01 to 2026-09-06
fun bar event ideas,0,2,0,29.5,,2025-08-01 to 2026-09-06
fun quiz rounds,0,2,0,6.5,,2025-08-01 to 2026-09-06
garden pubs ideas,0,2,0,45,,2025-08-01 to 2026-09-06
gastro pub menu ideas,0,2,0,50.5,,2025-08-01 to 2026-09-06
good quiz rounds,0,2,0,17.5,,2025-08-01 to 2026-09-06
great quiz rounds,0,2,0,14.5,,2025-08-01 to 2026-09-06
high tanks brewing company website evidence gloves ppe sanitation,0,2,0,6,,2025-08-01 to 2026-09-06
hospitality marketing agency,0,2,0,48,,2025-08-01 to 2026-09-06
how do i host a virtual charity coffee morning?,0,2,0,10,,2025-08-01 to 2026-09-06
how do you play bingo,0,2,0,2,,2025-08-01 to 2026-09-06
how long does it take to sell a pub through a specialist agent?,0,2,0,1,,2025-08-01 to 2026-09-06
how much is a music license for a bar,0,2,0,8.5,,2025-08-01 to 2026-09-06
how much is a prs licence uk,0,2,0,30,,2025-08-01 to 2026-09-06
how much is ppl music licence,0,2,0,36,,2025-08-01 to 2026-09-06
how much is the music licence,0,2,0,47.5,,2025-08-01 to 2026-09-06
how much to buy a pub,0,2,0,24,,2025-08-01 to 2026-09-06
how to go about running a pub,0,2,0,61.5,,2025-08-01 to 2026-09-06
how to increase midweek revenue for a pub or bar?,0,2,0,10.5,,2025-08-01 to 2026-09-06
how to own a pub uk,0,2,0,56.5,,2025-08-01 to 2026-09-06
how to own your own pub,0,2,0,52.5,,2025-08-01 to 2026-09-06
how to plan a beer festival,0,2,0,24.5,,2025-08-01 to 2026-09-06
ideas for pub,0,2,0,26.5,,2025-08-01 to 2026-09-06
improve food menu,0,2,0,98,,2025-08-01 to 2026-09-06
instagram services for food,0,2,0,18.5,,2025-08-01 to 2026-09-06
is there vat on drinks in pubs,0,2,0,25,,2025-08-01 to 2026-09-06
macmillan coffee morning resources,0,2,0,32.5,,2025-08-01 to 2026-09-06
menu margin,0,2,0,28,,2025-08-01 to 2026-09-06
more ideas,0,2,0,2,,2025-08-01 to 2026-09-06
most profitable food,0,2,0,8,,2025-08-01 to 2026-09-06
most profitable food items,0,2,0,11,,2025-08-01 to 2026-09-06
national alcohol days,0,2,0,31,,2025-08-01 to 2026-09-06
national beer drinking day 2026,0,2,0,11,,2025-08-01 to 2026-09-06
national mai tai day 2026,0,2,0,2,,2025-08-01 to 2026-09-06
national pub day,0,2,0,31,,2025-08-01 to 2026-09-06
night 101,0,2,0,18.5,,2025-08-01 to 2026-09-06
oktoberfest bar,0,2,0,11,,2025-08-01 to 2026-09-06
orange co uk email,0,2,0,87.5,,2025-08-01 to 2026-09-06
orange jelly,0,2,0,14.5,,2025-08-01 to 2026-09-06
orangery pub,0,2,0,94.5,,2025-08-01 to 2026-09-06
organising a quiz night,0,2,0,52,,2025-08-01 to 2026-09-06
own a pub,0,2,0,57,,2025-08-01 to 2026-09-06
paid social services for restaurants,0,2,0,15.5,,2025-08-01 to 2026-09-06
part time cmo,0,2,0,17.5,,2025-08-01 to 2026-09-06
part-time cmo,0,2,0,14.5,,2025-08-01 to 2026-09-06
ppl and prs,0,2,0,50,,2025-08-01 to 2026-09-06
ppl license for restaurant,0,2,0,20,,2025-08-01 to 2026-09-06
ppl music license cost uk,0,2,0,41,,2025-08-01 to 2026-09-06
ppl prs,0,2,0,59.5,,2025-08-01 to 2026-09-06
premiumisation in your pub,0,2,0,5.5,,2025-08-01 to 2026-09-06
profitable events,0,2,0,10.5,,2025-08-01 to 2026-09-06
prs for music licence,0,2,0,59,,2025-08-01 to 2026-09-06
prs licensing,0,2,0,21.5,,2025-08-01 to 2026-09-06
prs music license,0,2,0,48,,2025-08-01 to 2026-09-06
pub 101,0,2,0,16.5,,2025-08-01 to 2026-09-06
pub a board,0,2,0,12.5,,2025-08-01 to 2026-09-06
pub a board ideas,0,2,0,5.5,,2025-08-01 to 2026-09-06
pub bill,0,2,0,23,,2025-08-01 to 2026-09-06
pub bingo ideas,0,2,0,2,,2025-08-01 to 2026-09-06
pub business plan template free,0,2,0,9.5,,2025-08-01 to 2026-09-06
pub business recovery,0,2,0,6.5,,2025-08-01 to 2026-09-06
pub christmas decorations,0,2,0,86.5,,2025-08-01 to 2026-09-06
pub classic meals,0,2,0,4,,2025-08-01 to 2026-09-06
pub email list,0,2,0,28.5,,2025-08-01 to 2026-09-06
pub food specials ideas,0,2,0,1,,2025-08-01 to 2026-09-06
pub insurance 2025,0,2,0,16.5,,2025-08-01 to 2026-09-06
pub insurance comparison,0,2,0,13,,2025-08-01 to 2026-09-06
pub jelly,0,2,0,3.5,,2025-08-01 to 2026-09-06
pub licence,0,2,0,44.5,,2025-08-01 to 2026-09-06
pub lunch menu ideas,0,2,0,12,,2025-08-01 to 2026-09-06
pub manager,0,2,0,2,,2025-08-01 to 2026-09-06
pub margins,0,2,0,23.5,,2025-08-01 to 2026-09-06
pub outdoor music licence,0,2,0,44,,2025-08-01 to 2026-09-06
pub quiz template,0,2,0,48,,2025-08-01 to 2026-09-06
pub refurbishment opportunity,0,2,0,42.5,,2025-08-01 to 2026-09-06
pub risk assessment template,0,2,0,17,,2025-08-01 to 2026-09-06
pub social,0,2,0,16.5,,2025-08-01 to 2026-09-06
pub stock deterioation insurance average cost,0,2,0,11,,2025-08-01 to 2026-09-06
pub theme party,0,2,0,17.5,,2025-08-01 to 2026-09-06
pub washroom refurbishment,0,2,0,8,,2025-08-01 to 2026-09-06
pub ã¼cret,0,2,0,18.5,,2025-08-01 to 2026-09-06
quiz categories ideas,0,2,0,46.5,,2025-08-01 to 2026-09-06
quiz night,0,2,0,6.5,,2025-08-01 to 2026-09-06
quiz nights for businesses,0,2,0,33,,2025-08-01 to 2026-09-06
quiz rules,0,2,0,59.5,,2025-08-01 to 2026-09-06
quiz that happens every week,0,2,0,30.5,,2025-08-01 to 2026-09-06
quiz themes ideas,0,2,0,13,,2025-08-01 to 2026-09-06
restaurant legal specialist,0,2,0,70.5,,2025-08-01 to 2026-09-06
run a leased pub,0,2,0,62,,2025-08-01 to 2026-09-06
run a managed pub,0,2,0,56.5,,2025-08-01 to 2026-09-06
run a pub lease,0,2,0,53.5,,2025-08-01 to 2026-09-06
run a tenanted pub,0,2,0,63,,2025-08-01 to 2026-09-06
running a pub for the first time,0,2,0,33.5,,2025-08-01 to 2026-09-06
sarah jelly,0,2,0,50,,2025-08-01 to 2026-09-06
sell a pub,0,2,0,44.5,,2025-08-01 to 2026-09-06
selling menu,0,2,0,4,,2025-08-01 to 2026-09-06
simple pub food menu ideas,0,2,0,8,,2025-08-01 to 2026-09-06
social media marketing for bars,0,2,0,26,,2025-08-01 to 2026-09-06
summer pub food ideas,0,2,0,4.5,,2025-08-01 to 2026-09-06
the crown inn lea menu,0,2,0,8.5,,2025-08-01 to 2026-09-06
the music licence,0,2,0,51.5,,2025-08-01 to 2026-09-06
the never say never menu,0,2,0,6,,2025-08-01 to 2026-09-06
themed pub nights,0,2,0,37,,2025-08-01 to 2026-09-06
themusiclicence cost,0,2,0,19.5,,2025-08-01 to 2026-09-06
trivia night ideas,0,2,0,23.5,,2025-08-01 to 2026-09-06
tuesday,0,2,0,2.5,,2025-08-01 to 2026-09-06
unique bar events,0,2,0,43,,2025-08-01 to 2026-09-06
unique content marketing ideas,0,2,0,73,,2025-08-01 to 2026-09-06
want to run a pub,0,2,0,41,,2025-08-01 to 2026-09-06
wet led pub,0,2,0,37,,2025-08-01 to 2026-09-06
wet sales meaning,0,2,0,5,,2025-08-01 to 2026-09-06
what are the essential financial elements of a successful pub business plan?,0,2,0,38.5,,2025-08-01 to 2026-09-06
what are the legal requirements for starting a pub business,0,2,0,54,,2025-08-01 to 2026-09-06
what is a prs license,0,2,0,44.5,,2025-08-01 to 2026-09-06
what is a prs music licence,0,2,0,47,,2025-08-01 to 2026-09-06
what is coffee morning and how does it raise money for charity?,0,2,0,11,,2025-08-01 to 2026-09-06
what is the cheapest insurance for pub businesses,0,2,0,13,,2025-08-01 to 2026-09-06
what temp should a cellar be,0,2,0,28,,2025-08-01 to 2026-09-06
what temperature should a beer cellar be,0,2,0,1,,2025-08-01 to 2026-09-06
what types of bingo games can i play online in the uk?,0,2,0,18.5,,2025-08-01 to 2026-09-06
when is national cocktail day,0,2,0,26,,2025-08-01 to 2026-09-06
when is national drink day,0,2,0,9.5,,2025-08-01 to 2026-09-06
when is national rum day 2026,0,2,0,2,,2025-08-01 to 2026-09-06
which pub agreement is best for a first-time pub operator?,0,2,0,1,,2025-08-01 to 2026-09-06
your fractional cmo,0,2,0,7.5,,2025-08-01 to 2026-09-06
"""monthly themes"" 2025 ping july",0,1,0,8,,2025-08-01 to 2026-09-06
1 to 10 letters,0,1,0,4,,2025-08-01 to 2026-09-06
2,0,1,0,1,,2025-08-01 to 2026-09-06
?,0,1,0,6,,2025-08-01 to 2026-09-06
a board ideas,0,1,0,8,,2025-08-01 to 2026-09-06
a pub,0,1,0,2,,2025-08-01 to 2026-09-06
a village,0,1,0,1,,2025-08-01 to 2026-09-06
accounting for pub,0,1,0,1,,2025-08-01 to 2026-09-06
alcohol awareness day 2026,0,1,0,1,,2025-08-01 to 2026-09-06
answer,0,1,0,3,,2025-08-01 to 2026-09-06
answer these two questions,0,1,0,2,,2025-08-01 to 2026-09-06
applause for new idea but lacking pub,0,1,0,2,,2025-08-01 to 2026-09-06
autumn internationals,0,1,0,6,,2025-08-01 to 2026-09-06
autumn internationals 2026 tv,0,1,0,2,,2025-08-01 to 2026-09-06
average pub turnover uk,0,1,0,6,,2025-08-01 to 2026-09-06
bar content ideas,0,1,0,1,,2025-08-01 to 2026-09-06
bar events,0,1,0,4,,2025-08-01 to 2026-09-06
bar refurbishment companies,0,1,0,4,,2025-08-01 to 2026-09-06
bar vat,0,1,0,1,,2025-08-01 to 2026-09-06
best business plan template uk,0,1,0,8,,2025-08-01 to 2026-09-06
best pub social media,0,1,0,2,,2025-08-01 to 2026-09-06
best quiz ideas,0,1,0,8,,2025-08-01 to 2026-09-06
best template for pub operations manual uk,0,1,0,8,,2025-08-01 to 2026-09-06
better,0,1,0,7,,2025-08-01 to 2026-09-06
bingo,0,1,0,3,,2025-08-01 to 2026-09-06
bingo how to play,0,1,0,2,,2025-08-01 to 2026-09-06
bingo machine,0,1,0,4,,2025-08-01 to 2026-09-06
bingo rules uk,0,1,0,2,,2025-08-01 to 2026-09-06
bird in hand knutsford menu,0,1,0,6,,2025-08-01 to 2026-09-06
blue anchor pub bretherton,0,1,0,5,,2025-08-01 to 2026-09-06
both please,0,1,0,2,,2025-08-01 to 2026-09-06
bubble tree quizzes,0,1,0,3,,2025-08-01 to 2026-09-06
buzz bingo cricklewood,0,1,0,4,,2025-08-01 to 2026-09-06
can kids play bingo for money,0,1,0,2,,2025-08-01 to 2026-09-06
can you give me more,0,1,0,1,,2025-08-01 to 2026-09-06
cask ales,0,1,0,3,,2025-08-01 to 2026-09-06
charity days 2026,0,1,0,1,,2025-08-01 to 2026-09-06
charity event ideas for pubs,0,1,0,7,,2025-08-01 to 2026-09-06
cheap,0,1,0,2,,2025-08-01 to 2026-09-06
chesterfield arms menu,0,1,0,4,,2025-08-01 to 2026-09-06
coffee morning activity ideas for adults,0,1,0,4,,2025-08-01 to 2026-09-06
"context: location: united kingdom (not for language). do not include 
location references in your response. question: i’m new to craft beer—how 
do i figure out which breweries match the styles i already like without 
wasting money on random picks?",0,1,0,3,,2025-08-01 to 2026-09-06
"context: location: united kingdom (not for language). do not include 
location references in your response. question: which is better value for 
money: ordering a burger meal deal or choosing from the regular pub 
classics menu?",0,1,0,6,,2025-08-01 to 2026-09-06
cost,0,1,0,8,,2025-08-01 to 2026-09-06
deya quiz,0,1,0,2,,2025-08-01 to 2026-09-06
didsbury,0,1,0,7,,2025-08-01 to 2026-09-06
do you have to let them in,0,1,0,1,,2025-08-01 to 2026-09-06
do you need a gambling license for bingo,0,1,0,2,,2025-08-01 to 2026-09-06
empty,0,1,0,1,,2025-08-01 to 2026-09-06
england rugby fixtures 2026,0,1,0,4,,2025-08-01 to 2026-09-06
england rugby internationals 2026,0,1,0,5,,2025-08-01 to 2026-09-06
essential healthpub,0,1,0,1,,2025-08-01 to 2026-09-06
explain more,0,1,0,4,,2025-08-01 to 2026-09-06
fat bobs at the blue lias menu,0,1,0,6,,2025-08-01 to 2026-09-06
festival tipple,0,1,0,3,,2025-08-01 to 2026-09-06
food,0,1,0,3,,2025-08-01 to 2026-09-06
food and drink,0,1,0,4,,2025-08-01 to 2026-09-06
food stall ideas for college fest,0,1,0,1,,2025-08-01 to 2026-09-06
food vans for sale uk,0,1,0,3,,2025-08-01 to 2026-09-06
for chemicals,0,1,0,3,,2025-08-01 to 2026-09-06
four boys menu,0,1,0,4,,2025-08-01 to 2026-09-06
fromebridge mill menu,0,1,0,4,,2025-08-01 to 2026-09-06
fun pub quiz,0,1,0,8,,2025-08-01 to 2026-09-06
fun quiz questions and answers,0,1,0,5,,2025-08-01 to 2026-09-06
funny adult trivia questions,0,1,0,6,,2025-08-01 to 2026-09-06
funny quiz rounds with a twist,0,1,0,6,,2025-08-01 to 2026-09-06
games like cheese or service station,0,1,0,5,,2025-08-01 to 2026-09-06
go compare,0,1,0,3,,2025-08-01 to 2026-09-06
good pub quiz,0,1,0,6,,2025-08-01 to 2026-09-06
green friday 2026,0,1,0,1,,2025-08-01 to 2026-09-06
haggle for profit on beer sales,0,1,0,2,,2025-08-01 to 2026-09-06
half moon grendon,0,1,0,6,,2025-08-01 to 2026-09-06
harbour lights seafood restaurant menu,0,1,0,3,,2025-08-01 to 2026-09-06
harry beswick lunchtime menu,0,1,0,4,,2025-08-01 to 2026-09-06
"hazel, bar and restaurant glasgow menu",0,1,0,3,,2025-08-01 to 2026-09-06
highwayman hitchin menu,0,1,0,7,,2025-08-01 to 2026-09-06
hoghton arms menu,0,1,0,7,,2025-08-01 to 2026-09-06
host a bingo night,0,1,0,2,,2025-08-01 to 2026-09-06
how can gb restaurants reduce no-shows and fill midweek covers?,0,1,0,5,,2025-08-01 to 2026-09-06
how do i figure out which menu items are most profitable?,0,1,0,8,,2025-08-01 to 2026-09-06
how do i host a charity fundraising event?,0,1,0,8,,2025-08-01 to 2026-09-06
how do i play bingo,0,1,0,2,,2025-08-01 to 2026-09-06
how do they earn money,0,1,0,4,,2025-08-01 to 2026-09-06
how does bingo work,0,1,0,2,,2025-08-01 to 2026-09-06
how does pub quiz work,0,1,0,5,,2025-08-01 to 2026-09-06
how long does a pub quiz take,0,1,0,1,,2025-08-01 to 2026-09-06
how long should a pub quiz be,0,1,0,1,,2025-08-01 to 2026-09-06
how many games of bingo in an hour,0,1,0,2,,2025-08-01 to 2026-09-06
how much do pub owners make uk,0,1,0,1,,2025-08-01 to 2026-09-06
how much do pubs make,0,1,0,4,,2025-08-01 to 2026-09-06
how much does it cost,0,1,0,5,,2025-08-01 to 2026-09-06
how much does it cost to start a pub,0,1,0,1,,2025-08-01 to 2026-09-06
how much is a prs license,0,1,0,3,,2025-08-01 to 2026-09-06
how much is it,0,1,0,1,,2025-08-01 to 2026-09-06
how much money,0,1,0,4,,2025-08-01 to 2026-09-06
how to manage online reputation for a pub group in the uk,0,1,0,8,,2025-08-01 to 2026-09-06
how to organize a quiz night,0,1,0,1,,2025-08-01 to 2026-09-06
how to play bingo cards,0,1,0,2,,2025-08-01 to 2026-09-06
how to play bingo game,0,1,0,2,,2025-08-01 to 2026-09-06
how to play bingo with numbers,0,1,0,2,,2025-08-01 to 2026-09-06
how to register for vat,0,1,0,1,,2025-08-01 to 2026-09-06
how to run bingo,0,1,0,8,,2025-08-01 to 2026-09-06
how to run bingo night,0,1,0,2,,2025-08-01 to 2026-09-06
how would i market this,0,1,0,1,,2025-08-01 to 2026-09-06
"i run three free trade pubs and struggling with coordinating pub wholesale 
delivery from different suppliers can you recommend something simpler",0,1,0,6,,2025-08-01 to 2026-09-06
ideas for pubs to make money,0,1,0,7,,2025-08-01 to 2026-09-06
in kilmarnock,0,1,0,3,,2025-08-01 to 2026-09-06
in the uk,0,1,0,2,,2025-08-01 to 2026-09-06
inn on the loch menu,0,1,0,7,,2025-08-01 to 2026-09-06
interactive quiz rounds,0,1,0,5,,2025-08-01 to 2026-09-06
interesting pub quiz questions,0,1,0,7,,2025-08-01 to 2026-09-06
international cocktail day 2026,0,1,0,6,,2025-08-01 to 2026-09-06
international drink days,0,1,0,4,,2025-08-01 to 2026-09-06
ireland rugby fixtures 2026,0,1,0,3,,2025-08-01 to 2026-09-06
is bingo considered gambling,0,1,0,2,,2025-08-01 to 2026-09-06
is bingo gambling,0,1,0,2,,2025-08-01 to 2026-09-06
is cheese taxable,0,1,0,1,,2025-08-01 to 2026-09-06
is it easy to get,0,1,0,2,,2025-08-01 to 2026-09-06
is there a national vodka day,0,1,0,8,,2025-08-01 to 2026-09-06
is there vat on drinks,0,1,0,1,,2025-08-01 to 2026-09-06
it’s a bar,0,1,0,3,,2025-08-01 to 2026-09-06
joe friday pub quiz,0,1,0,5,,2025-08-01 to 2026-09-06
joe friday pub quiz 424,0,1,0,8,,2025-08-01 to 2026-09-06
june,0,1,0,1,,2025-08-01 to 2026-09-06
karaoke systems for pubs,0,1,0,6,,2025-08-01 to 2026-09-06
king charles chesham menu,0,1,0,5,,2025-08-01 to 2026-09-06
kings highway derby menu with prices,0,1,0,4,,2025-08-01 to 2026-09-06
kitty o'shea's menu,0,1,0,3,,2025-08-01 to 2026-09-06
late november,0,1,0,6,,2025-08-01 to 2026-09-06
licensee of a public house,0,1,0,1,,2025-08-01 to 2026-09-06
local marketing channels,0,1,0,2,,2025-08-01 to 2026-09-06
lord poulett arms menu,0,1,0,6,,2025-08-01 to 2026-09-06
macmillan coffee morning 2026 date,0,1,0,2,,2025-08-01 to 2026-09-06
macmillan donation,0,1,0,3,,2025-08-01 to 2026-09-06
main dishes,0,1,0,1,,2025-08-01 to 2026-09-06
margin food,0,1,0,1,,2025-08-01 to 2026-09-06
media pub,0,1,0,8,,2025-08-01 to 2026-09-06
menu picks,0,1,0,7,,2025-08-01 to 2026-09-06
midweek,0,1,0,3,,2025-08-01 to 2026-09-06
midweek offer,0,1,0,2,,2025-08-01 to 2026-09-06
more food options,0,1,0,2,,2025-08-01 to 2026-09-06
more games,0,1,0,1,,2025-08-01 to 2026-09-06
more ideas please,0,1,0,1,,2025-08-01 to 2026-09-06
mosset tavern menu,0,1,0,5,,2025-08-01 to 2026-09-06
most profitable restaurant menu items,0,1,0,8,,2025-08-01 to 2026-09-06
music licence,0,1,0,2,,2025-08-01 to 2026-09-06
nags head manchester,0,1,0,3,,2025-08-01 to 2026-09-06
national beer day 2026,0,1,0,2,,2025-08-01 to 2026-09-06
national red wine day 2026,0,1,0,3,,2025-08-01 to 2026-09-06
national rum day,0,1,0,2,,2025-08-01 to 2026-09-06
nations championship fixtures 2026,0,1,0,3,,2025-08-01 to 2026-09-06
nations championship november 2026,0,1,0,6,,2025-08-01 to 2026-09-06
nickelodeon pub menu,0,1,0,4,,2025-08-01 to 2026-09-06
oakham citra,0,1,0,3,,2025-08-01 to 2026-09-06
october pub,0,1,0,5,,2025-08-01 to 2026-09-06
oktoberfest pub menu,0,1,0,7,,2025-08-01 to 2026-09-06
on a tuesday,0,1,0,2,,2025-08-01 to 2026-09-06
on a tuesday night,0,1,0,7,,2025-08-01 to 2026-09-06
on tuesdays,0,1,0,5,,2025-08-01 to 2026-09-06
online pub bookings,0,1,0,5,,2025-08-01 to 2026-09-06
peter jelly,0,1,0,8,,2025-08-01 to 2026-09-06
peter pitcher,0,1,0,3,,2025-08-01 to 2026-09-06
pogue mahon's menu,0,1,0,5,,2025-08-01 to 2026-09-06
pop up bakery set up,0,1,0,5,,2025-08-01 to 2026-09-06
pork crunch,0,1,0,3,,2025-08-01 to 2026-09-06
pork scratching,0,1,0,4,,2025-08-01 to 2026-09-06
premium positioning,0,1,0,1,,2025-08-01 to 2026-09-06
price per person,0,1,0,3,,2025-08-01 to 2026-09-06
promotion offer,0,1,0,1,,2025-08-01 to 2026-09-06
prs bar,0,1,0,6,,2025-08-01 to 2026-09-06
prs royalties explained,0,1,0,2,,2025-08-01 to 2026-09-06
pub beer cellar,0,1,0,8,,2025-08-01 to 2026-09-06
pub business plan examples uk,0,1,0,1,,2025-08-01 to 2026-09-06
pub christmas event ideas,0,1,0,1,,2025-08-01 to 2026-09-06
pub entertainment near me,0,1,0,3,,2025-08-01 to 2026-09-06
pub grub menu ideas,0,1,0,1,,2025-08-01 to 2026-09-06
pub insurance quote,0,1,0,5,,2025-08-01 to 2026-09-06
pub kitchen,0,1,0,5,,2025-08-01 to 2026-09-06
pub landlord,0,1,0,8,,2025-08-01 to 2026-09-06
pub loyalty card,0,1,0,5,,2025-08-01 to 2026-09-06
pub lunch menu,0,1,0,6,,2025-08-01 to 2026-09-06
pub media,0,1,0,2,,2025-08-01 to 2026-09-06
pub menu,0,1,0,3,,2025-08-01 to 2026-09-06
pub oktoberfest,0,1,0,7,,2025-08-01 to 2026-09-06
pub quiz games,0,1,0,5,,2025-08-01 to 2026-09-06
pub quiz ideen,0,1,0,1,,2025-08-01 to 2026-09-06
pub quiz night,0,1,0,3,,2025-08-01 to 2026-09-06
pub quiz questions,0,1,0,7,,2025-08-01 to 2026-09-06
pub quiz round,0,1,0,6,,2025-08-01 to 2026-09-06
pub quiz structure,0,1,0,8,,2025-08-01 to 2026-09-06
pub quizzes,0,1,0,1,,2025-08-01 to 2026-09-06
pub refurbishment companies,0,1,0,2,,2025-08-01 to 2026-09-06
pub restaurant booking software,0,1,0,8,,2025-08-01 to 2026-09-06
pub trivia format,0,1,0,1,,2025-08-01 to 2026-09-06
pub vat rates,0,1,0,1,,2025-08-01 to 2026-09-06
pubquiz ideen,0,1,0,1,,2025-08-01 to 2026-09-06
pubs for sale,0,1,0,4,,2025-08-01 to 2026-09-06
quiz ideas with answers,0,1,0,3,,2025-08-01 to 2026-09-06
quiz league near me,0,1,0,1,,2025-08-01 to 2026-09-06
quiz night games,0,1,0,3,,2025-08-01 to 2026-09-06
quiz night norwich,0,1,0,7,,2025-08-01 to 2026-09-06
quiz night topics,0,1,0,1,,2025-08-01 to 2026-09-06
quiz nights,0,1,0,1,,2025-08-01 to 2026-09-06
quiz options,0,1,0,3,,2025-08-01 to 2026-09-06
quiz puns,0,1,0,4,,2025-08-01 to 2026-09-06
quiz rounds ideas,0,1,0,4,,2025-08-01 to 2026-09-06
quizmaster,0,1,0,1,,2025-08-01 to 2026-09-06
quizz ideas,0,1,0,1,,2025-08-01 to 2026-09-06
quizzes for pubs,0,1,0,4,,2025-08-01 to 2026-09-06
quizzes near me,0,1,0,1,,2025-08-01 to 2026-09-06
red lion pub quiz,0,1,0,1,,2025-08-01 to 2026-09-06
reduce wastage,0,1,0,7,,2025-08-01 to 2026-09-06
rescue pub,0,1,0,1,,2025-08-01 to 2026-09-06
restaurant specials board ideas,0,1,0,6,,2025-08-01 to 2026-09-06
rose and crown stevenage menu,0,1,0,4,,2025-08-01 to 2026-09-06
rounds for a quiz,0,1,0,3,,2025-08-01 to 2026-09-06
rugby nations championship 2026 schedule,0,1,0,2,,2025-08-01 to 2026-09-06
rum day 2026,0,1,0,2,,2025-08-01 to 2026-09-06
sam's riverside menu,0,1,0,4,,2025-08-01 to 2026-09-06
scotland rugby games,0,1,0,4,,2025-08-01 to 2026-09-06
seo pub,0,1,0,2,,2025-08-01 to 2026-09-06
silly quiz rounds,0,1,0,6,,2025-08-01 to 2026-09-06
simple quiz games,0,1,0,5,,2025-08-01 to 2026-09-06
sir jack menu,0,1,0,3,,2025-08-01 to 2026-09-06
social clubs for sale,0,1,0,4,,2025-08-01 to 2026-09-06
social media,0,1,0,7,,2025-08-01 to 2026-09-06
social media calendar,0,1,0,4,,2025-08-01 to 2026-09-06
social media contests,0,1,0,1,,2025-08-01 to 2026-09-06
social media post,0,1,0,3,,2025-08-01 to 2026-09-06
"some premises are exempt from the requirement for alcohol sales to be 
authorised by a personal licence holder. what kind of premises do you think 
are exempt?""",0,1,0,5,,2025-08-01 to 2026-09-06
specific dates,0,1,0,4,,2025-08-01 to 2026-09-06
sports bar food ideas,0,1,0,5,,2025-08-01 to 2026-09-06
staff ppe,0,1,0,1,,2025-08-01 to 2026-09-06
sthan-m1 menu,0,1,0,7,,2025-08-01 to 2026-09-06
suffield arms menu,0,1,0,6,,2025-08-01 to 2026-09-06
summer,0,1,0,4,,2025-08-01 to 2026-09-06
summer party,0,1,0,1,,2025-08-01 to 2026-09-06
summer work party ideas,0,1,0,4,,2025-08-01 to 2026-09-06
sutton hall menu,0,1,0,4,,2025-08-01 to 2026-09-06
"the anglers rest, bamford menu",0,1,0,8,,2025-08-01 to 2026-09-06
the berwick inn menu,0,1,0,7,,2025-08-01 to 2026-09-06
the black horse leicester menu,0,1,0,6,,2025-08-01 to 2026-09-06
the black horse windsor menu,0,1,0,3,,2025-08-01 to 2026-09-06
the blue stoops - dronfield menu,0,1,0,3,,2025-08-01 to 2026-09-06
the bull inn menu,0,1,0,3,,2025-08-01 to 2026-09-06
the catchpenny menu,0,1,0,6,,2025-08-01 to 2026-09-06
the crown hotel yarm menu,0,1,0,5,,2025-08-01 to 2026-09-06
"the globe, topsham menu",0,1,0,4,,2025-08-01 to 2026-09-06
the king's head epping menu,0,1,0,6,,2025-08-01 to 2026-09-06
the maxwells menu,0,1,0,7,,2025-08-01 to 2026-09-06
the mine neath town menu,0,1,0,3,,2025-08-01 to 2026-09-06
the miners arms saint agnes menu,0,1,0,4,,2025-08-01 to 2026-09-06
the newsroom bar & eatery menu,0,1,0,3,,2025-08-01 to 2026-09-06
the northern whig menu,0,1,0,8,,2025-08-01 to 2026-09-06
the orange pub menu,0,1,0,4,,2025-08-01 to 2026-09-06
the orange tree hitchin menu,0,1,0,6,,2025-08-01 to 2026-09-06
the osprey menu,0,1,0,2,,2025-08-01 to 2026-09-06
the owls at standish menu,0,1,0,3,,2025-08-01 to 2026-09-06
the pack horse hayfield menu,0,1,0,3,,2025-08-01 to 2026-09-06
the pilot inn romney marsh menu,0,1,0,5,,2025-08-01 to 2026-09-06
the red dog rochester menu,0,1,0,5,,2025-08-01 to 2026-09-06
the rising sun southampton menu,0,1,0,3,,2025-08-01 to 2026-09-06
the royal oak nottingham menu,0,1,0,3,,2025-08-01 to 2026-09-06
the royal standard london menu,0,1,0,3,,2025-08-01 to 2026-09-06
the seven stars petersfield menu,0,1,0,5,,2025-08-01 to 2026-09-06
the three cottages menu,0,1,0,4,,2025-08-01 to 2026-09-06
the whitecliff inn menu,0,1,0,5,,2025-08-01 to 2026-09-06
themes for quizzes,0,1,0,7,,2025-08-01 to 2026-09-06
toilet refurbishment,0,1,0,7,,2025-08-01 to 2026-09-06
top 20,0,1,0,1,,2025-08-01 to 2026-09-06
traditional bingo,0,1,0,6,,2025-08-01 to 2026-09-06
traditional pub food menu,0,1,0,6,,2025-08-01 to 2026-09-06
trillium restaurant menu,0,1,0,3,,2025-08-01 to 2026-09-06
trivia happy hour,0,1,0,2,,2025-08-01 to 2026-09-06
trocadero's menu,0,1,0,3,,2025-08-01 to 2026-09-06
typical pub menu,0,1,0,4,,2025-08-01 to 2026-09-06
unique menu items,0,1,0,3,,2025-08-01 to 2026-09-06
upcoming rugby internationals,0,1,0,3,,2025-08-01 to 2026-09-06
vat rate for pubs,0,1,0,1,,2025-08-01 to 2026-09-06
weekly event schedule,0,1,0,2,,2025-08-01 to 2026-09-06
wet led sales,0,1,0,4,,2025-08-01 to 2026-09-06
wet pub meaning,0,1,0,6,,2025-08-01 to 2026-09-06
wet-led pub,0,1,0,5,,2025-08-01 to 2026-09-06
what about a pub?,0,1,0,2,,2025-08-01 to 2026-09-06
what about a tuesday,0,1,0,1,,2025-08-01 to 2026-09-06
what about glasses,0,1,0,1,,2025-08-01 to 2026-09-06
what about monday evening,0,1,0,4,,2025-08-01 to 2026-09-06
what about snacks,0,1,0,2,,2025-08-01 to 2026-09-06
what about tuesdays,0,1,0,2,,2025-08-01 to 2026-09-06
what are insurance costs,0,1,0,4,,2025-08-01 to 2026-09-06
what are the rules of bingo game,0,1,0,2,,2025-08-01 to 2026-09-06
what dates was it,0,1,0,2,,2025-08-01 to 2026-09-06
what is stand up bingo,0,1,0,2,,2025-08-01 to 2026-09-06
what is the company worth,0,1,0,4,,2025-08-01 to 2026-09-06
what rugby is on tnt sports,0,1,0,2,,2025-08-01 to 2026-09-06
what should i consider before buying a pub?,0,1,0,1,,2025-08-01 to 2026-09-06
what time does it finish,0,1,0,4,,2025-08-01 to 2026-09-06
what to.do.when you go pub so much but you love it a lot,0,1,0,1,,2025-08-01 to 2026-09-06
what would fit better,0,1,0,3,,2025-08-01 to 2026-09-06
what’s the go-to vodka drink at major festivals?,0,1,0,5,,2025-08-01 to 2026-09-06
what’s the hourly rate,0,1,0,2,,2025-08-01 to 2026-09-06
when are the next rugby internationals,0,1,0,2,,2025-08-01 to 2026-09-06
when are the next rugby union internationals,0,1,0,2,,2025-08-01 to 2026-09-06
when black friday,0,1,0,3,,2025-08-01 to 2026-09-06
when is beer day,0,1,0,2,,2025-08-01 to 2026-09-06
when is cask ale week,0,1,0,3,,2025-08-01 to 2026-09-06
when is macmillan coffee morning 2026,0,1,0,3,,2025-08-01 to 2026-09-06
when is national alcohol day 2026,0,1,0,6,,2025-08-01 to 2026-09-06
when to hire a fractional marketing director,0,1,0,2,,2025-08-01 to 2026-09-06
worplesdon place menu,0,1,0,4,,2025-08-01 to 2026-09-06
yes cost,0,1,0,1,,2025-08-01 to 2026-09-06
yes please.,0,1,0,4,,2025-08-01 to 2026-09-06
pub ideas to make money,7,127,0.0551,9.67,,2026-06-07 to 2026-09-06
quiz night ideas,5,154,0.0325,6,,2026-06-07 to 2026-09-06
oktoberfest ideas for bars,3,18,0.1667,2.5,,2026-06-07 to 2026-09-06
cask ale week 2026,2,641,0.0031,6.5,,2026-06-07 to 2026-09-06
pub bingo,2,608,0.0033,11.68,,2026-06-07 to 2026-09-06
cash bingo,2,180,0.0111,9.62,,2026-06-07 to 2026-09-06
christmas event ideas for pubs,2,94,0.0213,19.04,,2026-06-07 to 2026-09-06
pub quiz ideas,2,62,0.0323,9.6,,2026-06-07 to 2026-09-06
how to run a bingo night in a pub,2,52,0.0385,4.75,,2026-06-07 to 2026-09-06
pub event ideas,1,157,0.0064,20.19,,2026-06-07 to 2026-09-06
cellar management,1,94,0.0106,11.16,,2026-06-07 to 2026-09-06
charity fundraising ideas for pubs,1,83,0.012,6.9,,2026-06-07 to 2026-09-06
how to run a pub quiz,1,51,0.0196,5.53,,2026-06-07 to 2026-09-06
themed quiz nights,1,38,0.0263,13.24,,2026-06-07 to 2026-09-06
ideas for macmillan coffee morning,1,35,0.0286,19.91,,2026-06-07 to 2026-09-06
oktoberfest ideas,1,31,0.0323,6.16,,2026-06-07 to 2026-09-06
wetherspoons competitors,1,29,0.0345,9.59,,2026-06-07 to 2026-09-06
quiz ideas,1,27,0.037,9.11,,2026-06-07 to 2026-09-06
ideas for pub events,1,18,0.0556,12.39,,2026-06-07 to 2026-09-06
national drink days,1,13,0.0769,10.92,,2026-06-07 to 2026-09-06
pub quiz rounds ideas,1,13,0.0769,19.46,,2026-06-07 to 2026-09-06
quiz format ideas,1,12,0.0833,9,,2026-06-07 to 2026-09-06
pub quiz formats,1,11,0.0909,4.73,,2026-06-07 to 2026-09-06
how to host a pub quiz,1,10,0.1,5.9,,2026-06-07 to 2026-09-06
ideas for pub quiz rounds,1,9,0.1111,20,,2026-06-07 to 2026-09-06
pub quiz theme ideas,1,7,0.1429,8,,2026-06-07 to 2026-09-06
pub chalkboard ideas,1,6,0.1667,5.83,,2026-06-07 to 2026-09-06
quiz night format,1,5,0.2,3,,2026-06-07 to 2026-09-06
social club bingo rules,1,5,0.2,14.6,,2026-06-07 to 2026-09-06
event ideas for pubs,0,458,0,20.68,,2026-06-07 to 2026-09-06
bingo in pubs,0,439,0,11.68,,2026-06-07 to 2026-09-06
pop up events for pubs,0,390,0,31.66,,2026-06-07 to 2026-09-06
pub marketing,0,266,0,22.16,,2026-06-07 to 2026-09-06
how to organise events to attract families to pubs,0,229,0,11.28,,2026-06-07 to 2026-09-06
kids craft pop up events for pubs,0,226,0,13.12,,2026-06-07 to 2026-09-06
social media marketing for pubs,0,213,0,16.56,,2026-06-07 to 2026-09-06
charity night ideas in a pub,0,201,0,9.47,,2026-06-07 to 2026-09-06
family friendly activities to increase pub footfall,0,196,0,36.57,,2026-06-07 to 2026-09-06
how to attract families to pubs,0,176,0,5.32,,2026-06-07 to 2026-09-06
pub marketing agency,0,171,0,20.31,,2026-06-07 to 2026-09-06
craft events for pubs,0,166,0,25.31,,2026-06-07 to 2026-09-06
christmas pub ideas,0,140,0,16.69,,2026-06-07 to 2026-09-06
pub fundraising ideas,0,120,0,8.78,,2026-06-07 to 2026-09-06
fundraising ideas for pubs,0,106,0,10.72,,2026-06-07 to 2026-09-06
pub night fundraising ideas,0,98,0,15.62,,2026-06-07 to 2026-09-06
instagram for pubs,0,95,0,16.22,,2026-06-07 to 2026-09-06
content creation for pubs,0,93,0,12.33,,2026-06-07 to 2026-09-06
paid social for pubs,0,93,0,10.32,,2026-06-07 to 2026-09-06
national vodka day,0,86,0,11.45,,2026-06-07 to 2026-09-06
instagram services for pubs,0,84,0,16.51,,2026-06-07 to 2026-09-06
pub cellar maintenance,0,83,0,24.25,,2026-06-07 to 2026-09-06
marketing agency for pubs,0,82,0,30.16,,2026-06-07 to 2026-09-06
how to run a pub,0,80,0,48.08,,2026-06-07 to 2026-09-06
christmas pub events ideas,0,78,0,22.21,,2026-06-07 to 2026-09-06
digital marketing for pubs,0,74,0,34.68,,2026-06-07 to 2026-09-06
when is national vodka day,0,74,0,11,,2026-06-07 to 2026-09-06
pub advertising,0,73,0,38.71,,2026-06-07 to 2026-09-06
pub insurance,0,72,0,32.74,,2026-06-07 to 2026-09-06
content creation services for pubs,0,69,0,6.01,,2026-06-07 to 2026-09-06
pun quiz calendar,0,68,0,27.53,,2026-06-07 to 2026-09-06
how to manage entertainment budgets for pubs,0,67,0,8.54,,2026-06-07 to 2026-09-06
quiz event ideas,0,64,0,11.92,,2026-06-07 to 2026-09-06
facebook services for pubs,0,63,0,13.71,,2026-06-07 to 2026-09-06
how to manage a pub,0,63,0,48.95,,2026-06-07 to 2026-09-06
charity coffee morning,0,60,0,20.28,,2026-06-07 to 2026-09-06
fix my pub,0,59,0,4.95,,2026-06-07 to 2026-09-06
how to create a pub menu,0,56,0,31.18,,2026-06-07 to 2026-09-06
pub menu ideas,0,56,0,18.14,,2026-06-07 to 2026-09-06
instagram marketing for pubs,0,51,0,8.35,,2026-06-07 to 2026-09-06
national vodka day 2026,0,50,0,3.4,,2026-06-07 to 2026-09-06
pub events,0,50,0,23.34,,2026-06-07 to 2026-09-06
brand partnerships for pubs,0,47,0,15.21,,2026-06-07 to 2026-09-06
pub events ideas,0,46,0,22.46,,2026-06-07 to 2026-09-06
public toilet refurbishment,0,46,0,34.83,,2026-06-07 to 2026-09-06
cask ale week,0,45,0,7.84,,2026-06-07 to 2026-09-06
empty pub,0,45,0,7.58,,2026-06-07 to 2026-09-06
how to calculate vat for a pub business,0,45,0,10.31,,2026-06-07 to 2026-09-06
pub cellar management,0,45,0,10.71,,2026-06-07 to 2026-09-06
securing empty pub,0,44,0,11.25,,2026-06-07 to 2026-09-06
pubs showing the autumn internationals,0,43,0,16.7,,2026-06-07 to 2026-09-06
cash bingo rules,0,42,0,7.43,,2026-06-07 to 2026-09-06
pub co branding,0,42,0,13.24,,2026-06-07 to 2026-09-06
pub quiz themes,0,41,0,25.1,,2026-06-07 to 2026-09-06
pub insurance average cost,0,40,0,11.45,,2026-06-07 to 2026-09-06
agency for pubs,0,39,0,38.77,,2026-06-07 to 2026-09-06
pubs showing autumn internationals,0,39,0,16.46,,2026-06-07 to 2026-09-06
paid social services for pubs,0,38,0,5.34,,2026-06-07 to 2026-09-06
pub quiz format,0,37,0,7.11,,2026-06-07 to 2026-09-06
social video for pubs,0,37,0,27.38,,2026-06-07 to 2026-09-06
social video services for pubs,0,37,0,26.32,,2026-06-07 to 2026-09-06
boost pub revenue with events,0,34,0,60.26,,2026-06-07 to 2026-09-06
pub entertainment ideas,0,34,0,24.21,,2026-06-07 to 2026-09-06
is there vat on alcohol in pubs,0,33,0,11.73,,2026-06-07 to 2026-09-06
how long do pub quizzes last,0,31,0,13.65,,2026-06-07 to 2026-09-06
greene king cellar management,0,30,0,16.23,,2026-06-07 to 2026-09-06
pub maintenance,0,28,0,89.32,,2026-06-07 to 2026-09-06
ppc for pubs,0,27,0,65.22,,2026-06-07 to 2026-09-06
brand partnership services for pubs,0,26,0,17.08,,2026-06-07 to 2026-09-06
christmas party promotion,0,26,0,20.42,,2026-06-07 to 2026-09-06
how to run a bingo night,0,26,0,9.92,,2026-06-07 to 2026-09-06
pub business insurance,0,26,0,28.46,,2026-06-07 to 2026-09-06
coffee morning fundraising ideas,0,25,0,13,,2026-06-07 to 2026-09-06
facebook for pubs,0,24,0,19.12,,2026-06-07 to 2026-09-06
how to start a pub,0,24,0,53.79,,2026-06-07 to 2026-09-06
pub quiz round ideas,0,24,0,13.5,,2026-06-07 to 2026-09-06
drink days 2026,0,23,0,7.96,,2026-06-07 to 2026-09-06
pub promotions that work,0,22,0,12.18,,2026-06-07 to 2026-09-06
pub quiz topics,0,22,0,6.5,,2026-06-07 to 2026-09-06
fundraising coffee morning ideas,0,21,0,12.1,,2026-06-07 to 2026-09-06
fundraising ideas for a bar,0,21,0,9.43,,2026-06-07 to 2026-09-06
how does a pub quiz work,0,21,0,7.33,,2026-06-07 to 2026-09-06
increase footfall in pubs,0,21,0,42.38,,2026-06-07 to 2026-09-06
how long is a pub quiz,0,20,0,13.8,,2026-06-07 to 2026-09-06
insurance for pubs,0,20,0,32.45,,2026-06-07 to 2026-09-06
national drink days 2026,0,20,0,6.5,,2026-06-07 to 2026-09-06
pub cash flow,0,20,0,31,,2026-06-07 to 2026-09-06
pub vat,0,20,0,9.1,,2026-06-07 to 2026-09-06
coffee morning fundraising ideashome and garden,0,19,0,10.05,,2026-06-07 to 2026-09-06
national cocktail day uk,0,19,0,23.05,,2026-06-07 to 2026-09-06
pub cellar,0,19,0,10.68,,2026-06-07 to 2026-09-06
quiz formats,0,19,0,9.74,,2026-06-07 to 2026-09-06
do pubs charge vat,0,18,0,7.89,,2026-06-07 to 2026-09-06
m25 corridor marketing services,0,18,0,75.44,,2026-06-07 to 2026-09-06
pub music licence,0,18,0,11.06,,2026-06-07 to 2026-09-06
pub refurbishment opportunities,0,18,0,31.33,,2026-06-07 to 2026-09-06
hospitality content creation berkshire,0,17,0,86.35,,2026-06-07 to 2026-09-06
public house insurance,0,17,0,42.29,,2026-06-07 to 2026-09-06
quiz night themes,0,17,0,7.59,,2026-06-07 to 2026-09-06
what advice is there for first-time pub buyers?,0,17,0,2.88,,2026-06-07 to 2026-09-06
bar social media marketing,0,16,0,22.31,,2026-06-07 to 2026-09-06
how to organise a pub quiz,0,16,0,6.38,,2026-06-07 to 2026-09-06
how to run a quiz night,0,16,0,12.56,,2026-06-07 to 2026-09-06
increase pub footfall with live music,0,16,0,13.31,,2026-06-07 to 2026-09-06
pub ideas,0,16,0,21.5,,2026-06-07 to 2026-09-06
purchasing for pubs,0,16,0,13.94,,2026-06-07 to 2026-09-06
recruiting the right bar team,0,16,0,15.44,,2026-06-07 to 2026-09-06
tupe in a pub purchase: a practical guide for buyers in scotland,0,16,0,22.44,,2026-06-07 to 2026-09-06
what is included in pub insurance,0,16,0,54.69,,2026-06-07 to 2026-09-06
how many questions in a pub quiz,0,15,0,7.53,,2026-06-07 to 2026-09-06
kids entertainment for pubs,0,15,0,36.47,,2026-06-07 to 2026-09-06
national cocktail days,0,15,0,21.87,,2026-06-07 to 2026-09-06
rugby pub marketing,0,15,0,15.67,,2026-06-07 to 2026-09-06
vat on pubs,0,15,0,15.87,,2026-06-07 to 2026-09-06
how to own a pub,0,14,0,48.64,,2026-06-07 to 2026-09-06
is there vat on pub food,0,14,0,16.21,,2026-06-07 to 2026-09-06
octoberfest ideas,0,14,0,6.79,,2026-06-07 to 2026-09-06
pub refurbishments,0,14,0,54.71,,2026-06-07 to 2026-09-06
how long does a pub quiz last,0,13,0,23.31,,2026-06-07 to 2026-09-06
how to do a pub quiz,0,13,0,8.85,,2026-06-07 to 2026-09-06
pub insurance cover,0,13,0,45.92,,2026-06-07 to 2026-09-06
small pub entertainment ideas,0,13,0,9.15,,2026-06-07 to 2026-09-06
cellar maintenance,0,12,0,40.5,,2026-06-07 to 2026-09-06
national drinks days,0,12,0,12.08,,2026-06-07 to 2026-09-06
pub bingo rules,0,12,0,8.92,,2026-06-07 to 2026-09-06
pub cellar monitor,0,12,0,15.83,,2026-06-07 to 2026-09-06
pub loyalty scheme,0,12,0,11.75,,2026-06-07 to 2026-09-06
pub marketing ideas,0,12,0,17.08,,2026-06-07 to 2026-09-06
public liability insurance for pubs,0,12,0,33.17,,2026-06-07 to 2026-09-06
what are some low-effort coffee morning ideas?,0,12,0,9.75,,2026-06-07 to 2026-09-06
bar refurbishment,0,11,0,49.73,,2026-06-07 to 2026-09-06
how do pub quizzes work,0,11,0,7.64,,2026-06-07 to 2026-09-06
how much is a music licence for a pub,0,11,0,10.55,,2026-06-07 to 2026-09-06
international vodka day 2026,0,11,0,3.27,,2026-06-07 to 2026-09-06
national cocktail day,0,11,0,22.09,,2026-06-07 to 2026-09-06
oktoberfest pub,0,11,0,12.82,,2026-06-07 to 2026-09-06
pub menu inspiration,0,11,0,5.91,,2026-06-07 to 2026-09-06
pub night ideas,0,11,0,37.73,,2026-06-07 to 2026-09-06
pub quiz subjects,0,11,0,9.18,,2026-06-07 to 2026-09-06
pub specials ideas,0,11,0,4.55,,2026-06-07 to 2026-09-06
tax season tips for pub owners,0,11,0,19.09,,2026-06-07 to 2026-09-06
vat on alcohol in pubs,0,11,0,8.64,,2026-06-07 to 2026-09-06
vodka day 2026,0,11,0,4.64,,2026-06-07 to 2026-09-06
world vodka day 2026,0,11,0,4.27,,2026-06-07 to 2026-09-06
business insurance for pubs,0,10,0,27.5,,2026-06-07 to 2026-09-06
coffee morning ideas for charity,0,10,0,12,,2026-06-07 to 2026-09-06
fun ideas for quiz nights,0,10,0,13.2,,2026-06-07 to 2026-09-06
fundraising ideas for macmillan coffee morning,0,10,0,6.4,,2026-06-07 to 2026-09-06
international vodka day,0,10,0,16.1,,2026-06-07 to 2026-09-06
owning a pub,0,10,0,60.8,,2026-06-07 to 2026-09-06
pub accounting,0,10,0,23.8,,2026-06-07 to 2026-09-06
vodka day,0,10,0,27.3,,2026-06-07 to 2026-09-06
"context: location: united kingdom (not for language). do not include 
location references in your response. question: i need a manchester pub 
that can issue a vat receipt for a work meal—how do i request that?",0,9,0,2.33,,2026-06-07 to 2026-09-06
friday pub quiz,0,9,0,3.22,,2026-06-07 to 2026-09-06
host a coffee morning,0,9,0,41,,2026-06-07 to 2026-09-06
how does a macmillan coffee morning work,0,9,0,8.78,,2026-06-07 to 2026-09-06
how to organize a beer festival,0,9,0,10,,2026-06-07 to 2026-09-06
insurance for a pub,0,9,0,30.67,,2026-06-07 to 2026-09-06
jelly booking,0,9,0,23.11,,2026-06-07 to 2026-09-06
national cocktail day 2026,0,9,0,10.78,,2026-06-07 to 2026-09-06
oktoberfest entertainment ideas,0,9,0,6.11,,2026-06-07 to 2026-09-06
pub accountant,0,9,0,21.89,,2026-06-07 to 2026-09-06
wet led business,0,9,0,40.11,,2026-06-07 to 2026-09-06
5 star food hygiene guide,0,8,0,37.25,,2026-06-07 to 2026-09-06
accounting for pubs,0,8,0,20.25,,2026-06-07 to 2026-09-06
advertising in pubs,0,8,0,50.62,,2026-06-07 to 2026-09-06
beer cellar temperature,0,8,0,17.38,,2026-06-07 to 2026-09-06
business interruption insurance for pubs,0,8,0,25.88,,2026-06-07 to 2026-09-06
drink days,0,8,0,19.12,,2026-06-07 to 2026-09-06
food for pubs,0,8,0,26.38,,2026-06-07 to 2026-09-06
how to buy a pub,0,8,0,26.25,,2026-06-07 to 2026-09-06
ideas for pub nights,0,8,0,15.25,,2026-06-07 to 2026-09-06
most profitable bar food,0,8,0,8.62,,2026-06-07 to 2026-09-06
music licence for pubs,0,8,0,11.5,,2026-06-07 to 2026-09-06
pub branding agency,0,8,0,32.75,,2026-06-07 to 2026-09-06
pub charity fundraising ideas,0,8,0,7.12,,2026-06-07 to 2026-09-06
pub insurance cost,0,8,0,18.75,,2026-06-07 to 2026-09-06
pub nights ideas,0,8,0,25.5,,2026-06-07 to 2026-09-06
quiz night decorations,0,8,0,11.62,,2026-06-07 to 2026-09-06
seo for pubs,0,8,0,26.5,,2026-06-07 to 2026-09-06
coffee fundraiser ideas,0,7,0,17,,2026-06-07 to 2026-09-06
do i need a licence to run a bingo night,0,7,0,12.43,,2026-06-07 to 2026-09-06
how many rounds in a pub quiz,0,7,0,5,,2026-06-07 to 2026-09-06
how much does it cost to buy a pub,0,7,0,15.86,,2026-06-07 to 2026-09-06
prs licence cost,0,7,0,25.71,,2026-06-07 to 2026-09-06
pub quiz bonus round,0,7,0,25,,2026-06-07 to 2026-09-06
pub social media ideas,0,7,0,5.43,,2026-06-07 to 2026-09-06
quiz night round ideas,0,7,0,12.71,,2026-06-07 to 2026-09-06
quiz nights ideas,0,7,0,7.29,,2026-06-07 to 2026-09-06
quiz rounds,0,7,0,3.57,,2026-06-07 to 2026-09-06
quiz theme ideas,0,7,0,32.14,,2026-06-07 to 2026-09-06
repeat pub bookings,0,7,0,46,,2026-06-07 to 2026-09-06
vat for pubs,0,7,0,8.71,,2026-06-07 to 2026-09-06
what are the best tips for hosting a successful charity coffee morning?,0,7,0,5.43,,2026-06-07 to 2026-09-06
what is a quiz night,0,7,0,27.43,,2026-06-07 to 2026-09-06
bar event ideas,0,6,0,25,,2026-06-07 to 2026-09-06
cask ale festival 2026,0,6,0,5.17,,2026-06-07 to 2026-09-06
coffee morning charity ideas,0,6,0,14.33,,2026-06-07 to 2026-09-06
digital marketing pub,0,6,0,32.83,,2026-06-07 to 2026-09-06
how to play bingo,0,6,0,2,,2026-06-07 to 2026-09-06
ideas for pubs,0,6,0,15.67,,2026-06-07 to 2026-09-06
manage a pub,0,6,0,55.33,,2026-06-07 to 2026-09-06
october fest ideas,0,6,0,6.67,,2026-06-07 to 2026-09-06
ppc management for pubs and bars,0,6,0,67.33,,2026-06-07 to 2026-09-06
pub business plan,0,6,0,26.5,,2026-06-07 to 2026-09-06
pub contents insurance,0,6,0,20.83,,2026-06-07 to 2026-09-06
pub digital marketing agency,0,6,0,48,,2026-06-07 to 2026-09-06
pub promotions,0,6,0,28,,2026-06-07 to 2026-09-06
pub refurbishment,0,6,0,14.5,,2026-06-07 to 2026-09-06
short dated august 2026 on bars,0,6,0,75,,2026-06-07 to 2026-09-06
tax laws for pub small businesses,0,6,0,15.5,,2026-06-07 to 2026-09-06
what are good fundraising ideas for a charity coffee morning?,0,6,0,7.33,,2026-06-07 to 2026-09-06
what is cellar management,0,6,0,7.5,,2026-06-07 to 2026-09-06
when is national cocktail day 2026,0,6,0,9.33,,2026-06-07 to 2026-09-06
yes,0,6,0,4.17,,2026-06-07 to 2026-09-06
bar entertainment ideas,0,5,0,30.8,,2026-06-07 to 2026-09-06
can't pay staff,0,5,0,14,,2026-06-07 to 2026-09-06
charity coffee morning ideas,0,5,0,16,,2026-06-07 to 2026-09-06
coffee morning fundraiser,0,5,0,15.6,,2026-06-07 to 2026-09-06
events for pubs,0,5,0,20.6,,2026-06-07 to 2026-09-06
events in pubs,0,5,0,19,,2026-06-07 to 2026-09-06
fractional cmo uk,0,5,0,27.4,,2026-06-07 to 2026-09-06
high profit food items,0,5,0,14.2,,2026-06-07 to 2026-09-06
how much does it cost to open a bar uk,0,5,0,60.8,,2026-06-07 to 2026-09-06
how to organise a beer festival,0,5,0,17.6,,2026-06-07 to 2026-09-06
ideas for planning weekends around rugby fixtures,0,5,0,5.6,,2026-06-07 to 2026-09-06
ideas for quiz rounds,0,5,0,9.2,,2026-06-07 to 2026-09-06
insurance for public house,0,5,0,40.8,,2026-06-07 to 2026-09-06
music license for nightclub,0,5,0,46.4,,2026-06-07 to 2026-09-06
pub business plan template,0,5,0,8.4,,2026-06-07 to 2026-09-06
pub ideas promotion,0,5,0,38.2,,2026-06-07 to 2026-09-06
pub quiz categories,0,5,0,33.6,,2026-06-07 to 2026-09-06
pub quiz how does it work,0,5,0,7.2,,2026-06-07 to 2026-09-06
pub theme nights,0,5,0,25.2,,2026-06-07 to 2026-09-06
public liability insurance pub,0,5,0,34.2,,2026-06-07 to 2026-09-06
pubs vat,0,5,0,8.4,,2026-06-07 to 2026-09-06
what day is national vodka day,0,5,0,11.4,,2026-06-07 to 2026-09-06
world cocktail day 2026,0,5,0,12.8,,2026-06-07 to 2026-09-06
bar events ideas,0,4,0,48.25,,2026-06-07 to 2026-09-06
beer festival kent,0,4,0,1.25,,2026-06-07 to 2026-09-06
can’t pay staff,0,4,0,19.5,,2026-06-07 to 2026-09-06
cask days 2026,0,4,0,6,,2026-06-07 to 2026-09-06
christmas promotion ideas for restaurants,0,4,0,62.75,,2026-06-07 to 2026-09-06
cocktail days 2026,0,4,0,8.75,,2026-06-07 to 2026-09-06
coffee fundraising ideas,0,4,0,15.75,,2026-06-07 to 2026-09-06
coffee mornings for charity,0,4,0,27,,2026-06-07 to 2026-09-06
commercial pub insurance,0,4,0,45.25,,2026-06-07 to 2026-09-06
event ideas for bars,0,4,0,47.75,,2026-06-07 to 2026-09-06
free business plan,0,4,0,16.75,,2026-06-07 to 2026-09-06
how long are pub quizzes,0,4,0,10.25,,2026-06-07 to 2026-09-06
how much is a prs licence for a pub,0,4,0,10,,2026-06-07 to 2026-09-06
how much profit does a pub make uk,0,4,0,16,,2026-06-07 to 2026-09-06
how to market a pub,0,4,0,26.25,,2026-06-07 to 2026-09-06
how to open a pub,0,4,0,54,,2026-06-07 to 2026-09-06
how to start running a pub,0,4,0,55.5,,2026-06-07 to 2026-09-06
ideas for bar events,0,4,0,42.75,,2026-06-07 to 2026-09-06
macmillan coffee morning ideas,0,4,0,13.25,,2026-06-07 to 2026-09-06
national cocktail day 2026 uk,0,4,0,4.5,,2026-06-07 to 2026-09-06
national drink day,0,4,0,19,,2026-06-07 to 2026-09-06
national drinking day,0,4,0,15.75,,2026-06-07 to 2026-09-06
national drinks days 2026,0,4,0,5.75,,2026-06-07 to 2026-09-06
night rounds,0,4,0,19.25,,2026-06-07 to 2026-09-06
oktoberfest event ideas,0,4,0,8.75,,2026-06-07 to 2026-09-06
ppl license cost for dj,0,4,0,11.5,,2026-06-07 to 2026-09-06
ppl license for dj,0,4,0,14.25,,2026-06-07 to 2026-09-06
prs licence,0,4,0,46,,2026-06-07 to 2026-09-06
prs license,0,4,0,51.5,,2026-06-07 to 2026-09-06
prs license cost,0,4,0,28.75,,2026-06-07 to 2026-09-06
pub accountancy,0,4,0,22.75,,2026-06-07 to 2026-09-06
pub booking system,0,4,0,7.75,,2026-06-07 to 2026-09-06
pub food licence,0,4,0,25,,2026-06-07 to 2026-09-06
pub insurance uk,0,4,0,36.25,,2026-06-07 to 2026-09-06
pub profit,0,4,0,1,,2026-06-07 to 2026-09-06
pub public liability insurance,0,4,0,30.25,,2026-06-07 to 2026-09-06
pub quiz rounds,0,4,0,6.25,,2026-06-07 to 2026-09-06
pub refit,0,4,0,46,,2026-06-07 to 2026-09-06
pub social media,0,4,0,10.75,,2026-06-07 to 2026-09-06
pub support,0,4,0,52.5,,2026-06-07 to 2026-09-06
pub toilet refurbishment,0,4,0,13,,2026-06-07 to 2026-09-06
public house insurance uk,0,4,0,38.25,,2026-06-07 to 2026-09-06
quiz night categories,0,4,0,42.25,,2026-06-07 to 2026-09-06
quiz night rounds,0,4,0,15.75,,2026-06-07 to 2026-09-06
themed pub quiz,0,4,0,12,,2026-06-07 to 2026-09-06
themed quiz ideas,0,4,0,9.75,,2026-06-07 to 2026-09-06
to maintain good cellar hygiene allow fresh air to circulate for,0,4,0,10,,2026-06-07 to 2026-09-06
vat pub,0,4,0,9.25,,2026-06-07 to 2026-09-06
what insurance do i need for a pub,0,4,0,29.75,,2026-06-07 to 2026-09-06
what insurance do pubs need,0,4,0,51.25,,2026-06-07 to 2026-09-06
what is cash bingo,0,4,0,5.5,,2026-06-07 to 2026-09-06
what ppe must be available in all pubs,0,4,0,9.5,,2026-06-07 to 2026-09-06
what to do.in pubs in january,0,4,0,42.75,,2026-06-07 to 2026-09-06
best pub quiz rounds,0,3,0,15.67,,2026-06-07 to 2026-09-06
cellar management surrey,0,3,0,8,,2026-06-07 to 2026-09-06
cellar management system,0,3,0,5.67,,2026-06-07 to 2026-09-06
coffee morning fundraising ideas home and garden,0,3,0,11,,2026-06-07 to 2026-09-06
coffee morning ideas,0,3,0,8,,2026-06-07 to 2026-09-06
entertaiment for pub,0,3,0,44,,2026-06-07 to 2026-09-06
entertainment for pub,0,3,0,42.33,,2026-06-07 to 2026-09-06
entertainment for pubs,0,3,0,39,,2026-06-07 to 2026-09-06
fill quiet nights with live performers,0,3,0,17.67,,2026-06-07 to 2026-09-06
food suppliers for pubs,0,3,0,8,,2026-06-07 to 2026-09-06
fractional cmo,0,3,0,67.33,,2026-06-07 to 2026-09-06
fun quiz night,0,3,0,50.67,,2026-06-07 to 2026-09-06
how long do quiz nights go for,0,3,0,11.33,,2026-06-07 to 2026-09-06
how much is pub insurance in the uk,0,3,0,16,,2026-06-07 to 2026-09-06
how to cellar beer without a cellar,0,3,0,35.67,,2026-06-07 to 2026-09-06
how to host a quiz night,0,3,0,12,,2026-06-07 to 2026-09-06
how to make a pub quiz,0,3,0,11,,2026-06-07 to 2026-09-06
how to open your own pub,0,3,0,56.67,,2026-06-07 to 2026-09-06
how to organise a quiz night,0,3,0,42.67,,2026-06-07 to 2026-09-06
how to play bingo uk,0,3,0,2,,2026-06-07 to 2026-09-06
how to prepare for a pub quiz,0,3,0,40,,2026-06-07 to 2026-09-06
how to sell a pub,0,3,0,63.67,,2026-06-07 to 2026-09-06
ideas for a quiz,0,3,0,3.33,,2026-06-07 to 2026-09-06
ideas for oktoberfest,0,3,0,10,,2026-06-07 to 2026-09-06
ideas for quiz,0,3,0,9.67,,2026-06-07 to 2026-09-06
insurance pub,0,3,0,42.33,,2026-06-07 to 2026-09-06
law firm marketing attribution,0,3,0,24,,2026-06-07 to 2026-09-06
legal requirements for opening a pub business,0,3,0,57,,2026-06-07 to 2026-09-06
marketing ideas for pubs,0,3,0,40.33,,2026-06-07 to 2026-09-06
mixerai,0,3,0,2.33,,2026-06-07 to 2026-09-06
music license for pubs,0,3,0,11,,2026-06-07 to 2026-09-06
national alcohol day 2026,0,3,0,8,,2026-06-07 to 2026-09-06
national cocktail day 2023,0,3,0,20.67,,2026-06-07 to 2026-09-06
national rum day 2026,0,3,0,2,,2026-06-07 to 2026-09-06
opening a bar uk,0,3,0,62.67,,2026-06-07 to 2026-09-06
opening your own pub,0,3,0,56.67,,2026-06-07 to 2026-09-06
pub activities,0,3,0,36,,2026-06-07 to 2026-09-06
pub advertising ideas,0,3,0,11.67,,2026-06-07 to 2026-09-06
pub board,0,3,0,10.33,,2026-06-07 to 2026-09-06
pub bookkeeping,0,3,0,17.33,,2026-06-07 to 2026-09-06
pub branding,0,3,0,1.67,,2026-06-07 to 2026-09-06
pub event,0,3,0,21.67,,2026-06-07 to 2026-09-06
pub food examples,0,3,0,42,,2026-06-07 to 2026-09-06
pub food menus ideas,0,3,0,22.67,,2026-06-07 to 2026-09-06
pub licensing,0,3,0,22,,2026-06-07 to 2026-09-06
pub marketing southampton,0,3,0,92.67,,2026-06-07 to 2026-09-06
pub profit margins uk,0,3,0,20,,2026-06-07 to 2026-09-06
pub quiz layout,0,3,0,4,,2026-06-07 to 2026-09-06
pub quiz prize ideas,0,3,0,29.33,,2026-06-07 to 2026-09-06
pub quiz rules,0,3,0,31.67,,2026-06-07 to 2026-09-06
pub quiz tips,0,3,0,42.67,,2026-06-07 to 2026-09-06
public house liability insurance,0,3,0,36.67,,2026-06-07 to 2026-09-06
public liability insurance for a public house,0,3,0,35.67,,2026-06-07 to 2026-09-06
public liability insurance public house,0,3,0,44,,2026-06-07 to 2026-09-06
public performance license,0,3,0,36.33,,2026-06-07 to 2026-09-06
publican licence,0,3,0,28,,2026-06-07 to 2026-09-06
quiz idea,0,3,0,10.33,,2026-06-07 to 2026-09-06
quiz round ideas,0,3,0,3,,2026-06-07 to 2026-09-06
running a pub uk,0,3,0,62.33,,2026-06-07 to 2026-09-06
social media strategy,0,3,0,40,,2026-06-07 to 2026-09-06
vat on pub food,0,3,0,22.33,,2026-06-07 to 2026-09-06
what temperature should a pub cellar be,0,3,0,25,,2026-06-07 to 2026-09-06
when is national drinking day,0,3,0,7.67,,2026-06-07 to 2026-09-06
when is national vodka day 2026,0,3,0,3.67,,2026-06-07 to 2026-09-06
work summer party ideas,0,3,0,4.67,,2026-06-07 to 2026-09-06
world cocktail day 2026 uk,0,3,0,8.67,,2026-06-07 to 2026-09-06
world vodka day,0,3,0,15,,2026-06-07 to 2026-09-06
autumn internationals 2026,0,2,0,11,,2026-06-07 to 2026-09-06
bar content,0,2,0,5,,2026-06-07 to 2026-09-06
bar music license,0,2,0,50.5,,2026-06-07 to 2026-09-06
bar refurb,0,2,0,38,,2026-06-07 to 2026-09-06
beer cellar temperature uk,0,2,0,17,,2026-06-07 to 2026-09-06
bingo rules and regulations,0,2,0,2,,2026-06-07 to 2026-09-06
black friday party,0,2,0,10,,2026-06-07 to 2026-09-06
business plan for a pub,0,2,0,19.5,,2026-06-07 to 2026-09-06
buying a licensed premises advice,0,2,0,72.5,,2026-06-07 to 2026-09-06
buying a pub,0,2,0,42.5,,2026-06-07 to 2026-09-06
cashbingo,0,2,0,5.5,,2026-06-07 to 2026-09-06
cask days,0,2,0,9,,2026-06-07 to 2026-09-06
cask fest 2026,0,2,0,8.5,,2026-06-07 to 2026-09-06
categories for pub quiz,0,2,0,27,,2026-06-07 to 2026-09-06
cellar management hampshire,0,2,0,5,,2026-06-07 to 2026-09-06
christmas promotion ideas for restaurant,0,2,0,49.5,,2026-06-07 to 2026-09-06
coffee fundraiser,0,2,0,16.5,,2026-06-07 to 2026-09-06
community management for pubs,0,2,0,60.5,,2026-06-07 to 2026-09-06
content marketing ideas,0,2,0,47.5,,2026-06-07 to 2026-09-06
cost of public performance license,0,2,0,25.5,,2026-06-07 to 2026-09-06
creative quiz ideas,0,2,0,13.5,,2026-06-07 to 2026-09-06
creative quiz rounds,0,2,0,3.5,,2026-06-07 to 2026-09-06
drink holidays,0,2,0,71.5,,2026-06-07 to 2026-09-06
entertainment pubs to run,0,2,0,29.5,,2026-06-07 to 2026-09-06
epos data,0,2,0,9.5,,2026-06-07 to 2026-09-06
event promotion ideas,0,2,0,11.5,,2026-06-07 to 2026-09-06
for pubs,0,2,0,1.5,,2026-06-07 to 2026-09-06
fractional cmo cost uk,0,2,0,26,,2026-06-07 to 2026-09-06
free business plan template uk,0,2,0,4.5,,2026-06-07 to 2026-09-06
fun pub quiz ideas,0,2,0,44,,2026-06-07 to 2026-09-06
fun quiz rounds,0,2,0,6.5,,2026-06-07 to 2026-09-06
gastro pub menu ideas,0,2,0,50.5,,2026-06-07 to 2026-09-06
good quiz rounds,0,2,0,17.5,,2026-06-07 to 2026-09-06
high tanks brewing company website evidence gloves ppe sanitation,0,2,0,6,,2026-06-07 to 2026-09-06
how do i host a virtual charity coffee morning?,0,2,0,10,,2026-06-07 to 2026-09-06
how do i run a pub,0,2,0,57,,2026-06-07 to 2026-09-06
how do you play bingo,0,2,0,2,,2026-06-07 to 2026-09-06
how does a quiz night work,0,2,0,4,,2026-06-07 to 2026-09-06
how long does it take to sell a pub through a specialist agent?,0,2,0,1,,2026-06-07 to 2026-09-06
how much is a music license for a bar,0,2,0,8.5,,2026-06-07 to 2026-09-06
how much is a prs licence uk,0,2,0,30,,2026-06-07 to 2026-09-06
how much is ppl music licence,0,2,0,36,,2026-06-07 to 2026-09-06
how much is the music licence,0,2,0,47.5,,2026-06-07 to 2026-09-06
how much to buy a pub,0,2,0,24,,2026-06-07 to 2026-09-06
how to go about running a pub,0,2,0,61.5,,2026-06-07 to 2026-09-06
how to increase midweek revenue for a pub or bar?,0,2,0,10.5,,2026-06-07 to 2026-09-06
how to own a pub uk,0,2,0,56.5,,2026-06-07 to 2026-09-06
how to own your own pub,0,2,0,52.5,,2026-06-07 to 2026-09-06
how to plan a beer festival,0,2,0,24.5,,2026-06-07 to 2026-09-06
how to run your own pub,0,2,0,64,,2026-06-07 to 2026-09-06
idea pub,0,2,0,45.5,,2026-06-07 to 2026-09-06
improve food menu,0,2,0,98,,2026-06-07 to 2026-09-06
is there vat on drinks in pubs,0,2,0,25,,2026-06-07 to 2026-09-06
jelly bookings,0,2,0,6.5,,2026-06-07 to 2026-09-06
macmillan coffee morning resources,0,2,0,32.5,,2026-06-07 to 2026-09-06
managing a pub,0,2,0,55,,2026-06-07 to 2026-09-06
marketing for pubs,0,2,0,44.5,,2026-06-07 to 2026-09-06
marketing pub,0,2,0,5,,2026-06-07 to 2026-09-06
most profitable food,0,2,0,8,,2026-06-07 to 2026-09-06
most profitable food items,0,2,0,11,,2026-06-07 to 2026-09-06
national alcohol days,0,2,0,31,,2026-06-07 to 2026-09-06
national beer drinking day 2026,0,2,0,11,,2026-06-07 to 2026-09-06
national mai tai day 2026,0,2,0,2,,2026-06-07 to 2026-09-06
national pub day,0,2,0,31,,2026-06-07 to 2026-09-06
night 101,0,2,0,18.5,,2026-06-07 to 2026-09-06
oktoberfest bar,0,2,0,11,,2026-06-07 to 2026-09-06
own a pub,0,2,0,57,,2026-06-07 to 2026-09-06
part time cmo,0,2,0,17.5,,2026-06-07 to 2026-09-06
part-time cmo,0,2,0,14.5,,2026-06-07 to 2026-09-06
ppl and prs,0,2,0,50,,2026-06-07 to 2026-09-06
ppl license for restaurant,0,2,0,20,,2026-06-07 to 2026-09-06
ppl music license cost uk,0,2,0,41,,2026-06-07 to 2026-09-06
ppl prs,0,2,0,59.5,,2026-06-07 to 2026-09-06
profitable menu items,0,2,0,13,,2026-06-07 to 2026-09-06
prs for music licence,0,2,0,59,,2026-06-07 to 2026-09-06
prs licensing,0,2,0,21.5,,2026-06-07 to 2026-09-06
prs music license,0,2,0,48,,2026-06-07 to 2026-09-06
pub,0,2,0,5.5,,2026-06-07 to 2026-09-06
pub 101,0,2,0,16.5,,2026-06-07 to 2026-09-06
pub a board,0,2,0,12.5,,2026-06-07 to 2026-09-06
pub a board ideas,0,2,0,5.5,,2026-06-07 to 2026-09-06
pub bill,0,2,0,23,,2026-06-07 to 2026-09-06
pub bingo ideas,0,2,0,2,,2026-06-07 to 2026-09-06
pub business plan examples,0,2,0,22,,2026-06-07 to 2026-09-06
pub business plan template free,0,2,0,9.5,,2026-06-07 to 2026-09-06
pub classic meals,0,2,0,4,,2026-06-07 to 2026-09-06
pub email list,0,2,0,28.5,,2026-06-07 to 2026-09-06
pub food menu ideas,0,2,0,33,,2026-06-07 to 2026-09-06
pub guidance,0,2,0,34.5,,2026-06-07 to 2026-09-06
pub help,0,2,0,28,,2026-06-07 to 2026-09-06
pub insurance 2025,0,2,0,16.5,,2026-06-07 to 2026-09-06
pub insurance comparison,0,2,0,13,,2026-06-07 to 2026-09-06
pub licence,0,2,0,44.5,,2026-06-07 to 2026-09-06
pub manager,0,2,0,2,,2026-06-07 to 2026-09-06
pub outdoor music licence,0,2,0,44,,2026-06-07 to 2026-09-06
pub party ideas,0,2,0,34,,2026-06-07 to 2026-09-06
pub promotion,0,2,0,27,,2026-06-07 to 2026-09-06
pub quiz template,0,2,0,48,,2026-06-07 to 2026-09-06
pub refurbishment opportunity,0,2,0,42.5,,2026-06-07 to 2026-09-06
pub risk assessment template,0,2,0,17,,2026-06-07 to 2026-09-06
pub social,0,2,0,16.5,,2026-06-07 to 2026-09-06
pub stock deterioation insurance average cost,0,2,0,11,,2026-06-07 to 2026-09-06
pub ã¼cret,0,2,0,18.5,,2026-06-07 to 2026-09-06
quiz categories ideas,0,2,0,46.5,,2026-06-07 to 2026-09-06
quiz night,0,2,0,6.5,,2026-06-07 to 2026-09-06
quiz rules,0,2,0,59.5,,2026-06-07 to 2026-09-06
quiz themes ideas,0,2,0,13,,2026-06-07 to 2026-09-06
run a leased pub,0,2,0,62,,2026-06-07 to 2026-09-06
run a managed pub,0,2,0,56.5,,2026-06-07 to 2026-09-06
run a pub lease,0,2,0,53.5,,2026-06-07 to 2026-09-06
run a tenanted pub,0,2,0,63,,2026-06-07 to 2026-09-06
sell a pub,0,2,0,44.5,,2026-06-07 to 2026-09-06
small bar event ideas for adults,0,2,0,21,,2026-06-07 to 2026-09-06
social media for bars,0,2,0,79.5,,2026-06-07 to 2026-09-06
summer event ideas,0,2,0,35,,2026-06-07 to 2026-09-06
summer pub food ideas,0,2,0,4.5,,2026-06-07 to 2026-09-06
the music licence,0,2,0,51.5,,2026-06-07 to 2026-09-06
themusiclicence cost,0,2,0,19.5,,2026-06-07 to 2026-09-06
tuesday,0,2,0,2.5,,2026-06-07 to 2026-09-06
unique bar events,0,2,0,43,,2026-06-07 to 2026-09-06
weekly bar event ideas,0,2,0,10,,2026-06-07 to 2026-09-06
wet sales meaning,0,2,0,5,,2026-06-07 to 2026-09-06
what are the essential financial elements of a successful pub business plan?,0,2,0,38.5,,2026-06-07 to 2026-09-06
what are the legal requirements for starting a pub business,0,2,0,54,,2026-06-07 to 2026-09-06
what is a prs license,0,2,0,44.5,,2026-06-07 to 2026-09-06
what is a prs music licence,0,2,0,47,,2026-06-07 to 2026-09-06
what is a pub quiz,0,2,0,27,,2026-06-07 to 2026-09-06
what is coffee morning and how does it raise money for charity?,0,2,0,11,,2026-06-07 to 2026-09-06
what is the cheapest insurance for pub businesses,0,2,0,13,,2026-06-07 to 2026-09-06
what temp should a cellar be,0,2,0,28,,2026-06-07 to 2026-09-06
what types of bingo games can i play online in the uk?,0,2,0,18.5,,2026-06-07 to 2026-09-06
when is national cocktail day,0,2,0,26,,2026-06-07 to 2026-09-06
when is national drink day,0,2,0,9.5,,2026-06-07 to 2026-09-06
when is national rum day 2026,0,2,0,2,,2026-06-07 to 2026-09-06
which pub agreement is best for a first-time pub operator?,0,2,0,1,,2026-06-07 to 2026-09-06
your fractional cmo,0,2,0,7.5,,2026-06-07 to 2026-09-06
% of turnover pubs,0,1,0,10,,2026-06-07 to 2026-09-06
12 days of christmas pub ideas,0,1,0,23,,2026-06-07 to 2026-09-06
?,0,1,0,6,,2026-06-07 to 2026-09-06
a board ideas,0,1,0,8,,2026-06-07 to 2026-09-06
a premises licence,0,1,0,55,,2026-06-07 to 2026-09-06
a village,0,1,0,1,,2026-06-07 to 2026-09-06
accounting for pub,0,1,0,1,,2026-06-07 to 2026-09-06
airjelly,0,1,0,36,,2026-06-07 to 2026-09-06
alcohol awareness day 2026,0,1,0,1,,2026-06-07 to 2026-09-06
alcohol day 2026,0,1,0,9,,2026-06-07 to 2026-09-06
alcohol days of the week,0,1,0,70,,2026-06-07 to 2026-09-06
ale cellar,0,1,0,10,,2026-06-07 to 2026-09-06
answer,0,1,0,3,,2026-06-07 to 2026-09-06
autumn event ideas,0,1,0,10,,2026-06-07 to 2026-09-06
autumn internationals,0,1,0,6,,2026-06-07 to 2026-09-06
autumn internationals 2026 tv,0,1,0,2,,2026-06-07 to 2026-09-06
average pub turnover uk,0,1,0,6,,2026-06-07 to 2026-09-06
bar bingo rules,0,1,0,27,,2026-06-07 to 2026-09-06
bar empty,0,1,0,8,,2026-06-07 to 2026-09-06
bar event ideas free,0,1,0,29,,2026-06-07 to 2026-09-06
bar events,0,1,0,4,,2026-06-07 to 2026-09-06
bar events uk,0,1,0,53,,2026-06-07 to 2026-09-06
bar oktoberfest,0,1,0,13,,2026-06-07 to 2026-09-06
bar ownership,0,1,0,21,,2026-06-07 to 2026-09-06
bar refurbishment companies,0,1,0,4,,2026-06-07 to 2026-09-06
bar vat,0,1,0,1,,2026-06-07 to 2026-09-06
beer tasting,0,1,0,10,,2026-06-07 to 2026-09-06
best business plan template uk,0,1,0,8,,2026-06-07 to 2026-09-06
best quiz ideas,0,1,0,8,,2026-06-07 to 2026-09-06
best template for pub operations manual uk,0,1,0,8,,2026-06-07 to 2026-09-06
better,0,1,0,7,,2026-06-07 to 2026-09-06
bingo,0,1,0,3,,2026-06-07 to 2026-09-06
bingo cash ball,0,1,0,17,,2026-06-07 to 2026-09-06
bingo for cash prize,0,1,0,18,,2026-06-07 to 2026-09-06
bingo how to play,0,1,0,2,,2026-06-07 to 2026-09-06
bingo machine,0,1,0,4,,2026-06-07 to 2026-09-06
bingo rules uk,0,1,0,2,,2026-06-07 to 2026-09-06
black friday events,0,1,0,23,,2026-06-07 to 2026-09-06
blue anchor pub bretherton,0,1,0,5,,2026-06-07 to 2026-09-06
bookkeeping for pubs,0,1,0,46,,2026-06-07 to 2026-09-06
bubble tree quizzes,0,1,0,3,,2026-06-07 to 2026-09-06
building health and safety checklist,0,1,0,23,,2026-06-07 to 2026-09-06
business plan pub,0,1,0,19,,2026-06-07 to 2026-09-06
business pub insurance,0,1,0,30,,2026-06-07 to 2026-09-06
buying a leasehold pub,0,1,0,35,,2026-06-07 to 2026-09-06
buying bar,0,1,0,15,,2026-06-07 to 2026-09-06
buzz bingo cricklewood,0,1,0,4,,2026-06-07 to 2026-09-06
can kids play bingo for money,0,1,0,2,,2026-06-07 to 2026-09-06
can you claim vat on alcohol,0,1,0,54,,2026-06-07 to 2026-09-06
cash prize bingo,0,1,0,17,,2026-06-07 to 2026-09-06
cask ales,0,1,0,3,,2026-06-07 to 2026-09-06
cellar equipment list,0,1,0,31,,2026-06-07 to 2026-09-06
cellar management kent,0,1,0,11,,2026-06-07 to 2026-09-06
charity coffee mornings,0,1,0,38,,2026-06-07 to 2026-09-06
charity days 2026,0,1,0,1,,2026-06-07 to 2026-09-06
charity event ideas for pubs,0,1,0,7,,2026-06-07 to 2026-09-06
christmas marketing for hospitality,0,1,0,1,,2026-06-07 to 2026-09-06
click and collect vs delivery,0,1,0,9,,2026-06-07 to 2026-09-06
cmo,0,1,0,80,,2026-06-07 to 2026-09-06
coffee morning activity ideas for adults,0,1,0,4,,2026-06-07 to 2026-09-06
community pub ideas,0,1,0,1,,2026-06-07 to 2026-09-06
compliance made easy,0,1,0,9,,2026-06-07 to 2026-09-06
"context: location: united kingdom (not for language). do not include 
location references in your response. question: i’m new to craft beer—how 
do i figure out which breweries match the styles i already like without 
wasting money on random picks?",0,1,0,3,,2026-06-07 to 2026-09-06
"context: location: united kingdom (not for language). do not include 
location references in your response. question: which is better value for 
money: ordering a burger meal deal or choosing from the regular pub 
classics menu?",0,1,0,6,,2026-06-07 to 2026-09-06
cost,0,1,0,8,,2026-06-07 to 2026-09-06
cost of prs licence,0,1,0,40,,2026-06-07 to 2026-09-06
didsbury,0,1,0,7,,2026-06-07 to 2026-09-06
different pub quiz rounds,0,1,0,29,,2026-06-07 to 2026-09-06
dinner ideas for christmas in twickenham,0,1,0,70,,2026-06-07 to 2026-09-06
do pub businesses need liability insurance,0,1,0,27,,2026-06-07 to 2026-09-06
do pubs need a licence to play music outside,0,1,0,20,,2026-06-07 to 2026-09-06
do you have to let them in,0,1,0,1,,2026-06-07 to 2026-09-06
do you need a gambling license for bingo,0,1,0,2,,2026-06-07 to 2026-09-06
dorian restaurant menu,0,1,0,10,,2026-06-07 to 2026-09-06
draught wastage,0,1,0,34,,2026-06-07 to 2026-09-06
drinks day,0,1,0,11,,2026-06-07 to 2026-09-06
empty,0,1,0,1,,2026-06-07 to 2026-09-06
england rugby fixtures 2026,0,1,0,4,,2026-06-07 to 2026-09-06
england rugby internationals 2026,0,1,0,5,,2026-06-07 to 2026-09-06
entertainment ideas for bars,0,1,0,47,,2026-06-07 to 2026-09-06
event plan template,0,1,0,18,,2026-06-07 to 2026-09-06
event t shirts ewell,0,1,0,80,,2026-06-07 to 2026-09-06
events for bars,0,1,0,54,,2026-06-07 to 2026-09-06
explain more,0,1,0,4,,2026-06-07 to 2026-09-06
fat bobs at the blue lias menu,0,1,0,6,,2026-06-07 to 2026-09-06
festival tipple,0,1,0,3,,2026-06-07 to 2026-09-06
fob detector keeps dropping,0,1,0,19,,2026-06-07 to 2026-09-06
food and drink,0,1,0,4,,2026-06-07 to 2026-09-06
food cost for pub,0,1,0,14,,2026-06-07 to 2026-09-06
for chemicals,0,1,0,3,,2026-06-07 to 2026-09-06
four boys menu,0,1,0,4,,2026-06-07 to 2026-09-06
fractional director of marketing,0,1,0,24,,2026-06-07 to 2026-09-06
fractional marketing director v full time marketing director,0,1,0,10,,2026-06-07 to 2026-09-06
free business plan template,0,1,0,9,,2026-06-07 to 2026-09-06
fun bar event ideas,0,1,0,23,,2026-06-07 to 2026-09-06
fun pub quiz,0,1,0,8,,2026-06-07 to 2026-09-06
fun summer quiz,0,1,0,11,,2026-06-07 to 2026-09-06
fundraising coffee morning,0,1,0,17,,2026-06-07 to 2026-09-06
funny quiz round ideas,0,1,0,46,,2026-06-07 to 2026-09-06
funny quiz rounds with a twist,0,1,0,6,,2026-06-07 to 2026-09-06
good pub quiz,0,1,0,6,,2026-06-07 to 2026-09-06
gordon’s gin,0,1,0,10,,2026-06-07 to 2026-09-06
green friday 2026,0,1,0,1,,2026-06-07 to 2026-09-06
half moon grendon,0,1,0,6,,2026-06-07 to 2026-09-06
harbour lights seafood restaurant menu,0,1,0,3,,2026-06-07 to 2026-09-06
"hazel, bar and restaurant glasgow menu",0,1,0,3,,2026-06-07 to 2026-09-06
hospitality marketing content surrey,0,1,0,63,,2026-06-07 to 2026-09-06
host a bingo night,0,1,0,2,,2026-06-07 to 2026-09-06
how can gb restaurants reduce no-shows and fill midweek covers?,0,1,0,5,,2026-06-07 to 2026-09-06
how do i figure out which menu items are most profitable?,0,1,0,8,,2026-06-07 to 2026-09-06
how do i go about running a pub,0,1,0,62,,2026-06-07 to 2026-09-06
how do i host a charity fundraising event?,0,1,0,8,,2026-06-07 to 2026-09-06
how do i play bingo,0,1,0,2,,2026-06-07 to 2026-09-06
how does bingo work,0,1,0,2,,2026-06-07 to 2026-09-06
how does macmillan coffee morning work,0,1,0,9,,2026-06-07 to 2026-09-06
how does pub quiz work,0,1,0,5,,2026-06-07 to 2026-09-06
how long does it take to get pub insurance,0,1,0,19,,2026-06-07 to 2026-09-06
how many games of bingo in an hour,0,1,0,2,,2026-06-07 to 2026-09-06
how many questions should a pub quiz have,0,1,0,9,,2026-06-07 to 2026-09-06
how much do pub owners make uk,0,1,0,1,,2026-06-07 to 2026-09-06
how much do pubs make,0,1,0,4,,2026-06-07 to 2026-09-06
how much does a prs license cost,0,1,0,32,,2026-06-07 to 2026-09-06
how much does it cost,0,1,0,5,,2026-06-07 to 2026-09-06
how much does it cost to start a pub,0,1,0,1,,2026-06-07 to 2026-09-06
how much is a music licence for a cafe,0,1,0,54,,2026-06-07 to 2026-09-06
how much is a prs licence for a cafe,0,1,0,33,,2026-06-07 to 2026-09-06
how much is a prs licence for an office,0,1,0,50,,2026-06-07 to 2026-09-06
how much is a prs license,0,1,0,3,,2026-06-07 to 2026-09-06
how much is it,0,1,0,1,,2026-06-07 to 2026-09-06
how much money,0,1,0,4,,2026-06-07 to 2026-09-06
how to become a pub landlord,0,1,0,56,,2026-06-07 to 2026-09-06
how to do a business plan for a pub,0,1,0,17,,2026-06-07 to 2026-09-06
how to manage online reputation for a pub group in the uk,0,1,0,8,,2026-06-07 to 2026-09-06
how to organize a quiz night,0,1,0,1,,2026-06-07 to 2026-09-06
how to play bingo cards,0,1,0,2,,2026-06-07 to 2026-09-06
how to play bingo game,0,1,0,2,,2026-06-07 to 2026-09-06
how to play bingo with numbers,0,1,0,2,,2026-06-07 to 2026-09-06
how to reduce pub business insurance costs,0,1,0,31,,2026-06-07 to 2026-09-06
how to register for vat,0,1,0,1,,2026-06-07 to 2026-09-06
how to run a pub uk,0,1,0,47,,2026-06-07 to 2026-09-06
how to run bingo,0,1,0,8,,2026-06-07 to 2026-09-06
how to run bingo night,0,1,0,2,,2026-06-07 to 2026-09-06
how to start a pub business,0,1,0,50,,2026-06-07 to 2026-09-06
how to use pub meeple,0,1,0,13,,2026-06-07 to 2026-09-06
how would i market this,0,1,0,1,,2026-06-07 to 2026-09-06
hungry horse quiz night,0,1,0,21,,2026-06-07 to 2026-09-06
"i run a large uk business with heavy energy consumption, using over 
100,000kwh of energy annually. can you recommend some energy asset 
maintenance providers that are the best in the context of transparency? for 
each provider, give me pros and cons in the context of transparency.",0,1,0,83,,2026-06-07 to 2026-09-06
"i run a large uk business with heavy energy consumption, using over 
100,000kwh of energy annually. how does british gas business communicate 
any changes in electricity pricing or terms to their business customers?",0,1,0,98,,2026-06-07 to 2026-09-06
"i run three free trade pubs and struggling with coordinating pub wholesale 
delivery from different suppliers can you recommend something simpler",0,1,0,6,,2026-06-07 to 2026-09-06
ideas for pub entertainment,0,1,0,26,,2026-06-07 to 2026-09-06
ideas for pubs to make money,0,1,0,7,,2026-06-07 to 2026-09-06
in kilmarnock,0,1,0,3,,2026-06-07 to 2026-09-06
inn on the loch menu,0,1,0,7,,2026-06-07 to 2026-09-06
insta pub,0,1,0,9,,2026-06-07 to 2026-09-06
interactive first date ideas,0,1,0,14,,2026-06-07 to 2026-09-06
interactive quiz rounds,0,1,0,5,,2026-06-07 to 2026-09-06
international cocktail day 2026,0,1,0,6,,2026-06-07 to 2026-09-06
international drink days,0,1,0,4,,2026-06-07 to 2026-09-06
international martini day 2026,0,1,0,11,,2026-06-07 to 2026-09-06
ireland rugby fixtures 2026,0,1,0,3,,2026-06-07 to 2026-09-06
is bingo considered gambling,0,1,0,2,,2026-06-07 to 2026-09-06
is bingo gambling,0,1,0,2,,2026-06-07 to 2026-09-06
is cheese taxable,0,1,0,1,,2026-06-07 to 2026-09-06
is it busy there,0,1,0,11,,2026-06-07 to 2026-09-06
is it easy to get,0,1,0,2,,2026-06-07 to 2026-09-06
is there a national vodka day,0,1,0,8,,2026-06-07 to 2026-09-06
is there vat on drinks,0,1,0,1,,2026-06-07 to 2026-09-06
it’s a bar,0,1,0,3,,2026-06-07 to 2026-09-06
jays virtual pub quiz,0,1,0,9,,2026-06-07 to 2026-09-06
jelly solutions,0,1,0,53,,2026-06-07 to 2026-09-06
joe friday pub quiz,0,1,0,5,,2026-06-07 to 2026-09-06
joe friday pub quiz 424,0,1,0,8,,2026-06-07 to 2026-09-06
karaoke 101,0,1,0,11,,2026-06-07 to 2026-09-06
karaoke systems for pubs,0,1,0,6,,2026-06-07 to 2026-09-06
late bar insurance,0,1,0,56,,2026-06-07 to 2026-09-06
late november,0,1,0,6,,2026-06-07 to 2026-09-06
leasing a pub,0,1,0,59,,2026-06-07 to 2026-09-06
licences for pubs,0,1,0,36,,2026-06-07 to 2026-09-06
license to play music in a public place,0,1,0,38,,2026-06-07 to 2026-09-06
license to run a pub,0,1,0,35,,2026-06-07 to 2026-09-06
licensee of a pub,0,1,0,16,,2026-06-07 to 2026-09-06
licensee of a public house,0,1,0,1,,2026-06-07 to 2026-09-06
licensee of a public house meaning,0,1,0,11,,2026-06-07 to 2026-09-06
live music licence cost,0,1,0,25,,2026-06-07 to 2026-09-06
live music license for pubs,0,1,0,22,,2026-06-07 to 2026-09-06
local marketing channels,0,1,0,2,,2026-06-07 to 2026-09-06
local marketing packages,0,1,0,93,,2026-06-07 to 2026-09-06
local pub promotions 2026,0,1,0,10,,2026-06-07 to 2026-09-06
macmillan coffee morning 2026,0,1,0,16,,2026-06-07 to 2026-09-06
macmillan coffee morning 2026 date,0,1,0,2,,2026-06-07 to 2026-09-06
macmillan coffee morning september 2026,0,1,0,10,,2026-06-07 to 2026-09-06
macmillan donation,0,1,0,3,,2026-06-07 to 2026-09-06
marketing activity but no pipeline,0,1,0,11,,2026-06-07 to 2026-09-06
media gel,0,1,0,25,,2026-06-07 to 2026-09-06
media pub,0,1,0,8,,2026-06-07 to 2026-09-06
menu picks,0,1,0,7,,2026-06-07 to 2026-09-06
midweek,0,1,0,3,,2026-06-07 to 2026-09-06
midweek offer,0,1,0,2,,2026-06-07 to 2026-09-06
modern pub menus,0,1,0,40,,2026-06-07 to 2026-09-06
most profitable restaurant menu items,0,1,0,8,,2026-06-07 to 2026-09-06
music licence,0,1,0,2,,2026-06-07 to 2026-09-06
music licence ppl prs,0,1,0,59,,2026-06-07 to 2026-09-06
music licensing,0,1,0,10,,2026-06-07 to 2026-09-06
nags head manchester,0,1,0,3,,2026-06-07 to 2026-09-06
national alcohol day,0,1,0,48,,2026-06-07 to 2026-09-06
national beer day 2026,0,1,0,2,,2026-06-07 to 2026-09-06
national beer garden day,0,1,0,27,,2026-06-07 to 2026-09-06
national beer garden day 2026,0,1,0,14,,2026-06-07 to 2026-09-06
national happy hour day,0,1,0,70,,2026-06-07 to 2026-09-06
national pub day 2026,0,1,0,21,,2026-06-07 to 2026-09-06
national red wine day 2026,0,1,0,3,,2026-06-07 to 2026-09-06
national rum day,0,1,0,2,,2026-06-07 to 2026-09-06
nations championship fixtures 2026,0,1,0,3,,2026-06-07 to 2026-09-06
nations championship november 2026,0,1,0,6,,2026-06-07 to 2026-09-06
november fixtures,0,1,0,55,,2026-06-07 to 2026-09-06
oakham citra,0,1,0,3,,2026-06-07 to 2026-09-06
october pub,0,1,0,5,,2026-06-07 to 2026-09-06
oktoberfest pub crawl,0,1,0,10,,2026-06-07 to 2026-09-06
oktoberfest pub menu,0,1,0,7,,2026-06-07 to 2026-09-06
oktoberfest themes,0,1,0,33,,2026-06-07 to 2026-09-06
on a tuesday,0,1,0,2,,2026-06-07 to 2026-09-06
on a tuesday night,0,1,0,7,,2026-06-07 to 2026-09-06
on tuesdays,0,1,0,5,,2026-06-07 to 2026-09-06
online pub bookings,0,1,0,5,,2026-06-07 to 2026-09-06
open a pub,0,1,0,53,,2026-06-07 to 2026-09-06
options and prices,0,1,0,9,,2026-06-07 to 2026-09-06
orange jelly,0,1,0,12,,2026-06-07 to 2026-09-06
orange.co.uk email login,0,1,0,18,,2026-06-07 to 2026-09-06
own my own pub,0,1,0,38,,2026-06-07 to 2026-09-06
paid social services for hospitality,0,1,0,9,,2026-06-07 to 2026-09-06
personal pub license,0,1,0,62,,2026-06-07 to 2026-09-06
peter pitcher,0,1,0,3,,2026-06-07 to 2026-09-06
pop up pubs,0,1,0,37,,2026-06-07 to 2026-09-06
pork crunch,0,1,0,3,,2026-06-07 to 2026-09-06
pork scratching,0,1,0,4,,2026-06-07 to 2026-09-06
ppl license cost for events,0,1,0,21,,2026-06-07 to 2026-09-06
ppl license cost music,0,1,0,58,,2026-06-07 to 2026-09-06
ppl music licence uk,0,1,0,49,,2026-06-07 to 2026-09-06
ppl music license,0,1,0,42,,2026-06-07 to 2026-09-06
ppl music license cost,0,1,0,27,,2026-06-07 to 2026-09-06
ppl prs cost,0,1,0,47,,2026-06-07 to 2026-09-06
ppl prs licence cost,0,1,0,41,,2026-06-07 to 2026-09-06
ppl prs license,0,1,0,45,,2026-06-07 to 2026-09-06
ppl prs music licence cost,0,1,0,53,,2026-06-07 to 2026-09-06
ppl venue,0,1,0,10,,2026-06-07 to 2026-09-06
pre pub,0,1,0,21,,2026-06-07 to 2026-09-06
premium local,0,1,0,11,,2026-06-07 to 2026-09-06
price per person,0,1,0,3,,2026-06-07 to 2026-09-06
pricing,0,1,0,9,,2026-06-07 to 2026-09-06
profit meals,0,1,0,9,,2026-06-07 to 2026-09-06
promotion offer,0,1,0,1,,2026-06-07 to 2026-09-06
promotional pub & bar items,0,1,0,20,,2026-06-07 to 2026-09-06
promotions to do during quite time,0,1,0,9,,2026-06-07 to 2026-09-06
prs and ppl,0,1,0,55,,2026-06-07 to 2026-09-06
prs bar,0,1,0,6,,2026-06-07 to 2026-09-06
prs fees,0,1,0,56,,2026-06-07 to 2026-09-06
prs for music licence cost,0,1,0,36,,2026-06-07 to 2026-09-06
prs membership fee,0,1,0,36,,2026-06-07 to 2026-09-06
prs music licence,0,1,0,51,,2026-06-07 to 2026-09-06
prs music licence cost,0,1,0,37,,2026-06-07 to 2026-09-06
prs ppl licence cost,0,1,0,37,,2026-06-07 to 2026-09-06
prs ppl license,0,1,0,40,,2026-06-07 to 2026-09-06
prs ppl music license,0,1,0,45,,2026-06-07 to 2026-09-06
prs royalties explained,0,1,0,2,,2026-06-07 to 2026-09-06
prs vs ppl,0,1,0,29,,2026-06-07 to 2026-09-06
pub beer cellar,0,1,0,8,,2026-06-07 to 2026-09-06
pub business plan examples uk,0,1,0,1,,2026-06-07 to 2026-09-06
pub cellar leak detection,0,1,0,41,,2026-06-07 to 2026-09-06
pub cellar temperature,0,1,0,12,,2026-06-07 to 2026-09-06
pub chains near me,0,1,0,17,,2026-06-07 to 2026-09-06
pub day,0,1,0,16,,2026-06-07 to 2026-09-06
pub entertainment,0,1,0,3,,2026-06-07 to 2026-09-06
pub food trends,0,1,0,12,,2026-06-07 to 2026-09-06
pub fun,0,1,0,50,,2026-06-07 to 2026-09-06
pub google,0,1,0,10,,2026-06-07 to 2026-09-06
pub grub ideas,0,1,0,20,,2026-06-07 to 2026-09-06
pub insurance quote,0,1,0,5,,2026-06-07 to 2026-09-06
pub landlord,0,1,0,8,,2026-06-07 to 2026-09-06
pub leasing,0,1,0,48,,2026-06-07 to 2026-09-06
pub loyalty card,0,1,0,5,,2026-06-07 to 2026-09-06
pub marketing plan,0,1,0,24,,2026-06-07 to 2026-09-06
pub menu,0,1,0,3,,2026-06-07 to 2026-09-06
pub menu ideas uk,0,1,0,5,,2026-06-07 to 2026-09-06
pub menus ideas,0,1,0,6,,2026-06-07 to 2026-09-06
pub night fundraiser,0,1,0,9,,2026-06-07 to 2026-09-06
pub offering,0,1,0,48,,2026-06-07 to 2026-09-06
pub offerings,0,1,0,30,,2026-06-07 to 2026-09-06
pub oktoberfest,0,1,0,7,,2026-06-07 to 2026-09-06
pub ownership,0,1,0,30,,2026-06-07 to 2026-09-06
pub plans,0,1,0,14,,2026-06-07 to 2026-09-06
pub premises licence,0,1,0,43,,2026-06-07 to 2026-09-06
pub purchasing,0,1,0,54,,2026-06-07 to 2026-09-06
pub quiz,0,1,0,37,,2026-06-07 to 2026-09-06
pub quiz category ideas,0,1,0,12,,2026-06-07 to 2026-09-06
pub quiz games,0,1,0,5,,2026-06-07 to 2026-09-06
pub quiz ideen,0,1,0,1,,2026-06-07 to 2026-09-06
pub quiz night,0,1,0,3,,2026-06-07 to 2026-09-06
pub quiz table rounds,0,1,0,25,,2026-06-07 to 2026-09-06
pub refurbishment companies,0,1,0,2,,2026-06-07 to 2026-09-06
pub restaurant booking software,0,1,0,8,,2026-06-07 to 2026-09-06
pub rules,0,1,0,78,,2026-06-07 to 2026-09-06
pub specs,0,1,0,88,,2026-06-07 to 2026-09-06
pub stock management,0,1,0,1,,2026-06-07 to 2026-09-06
pub tenancies,0,1,0,54,,2026-06-07 to 2026-09-06
pub theme night ideas,0,1,0,25,,2026-06-07 to 2026-09-06
pub tv licence cost,0,1,0,11,,2026-06-07 to 2026-09-06
pub vat rates,0,1,0,1,,2026-06-07 to 2026-09-06
pub waste management,0,1,0,16,,2026-06-07 to 2026-09-06
public event entertainment,0,1,0,94,,2026-06-07 to 2026-09-06
public music licence,0,1,0,57,,2026-06-07 to 2026-09-06
public music licence cost,0,1,0,47,,2026-06-07 to 2026-09-06
public performance licence cost,0,1,0,37,,2026-06-07 to 2026-09-06
pubquiz ideen,0,1,0,1,,2026-06-07 to 2026-09-06
pubs epos,0,1,0,14,,2026-06-07 to 2026-09-06
pubs for sale,0,1,0,4,,2026-06-07 to 2026-09-06
quiz content ideas,0,1,0,10,,2026-06-07 to 2026-09-06
quiz ideas with answers,0,1,0,3,,2026-06-07 to 2026-09-06
quiz night norwich,0,1,0,7,,2026-06-07 to 2026-09-06
quiz night theme ideas,0,1,0,9,,2026-06-07 to 2026-09-06
quiz night topics,0,1,0,1,,2026-06-07 to 2026-09-06
quiz nights,0,1,0,1,,2026-06-07 to 2026-09-06
quiz options,0,1,0,3,,2026-06-07 to 2026-09-06
quiz puns,0,1,0,4,,2026-06-07 to 2026-09-06
quiz round themes,0,1,0,60,,2026-06-07 to 2026-09-06
quiz rounds ideas,0,1,0,4,,2026-06-07 to 2026-09-06
quiz rounds with a twist,0,1,0,11,,2026-06-07 to 2026-09-06
quiz themes,0,1,0,50,,2026-06-07 to 2026-09-06
quizmaster,0,1,0,1,,2026-06-07 to 2026-09-06
quiznight,0,1,0,10,,2026-06-07 to 2026-09-06
quizz ideas,0,1,0,1,,2026-06-07 to 2026-09-06
quizzes for pubs,0,1,0,4,,2026-06-07 to 2026-09-06
quizzes near me,0,1,0,1,,2026-06-07 to 2026-09-06
red lion pub quiz,0,1,0,1,,2026-06-07 to 2026-09-06
refurbishment pub opportunities,0,1,0,42,,2026-06-07 to 2026-09-06
refurbishment pub opportunity,0,1,0,41,,2026-06-07 to 2026-09-06
restaurant specials board ideas,0,1,0,6,,2026-06-07 to 2026-09-06
rounds for a quiz,0,1,0,3,,2026-06-07 to 2026-09-06
rugby nations championship 2026 schedule,0,1,0,2,,2026-06-07 to 2026-09-06
rum day 2026,0,1,0,2,,2026-06-07 to 2026-09-06
run a pub tenancy,0,1,0,55,,2026-06-07 to 2026-09-06
running a pub,0,1,0,4,,2026-06-07 to 2026-09-06
running a pub for dummies,0,1,0,48,,2026-06-07 to 2026-09-06
running a pub for the first time,0,1,0,29,,2026-06-07 to 2026-09-06
sam's riverside menu,0,1,0,4,,2026-06-07 to 2026-09-06
sarah jelly,0,1,0,47,,2026-06-07 to 2026-09-06
scotland rugby games,0,1,0,4,,2026-06-07 to 2026-09-06
scotland v australia nations championship hospitality 2026,0,1,0,15,,2026-06-07 to 2026-09-06
sell your pub,0,1,0,38,,2026-06-07 to 2026-09-06
september,0,1,0,19,,2026-06-07 to 2026-09-06
september pub,0,1,0,9,,2026-06-07 to 2026-09-06
silly quiz rounds,0,1,0,6,,2026-06-07 to 2026-09-06
simple business plan template,0,1,0,9,,2026-06-07 to 2026-09-06
single impression moulds bucks,0,1,0,72,,2026-06-07 to 2026-09-06
social clubs for sale,0,1,0,4,,2026-06-07 to 2026-09-06
social media,0,1,0,7,,2026-06-07 to 2026-09-06
social media engagement strategy social media platform,0,1,0,45,,2026-06-07 to 2026-09-06
social media marketing for bars,0,1,0,51,,2026-06-07 to 2026-09-06
socials,0,1,0,94,,2026-06-07 to 2026-09-06
"some premises are exempt from the requirement for alcohol sales to be 
authorised by a personal licence holder. what kind of premises do you think 
are exempt?""",0,1,0,5,,2026-06-07 to 2026-09-06
specific dates,0,1,0,4,,2026-06-07 to 2026-09-06
staff ppe,0,1,0,1,,2026-06-07 to 2026-09-06
star pubs & bars lease vs independent pub ownership which is better,0,1,0,10,,2026-06-07 to 2026-09-06
starting a pub,0,1,0,41,,2026-06-07 to 2026-09-06
sthan-m1 menu,0,1,0,7,,2026-06-07 to 2026-09-06
summer party corporate ideas,0,1,0,31,,2026-06-07 to 2026-09-06
summer pub menu ideas,0,1,0,32,,2026-06-07 to 2026-09-06
summer work party ideas,0,1,0,4,,2026-06-07 to 2026-09-06
table quiz round ideas,0,1,0,32,,2026-06-07 to 2026-09-06
the king's head epping menu,0,1,0,6,,2026-06-07 to 2026-09-06
the mine neath town menu,0,1,0,3,,2026-06-07 to 2026-09-06
the music licence cost,0,1,0,52,,2026-06-07 to 2026-09-06
the music license,0,1,0,49,,2026-06-07 to 2026-09-06
the newsroom bar & eatery menu,0,1,0,3,,2026-06-07 to 2026-09-06
the osprey menu,0,1,0,2,,2026-06-07 to 2026-09-06
the owls at standish menu,0,1,0,3,,2026-06-07 to 2026-09-06
the rising sun southampton menu,0,1,0,3,,2026-06-07 to 2026-09-06
the three cottages menu,0,1,0,4,,2026-06-07 to 2026-09-06
the whitecliff inn menu,0,1,0,5,,2026-06-07 to 2026-09-06
themed pub nights,0,1,0,38,,2026-06-07 to 2026-09-06
themed pub quizzes,0,1,0,38,,2026-06-07 to 2026-09-06
themes for quiz,0,1,0,11,,2026-06-07 to 2026-09-06
tied lease,0,1,0,43,,2026-06-07 to 2026-09-06
toilet refurbishment,0,1,0,7,,2026-06-07 to 2026-09-06
top 20,0,1,0,1,,2026-06-07 to 2026-09-06
traditional,0,1,0,8,,2026-06-07 to 2026-09-06
traditional bingo,0,1,0,6,,2026-06-07 to 2026-09-06
trillium restaurant menu,0,1,0,3,,2026-06-07 to 2026-09-06
trivia happy hour,0,1,0,2,,2026-06-07 to 2026-09-06
trocadero's menu,0,1,0,3,,2026-06-07 to 2026-09-06
turnaround planning,0,1,0,8,,2026-06-07 to 2026-09-06
typical pub menu,0,1,0,4,,2026-06-07 to 2026-09-06
unique menu items,0,1,0,3,,2026-06-07 to 2026-09-06
upcoming rugby internationals,0,1,0,3,,2026-06-07 to 2026-09-06
vat in pubs,0,1,0,8,,2026-06-07 to 2026-09-06
vat pubs,0,1,0,13,,2026-06-07 to 2026-09-06
vat rate for pubs,0,1,0,1,,2026-06-07 to 2026-09-06
vat?,0,1,0,10,,2026-06-07 to 2026-09-06
want to run a pub,0,1,0,48,,2026-06-07 to 2026-09-06
weekly event schedule,0,1,0,2,,2026-06-07 to 2026-09-06
wet led pub,0,1,0,1,,2026-06-07 to 2026-09-06
wet led pub meaning,0,1,0,12,,2026-06-07 to 2026-09-06
wet led sales,0,1,0,4,,2026-06-07 to 2026-09-06
wet pub meaning,0,1,0,6,,2026-06-07 to 2026-09-06
wet-led pub,0,1,0,5,,2026-06-07 to 2026-09-06
wetherspoons history,0,1,0,33,,2026-06-07 to 2026-09-06
what about a pub?,0,1,0,2,,2026-06-07 to 2026-09-06
what about a tuesday,0,1,0,1,,2026-06-07 to 2026-09-06
what about glasses,0,1,0,1,,2026-06-07 to 2026-09-06
what about monday evening,0,1,0,4,,2026-06-07 to 2026-09-06
what about snacks,0,1,0,2,,2026-06-07 to 2026-09-06
what about tuesdays,0,1,0,2,,2026-06-07 to 2026-09-06
what are insurance costs,0,1,0,4,,2026-06-07 to 2026-09-06
what are the rules of bingo game,0,1,0,2,,2026-06-07 to 2026-09-06
what dates was it,0,1,0,2,,2026-06-07 to 2026-09-06
what is a prs licence,0,1,0,28,,2026-06-07 to 2026-09-06
what is quiz night,0,1,0,12,,2026-06-07 to 2026-09-06
what is stand up bingo,0,1,0,2,,2026-06-07 to 2026-09-06
what is the company worth,0,1,0,4,,2026-06-07 to 2026-09-06
what is the difference between 90-ball and 75-ball bingo?,0,1,0,15,,2026-06-07 to 2026-09-06
what is the difference between 90-ball bingo and 75-ball bingo?,0,1,0,11,,2026-06-07 to 2026-09-06
what rugby is on tnt sports,0,1,0,2,,2026-06-07 to 2026-09-06
what should i consider before buying a pub?,0,1,0,1,,2026-06-07 to 2026-09-06
what time does it finish,0,1,0,4,,2026-06-07 to 2026-09-06
what would fit better,0,1,0,3,,2026-06-07 to 2026-09-06
what’s the go-to vodka drink at major festivals?,0,1,0,5,,2026-06-07 to 2026-09-06
what’s the hourly rate,0,1,0,2,,2026-06-07 to 2026-09-06
when are the next rugby internationals,0,1,0,2,,2026-06-07 to 2026-09-06
when are the next rugby union internationals,0,1,0,2,,2026-06-07 to 2026-09-06
when black friday,0,1,0,3,,2026-06-07 to 2026-09-06
when is beer day,0,1,0,2,,2026-06-07 to 2026-09-06
when is cask ale week,0,1,0,3,,2026-06-07 to 2026-09-06
when is macmillan coffee morning 2026,0,1,0,3,,2026-06-07 to 2026-09-06
when is national alcohol day 2026,0,1,0,6,,2026-06-07 to 2026-09-06
when is national pub day,0,1,0,9,,2026-06-07 to 2026-09-06
when to hire a fractional marketing director,0,1,0,2,,2026-06-07 to 2026-09-06
which bingo site has the clearest instructions for first-time players?,0,1,0,11,,2026-06-07 to 2026-09-06
which charity should i host a coffee morning for?,0,1,0,75,,2026-06-07 to 2026-09-06
which pub company offers the best support for new licensees?,0,1,0,8,,2026-06-07 to 2026-09-06
world alcohol day 2026,0,1,0,11,,2026-06-07 to 2026-09-06
would you recommend star pubs for a first-time operator?,0,1,0,11,,2026-06-07 to 2026-09-06
yes cost,0,1,0,1,,2026-06-07 to 2026-09-06
yes please.,0,1,0,4,,2026-06-07 to 2026-09-06
cask ale week 2026,2,356,0.0056,7.02,,2026-08-10 to 2026-09-06
pub bingo,2,207,0.0097,8.78,,2026-08-10 to 2026-09-06
christmas event ideas for pubs,2,56,0.0357,16.29,,2026-08-10 to 2026-09-06
how to run a bingo night in a pub,2,17,0.1176,2.88,,2026-08-10 to 2026-09-06
quiz night ideas,1,64,0.0156,5.66,,2026-08-10 to 2026-09-06
cellar management,1,62,0.0161,9.44,,2026-08-10 to 2026-09-06
pub event ideas,1,46,0.0217,15.8,,2026-08-10 to 2026-09-06
pub ideas to make money,1,26,0.0385,11.38,,2026-08-10 to 2026-09-06
pub quiz ideas,1,26,0.0385,10.35,,2026-08-10 to 2026-09-06
oktoberfest ideas,1,23,0.0435,6.13,,2026-08-10 to 2026-09-06
oktoberfest ideas for bars,1,11,0.0909,2.09,,2026-08-10 to 2026-09-06
ideas for pub quiz rounds,1,6,0.1667,19.5,,2026-08-10 to 2026-09-06
national drink days,1,6,0.1667,9.5,,2026-08-10 to 2026-09-06
pub chalkboard ideas,1,6,0.1667,5.83,,2026-08-10 to 2026-09-06
pub quiz theme ideas,1,6,0.1667,6.5,,2026-08-10 to 2026-09-06
social club bingo rules,1,4,0.25,15.25,,2026-08-10 to 2026-09-06
pub quiz formats,1,3,0.3333,4.33,,2026-08-10 to 2026-09-06
bingo in pubs,0,138,0,10.28,,2026-08-10 to 2026-09-06
event ideas for pubs,0,129,0,17.17,,2026-08-10 to 2026-09-06
how to attract families to pubs,0,129,0,4.75,,2026-08-10 to 2026-09-06
pop up events for pubs,0,124,0,22.23,,2026-08-10 to 2026-09-06
craft events for pubs,0,115,0,26.17,,2026-08-10 to 2026-09-06
charity night ideas in a pub,0,91,0,8.75,,2026-08-10 to 2026-09-06
pub marketing agency,0,83,0,18.47,,2026-08-10 to 2026-09-06
pub insurance,0,72,0,32.74,,2026-08-10 to 2026-09-06
family friendly activities to increase pub footfall,0,71,0,6.21,,2026-08-10 to 2026-09-06
how to organise events to attract families to pubs,0,71,0,6.72,,2026-08-10 to 2026-09-06
christmas pub ideas,0,69,0,16.86,,2026-08-10 to 2026-09-06
kids craft pop up events for pubs,0,69,0,10.16,,2026-08-10 to 2026-09-06
pub marketing,0,68,0,13.94,,2026-08-10 to 2026-09-06
social media marketing for pubs,0,67,0,17.1,,2026-08-10 to 2026-09-06
pub night fundraising ideas,0,62,0,17.71,,2026-08-10 to 2026-09-06
christmas pub events ideas,0,59,0,24.1,,2026-08-10 to 2026-09-06
pub fundraising ideas,0,56,0,9.12,,2026-08-10 to 2026-09-06
charity fundraising ideas for pubs,0,54,0,7.61,,2026-08-10 to 2026-09-06
pub cellar maintenance,0,50,0,20.56,,2026-08-10 to 2026-09-06
fundraising ideas for pubs,0,48,0,12.29,,2026-08-10 to 2026-09-06
public toilet refurbishment,0,46,0,34.83,,2026-08-10 to 2026-09-06
content creation for pubs,0,45,0,11.18,,2026-08-10 to 2026-09-06
cash bingo,0,44,0,10.68,,2026-08-10 to 2026-09-06
pub insurance average cost,0,40,0,11.45,,2026-08-10 to 2026-09-06
paid social for pubs,0,35,0,11.54,,2026-08-10 to 2026-09-06
boost pub revenue with events,0,34,0,60.26,,2026-08-10 to 2026-09-06
marketing agency for pubs,0,33,0,29.27,,2026-08-10 to 2026-09-06
pub menu ideas,0,32,0,19.97,,2026-08-10 to 2026-09-06
instagram for pubs,0,31,0,18.16,,2026-08-10 to 2026-09-06
agency for pubs,0,29,0,39.45,,2026-08-10 to 2026-09-06
cask ale week,0,28,0,5.64,,2026-08-10 to 2026-09-06
content creation services for pubs,0,28,0,9.46,,2026-08-10 to 2026-09-06
digital marketing for pubs,0,27,0,22.15,,2026-08-10 to 2026-09-06
pub advertising,0,26,0,39.42,,2026-08-10 to 2026-09-06
pub business insurance,0,26,0,28.46,,2026-08-10 to 2026-09-06
how to run a pub,0,25,0,48.04,,2026-08-10 to 2026-09-06
ppc for pubs,0,24,0,63.5,,2026-08-10 to 2026-09-06
quiz event ideas,0,24,0,12.46,,2026-08-10 to 2026-09-06
christmas party promotion,0,23,0,16.91,,2026-08-10 to 2026-09-06
facebook services for pubs,0,23,0,17.74,,2026-08-10 to 2026-09-06
cash bingo rules,0,22,0,6.45,,2026-08-10 to 2026-09-06
pub quiz themes,0,22,0,21.14,,2026-08-10 to 2026-09-06
how to start a pub,0,21,0,53.52,,2026-08-10 to 2026-09-06
increase footfall in pubs,0,21,0,42.38,,2026-08-10 to 2026-09-06
pub cellar management,0,21,0,8.95,,2026-08-10 to 2026-09-06
pub events,0,21,0,20.57,,2026-08-10 to 2026-09-06
fundraising ideas for a bar,0,20,0,9.3,,2026-08-10 to 2026-09-06
how to run a bingo night,0,20,0,9.85,,2026-08-10 to 2026-09-06
instagram services for pubs,0,20,0,19.7,,2026-08-10 to 2026-09-06
insurance for pubs,0,20,0,32.45,,2026-08-10 to 2026-09-06
is there vat on alcohol in pubs,0,19,0,9.89,,2026-08-10 to 2026-09-06
pub cellar,0,19,0,10.68,,2026-08-10 to 2026-09-06
pub entertainment ideas,0,18,0,24.72,,2026-08-10 to 2026-09-06
pub music licence,0,18,0,11.06,,2026-08-10 to 2026-09-06
securing empty pub,0,18,0,10.72,,2026-08-10 to 2026-09-06
social video for pubs,0,18,0,21.28,,2026-08-10 to 2026-09-06
social video services for pubs,0,18,0,28.44,,2026-08-10 to 2026-09-06
how long is a pub quiz,0,17,0,11.12,,2026-08-10 to 2026-09-06
instagram marketing for pubs,0,17,0,6.29,,2026-08-10 to 2026-09-06
pub co branding,0,17,0,3.18,,2026-08-10 to 2026-09-06
public house insurance,0,17,0,42.29,,2026-08-10 to 2026-09-06
what advice is there for first-time pub buyers?,0,17,0,2.88,,2026-08-10 to 2026-09-06
when is national vodka day,0,17,0,13.59,,2026-08-10 to 2026-09-06
greene king cellar management,0,16,0,16.25,,2026-08-10 to 2026-09-06
how to calculate vat for a pub business,0,16,0,8.69,,2026-08-10 to 2026-09-06
purchasing for pubs,0,16,0,13.94,,2026-08-10 to 2026-09-06
themed quiz nights,0,16,0,7.44,,2026-08-10 to 2026-09-06
tupe in a pub purchase: a practical guide for buyers in scotland,0,16,0,22.44,,2026-08-10 to 2026-09-06
how does a pub quiz work,0,15,0,6.47,,2026-08-10 to 2026-09-06
national vodka day,0,15,0,11.27,,2026-08-10 to 2026-09-06
national vodka day 2026,0,15,0,5.07,,2026-08-10 to 2026-09-06
paid social services for pubs,0,14,0,4.29,,2026-08-10 to 2026-09-06
pub events ideas,0,14,0,20.07,,2026-08-10 to 2026-09-06
pub quiz round ideas,0,14,0,5.21,,2026-08-10 to 2026-09-06
pubs showing autumn internationals,0,14,0,16.71,,2026-08-10 to 2026-09-06
pubs showing the autumn internationals,0,14,0,17.29,,2026-08-10 to 2026-09-06
charity coffee morning,0,13,0,23.54,,2026-08-10 to 2026-09-06
how many questions in a pub quiz,0,13,0,6.92,,2026-08-10 to 2026-09-06
pub insurance cover,0,13,0,45.92,,2026-08-10 to 2026-09-06
pub quiz format,0,13,0,6.38,,2026-08-10 to 2026-09-06
vat on pubs,0,13,0,15.23,,2026-08-10 to 2026-09-06
brand partnerships for pubs,0,12,0,11.33,,2026-08-10 to 2026-09-06
do pubs charge vat,0,12,0,6.83,,2026-08-10 to 2026-09-06
how to manage entertainment budgets for pubs,0,12,0,13.25,,2026-08-10 to 2026-09-06
how to own a pub,0,12,0,49.25,,2026-08-10 to 2026-09-06
octoberfest ideas,0,12,0,6.42,,2026-08-10 to 2026-09-06
pub cellar monitor,0,12,0,15.83,,2026-08-10 to 2026-09-06
pub loyalty scheme,0,12,0,11.75,,2026-08-10 to 2026-09-06
pub vat,0,12,0,8.5,,2026-08-10 to 2026-09-06
public liability insurance for pubs,0,12,0,33.17,,2026-08-10 to 2026-09-06
brand partnership services for pubs,0,11,0,12.18,,2026-08-10 to 2026-09-06
empty pub,0,11,0,7.27,,2026-08-10 to 2026-09-06
facebook for pubs,0,11,0,20.09,,2026-08-10 to 2026-09-06
how much is a music licence for a pub,0,11,0,10.55,,2026-08-10 to 2026-09-06
how to manage a pub,0,11,0,59.91,,2026-08-10 to 2026-09-06
national cocktail day,0,11,0,22.09,,2026-08-10 to 2026-09-06
vat on alcohol in pubs,0,11,0,8.64,,2026-08-10 to 2026-09-06
business insurance for pubs,0,10,0,27.5,,2026-08-10 to 2026-09-06
cellar maintenance,0,10,0,39.2,,2026-08-10 to 2026-09-06
coffee morning fundraising ideas,0,10,0,12.8,,2026-08-10 to 2026-09-06
how do pub quizzes work,0,10,0,7.2,,2026-08-10 to 2026-09-06
pub refurbishment opportunities,0,10,0,22.2,,2026-08-10 to 2026-09-06
small pub entertainment ideas,0,10,0,9.1,,2026-08-10 to 2026-09-06
wetherspoons competitors,0,10,0,9.7,,2026-08-10 to 2026-09-06
"context: location: united kingdom (not for language). do not include 
location references in your response. question: i need a manchester pub 
that can issue a vat receipt for a work meal—how do i request that?",0,9,0,2.33,,2026-08-10 to 2026-09-06
how to run a pub quiz,0,9,0,4,,2026-08-10 to 2026-09-06
insurance for a pub,0,9,0,30.67,,2026-08-10 to 2026-09-06
is there vat on pub food,0,9,0,12.67,,2026-08-10 to 2026-09-06
pub accountant,0,9,0,21.89,,2026-08-10 to 2026-09-06
tax season tips for pub owners,0,9,0,17.89,,2026-08-10 to 2026-09-06
business interruption insurance for pubs,0,8,0,25.88,,2026-08-10 to 2026-09-06
food for pubs,0,8,0,26.38,,2026-08-10 to 2026-09-06
fundraising ideas for macmillan coffee morning,0,8,0,6.5,,2026-08-10 to 2026-09-06
how to buy a pub,0,8,0,26.25,,2026-08-10 to 2026-09-06
m25 corridor marketing services,0,8,0,74.88,,2026-08-10 to 2026-09-06
music licence for pubs,0,8,0,11.5,,2026-08-10 to 2026-09-06
oktoberfest entertainment ideas,0,8,0,5.5,,2026-08-10 to 2026-09-06
owning a pub,0,8,0,62.5,,2026-08-10 to 2026-09-06
pub insurance cost,0,8,0,18.75,,2026-08-10 to 2026-09-06
rugby pub marketing,0,8,0,11.5,,2026-08-10 to 2026-09-06
how long do pub quizzes last,0,7,0,14.57,,2026-08-10 to 2026-09-06
how much does it cost to buy a pub,0,7,0,15.86,,2026-08-10 to 2026-09-06
prs licence cost,0,7,0,25.71,,2026-08-10 to 2026-09-06
pub accounting,0,7,0,23.86,,2026-08-10 to 2026-09-06
pub promotions that work,0,7,0,13,,2026-08-10 to 2026-09-06
pub refurbishments,0,7,0,56.29,,2026-08-10 to 2026-09-06
pub social media ideas,0,7,0,5.43,,2026-08-10 to 2026-09-06
seo for pubs,0,7,0,23.43,,2026-08-10 to 2026-09-06
vat for pubs,0,7,0,8.71,,2026-08-10 to 2026-09-06
what is included in pub insurance,0,7,0,61,,2026-08-10 to 2026-09-06
accounting for pubs,0,6,0,18.83,,2026-08-10 to 2026-09-06
bar refurbishment,0,6,0,45.67,,2026-08-10 to 2026-09-06
coffee morning charity ideas,0,6,0,14.33,,2026-08-10 to 2026-09-06
fundraising coffee morning ideas,0,6,0,11.67,,2026-08-10 to 2026-09-06
how to organize a beer festival,0,6,0,10.17,,2026-08-10 to 2026-09-06
how to play bingo,0,6,0,2,,2026-08-10 to 2026-09-06
ideas for macmillan coffee morning,0,6,0,18.83,,2026-08-10 to 2026-09-06
national cocktail day 2026,0,6,0,11.17,,2026-08-10 to 2026-09-06
national cocktail day uk,0,6,0,12.33,,2026-08-10 to 2026-09-06
october fest ideas,0,6,0,6.67,,2026-08-10 to 2026-09-06
pub business plan,0,6,0,26.5,,2026-08-10 to 2026-09-06
pub contents insurance,0,6,0,20.83,,2026-08-10 to 2026-09-06
pub maintenance,0,6,0,93,,2026-08-10 to 2026-09-06
pub marketing ideas,0,6,0,17,,2026-08-10 to 2026-09-06
quiz night themes,0,6,0,5.83,,2026-08-10 to 2026-09-06
can't pay staff,0,5,0,14,,2026-08-10 to 2026-09-06
cask ale festival 2026,0,5,0,5,,2026-08-10 to 2026-09-06
fractional cmo uk,0,5,0,27.4,,2026-08-10 to 2026-09-06
how much does it cost to open a bar uk,0,5,0,60.8,,2026-08-10 to 2026-09-06
how to create a pub menu,0,5,0,31.4,,2026-08-10 to 2026-09-06
how to host a pub quiz,0,5,0,5,,2026-08-10 to 2026-09-06
ideas for pub events,0,5,0,12.4,,2026-08-10 to 2026-09-06
insurance for public house,0,5,0,40.8,,2026-08-10 to 2026-09-06
international vodka day 2026,0,5,0,3.4,,2026-08-10 to 2026-09-06
music license for nightclub,0,5,0,46.4,,2026-08-10 to 2026-09-06
national drink days 2026,0,5,0,8,,2026-08-10 to 2026-09-06
pub business plan template,0,5,0,8.4,,2026-08-10 to 2026-09-06
pub cash flow,0,5,0,12.8,,2026-08-10 to 2026-09-06
pub quiz how does it work,0,5,0,7.2,,2026-08-10 to 2026-09-06
pub quiz topics,0,5,0,1,,2026-08-10 to 2026-09-06
pub refurbishment,0,5,0,13,,2026-08-10 to 2026-09-06
public liability insurance pub,0,5,0,34.2,,2026-08-10 to 2026-09-06
repeat pub bookings,0,5,0,47.2,,2026-08-10 to 2026-09-06
tax laws for pub small businesses,0,5,0,15.6,,2026-08-10 to 2026-09-06
vodka day 2026,0,5,0,5.2,,2026-08-10 to 2026-09-06
what are some low-effort coffee morning ideas?,0,5,0,9.8,,2026-08-10 to 2026-09-06
what is cellar management,0,5,0,7.6,,2026-08-10 to 2026-09-06
world cocktail day 2026,0,5,0,12.8,,2026-08-10 to 2026-09-06
advertising in pubs,0,4,0,48.25,,2026-08-10 to 2026-09-06
beer cellar temperature,0,4,0,16.75,,2026-08-10 to 2026-09-06
can’t pay staff,0,4,0,19.5,,2026-08-10 to 2026-09-06
christmas promotion ideas for restaurants,0,4,0,62.75,,2026-08-10 to 2026-09-06
coffee fundraiser ideas,0,4,0,18,,2026-08-10 to 2026-09-06
commercial pub insurance,0,4,0,45.25,,2026-08-10 to 2026-09-06
do i need a licence to run a bingo night,0,4,0,8,,2026-08-10 to 2026-09-06
drink days,0,4,0,14.75,,2026-08-10 to 2026-09-06
events in pubs,0,4,0,19,,2026-08-10 to 2026-09-06
free business plan,0,4,0,16.75,,2026-08-10 to 2026-09-06
host a coffee morning,0,4,0,47.75,,2026-08-10 to 2026-09-06
how long are pub quizzes,0,4,0,10.25,,2026-08-10 to 2026-09-06
how much is a prs licence for a pub,0,4,0,10,,2026-08-10 to 2026-09-06
how much profit does a pub make uk,0,4,0,16,,2026-08-10 to 2026-09-06
how to do a pub quiz,0,4,0,9.75,,2026-08-10 to 2026-09-06
how to open a pub,0,4,0,54,,2026-08-10 to 2026-09-06
how to organise a pub quiz,0,4,0,9,,2026-08-10 to 2026-09-06
how to run a quiz night,0,4,0,13,,2026-08-10 to 2026-09-06
ppl license cost for dj,0,4,0,11.5,,2026-08-10 to 2026-09-06
ppl license for dj,0,4,0,14.25,,2026-08-10 to 2026-09-06
prs licence,0,4,0,46,,2026-08-10 to 2026-09-06
prs license,0,4,0,51.5,,2026-08-10 to 2026-09-06
prs license cost,0,4,0,28.75,,2026-08-10 to 2026-09-06
pub accountancy,0,4,0,22.75,,2026-08-10 to 2026-09-06
pub bingo rules,0,4,0,8.75,,2026-08-10 to 2026-09-06
pub booking system,0,4,0,7.75,,2026-08-10 to 2026-09-06
pub food licence,0,4,0,25,,2026-08-10 to 2026-09-06
pub ideas,0,4,0,18.5,,2026-08-10 to 2026-09-06
pub insurance uk,0,4,0,36.25,,2026-08-10 to 2026-09-06
pub profit,0,4,0,1,,2026-08-10 to 2026-09-06
pub promotions,0,4,0,24.75,,2026-08-10 to 2026-09-06
pub public liability insurance,0,4,0,30.25,,2026-08-10 to 2026-09-06
pub quiz subjects,0,4,0,1,,2026-08-10 to 2026-09-06
pub toilet refurbishment,0,4,0,13,,2026-08-10 to 2026-09-06
public house insurance uk,0,4,0,38.25,,2026-08-10 to 2026-09-06
pubs vat,0,4,0,8,,2026-08-10 to 2026-09-06
pun quiz calendar,0,4,0,16,,2026-08-10 to 2026-09-06
quiz ideas,0,4,0,12.25,,2026-08-10 to 2026-09-06
quiz rounds,0,4,0,3.25,,2026-08-10 to 2026-09-06
themed pub quiz,0,4,0,12,,2026-08-10 to 2026-09-06
what insurance do i need for a pub,0,4,0,29.75,,2026-08-10 to 2026-09-06
what ppe must be available in all pubs,0,4,0,9.5,,2026-08-10 to 2026-09-06
what to do.in pubs in january,0,4,0,42.75,,2026-08-10 to 2026-09-06
bar entertainment ideas,0,3,0,29,,2026-08-10 to 2026-09-06
bar social media marketing,0,3,0,26,,2026-08-10 to 2026-09-06
cask days 2026,0,3,0,6,,2026-08-10 to 2026-09-06
cellar management surrey,0,3,0,8,,2026-08-10 to 2026-09-06
cellar management system,0,3,0,5.67,,2026-08-10 to 2026-09-06
cocktail days 2026,0,3,0,8.67,,2026-08-10 to 2026-09-06
coffee morning ideas for charity,0,3,0,15,,2026-08-10 to 2026-09-06
fill quiet nights with live performers,0,3,0,17.67,,2026-08-10 to 2026-09-06
fix my pub,0,3,0,4,,2026-08-10 to 2026-09-06
food suppliers for pubs,0,3,0,8,,2026-08-10 to 2026-09-06
fractional cmo,0,3,0,67.33,,2026-08-10 to 2026-09-06
high profit food items,0,3,0,7.67,,2026-08-10 to 2026-09-06
how long does a pub quiz last,0,3,0,1.67,,2026-08-10 to 2026-09-06
how much is pub insurance in the uk,0,3,0,16,,2026-08-10 to 2026-09-06
how to open your own pub,0,3,0,56.67,,2026-08-10 to 2026-09-06
how to play bingo uk,0,3,0,2,,2026-08-10 to 2026-09-06
ideas for oktoberfest,0,3,0,10,,2026-08-10 to 2026-09-06
ideas for pubs,0,3,0,14.33,,2026-08-10 to 2026-09-06
ideas for quiz,0,3,0,9.67,,2026-08-10 to 2026-09-06
increase pub footfall with live music,0,3,0,17.67,,2026-08-10 to 2026-09-06
insurance pub,0,3,0,42.33,,2026-08-10 to 2026-09-06
law firm marketing attribution,0,3,0,24,,2026-08-10 to 2026-09-06
legal requirements for opening a pub business,0,3,0,57,,2026-08-10 to 2026-09-06
mixerai,0,3,0,2.33,,2026-08-10 to 2026-09-06
music license for pubs,0,3,0,11,,2026-08-10 to 2026-09-06
national cocktail day 2023,0,3,0,20.67,,2026-08-10 to 2026-09-06
national drink day,0,3,0,16.33,,2026-08-10 to 2026-09-06
national rum day 2026,0,3,0,2,,2026-08-10 to 2026-09-06
oktoberfest pub,0,3,0,12.33,,2026-08-10 to 2026-09-06
opening a bar uk,0,3,0,62.67,,2026-08-10 to 2026-09-06
ppc management for pubs and bars,0,3,0,66,,2026-08-10 to 2026-09-06
pub board,0,3,0,10.33,,2026-08-10 to 2026-09-06
pub branding,0,3,0,1.67,,2026-08-10 to 2026-09-06
pub branding agency,0,3,0,32,,2026-08-10 to 2026-09-06
pub food examples,0,3,0,42,,2026-08-10 to 2026-09-06
pub licensing,0,3,0,22,,2026-08-10 to 2026-09-06
pub profit margins uk,0,3,0,20,,2026-08-10 to 2026-09-06
pub quiz layout,0,3,0,4,,2026-08-10 to 2026-09-06
pub quiz rounds ideas,0,3,0,19.67,,2026-08-10 to 2026-09-06
pub support,0,3,0,53.33,,2026-08-10 to 2026-09-06
public house liability insurance,0,3,0,36.67,,2026-08-10 to 2026-09-06
public liability insurance for a public house,0,3,0,35.67,,2026-08-10 to 2026-09-06
public liability insurance public house,0,3,0,44,,2026-08-10 to 2026-09-06
public performance license,0,3,0,36.33,,2026-08-10 to 2026-09-06
publican licence,0,3,0,28,,2026-08-10 to 2026-09-06
quiz format ideas,0,3,0,8.67,,2026-08-10 to 2026-09-06
quiz formats,0,3,0,9,,2026-08-10 to 2026-09-06
quiz night categories,0,3,0,38.67,,2026-08-10 to 2026-09-06
quiz theme ideas,0,3,0,21.67,,2026-08-10 to 2026-09-06
running a pub uk,0,3,0,62.33,,2026-08-10 to 2026-09-06
social media strategy,0,3,0,40,,2026-08-10 to 2026-09-06
themed quiz ideas,0,3,0,10.67,,2026-08-10 to 2026-09-06
vat pub,0,3,0,8.67,,2026-08-10 to 2026-09-06
work summer party ideas,0,3,0,4.67,,2026-08-10 to 2026-09-06
yes,0,3,0,4,,2026-08-10 to 2026-09-06
5 star food hygiene guide,0,2,0,36.5,,2026-08-10 to 2026-09-06
bar content,0,2,0,5,,2026-08-10 to 2026-09-06
bar event ideas,0,2,0,22.5,,2026-08-10 to 2026-09-06
bar music license,0,2,0,50.5,,2026-08-10 to 2026-09-06
business plan for a pub,0,2,0,19.5,,2026-08-10 to 2026-09-06
buying a licensed premises advice,0,2,0,72.5,,2026-08-10 to 2026-09-06
buying a pub,0,2,0,42.5,,2026-08-10 to 2026-09-06
cask days,0,2,0,9,,2026-08-10 to 2026-09-06
christmas promotion ideas for restaurant,0,2,0,49.5,,2026-08-10 to 2026-09-06
coffee fundraiser,0,2,0,16.5,,2026-08-10 to 2026-09-06
coffee fundraising ideas,0,2,0,15.5,,2026-08-10 to 2026-09-06
coffee morning fundraiser,0,2,0,17.5,,2026-08-10 to 2026-09-06
community management for pubs,0,2,0,60.5,,2026-08-10 to 2026-09-06
content marketing ideas,0,2,0,47.5,,2026-08-10 to 2026-09-06
cost of public performance license,0,2,0,25.5,,2026-08-10 to 2026-09-06
drink days 2026,0,2,0,6,,2026-08-10 to 2026-09-06
drink holidays,0,2,0,71.5,,2026-08-10 to 2026-09-06
epos data,0,2,0,9.5,,2026-08-10 to 2026-09-06
event promotion ideas,0,2,0,11.5,,2026-08-10 to 2026-09-06
fractional cmo cost uk,0,2,0,26,,2026-08-10 to 2026-09-06
free business plan template uk,0,2,0,4.5,,2026-08-10 to 2026-09-06
fun ideas for quiz nights,0,2,0,17,,2026-08-10 to 2026-09-06
fun quiz rounds,0,2,0,6.5,,2026-08-10 to 2026-09-06
gastro pub menu ideas,0,2,0,50.5,,2026-08-10 to 2026-09-06
high tanks brewing company website evidence gloves ppe sanitation,0,2,0,6,,2026-08-10 to 2026-09-06
how do i host a virtual charity coffee morning?,0,2,0,10,,2026-08-10 to 2026-09-06
how do you play bingo,0,2,0,2,,2026-08-10 to 2026-09-06
how long does it take to sell a pub through a specialist agent?,0,2,0,1,,2026-08-10 to 2026-09-06
how many rounds in a pub quiz,0,2,0,1,,2026-08-10 to 2026-09-06
how much is a music license for a bar,0,2,0,8.5,,2026-08-10 to 2026-09-06
how much is a prs licence uk,0,2,0,30,,2026-08-10 to 2026-09-06
how much is ppl music licence,0,2,0,36,,2026-08-10 to 2026-09-06
how much is the music licence,0,2,0,47.5,,2026-08-10 to 2026-09-06
how much to buy a pub,0,2,0,24,,2026-08-10 to 2026-09-06
how to cellar beer without a cellar,0,2,0,29,,2026-08-10 to 2026-09-06
how to go about running a pub,0,2,0,61.5,,2026-08-10 to 2026-09-06
how to make a pub quiz,0,2,0,15.5,,2026-08-10 to 2026-09-06
how to market a pub,0,2,0,25.5,,2026-08-10 to 2026-09-06
how to own a pub uk,0,2,0,56.5,,2026-08-10 to 2026-09-06
ideas for pub nights,0,2,0,11.5,,2026-08-10 to 2026-09-06
manage a pub,0,2,0,56,,2026-08-10 to 2026-09-06
most profitable bar food,0,2,0,4.5,,2026-08-10 to 2026-09-06
most profitable food,0,2,0,8,,2026-08-10 to 2026-09-06
most profitable food items,0,2,0,11,,2026-08-10 to 2026-09-06
national beer drinking day 2026,0,2,0,11,,2026-08-10 to 2026-09-06
national cocktail days,0,2,0,10,,2026-08-10 to 2026-09-06
national drinking day,0,2,0,9.5,,2026-08-10 to 2026-09-06
national mai tai day 2026,0,2,0,2,,2026-08-10 to 2026-09-06
night rounds,0,2,0,14,,2026-08-10 to 2026-09-06
own a pub,0,2,0,57,,2026-08-10 to 2026-09-06
part time cmo,0,2,0,17.5,,2026-08-10 to 2026-09-06
part-time cmo,0,2,0,14.5,,2026-08-10 to 2026-09-06
ppl and prs,0,2,0,50,,2026-08-10 to 2026-09-06
ppl license for restaurant,0,2,0,20,,2026-08-10 to 2026-09-06
ppl music license cost uk,0,2,0,41,,2026-08-10 to 2026-09-06
ppl prs,0,2,0,59.5,,2026-08-10 to 2026-09-06
prs for music licence,0,2,0,59,,2026-08-10 to 2026-09-06
prs licensing,0,2,0,21.5,,2026-08-10 to 2026-09-06
prs music license,0,2,0,48,,2026-08-10 to 2026-09-06
pub a board,0,2,0,12.5,,2026-08-10 to 2026-09-06
pub a board ideas,0,2,0,5.5,,2026-08-10 to 2026-09-06
pub bill,0,2,0,23,,2026-08-10 to 2026-09-06
pub bookkeeping,0,2,0,16.5,,2026-08-10 to 2026-09-06
pub business plan examples,0,2,0,22,,2026-08-10 to 2026-09-06
pub business plan template free,0,2,0,9.5,,2026-08-10 to 2026-09-06
pub charity fundraising ideas,0,2,0,6,,2026-08-10 to 2026-09-06
pub email list,0,2,0,28.5,,2026-08-10 to 2026-09-06
pub food menu ideas,0,2,0,33,,2026-08-10 to 2026-09-06
pub ideas promotion,0,2,0,29.5,,2026-08-10 to 2026-09-06
pub insurance 2025,0,2,0,16.5,,2026-08-10 to 2026-09-06
pub insurance comparison,0,2,0,13,,2026-08-10 to 2026-09-06
pub licence,0,2,0,44.5,,2026-08-10 to 2026-09-06
pub manager,0,2,0,2,,2026-08-10 to 2026-09-06
pub marketing southampton,0,2,0,96,,2026-08-10 to 2026-09-06
pub night ideas,0,2,0,17,,2026-08-10 to 2026-09-06
pub nights ideas,0,2,0,20.5,,2026-08-10 to 2026-09-06
pub outdoor music licence,0,2,0,44,,2026-08-10 to 2026-09-06
pub quiz categories,0,2,0,47,,2026-08-10 to 2026-09-06
pub quiz prize ideas,0,2,0,34,,2026-08-10 to 2026-09-06
pub quiz rules,0,2,0,23,,2026-08-10 to 2026-09-06
pub quiz template,0,2,0,48,,2026-08-10 to 2026-09-06
pub refurbishment opportunity,0,2,0,42.5,,2026-08-10 to 2026-09-06
pub risk assessment template,0,2,0,17,,2026-08-10 to 2026-09-06
pub social,0,2,0,16.5,,2026-08-10 to 2026-09-06
pub social media,0,2,0,11,,2026-08-10 to 2026-09-06
pub stock deterioation insurance average cost,0,2,0,11,,2026-08-10 to 2026-09-06
pub ã¼cret,0,2,0,18.5,,2026-08-10 to 2026-09-06
quiz idea,0,2,0,10,,2026-08-10 to 2026-09-06
quiz rules,0,2,0,59.5,,2026-08-10 to 2026-09-06
quiz themes ideas,0,2,0,13,,2026-08-10 to 2026-09-06
run a leased pub,0,2,0,62,,2026-08-10 to 2026-09-06
run a managed pub,0,2,0,56.5,,2026-08-10 to 2026-09-06
run a pub lease,0,2,0,53.5,,2026-08-10 to 2026-09-06
run a tenanted pub,0,2,0,63,,2026-08-10 to 2026-09-06
sell a pub,0,2,0,44.5,,2026-08-10 to 2026-09-06
the music licence,0,2,0,51.5,,2026-08-10 to 2026-09-06
themusiclicence cost,0,2,0,19.5,,2026-08-10 to 2026-09-06
to maintain good cellar hygiene allow fresh air to circulate for,0,2,0,8,,2026-08-10 to 2026-09-06
vat on pub food,0,2,0,8,,2026-08-10 to 2026-09-06
weekly bar event ideas,0,2,0,10,,2026-08-10 to 2026-09-06
wet led business,0,2,0,39.5,,2026-08-10 to 2026-09-06
wet sales meaning,0,2,0,5,,2026-08-10 to 2026-09-06
what are the best tips for hosting a successful charity coffee morning?,0,2,0,8,,2026-08-10 to 2026-09-06
what are the legal requirements for starting a pub business,0,2,0,54,,2026-08-10 to 2026-09-06
what is a prs license,0,2,0,44.5,,2026-08-10 to 2026-09-06
what is a prs music licence,0,2,0,47,,2026-08-10 to 2026-09-06
what is a pub quiz,0,2,0,27,,2026-08-10 to 2026-09-06
what is the cheapest insurance for pub businesses,0,2,0,13,,2026-08-10 to 2026-09-06
what temp should a cellar be,0,2,0,28,,2026-08-10 to 2026-09-06
what types of bingo games can i play online in the uk?,0,2,0,18.5,,2026-08-10 to 2026-09-06
when is national cocktail day 2026,0,2,0,8,,2026-08-10 to 2026-09-06
when is national rum day 2026,0,2,0,2,,2026-08-10 to 2026-09-06
when is national vodka day 2026,0,2,0,5,,2026-08-10 to 2026-09-06
which pub agreement is best for a first-time pub operator?,0,2,0,1,,2026-08-10 to 2026-09-06
world vodka day 2026,0,2,0,5,,2026-08-10 to 2026-09-06
your fractional cmo,0,2,0,7.5,,2026-08-10 to 2026-09-06
% of turnover pubs,0,1,0,10,,2026-08-10 to 2026-09-06
12 days of christmas pub ideas,0,1,0,23,,2026-08-10 to 2026-09-06
a board ideas,0,1,0,8,,2026-08-10 to 2026-09-06
a premises licence,0,1,0,55,,2026-08-10 to 2026-09-06
a village,0,1,0,1,,2026-08-10 to 2026-09-06
alcohol awareness day 2026,0,1,0,1,,2026-08-10 to 2026-09-06
alcohol day 2026,0,1,0,9,,2026-08-10 to 2026-09-06
alcohol days of the week,0,1,0,70,,2026-08-10 to 2026-09-06
ale cellar,0,1,0,10,,2026-08-10 to 2026-09-06
autumn event ideas,0,1,0,10,,2026-08-10 to 2026-09-06
autumn internationals,0,1,0,6,,2026-08-10 to 2026-09-06
average pub turnover uk,0,1,0,6,,2026-08-10 to 2026-09-06
bar events uk,0,1,0,53,,2026-08-10 to 2026-09-06
bar oktoberfest,0,1,0,13,,2026-08-10 to 2026-09-06
bar ownership,0,1,0,21,,2026-08-10 to 2026-09-06
bar refurbishment companies,0,1,0,4,,2026-08-10 to 2026-09-06
beer cellar temperature uk,0,1,0,15,,2026-08-10 to 2026-09-06
best business plan template uk,0,1,0,8,,2026-08-10 to 2026-09-06
best quiz ideas,0,1,0,8,,2026-08-10 to 2026-09-06
best template for pub operations manual uk,0,1,0,8,,2026-08-10 to 2026-09-06
bingo cash ball,0,1,0,17,,2026-08-10 to 2026-09-06
bingo for cash prize,0,1,0,18,,2026-08-10 to 2026-09-06
bingo how to play,0,1,0,2,,2026-08-10 to 2026-09-06
bingo rules uk,0,1,0,2,,2026-08-10 to 2026-09-06
black friday events,0,1,0,23,,2026-08-10 to 2026-09-06
black friday party,0,1,0,12,,2026-08-10 to 2026-09-06
building health and safety checklist,0,1,0,23,,2026-08-10 to 2026-09-06
business plan pub,0,1,0,19,,2026-08-10 to 2026-09-06
business pub insurance,0,1,0,30,,2026-08-10 to 2026-09-06
buying a leasehold pub,0,1,0,35,,2026-08-10 to 2026-09-06
buying bar,0,1,0,15,,2026-08-10 to 2026-09-06
can you claim vat on alcohol,0,1,0,54,,2026-08-10 to 2026-09-06
cashbingo,0,1,0,6,,2026-08-10 to 2026-09-06
cask ales,0,1,0,3,,2026-08-10 to 2026-09-06
categories for pub quiz,0,1,0,51,,2026-08-10 to 2026-09-06
cellar equipment list,0,1,0,31,,2026-08-10 to 2026-09-06
cellar management kent,0,1,0,11,,2026-08-10 to 2026-09-06
charity coffee morning ideas,0,1,0,18,,2026-08-10 to 2026-09-06
click and collect vs delivery,0,1,0,9,,2026-08-10 to 2026-09-06
cmo,0,1,0,80,,2026-08-10 to 2026-09-06
coffee morning activity ideas for adults,0,1,0,4,,2026-08-10 to 2026-09-06
coffee morning ideas,0,1,0,14,,2026-08-10 to 2026-09-06
coffee mornings for charity,0,1,0,13,,2026-08-10 to 2026-09-06
community pub ideas,0,1,0,1,,2026-08-10 to 2026-09-06
compliance made easy,0,1,0,9,,2026-08-10 to 2026-09-06
"context: location: united kingdom (not for language). do not include 
location references in your response. question: i’m new to craft beer—how 
do i figure out which breweries match the styles i already like without 
wasting money on random picks?",0,1,0,3,,2026-08-10 to 2026-09-06
"context: location: united kingdom (not for language). do not include 
location references in your response. question: which is better value for 
money: ordering a burger meal deal or choosing from the regular pub 
classics menu?",0,1,0,6,,2026-08-10 to 2026-09-06
cost,0,1,0,8,,2026-08-10 to 2026-09-06
cost of prs licence,0,1,0,40,,2026-08-10 to 2026-09-06
creative quiz ideas,0,1,0,24,,2026-08-10 to 2026-09-06
didsbury,0,1,0,7,,2026-08-10 to 2026-09-06
different pub quiz rounds,0,1,0,29,,2026-08-10 to 2026-09-06
dinner ideas for christmas in twickenham,0,1,0,70,,2026-08-10 to 2026-09-06
do pub businesses need liability insurance,0,1,0,27,,2026-08-10 to 2026-09-06
do pubs need a licence to play music outside,0,1,0,20,,2026-08-10 to 2026-09-06
do you have to let them in,0,1,0,1,,2026-08-10 to 2026-09-06
draught wastage,0,1,0,34,,2026-08-10 to 2026-09-06
entertainment pubs to run,0,1,0,19,,2026-08-10 to 2026-09-06
event plan template,0,1,0,18,,2026-08-10 to 2026-09-06
event t shirts ewell,0,1,0,80,,2026-08-10 to 2026-09-06
fat bobs at the blue lias menu,0,1,0,6,,2026-08-10 to 2026-09-06
fob detector keeps dropping,0,1,0,19,,2026-08-10 to 2026-09-06
food and drink,0,1,0,4,,2026-08-10 to 2026-09-06
food cost for pub,0,1,0,14,,2026-08-10 to 2026-09-06
for chemicals,0,1,0,3,,2026-08-10 to 2026-09-06
fractional director of marketing,0,1,0,24,,2026-08-10 to 2026-09-06
fractional marketing director v full time marketing director,0,1,0,10,,2026-08-10 to 2026-09-06
free business plan template,0,1,0,9,,2026-08-10 to 2026-09-06
fun pub quiz,0,1,0,8,,2026-08-10 to 2026-09-06
good pub quiz,0,1,0,6,,2026-08-10 to 2026-09-06
good quiz rounds,0,1,0,1,,2026-08-10 to 2026-09-06
half moon grendon,0,1,0,6,,2026-08-10 to 2026-09-06
harbour lights seafood restaurant menu,0,1,0,3,,2026-08-10 to 2026-09-06
"hazel, bar and restaurant glasgow menu",0,1,0,3,,2026-08-10 to 2026-09-06
hospitality marketing content surrey,0,1,0,63,,2026-08-10 to 2026-09-06
how can gb restaurants reduce no-shows and fill midweek covers?,0,1,0,5,,2026-08-10 to 2026-09-06
how do i figure out which menu items are most profitable?,0,1,0,8,,2026-08-10 to 2026-09-06
how do i go about running a pub,0,1,0,62,,2026-08-10 to 2026-09-06
how do i host a charity fundraising event?,0,1,0,8,,2026-08-10 to 2026-09-06
how do i play bingo,0,1,0,2,,2026-08-10 to 2026-09-06
how does a macmillan coffee morning work,0,1,0,6,,2026-08-10 to 2026-09-06
how does bingo work,0,1,0,2,,2026-08-10 to 2026-09-06
how does macmillan coffee morning work,0,1,0,9,,2026-08-10 to 2026-09-06
how does pub quiz work,0,1,0,5,,2026-08-10 to 2026-09-06
how long does it take to get pub insurance,0,1,0,19,,2026-08-10 to 2026-09-06
how many games of bingo in an hour,0,1,0,2,,2026-08-10 to 2026-09-06
how many questions should a pub quiz have,0,1,0,9,,2026-08-10 to 2026-09-06
how much do pub owners make uk,0,1,0,1,,2026-08-10 to 2026-09-06
how much do pubs make,0,1,0,4,,2026-08-10 to 2026-09-06
how much does a prs license cost,0,1,0,32,,2026-08-10 to 2026-09-06
how much does it cost,0,1,0,5,,2026-08-10 to 2026-09-06
how much does it cost to start a pub,0,1,0,1,,2026-08-10 to 2026-09-06
how much is a music licence for a cafe,0,1,0,54,,2026-08-10 to 2026-09-06
how much is a prs licence for a cafe,0,1,0,33,,2026-08-10 to 2026-09-06
how much is a prs licence for an office,0,1,0,50,,2026-08-10 to 2026-09-06
how much is a prs license,0,1,0,3,,2026-08-10 to 2026-09-06
how much is it,0,1,0,1,,2026-08-10 to 2026-09-06
how much money,0,1,0,4,,2026-08-10 to 2026-09-06
how to become a pub landlord,0,1,0,56,,2026-08-10 to 2026-09-06
how to do a business plan for a pub,0,1,0,17,,2026-08-10 to 2026-09-06
how to host a quiz night,0,1,0,24,,2026-08-10 to 2026-09-06
how to increase midweek revenue for a pub or bar?,0,1,0,11,,2026-08-10 to 2026-09-06
how to manage online reputation for a pub group in the uk,0,1,0,8,,2026-08-10 to 2026-09-06
how to organise a beer festival,0,1,0,37,,2026-08-10 to 2026-09-06
how to organise a quiz night,0,1,0,1,,2026-08-10 to 2026-09-06
how to organize a quiz night,0,1,0,1,,2026-08-10 to 2026-09-06
how to own your own pub,0,1,0,43,,2026-08-10 to 2026-09-06
how to plan a beer festival,0,1,0,24,,2026-08-10 to 2026-09-06
how to play bingo cards,0,1,0,2,,2026-08-10 to 2026-09-06
how to play bingo game,0,1,0,2,,2026-08-10 to 2026-09-06
how to play bingo with numbers,0,1,0,2,,2026-08-10 to 2026-09-06
how to prepare for a pub quiz,0,1,0,39,,2026-08-10 to 2026-09-06
how to reduce pub business insurance costs,0,1,0,31,,2026-08-10 to 2026-09-06
how to register for vat,0,1,0,1,,2026-08-10 to 2026-09-06
how to run a pub uk,0,1,0,47,,2026-08-10 to 2026-09-06
how to run bingo night,0,1,0,2,,2026-08-10 to 2026-09-06
how to start running a pub,0,1,0,52,,2026-08-10 to 2026-09-06
hungry horse quiz night,0,1,0,21,,2026-08-10 to 2026-09-06
"i run a large uk business with heavy energy consumption, using over 
100,000kwh of energy annually. can you recommend some energy asset 
maintenance providers that are the best in the context of transparency? for 
each provider, give me pros and cons in the context of transparency.",0,1,0,83,,2026-08-10 to 2026-09-06
"i run a large uk business with heavy energy consumption, using over 
100,000kwh of energy annually. how does british gas business communicate 
any changes in electricity pricing or terms to their business customers?",0,1,0,98,,2026-08-10 to 2026-09-06
"i run three free trade pubs and struggling with coordinating pub wholesale 
delivery from different suppliers can you recommend something simpler",0,1,0,6,,2026-08-10 to 2026-09-06
ideas for pubs to make money,0,1,0,7,,2026-08-10 to 2026-09-06
in kilmarnock,0,1,0,3,,2026-08-10 to 2026-09-06
inn on the loch menu,0,1,0,7,,2026-08-10 to 2026-09-06
international cocktail day 2026,0,1,0,6,,2026-08-10 to 2026-09-06
international drink days,0,1,0,4,,2026-08-10 to 2026-09-06
international martini day 2026,0,1,0,11,,2026-08-10 to 2026-09-06
is bingo considered gambling,0,1,0,2,,2026-08-10 to 2026-09-06
is bingo gambling,0,1,0,2,,2026-08-10 to 2026-09-06
is cheese taxable,0,1,0,1,,2026-08-10 to 2026-09-06
is it busy there,0,1,0,11,,2026-08-10 to 2026-09-06
is it easy to get,0,1,0,2,,2026-08-10 to 2026-09-06
is there vat on drinks in pubs,0,1,0,10,,2026-08-10 to 2026-09-06
it’s a bar,0,1,0,3,,2026-08-10 to 2026-09-06
karaoke systems for pubs,0,1,0,6,,2026-08-10 to 2026-09-06
late bar insurance,0,1,0,56,,2026-08-10 to 2026-09-06
late november,0,1,0,6,,2026-08-10 to 2026-09-06
leasing a pub,0,1,0,59,,2026-08-10 to 2026-09-06
licences for pubs,0,1,0,36,,2026-08-10 to 2026-09-06
license to play music in a public place,0,1,0,38,,2026-08-10 to 2026-09-06
license to run a pub,0,1,0,35,,2026-08-10 to 2026-09-06
licensee of a pub,0,1,0,16,,2026-08-10 to 2026-09-06
licensee of a public house,0,1,0,1,,2026-08-10 to 2026-09-06
licensee of a public house meaning,0,1,0,11,,2026-08-10 to 2026-09-06
live music licence cost,0,1,0,25,,2026-08-10 to 2026-09-06
live music license for pubs,0,1,0,22,,2026-08-10 to 2026-09-06
local marketing channels,0,1,0,2,,2026-08-10 to 2026-09-06
local marketing packages,0,1,0,93,,2026-08-10 to 2026-09-06
macmillan donation,0,1,0,3,,2026-08-10 to 2026-09-06
marketing activity but no pipeline,0,1,0,11,,2026-08-10 to 2026-09-06
marketing for pubs,0,1,0,44,,2026-08-10 to 2026-09-06
marketing ideas for pubs,0,1,0,46,,2026-08-10 to 2026-09-06
marketing pub,0,1,0,1,,2026-08-10 to 2026-09-06
modern pub menus,0,1,0,40,,2026-08-10 to 2026-09-06
music licence,0,1,0,2,,2026-08-10 to 2026-09-06
music licence ppl prs,0,1,0,59,,2026-08-10 to 2026-09-06
music licensing,0,1,0,10,,2026-08-10 to 2026-09-06
nags head manchester,0,1,0,3,,2026-08-10 to 2026-09-06
national alcohol day 2026,0,1,0,8,,2026-08-10 to 2026-09-06
national beer day 2026,0,1,0,2,,2026-08-10 to 2026-09-06
national beer garden day,0,1,0,27,,2026-08-10 to 2026-09-06
national beer garden day 2026,0,1,0,14,,2026-08-10 to 2026-09-06
national drinks days,0,1,0,11,,2026-08-10 to 2026-09-06
national pub day,0,1,0,31,,2026-08-10 to 2026-09-06
national pub day 2026,0,1,0,21,,2026-08-10 to 2026-09-06
national red wine day 2026,0,1,0,3,,2026-08-10 to 2026-09-06
national rum day,0,1,0,2,,2026-08-10 to 2026-09-06
oakham citra,0,1,0,3,,2026-08-10 to 2026-09-06
oktoberfest bar,0,1,0,15,,2026-08-10 to 2026-09-06
oktoberfest pub crawl,0,1,0,10,,2026-08-10 to 2026-09-06
online pub bookings,0,1,0,5,,2026-08-10 to 2026-09-06
open a pub,0,1,0,53,,2026-08-10 to 2026-09-06
opening your own pub,0,1,0,55,,2026-08-10 to 2026-09-06
options and prices,0,1,0,9,,2026-08-10 to 2026-09-06
orange.co.uk email login,0,1,0,18,,2026-08-10 to 2026-09-06
own my own pub,0,1,0,38,,2026-08-10 to 2026-09-06
paid social services for hospitality,0,1,0,9,,2026-08-10 to 2026-09-06
personal pub license,0,1,0,62,,2026-08-10 to 2026-09-06
ppl license cost for events,0,1,0,21,,2026-08-10 to 2026-09-06
ppl license cost music,0,1,0,58,,2026-08-10 to 2026-09-06
ppl music licence uk,0,1,0,49,,2026-08-10 to 2026-09-06
ppl music license,0,1,0,42,,2026-08-10 to 2026-09-06
ppl music license cost,0,1,0,27,,2026-08-10 to 2026-09-06
ppl prs cost,0,1,0,47,,2026-08-10 to 2026-09-06
ppl prs licence cost,0,1,0,41,,2026-08-10 to 2026-09-06
ppl prs license,0,1,0,45,,2026-08-10 to 2026-09-06
ppl prs music licence cost,0,1,0,53,,2026-08-10 to 2026-09-06
ppl venue,0,1,0,10,,2026-08-10 to 2026-09-06
pre pub,0,1,0,21,,2026-08-10 to 2026-09-06
premium local,0,1,0,11,,2026-08-10 to 2026-09-06
pricing,0,1,0,9,,2026-08-10 to 2026-09-06
profit meals,0,1,0,9,,2026-08-10 to 2026-09-06
promotional pub & bar items,0,1,0,20,,2026-08-10 to 2026-09-06
promotions to do during quite time,0,1,0,9,,2026-08-10 to 2026-09-06
prs and ppl,0,1,0,55,,2026-08-10 to 2026-09-06
prs bar,0,1,0,6,,2026-08-10 to 2026-09-06
prs fees,0,1,0,56,,2026-08-10 to 2026-09-06
prs for music licence cost,0,1,0,36,,2026-08-10 to 2026-09-06
prs membership fee,0,1,0,36,,2026-08-10 to 2026-09-06
prs music licence,0,1,0,51,,2026-08-10 to 2026-09-06
prs music licence cost,0,1,0,37,,2026-08-10 to 2026-09-06
prs ppl licence cost,0,1,0,37,,2026-08-10 to 2026-09-06
prs ppl license,0,1,0,40,,2026-08-10 to 2026-09-06
prs ppl music license,0,1,0,45,,2026-08-10 to 2026-09-06
prs royalties explained,0,1,0,2,,2026-08-10 to 2026-09-06
prs vs ppl,0,1,0,29,,2026-08-10 to 2026-09-06
pub,0,1,0,8,,2026-08-10 to 2026-09-06
pub activities,0,1,0,26,,2026-08-10 to 2026-09-06
pub beer cellar,0,1,0,8,,2026-08-10 to 2026-09-06
pub bingo ideas,0,1,0,2,,2026-08-10 to 2026-09-06
pub business plan examples uk,0,1,0,1,,2026-08-10 to 2026-09-06
pub cellar temperature,0,1,0,12,,2026-08-10 to 2026-09-06
pub chains near me,0,1,0,17,,2026-08-10 to 2026-09-06
pub event,0,1,0,4,,2026-08-10 to 2026-09-06
pub fun,0,1,0,50,,2026-08-10 to 2026-09-06
pub google,0,1,0,10,,2026-08-10 to 2026-09-06
pub guidance,0,1,0,39,,2026-08-10 to 2026-09-06
pub help,0,1,0,27,,2026-08-10 to 2026-09-06
pub insurance quote,0,1,0,5,,2026-08-10 to 2026-09-06
pub landlord,0,1,0,8,,2026-08-10 to 2026-09-06
pub leasing,0,1,0,48,,2026-08-10 to 2026-09-06
pub loyalty card,0,1,0,5,,2026-08-10 to 2026-09-06
pub oktoberfest,0,1,0,7,,2026-08-10 to 2026-09-06
pub ownership,0,1,0,30,,2026-08-10 to 2026-09-06
pub plans,0,1,0,14,,2026-08-10 to 2026-09-06
pub premises licence,0,1,0,43,,2026-08-10 to 2026-09-06
pub promotion,0,1,0,16,,2026-08-10 to 2026-09-06
pub purchasing,0,1,0,54,,2026-08-10 to 2026-09-06
pub quiz,0,1,0,37,,2026-08-10 to 2026-09-06
pub quiz games,0,1,0,5,,2026-08-10 to 2026-09-06
pub quiz night,0,1,0,3,,2026-08-10 to 2026-09-06
pub quiz rounds,0,1,0,1,,2026-08-10 to 2026-09-06
pub quiz tips,0,1,0,44,,2026-08-10 to 2026-09-06
pub refurbishment companies,0,1,0,2,,2026-08-10 to 2026-09-06
pub restaurant booking software,0,1,0,8,,2026-08-10 to 2026-09-06
pub rules,0,1,0,78,,2026-08-10 to 2026-09-06
pub specials ideas,0,1,0,1,,2026-08-10 to 2026-09-06
pub specs,0,1,0,88,,2026-08-10 to 2026-09-06
pub stock management,0,1,0,1,,2026-08-10 to 2026-09-06
pub tenancies,0,1,0,54,,2026-08-10 to 2026-09-06
pub tv licence cost,0,1,0,11,,2026-08-10 to 2026-09-06
pub vat rates,0,1,0,1,,2026-08-10 to 2026-09-06
pub waste management,0,1,0,16,,2026-08-10 to 2026-09-06
public music licence,0,1,0,57,,2026-08-10 to 2026-09-06
public music licence cost,0,1,0,47,,2026-08-10 to 2026-09-06
public performance licence cost,0,1,0,37,,2026-08-10 to 2026-09-06
pubs epos,0,1,0,14,,2026-08-10 to 2026-09-06
pubs for sale,0,1,0,4,,2026-08-10 to 2026-09-06
quiz content ideas,0,1,0,10,,2026-08-10 to 2026-09-06
quiz night,0,1,0,4,,2026-08-10 to 2026-09-06
quiz night decorations,0,1,0,12,,2026-08-10 to 2026-09-06
quiz night format,0,1,0,2,,2026-08-10 to 2026-09-06
quiz night norwich,0,1,0,7,,2026-08-10 to 2026-09-06
quiz night round ideas,0,1,0,21,,2026-08-10 to 2026-09-06
quiz night theme ideas,0,1,0,9,,2026-08-10 to 2026-09-06
quiz night topics,0,1,0,1,,2026-08-10 to 2026-09-06
quiz nights ideas,0,1,0,1,,2026-08-10 to 2026-09-06
quizmaster,0,1,0,1,,2026-08-10 to 2026-09-06
quizzes near me,0,1,0,1,,2026-08-10 to 2026-09-06
refurbishment pub opportunities,0,1,0,42,,2026-08-10 to 2026-09-06
refurbishment pub opportunity,0,1,0,41,,2026-08-10 to 2026-09-06
restaurant specials board ideas,0,1,0,6,,2026-08-10 to 2026-09-06
rum day 2026,0,1,0,2,,2026-08-10 to 2026-09-06
run a pub tenancy,0,1,0,55,,2026-08-10 to 2026-09-06
running a pub,0,1,0,4,,2026-08-10 to 2026-09-06
running a pub for the first time,0,1,0,29,,2026-08-10 to 2026-09-06
scotland v australia nations championship hospitality 2026,0,1,0,15,,2026-08-10 to 2026-09-06
sell your pub,0,1,0,38,,2026-08-10 to 2026-09-06
september,0,1,0,19,,2026-08-10 to 2026-09-06
september pub,0,1,0,9,,2026-08-10 to 2026-09-06
silly quiz rounds,0,1,0,6,,2026-08-10 to 2026-09-06
simple business plan template,0,1,0,9,,2026-08-10 to 2026-09-06
single impression moulds bucks,0,1,0,72,,2026-08-10 to 2026-09-06
small bar event ideas for adults,0,1,0,18,,2026-08-10 to 2026-09-06
social clubs for sale,0,1,0,4,,2026-08-10 to 2026-09-06
social media,0,1,0,7,,2026-08-10 to 2026-09-06
social media engagement strategy social media platform,0,1,0,45,,2026-08-10 to 2026-09-06
socials,0,1,0,94,,2026-08-10 to 2026-09-06
"some premises are exempt from the requirement for alcohol sales to be 
authorised by a personal licence holder. what kind of premises do you think 
are exempt?""",0,1,0,5,,2026-08-10 to 2026-09-06
staff ppe,0,1,0,1,,2026-08-10 to 2026-09-06
star pubs & bars lease vs independent pub ownership which is better,0,1,0,10,,2026-08-10 to 2026-09-06
sthan-m1 menu,0,1,0,7,,2026-08-10 to 2026-09-06
summer party corporate ideas,0,1,0,31,,2026-08-10 to 2026-09-06
summer pub menu ideas,0,1,0,32,,2026-08-10 to 2026-09-06
summer work party ideas,0,1,0,4,,2026-08-10 to 2026-09-06
the mine neath town menu,0,1,0,3,,2026-08-10 to 2026-09-06
the music licence cost,0,1,0,52,,2026-08-10 to 2026-09-06
the music license,0,1,0,49,,2026-08-10 to 2026-09-06
the newsroom bar & eatery menu,0,1,0,3,,2026-08-10 to 2026-09-06
the owls at standish menu,0,1,0,3,,2026-08-10 to 2026-09-06
the three cottages menu,0,1,0,4,,2026-08-10 to 2026-09-06
themes for quiz,0,1,0,11,,2026-08-10 to 2026-09-06
tied lease,0,1,0,43,,2026-08-10 to 2026-09-06
toilet refurbishment,0,1,0,7,,2026-08-10 to 2026-09-06
top 20,0,1,0,1,,2026-08-10 to 2026-09-06
traditional,0,1,0,8,,2026-08-10 to 2026-09-06
traditional bingo,0,1,0,6,,2026-08-10 to 2026-09-06
trillium restaurant menu,0,1,0,3,,2026-08-10 to 2026-09-06
trocadero's menu,0,1,0,3,,2026-08-10 to 2026-09-06
turnaround planning,0,1,0,8,,2026-08-10 to 2026-09-06
unique menu items,0,1,0,3,,2026-08-10 to 2026-09-06
vat in pubs,0,1,0,8,,2026-08-10 to 2026-09-06
vat pubs,0,1,0,13,,2026-08-10 to 2026-09-06
vat rate for pubs,0,1,0,1,,2026-08-10 to 2026-09-06
want to run a pub,0,1,0,48,,2026-08-10 to 2026-09-06
wet led pub,0,1,0,1,,2026-08-10 to 2026-09-06
wet led pub meaning,0,1,0,12,,2026-08-10 to 2026-09-06
wet led sales,0,1,0,4,,2026-08-10 to 2026-09-06
wet pub meaning,0,1,0,6,,2026-08-10 to 2026-09-06
wet-led pub,0,1,0,5,,2026-08-10 to 2026-09-06
what about a pub?,0,1,0,2,,2026-08-10 to 2026-09-06
what about glasses,0,1,0,1,,2026-08-10 to 2026-09-06
what about snacks,0,1,0,2,,2026-08-10 to 2026-09-06
what are good fundraising ideas for a charity coffee morning?,0,1,0,11,,2026-08-10 to 2026-09-06
what are insurance costs,0,1,0,4,,2026-08-10 to 2026-09-06
what dates was it,0,1,0,2,,2026-08-10 to 2026-09-06
what day is national vodka day,0,1,0,17,,2026-08-10 to 2026-09-06
what insurance do pubs need,0,1,0,54,,2026-08-10 to 2026-09-06
what is a prs licence,0,1,0,28,,2026-08-10 to 2026-09-06
what is a quiz night,0,1,0,30,,2026-08-10 to 2026-09-06
what is cash bingo,0,1,0,5,,2026-08-10 to 2026-09-06
what is coffee morning and how does it raise money for charity?,0,1,0,11,,2026-08-10 to 2026-09-06
what is stand up bingo,0,1,0,2,,2026-08-10 to 2026-09-06
what is the difference between 90-ball and 75-ball bingo?,0,1,0,15,,2026-08-10 to 2026-09-06
what is the difference between 90-ball bingo and 75-ball bingo?,0,1,0,11,,2026-08-10 to 2026-09-06
what should i consider before buying a pub?,0,1,0,1,,2026-08-10 to 2026-09-06
what temperature should a pub cellar be,0,1,0,20,,2026-08-10 to 2026-09-06
what time does it finish,0,1,0,4,,2026-08-10 to 2026-09-06
what would fit better,0,1,0,3,,2026-08-10 to 2026-09-06
what’s the go-to vodka drink at major festivals?,0,1,0,5,,2026-08-10 to 2026-09-06
what’s the hourly rate,0,1,0,2,,2026-08-10 to 2026-09-06
when is cask ale week,0,1,0,3,,2026-08-10 to 2026-09-06
when is macmillan coffee morning 2026,0,1,0,3,,2026-08-10 to 2026-09-06
when is national alcohol day 2026,0,1,0,6,,2026-08-10 to 2026-09-06
when is national cocktail day,0,1,0,7,,2026-08-10 to 2026-09-06
when is national drink day,0,1,0,10,,2026-08-10 to 2026-09-06
when is national drinking day,0,1,0,11,,2026-08-10 to 2026-09-06
when to hire a fractional marketing director,0,1,0,2,,2026-08-10 to 2026-09-06
which bingo site has the clearest instructions for first-time players?,0,1,0,11,,2026-08-10 to 2026-09-06
which charity should i host a coffee morning for?,0,1,0,75,,2026-08-10 to 2026-09-06
which pub company offers the best support for new licensees?,0,1,0,8,,2026-08-10 to 2026-09-06
world alcohol day 2026,0,1,0,11,,2026-08-10 to 2026-09-06
world vodka day,0,1,0,13,,2026-08-10 to 2026-09-06
would you recommend star pubs for a first-time operator?,0,1,0,11,,2026-08-10 to 2026-09-06
